test_name,cwe,file,line,tools_involved,num_tools_agreeing,confidence,severities,sample_message
BenchmarkTest00001,CWE-22,data/benchmark/src/main/java/org/owasp/benchmark/testcode/BenchmarkTest00001.java,72,semgrep,1,single-tool,error,"Detected a potential path traversal. A malicious actor could control the location of this file, to include going backwards in the directory with '../'. To address this, ensure that user-controlled variables in file paths are sanitized. You may also consider using a utility method such as org.apache.commons.io.FilenameUtils.getName(...) to only retrieve the file name from the path."
BenchmarkTest00002,CWE-22,data/benchmark/src/main/java/org/owasp/benchmark/testcode/BenchmarkTest00002.java,73,semgrep,1,single-tool,error,"Detected a potential path traversal. A malicious actor could control the location of this file, to include going backwards in the directory with '../'. To address this, ensure that user-controlled variables in file paths are sanitized. You may also consider using a utility method such as org.apache.commons.io.FilenameUtils.getName(...) to only retrieve the file name from the path."
BenchmarkTest00002,CWE-22,data/benchmark/src/main/java/org/owasp/benchmark/testcode/BenchmarkTest00002.java,86,semgrep,1,single-tool,error,"Detected a potential path traversal. A malicious actor could control the location of this file, to include going backwards in the directory with '../'. To address this, ensure that user-controlled variables in file paths are sanitized. You may also consider using a utility method such as org.apache.commons.io.FilenameUtils.getName(...) to only retrieve the file name from the path."
BenchmarkTest00004,CWE-79,data/benchmark/src/main/java/org/owasp/benchmark/testcode/BenchmarkTest00004.java,70,semgrep,1,single-tool,warning,"Detected a request with potential user-input going into a OutputStream or Writer object. This bypasses any view or template environments, including HTML escaping, which may expose this application to cross-site scripting (XSS) vulnerabilities. Consider using a view technology such as JavaServer Faces (JSFs) which automatically escapes HTML views."
BenchmarkTest00005,CWE-326,data/benchmark/src/main/java/org/owasp/benchmark/testcode/BenchmarkTest00005.java,63,semgrep;sonarqube,2,"medium (same line, different CWE label)",CRITICAL;warning,DES is considered deprecated. AES is the recommended cipher. Upgrade to use AES. See https://www.nist.gov/news-events/news/2005/06/nist-withdraws-outdated-data-encryption-standard for more information.
BenchmarkTest00006,CWE-78,data/benchmark/src/main/java/org/owasp/benchmark/testcode/BenchmarkTest00006.java,62,semgrep,1,high (same CWE),error,"Detected input from a HTTPServletRequest going into a 'ProcessBuilder' or 'exec' command. This could lead to command injection if variables passed into the exec commands are not properly sanitized. Instead, avoid using these OS commands with user-supplied input, or, if you must use these commands, use a whitelist of specific values."
BenchmarkTest00007,CWE-78,data/benchmark/src/main/java/org/owasp/benchmark/testcode/BenchmarkTest00007.java,61,semgrep,1,single-tool,error,"Detected input from a HTTPServletRequest going into a 'ProcessBuilder' or 'exec' command. This could lead to command injection if variables passed into the exec commands are not properly sanitized. Instead, avoid using these OS commands with user-supplied input, or, if you must use these commands, use a whitelist of specific values."
BenchmarkTest00008,CWE-89,data/benchmark/src/main/java/org/owasp/benchmark/testcode/BenchmarkTest00008.java,57,semgrep;sonarqube,2,high (same CWE),MAJOR;warning,Detected input from a HTTPServletRequest going into a SQL sink or statement. This could lead to SQL injection if variables in the SQL statement are not properly sanitized. Use parameterized SQL queries or properly sanitize user input instead.
BenchmarkTest00011,CWE-22,data/benchmark/src/main/java/org/owasp/benchmark/testcode/BenchmarkTest00011.java,54,semgrep,1,single-tool,error,"Detected a potential path traversal. A malicious actor could control the location of this file, to include going backwards in the directory with '../'. To address this, ensure that user-controlled variables in file paths are sanitized. You may also consider using a utility method such as org.apache.commons.io.FilenameUtils.getName(...) to only retrieve the file name from the path."
BenchmarkTest00012,CWE-90,data/benchmark/src/main/java/org/owasp/benchmark/testcode/BenchmarkTest00012.java,68,semgrep,1,single-tool,warning,"Detected input from a HTTPServletRequest going into an LDAP query. This could lead to LDAP injection if the input is not properly sanitized, which could result in attackers modifying objects in the LDAP tree structure. Ensure data passed to an LDAP query is not controllable or properly sanitize the data."
BenchmarkTest00013,CWE-79,data/benchmark/src/main/java/org/owasp/benchmark/testcode/BenchmarkTest00013.java,56,semgrep,1,single-tool,warning,"Detected a request with potential user-input going into a OutputStream or Writer object. This bypasses any view or template environments, including HTML escaping, which may expose this application to cross-site scripting (XSS) vulnerabilities. Consider using a view technology such as JavaServer Faces (JSFs) which automatically escapes HTML views."
BenchmarkTest00014,CWE-79,data/benchmark/src/main/java/org/owasp/benchmark/testcode/BenchmarkTest00014.java,56,semgrep,1,single-tool,warning,"Detected a request with potential user-input going into a OutputStream or Writer object. This bypasses any view or template environments, including HTML escaping, which may expose this application to cross-site scripting (XSS) vulnerabilities. Consider using a view technology such as JavaServer Faces (JSFs) which automatically escapes HTML views."
BenchmarkTest00015,CWE-78,data/benchmark/src/main/java/org/owasp/benchmark/testcode/BenchmarkTest00015.java,64,semgrep,1,high (same CWE),error,"Detected input from a HTTPServletRequest going into a 'ProcessBuilder' or 'exec' command. This could lead to command injection if variables passed into the exec commands are not properly sanitized. Instead, avoid using these OS commands with user-supplied input, or, if you must use these commands, use a whitelist of specific values."
BenchmarkTest00017,CWE-78,data/benchmark/src/main/java/org/owasp/benchmark/testcode/BenchmarkTest00017.java,63,semgrep,1,single-tool,error,"Detected input from a HTTPServletRequest going into a 'ProcessBuilder' or 'exec' command. This could lead to command injection if variables passed into the exec commands are not properly sanitized. Instead, avoid using these OS commands with user-supplied input, or, if you must use these commands, use a whitelist of specific values."
BenchmarkTest00018,CWE-89,data/benchmark/src/main/java/org/owasp/benchmark/testcode/BenchmarkTest00018.java,57,semgrep;sonarqube,2,high (same CWE),MAJOR;warning,Detected input from a HTTPServletRequest going into a SQL sink or statement. This could lead to SQL injection if variables in the SQL statement are not properly sanitized. Use parameterized SQL queries or properly sanitize user input instead.
BenchmarkTest00019,CWE-326,data/benchmark/src/main/java/org/owasp/benchmark/testcode/BenchmarkTest00019.java,54,semgrep,1,high (same CWE),warning,Triple DES (3DES or DESede) is considered deprecated. AES is the recommended cipher. Upgrade to use AES.
BenchmarkTest00019,CWE-327,owasp-benchmark:data/benchmark/src/main/java/org/owasp/benchmark/testcode/BenchmarkTest00019.java,51,sonarqube,1,high (same CWE),CRITICAL,Use a secure cipher mode.
BenchmarkTest00020,CWE-326,data/benchmark/src/main/java/org/owasp/benchmark/testcode/BenchmarkTest00020.java,61,semgrep,1,high (same CWE),warning,Triple DES (3DES or DESede) is considered deprecated. AES is the recommended cipher. Upgrade to use AES.
BenchmarkTest00020,CWE-327,owasp-benchmark:data/benchmark/src/main/java/org/owasp/benchmark/testcode/BenchmarkTest00020.java,59,sonarqube,1,high (same CWE),CRITICAL,Use a strong cipher algorithm.
BenchmarkTest00021,CWE-90,data/benchmark/src/main/java/org/owasp/benchmark/testcode/BenchmarkTest00021.java,58,semgrep,1,single-tool,warning,"Detected input from a HTTPServletRequest going into an LDAP query. This could lead to LDAP injection if the input is not properly sanitized, which could result in attackers modifying objects in the LDAP tree structure. Ensure data passed to an LDAP query is not controllable or properly sanitize the data."
BenchmarkTest00023,CWE-330,data/benchmark/src/main/java/org/owasp/benchmark/testcode/BenchmarkTest00023.java,47,semgrep;sonarqube,2,"medium (same line, different CWE label)",MAJOR;warning,"Detected use of the functions `Math.random()` or `java.util.Random()`. These are both not cryptographically strong random number generators (RNGs). If you are using these RNGs to create passwords or secret tokens, use `java.security.SecureRandom` instead."
BenchmarkTest00024,CWE-89,data/benchmark/src/main/java/org/owasp/benchmark/testcode/BenchmarkTest00024.java,52,semgrep;sonarqube,2,high (same CWE),MAJOR;warning,Detected input from a HTTPServletRequest going into a SQL sink or statement. This could lead to SQL injection if variables in the SQL statement are not properly sanitized. Use parameterized SQL queries or properly sanitize user input instead.
BenchmarkTest00025,CWE-89,data/benchmark/src/main/java/org/owasp/benchmark/testcode/BenchmarkTest00025.java,51,semgrep,1,single-tool,warning,Detected input from a HTTPServletRequest going into a SQL sink or statement. This could lead to SQL injection if variables in the SQL statement are not properly sanitized. Use parameterized SQL queries or properly sanitize user input instead.
BenchmarkTest00025,CWE-79,data/benchmark/src/main/java/org/owasp/benchmark/testcode/BenchmarkTest00025.java,54,semgrep,1,single-tool,warning,"Detected a request with potential user-input going into a OutputStream or Writer object. This bypasses any view or template environments, including HTML escaping, which may expose this application to cross-site scripting (XSS) vulnerabilities. Consider using a view technology such as JavaServer Faces (JSFs) which automatically escapes HTML views."
BenchmarkTest00026,CWE-89,data/benchmark/src/main/java/org/owasp/benchmark/testcode/BenchmarkTest00026.java,49,semgrep,1,single-tool,warning,Detected input from a HTTPServletRequest going into a SQL sink or statement. This could lead to SQL injection if variables in the SQL statement are not properly sanitized. Use parameterized SQL queries or properly sanitize user input instead.
BenchmarkTest00027,CWE-89,data/benchmark/src/main/java/org/owasp/benchmark/testcode/BenchmarkTest00027.java,50,semgrep;sonarqube,2,high (same CWE),MAJOR;warning,Detected input from a HTTPServletRequest going into a SQL sink or statement. This could lead to SQL injection if variables in the SQL statement are not properly sanitized. Use parameterized SQL queries or properly sanitize user input instead.
BenchmarkTest00028,CWE-22,data/benchmark/src/main/java/org/owasp/benchmark/testcode/BenchmarkTest00028.java,57,semgrep,1,single-tool,error,"Detected a potential path traversal. A malicious actor could control the location of this file, to include going backwards in the directory with '../'. To address this, ensure that user-controlled variables in file paths are sanitized. You may also consider using a utility method such as org.apache.commons.io.FilenameUtils.getName(...) to only retrieve the file name from the path."
BenchmarkTest00028,CWE-22,data/benchmark/src/main/java/org/owasp/benchmark/testcode/BenchmarkTest00028.java,70,semgrep,1,single-tool,error,"Detected a potential path traversal. A malicious actor could control the location of this file, to include going backwards in the directory with '../'. To address this, ensure that user-controlled variables in file paths are sanitized. You may also consider using a utility method such as org.apache.commons.io.FilenameUtils.getName(...) to only retrieve the file name from the path."
BenchmarkTest00030,CWE-79,data/benchmark/src/main/java/org/owasp/benchmark/testcode/BenchmarkTest00030.java,53,semgrep,1,single-tool,warning,"Detected a request with potential user-input going into a OutputStream or Writer object. This bypasses any view or template environments, including HTML escaping, which may expose this application to cross-site scripting (XSS) vulnerabilities. Consider using a view technology such as JavaServer Faces (JSFs) which automatically escapes HTML views."
BenchmarkTest00031,CWE-501,data/benchmark/src/main/java/org/owasp/benchmark/testcode/BenchmarkTest00031.java,52,semgrep,1,single-tool,warning,"Detected input from a HTTPServletRequest going into a session command, like `setAttribute`. User input into such a command could lead to an attacker inputting malicious code into your session parameters, blurring the line between what's trusted and untrusted, and therefore leading to a trust boundary violation. This could lead to programmers trusting unvalidated data. Instead, thoroughly sanitize user input before passing it into such function calls."
BenchmarkTest00031,CWE-79,data/benchmark/src/main/java/org/owasp/benchmark/testcode/BenchmarkTest00031.java,54,semgrep,1,single-tool,warning,"Detected a request with potential user-input going into a OutputStream or Writer object. This bypasses any view or template environments, including HTML escaping, which may expose this application to cross-site scripting (XSS) vulnerabilities. Consider using a view technology such as JavaServer Faces (JSFs) which automatically escapes HTML views."
BenchmarkTest00032,CWE-89,data/benchmark/src/main/java/org/owasp/benchmark/testcode/BenchmarkTest00032.java,54,semgrep,1,single-tool,warning,Detected input from a HTTPServletRequest going into a SQL sink or statement. This could lead to SQL injection if variables in the SQL statement are not properly sanitized. Use parameterized SQL queries or properly sanitize user input instead.
BenchmarkTest00033,CWE-89,data/benchmark/src/main/java/org/owasp/benchmark/testcode/BenchmarkTest00033.java,53,semgrep,1,single-tool,warning,Detected input from a HTTPServletRequest going into a SQL sink or statement. This could lead to SQL injection if variables in the SQL statement are not properly sanitized. Use parameterized SQL queries or properly sanitize user input instead.
BenchmarkTest00034,CWE-89,data/benchmark/src/main/java/org/owasp/benchmark/testcode/BenchmarkTest00034.java,56,semgrep;sonarqube,2,high (same CWE),MAJOR;warning,Detected a formatted string in a SQL statement. This could lead to SQL injection if variables in the SQL statement are not properly sanitized. Use a prepared statements (java.sql.PreparedStatement) instead. You can obtain a PreparedStatement using 'connection.prepareStatement'.
BenchmarkTest00035,CWE-326,data/benchmark/src/main/java/org/owasp/benchmark/testcode/BenchmarkTest00035.java,69,semgrep,1,high (same CWE),warning,Triple DES (3DES or DESede) is considered deprecated. AES is the recommended cipher. Upgrade to use AES.
BenchmarkTest00035,CWE-327,owasp-benchmark:data/benchmark/src/main/java/org/owasp/benchmark/testcode/BenchmarkTest00035.java,66,sonarqube,1,high (same CWE),CRITICAL,Use a strong cipher algorithm.
BenchmarkTest00036,CWE-79,data/benchmark/src/main/java/org/owasp/benchmark/testcode/BenchmarkTest00036.java,65,semgrep,1,single-tool,warning,"Detected a request with potential user-input going into a OutputStream or Writer object. This bypasses any view or template environments, including HTML escaping, which may expose this application to cross-site scripting (XSS) vulnerabilities. Consider using a view technology such as JavaServer Faces (JSFs) which automatically escapes HTML views."
BenchmarkTest00037,CWE-89,data/benchmark/src/main/java/org/owasp/benchmark/testcode/BenchmarkTest00037.java,66,semgrep;sonarqube,2,high (same CWE),MAJOR;warning,Detected input from a HTTPServletRequest going into a SQL sink or statement. This could lead to SQL injection if variables in the SQL statement are not properly sanitized. Use parameterized SQL queries or properly sanitize user input instead.
BenchmarkTest00038,CWE-89,data/benchmark/src/main/java/org/owasp/benchmark/testcode/BenchmarkTest00038.java,63,semgrep,1,single-tool,warning,Detected input from a HTTPServletRequest going into a SQL sink or statement. This could lead to SQL injection if variables in the SQL statement are not properly sanitized. Use parameterized SQL queries or properly sanitize user input instead.
BenchmarkTest00039,CWE-89,data/benchmark/src/main/java/org/owasp/benchmark/testcode/BenchmarkTest00039.java,64,semgrep,1,single-tool,warning,Detected input from a HTTPServletRequest going into a SQL sink or statement. This could lead to SQL injection if variables in the SQL statement are not properly sanitized. Use parameterized SQL queries or properly sanitize user input instead.
BenchmarkTest00040,CWE-22,data/benchmark/src/main/java/org/owasp/benchmark/testcode/BenchmarkTest00040.java,49,semgrep,1,single-tool,error,"Detected a potential path traversal. A malicious actor could control the location of this file, to include going backwards in the directory with '../'. To address this, ensure that user-controlled variables in file paths are sanitized. You may also consider using a utility method such as org.apache.commons.io.FilenameUtils.getName(...) to only retrieve the file name from the path."
BenchmarkTest00043,CWE-89,data/benchmark/src/main/java/org/owasp/benchmark/testcode/BenchmarkTest00043.java,54,semgrep;sonarqube,2,high (same CWE),MAJOR;warning,Detected a formatted string in a SQL statement. This could lead to SQL injection if variables in the SQL statement are not properly sanitized. Use a prepared statements (java.sql.PreparedStatement) instead. You can obtain a PreparedStatement using 'connection.prepareStatement'.
BenchmarkTest00044,CWE-90,data/benchmark/src/main/java/org/owasp/benchmark/testcode/BenchmarkTest00044.java,59,semgrep,1,single-tool,warning,"Detected input from a HTTPServletRequest going into an LDAP query. This could lead to LDAP injection if the input is not properly sanitized, which could result in attackers modifying objects in the LDAP tree structure. Ensure data passed to an LDAP query is not controllable or properly sanitize the data."
BenchmarkTest00045,CWE-22,data/benchmark/src/main/java/org/owasp/benchmark/testcode/BenchmarkTest00045.java,61,semgrep,1,single-tool,error,"Detected a potential path traversal. A malicious actor could control the location of this file, to include going backwards in the directory with '../'. To address this, ensure that user-controlled variables in file paths are sanitized. You may also consider using a utility method such as org.apache.commons.io.FilenameUtils.getName(...) to only retrieve the file name from the path."
BenchmarkTest00046,CWE-328,data/benchmark/src/main/java/org/owasp/benchmark/testcode/BenchmarkTest00046.java,50,semgrep;sonarqube,2,"medium (same line, different CWE label)",CRITICAL;warning,Detected MD5 hash algorithm which is considered insecure. MD5 is not collision resistant and is therefore not suitable as a cryptographic signature. Use HMAC instead.
BenchmarkTest00047,CWE-79,data/benchmark/src/main/java/org/owasp/benchmark/testcode/BenchmarkTest00047.java,73,semgrep,1,single-tool,warning,"Detected a request with potential user-input going into a OutputStream or Writer object. This bypasses any view or template environments, including HTML escaping, which may expose this application to cross-site scripting (XSS) vulnerabilities. Consider using a view technology such as JavaServer Faces (JSFs) which automatically escapes HTML views."
BenchmarkTest00048,CWE-79,data/benchmark/src/main/java/org/owasp/benchmark/testcode/BenchmarkTest00048.java,72,semgrep,1,single-tool,warning,"Detected a request with potential user-input going into a OutputStream or Writer object. This bypasses any view or template environments, including HTML escaping, which may expose this application to cross-site scripting (XSS) vulnerabilities. Consider using a view technology such as JavaServer Faces (JSFs) which automatically escapes HTML views."
BenchmarkTest00049,CWE-79,data/benchmark/src/main/java/org/owasp/benchmark/testcode/BenchmarkTest00049.java,72,semgrep,1,single-tool,warning,"Detected a request with potential user-input going into a OutputStream or Writer object. This bypasses any view or template environments, including HTML escaping, which may expose this application to cross-site scripting (XSS) vulnerabilities. Consider using a view technology such as JavaServer Faces (JSFs) which automatically escapes HTML views."
BenchmarkTest00050,CWE-326,data/benchmark/src/main/java/org/owasp/benchmark/testcode/BenchmarkTest00050.java,62,semgrep,1,high (same CWE),warning,Triple DES (3DES or DESede) is considered deprecated. AES is the recommended cipher. Upgrade to use AES.
BenchmarkTest00050,CWE-327,owasp-benchmark:data/benchmark/src/main/java/org/owasp/benchmark/testcode/BenchmarkTest00050.java,60,sonarqube,1,high (same CWE),CRITICAL,Use another cipher mode or disable padding.
BenchmarkTest00051,CWE-78,data/benchmark/src/main/java/org/owasp/benchmark/testcode/BenchmarkTest00051.java,60,semgrep,1,high (same CWE),error,"Detected input from a HTTPServletRequest going into a 'ProcessBuilder' or 'exec' command. This could lead to command injection if variables passed into the exec commands are not properly sanitized. Instead, avoid using these OS commands with user-supplied input, or, if you must use these commands, use a whitelist of specific values."
BenchmarkTest00053,CWE-326,data/benchmark/src/main/java/org/owasp/benchmark/testcode/BenchmarkTest00053.java,89,semgrep,1,high (same CWE),warning,Triple DES (3DES or DESede) is considered deprecated. AES is the recommended cipher. Upgrade to use AES.
BenchmarkTest00053,CWE-327,owasp-benchmark:data/benchmark/src/main/java/org/owasp/benchmark/testcode/BenchmarkTest00053.java,86,sonarqube,1,high (same CWE),CRITICAL,Use a strong cipher algorithm.
BenchmarkTest00055,CWE-326,data/benchmark/src/main/java/org/owasp/benchmark/testcode/BenchmarkTest00055.java,82,semgrep,1,high (same CWE),warning,Triple DES (3DES or DESede) is considered deprecated. AES is the recommended cipher. Upgrade to use AES.
BenchmarkTest00055,CWE-327,owasp-benchmark:data/benchmark/src/main/java/org/owasp/benchmark/testcode/BenchmarkTest00055.java,80,sonarqube,1,high (same CWE),CRITICAL,Use a strong cipher algorithm.
BenchmarkTest00056,CWE-326,data/benchmark/src/main/java/org/owasp/benchmark/testcode/BenchmarkTest00056.java,92,semgrep,1,high (same CWE),warning,Triple DES (3DES or DESede) is considered deprecated. AES is the recommended cipher. Upgrade to use AES.
BenchmarkTest00056,CWE-327,owasp-benchmark:data/benchmark/src/main/java/org/owasp/benchmark/testcode/BenchmarkTest00056.java,90,sonarqube,1,high (same CWE),CRITICAL,Use a strong cipher algorithm.
BenchmarkTest00057,CWE-326,data/benchmark/src/main/java/org/owasp/benchmark/testcode/BenchmarkTest00057.java,84,semgrep;sonarqube,2,"medium (same line, different CWE label)",CRITICAL;warning,DES is considered deprecated. AES is the recommended cipher. Upgrade to use AES. See https://www.nist.gov/news-events/news/2005/06/nist-withdraws-outdated-data-encryption-standard for more information.
BenchmarkTest00060,CWE-22,data/benchmark/src/main/java/org/owasp/benchmark/testcode/BenchmarkTest00060.java,75,semgrep,1,single-tool,error,"Detected a potential path traversal. A malicious actor could control the location of this file, to include going backwards in the directory with '../'. To address this, ensure that user-controlled variables in file paths are sanitized. You may also consider using a utility method such as org.apache.commons.io.FilenameUtils.getName(...) to only retrieve the file name from the path."
BenchmarkTest00061,CWE-22,data/benchmark/src/main/java/org/owasp/benchmark/testcode/BenchmarkTest00061.java,75,semgrep,1,single-tool,error,"Detected a potential path traversal. A malicious actor could control the location of this file, to include going backwards in the directory with '../'. To address this, ensure that user-controlled variables in file paths are sanitized. You may also consider using a utility method such as org.apache.commons.io.FilenameUtils.getName(...) to only retrieve the file name from the path."
BenchmarkTest00063,CWE-22,data/benchmark/src/main/java/org/owasp/benchmark/testcode/BenchmarkTest00063.java,78,semgrep,1,single-tool,error,"Detected a potential path traversal. A malicious actor could control the location of this file, to include going backwards in the directory with '../'. To address this, ensure that user-controlled variables in file paths are sanitized. You may also consider using a utility method such as org.apache.commons.io.FilenameUtils.getName(...) to only retrieve the file name from the path."
BenchmarkTest00064,CWE-22,data/benchmark/src/main/java/org/owasp/benchmark/testcode/BenchmarkTest00064.java,79,semgrep,1,single-tool,error,"Detected a potential path traversal. A malicious actor could control the location of this file, to include going backwards in the directory with '../'. To address this, ensure that user-controlled variables in file paths are sanitized. You may also consider using a utility method such as org.apache.commons.io.FilenameUtils.getName(...) to only retrieve the file name from the path."
BenchmarkTest00064,CWE-22,data/benchmark/src/main/java/org/owasp/benchmark/testcode/BenchmarkTest00064.java,92,semgrep,1,single-tool,error,"Detected a potential path traversal. A malicious actor could control the location of this file, to include going backwards in the directory with '../'. To address this, ensure that user-controlled variables in file paths are sanitized. You may also consider using a utility method such as org.apache.commons.io.FilenameUtils.getName(...) to only retrieve the file name from the path."
BenchmarkTest00066,CWE-330,data/benchmark/src/main/java/org/owasp/benchmark/testcode/BenchmarkTest00066.java,73,semgrep;sonarqube,2,"medium (same line, different CWE label)",MAJOR;warning,"Detected use of the functions `Math.random()` or `java.util.Random()`. These are both not cryptographically strong random number generators (RNGs). If you are using these RNGs to create passwords or secret tokens, use `java.security.SecureRandom` instead."
BenchmarkTest00067,CWE-330,data/benchmark/src/main/java/org/owasp/benchmark/testcode/BenchmarkTest00067.java,89,semgrep;sonarqube,2,"medium (same line, different CWE label)",MAJOR;warning,"Detected use of the functions `Math.random()` or `java.util.Random()`. These are both not cryptographically strong random number generators (RNGs). If you are using these RNGs to create passwords or secret tokens, use `java.security.SecureRandom` instead."
BenchmarkTest00068,CWE-330,data/benchmark/src/main/java/org/owasp/benchmark/testcode/BenchmarkTest00068.java,73,semgrep;sonarqube,2,"medium (same line, different CWE label)",MAJOR;warning,"Detected use of the functions `Math.random()` or `java.util.Random()`. These are both not cryptographically strong random number generators (RNGs). If you are using these RNGs to create passwords or secret tokens, use `java.security.SecureRandom` instead."
BenchmarkTest00070,CWE-328,data/benchmark/src/main/java/org/owasp/benchmark/testcode/BenchmarkTest00070.java,74,semgrep;sonarqube,2,"medium (same line, different CWE label)",CRITICAL;warning,"Detected SHA1 hash algorithm which is considered insecure. SHA1 is not collision resistant and is therefore not suitable as a cryptographic signature. Instead, use PBKDF2 for password hashing or SHA256 or SHA512 for other hash function applications."
BenchmarkTest00071,CWE-328,data/benchmark/src/main/java/org/owasp/benchmark/testcode/BenchmarkTest00071.java,74,semgrep;sonarqube,2,"medium (same line, different CWE label)",CRITICAL;warning,"Detected SHA1 hash algorithm which is considered insecure. SHA1 is not collision resistant and is therefore not suitable as a cryptographic signature. Instead, use PBKDF2 for password hashing or SHA256 or SHA512 for other hash function applications."
BenchmarkTest00073,CWE-328,data/benchmark/src/main/java/org/owasp/benchmark/testcode/BenchmarkTest00073.java,88,semgrep;sonarqube,2,"medium (same line, different CWE label)",CRITICAL;warning,Detected MD5 hash algorithm which is considered insecure. MD5 is not collision resistant and is therefore not suitable as a cryptographic signature. Use HMAC instead.
BenchmarkTest00077,CWE-78,data/benchmark/src/main/java/org/owasp/benchmark/testcode/BenchmarkTest00077.java,97,semgrep,1,high (same CWE),error,"Detected input from a HTTPServletRequest going into a 'ProcessBuilder' or 'exec' command. This could lead to command injection if variables passed into the exec commands are not properly sanitized. Instead, avoid using these OS commands with user-supplied input, or, if you must use these commands, use a whitelist of specific values."
BenchmarkTest00078,CWE-330,data/benchmark/src/main/java/org/owasp/benchmark/testcode/BenchmarkTest00078.java,75,semgrep;sonarqube,2,"medium (same line, different CWE label)",MAJOR;warning,"Detected use of the functions `Math.random()` or `java.util.Random()`. These are both not cryptographically strong random number generators (RNGs). If you are using these RNGs to create passwords or secret tokens, use `java.security.SecureRandom` instead."
BenchmarkTest00079,CWE-330,data/benchmark/src/main/java/org/owasp/benchmark/testcode/BenchmarkTest00079.java,73,semgrep;sonarqube,2,"medium (same line, different CWE label)",MAJOR;warning,"Detected use of the functions `Math.random()` or `java.util.Random()`. These are both not cryptographically strong random number generators (RNGs). If you are using these RNGs to create passwords or secret tokens, use `java.security.SecureRandom` instead."
BenchmarkTest00080,CWE-330,data/benchmark/src/main/java/org/owasp/benchmark/testcode/BenchmarkTest00080.java,68,semgrep;sonarqube,2,"medium (same line, different CWE label)",MAJOR;warning,"Detected use of the functions `Math.random()` or `java.util.Random()`. These are both not cryptographically strong random number generators (RNGs). If you are using these RNGs to create passwords or secret tokens, use `java.security.SecureRandom` instead."
BenchmarkTest00081,CWE-330,data/benchmark/src/main/java/org/owasp/benchmark/testcode/BenchmarkTest00081.java,68,semgrep;sonarqube,2,"medium (same line, different CWE label)",MAJOR;warning,"Detected use of the functions `Math.random()` or `java.util.Random()`. These are both not cryptographically strong random number generators (RNGs). If you are using these RNGs to create passwords or secret tokens, use `java.security.SecureRandom` instead."
BenchmarkTest00082,CWE-330,data/benchmark/src/main/java/org/owasp/benchmark/testcode/BenchmarkTest00082.java,69,semgrep;sonarqube,2,"medium (same line, different CWE label)",MAJOR;warning,"Detected use of the functions `Math.random()` or `java.util.Random()`. These are both not cryptographically strong random number generators (RNGs). If you are using these RNGs to create passwords or secret tokens, use `java.security.SecureRandom` instead."
BenchmarkTest00083,CWE-330,data/benchmark/src/main/java/org/owasp/benchmark/testcode/BenchmarkTest00083.java,73,semgrep;sonarqube,2,"medium (same line, different CWE label)",MAJOR;warning,"Detected use of the functions `Math.random()` or `java.util.Random()`. These are both not cryptographically strong random number generators (RNGs). If you are using these RNGs to create passwords or secret tokens, use `java.security.SecureRandom` instead."
BenchmarkTest00084,CWE-330,data/benchmark/src/main/java/org/owasp/benchmark/testcode/BenchmarkTest00084.java,70,semgrep;sonarqube,2,"medium (same line, different CWE label)",MAJOR;warning,"Detected use of the functions `Math.random()` or `java.util.Random()`. These are both not cryptographically strong random number generators (RNGs). If you are using these RNGs to create passwords or secret tokens, use `java.security.SecureRandom` instead."
BenchmarkTest00085,CWE-330,data/benchmark/src/main/java/org/owasp/benchmark/testcode/BenchmarkTest00085.java,73,semgrep;sonarqube,2,"medium (same line, different CWE label)",MAJOR;warning,"Detected use of the functions `Math.random()` or `java.util.Random()`. These are both not cryptographically strong random number generators (RNGs). If you are using these RNGs to create passwords or secret tokens, use `java.security.SecureRandom` instead."
BenchmarkTest00086,CWE-330,data/benchmark/src/main/java/org/owasp/benchmark/testcode/BenchmarkTest00086.java,73,semgrep;sonarqube,2,"medium (same line, different CWE label)",MAJOR;warning,"Detected use of the functions `Math.random()` or `java.util.Random()`. These are both not cryptographically strong random number generators (RNGs). If you are using these RNGs to create passwords or secret tokens, use `java.security.SecureRandom` instead."
BenchmarkTest00087,CWE-614,data/benchmark/src/main/java/org/owasp/benchmark/testcode/BenchmarkTest00087.java,92,semgrep,1,single-tool,warning,A cookie was detected without setting the 'secure' flag. The 'secure' flag for cookies prevents the client from transmitting the cookie over insecure channels such as HTTP. Set the 'secure' flag by calling 'cookie.setSecure(true);'
BenchmarkTest00090,CWE-78,data/benchmark/src/main/java/org/owasp/benchmark/testcode/BenchmarkTest00090.java,82,semgrep,1,single-tool,error,"Detected input from a HTTPServletRequest going into a 'ProcessBuilder' or 'exec' command. This could lead to command injection if variables passed into the exec commands are not properly sanitized. Instead, avoid using these OS commands with user-supplied input, or, if you must use these commands, use a whitelist of specific values."
BenchmarkTest00091,CWE-78,data/benchmark/src/main/java/org/owasp/benchmark/testcode/BenchmarkTest00091.java,77,semgrep,1,single-tool,error,"Detected input from a HTTPServletRequest going into a 'ProcessBuilder' or 'exec' command. This could lead to command injection if variables passed into the exec commands are not properly sanitized. Instead, avoid using these OS commands with user-supplied input, or, if you must use these commands, use a whitelist of specific values."
BenchmarkTest00092,CWE-78,data/benchmark/src/main/java/org/owasp/benchmark/testcode/BenchmarkTest00092.java,96,semgrep,1,single-tool,error,"Detected input from a HTTPServletRequest going into a 'ProcessBuilder' or 'exec' command. This could lead to command injection if variables passed into the exec commands are not properly sanitized. Instead, avoid using these OS commands with user-supplied input, or, if you must use these commands, use a whitelist of specific values."
BenchmarkTest00097,CWE-79,data/benchmark/src/main/java/org/owasp/benchmark/testcode/BenchmarkTest00097.java,76,semgrep,1,single-tool,warning,"Detected a request with potential user-input going into a OutputStream or Writer object. This bypasses any view or template environments, including HTML escaping, which may expose this application to cross-site scripting (XSS) vulnerabilities. Consider using a view technology such as JavaServer Faces (JSFs) which automatically escapes HTML views."
BenchmarkTest00098,CWE-501,data/benchmark/src/main/java/org/owasp/benchmark/testcode/BenchmarkTest00098.java,69,semgrep,1,single-tool,warning,"Detected input from a HTTPServletRequest going into a session command, like `setAttribute`. User input into such a command could lead to an attacker inputting malicious code into your session parameters, blurring the line between what's trusted and untrusted, and therefore leading to a trust boundary violation. This could lead to programmers trusting unvalidated data. Instead, thoroughly sanitize user input before passing it into such function calls."
BenchmarkTest00102,CWE-89,data/benchmark/src/main/java/org/owasp/benchmark/testcode/BenchmarkTest00102.java,73,semgrep,1,single-tool,warning,Detected input from a HTTPServletRequest going into a SQL sink or statement. This could lead to SQL injection if variables in the SQL statement are not properly sanitized. Use parameterized SQL queries or properly sanitize user input instead.
BenchmarkTest00103,CWE-89,data/benchmark/src/main/java/org/owasp/benchmark/testcode/BenchmarkTest00103.java,76,semgrep,1,single-tool,warning,Detected input from a HTTPServletRequest going into a SQL sink or statement. This could lead to SQL injection if variables in the SQL statement are not properly sanitized. Use parameterized SQL queries or properly sanitize user input instead.
BenchmarkTest00104,CWE-89,data/benchmark/src/main/java/org/owasp/benchmark/testcode/BenchmarkTest00104.java,76,semgrep,1,single-tool,warning,Detected input from a HTTPServletRequest going into a SQL sink or statement. This could lead to SQL injection if variables in the SQL statement are not properly sanitized. Use parameterized SQL queries or properly sanitize user input instead.
BenchmarkTest00105,CWE-89,data/benchmark/src/main/java/org/owasp/benchmark/testcode/BenchmarkTest00105.java,76,semgrep;sonarqube,2,high (same CWE),MAJOR;warning,Detected input from a HTTPServletRequest going into a SQL sink or statement. This could lead to SQL injection if variables in the SQL statement are not properly sanitized. Use parameterized SQL queries or properly sanitize user input instead.
BenchmarkTest00106,CWE-89,data/benchmark/src/main/java/org/owasp/benchmark/testcode/BenchmarkTest00106.java,83,semgrep;sonarqube,2,high (same CWE),MAJOR;warning,Detected a formatted string in a SQL statement. This could lead to SQL injection if variables in the SQL statement are not properly sanitized. Use a prepared statements (java.sql.PreparedStatement) instead. You can obtain a PreparedStatement using 'connection.prepareStatement'.
BenchmarkTest00107,CWE-89,data/benchmark/src/main/java/org/owasp/benchmark/testcode/BenchmarkTest00107.java,94,semgrep;sonarqube,2,high (same CWE),MAJOR;warning,Detected a formatted string in a SQL statement. This could lead to SQL injection if variables in the SQL statement are not properly sanitized. Use a prepared statements (java.sql.PreparedStatement) instead. You can obtain a PreparedStatement using 'connection.prepareStatement'.
BenchmarkTest00108,CWE-89,data/benchmark/src/main/java/org/owasp/benchmark/testcode/BenchmarkTest00108.java,92,semgrep;sonarqube,2,high (same CWE),MAJOR;warning,Detected a formatted string in a SQL statement. This could lead to SQL injection if variables in the SQL statement are not properly sanitized. Use a prepared statements (java.sql.PreparedStatement) instead. You can obtain a PreparedStatement using 'connection.prepareStatement'.
BenchmarkTest00109,CWE-89,data/benchmark/src/main/java/org/owasp/benchmark/testcode/BenchmarkTest00109.java,80,semgrep;sonarqube,2,high (same CWE),MAJOR;warning,Detected a formatted string in a SQL statement. This could lead to SQL injection if variables in the SQL statement are not properly sanitized. Use a prepared statements (java.sql.PreparedStatement) instead. You can obtain a PreparedStatement using 'connection.prepareStatement'.
BenchmarkTest00110,CWE-89,data/benchmark/src/main/java/org/owasp/benchmark/testcode/BenchmarkTest00110.java,94,semgrep;sonarqube,2,high (same CWE),MAJOR;warning,Detected a formatted string in a SQL statement. This could lead to SQL injection if variables in the SQL statement are not properly sanitized. Use a prepared statements (java.sql.PreparedStatement) instead. You can obtain a PreparedStatement using 'connection.prepareStatement'.
BenchmarkTest00111,CWE-89,data/benchmark/src/main/java/org/owasp/benchmark/testcode/BenchmarkTest00111.java,83,semgrep;sonarqube,2,high (same CWE),MAJOR;warning,Detected a formatted string in a SQL statement. This could lead to SQL injection if variables in the SQL statement are not properly sanitized. Use a prepared statements (java.sql.PreparedStatement) instead. You can obtain a PreparedStatement using 'connection.prepareStatement'.
BenchmarkTest00112,CWE-89,data/benchmark/src/main/java/org/owasp/benchmark/testcode/BenchmarkTest00112.java,73,semgrep;sonarqube,2,high (same CWE),MAJOR;warning,Detected input from a HTTPServletRequest going into a SQL sink or statement. This could lead to SQL injection if variables in the SQL statement are not properly sanitized. Use parameterized SQL queries or properly sanitize user input instead.
BenchmarkTest00113,CWE-89,data/benchmark/src/main/java/org/owasp/benchmark/testcode/BenchmarkTest00113.java,79,semgrep;sonarqube,2,high (same CWE),MAJOR;warning,Detected a formatted string in a SQL statement. This could lead to SQL injection if variables in the SQL statement are not properly sanitized. Use a prepared statements (java.sql.PreparedStatement) instead. You can obtain a PreparedStatement using 'connection.prepareStatement'.
BenchmarkTest00114,CWE-89,data/benchmark/src/main/java/org/owasp/benchmark/testcode/BenchmarkTest00114.java,76,semgrep;sonarqube,2,high (same CWE),MAJOR;warning,Detected input from a HTTPServletRequest going into a SQL sink or statement. This could lead to SQL injection if variables in the SQL statement are not properly sanitized. Use parameterized SQL queries or properly sanitize user input instead.
BenchmarkTest00115,CWE-89,data/benchmark/src/main/java/org/owasp/benchmark/testcode/BenchmarkTest00115.java,78,semgrep;sonarqube,2,high (same CWE),MAJOR;warning,Detected a formatted string in a SQL statement. This could lead to SQL injection if variables in the SQL statement are not properly sanitized. Use a prepared statements (java.sql.PreparedStatement) instead. You can obtain a PreparedStatement using 'connection.prepareStatement'.
BenchmarkTest00117,CWE-643,data/benchmark/src/main/java/org/owasp/benchmark/testcode/BenchmarkTest00117.java,90,semgrep,1,single-tool,warning,"Detected input from a HTTPServletRequest going into a XPath evaluate or compile command. This could lead to xpath injection if variables passed into the evaluate or compile commands are not properly sanitized. Xpath injection could lead to unauthorized access to sensitive information in XML documents. Instead, thoroughly sanitize user input or use parameterized xpath queries if you can."
BenchmarkTest00117,CWE-79,data/benchmark/src/main/java/org/owasp/benchmark/testcode/BenchmarkTest00117.java,97,semgrep,1,single-tool,warning,"Detected a request with potential user-input going into a OutputStream or Writer object. This bypasses any view or template environments, including HTML escaping, which may expose this application to cross-site scripting (XSS) vulnerabilities. Consider using a view technology such as JavaServer Faces (JSFs) which automatically escapes HTML views."
BenchmarkTest00118,CWE-643,data/benchmark/src/main/java/org/owasp/benchmark/testcode/BenchmarkTest00118.java,88,semgrep,1,single-tool,warning,"Detected input from a HTTPServletRequest going into a XPath evaluate or compile command. This could lead to xpath injection if variables passed into the evaluate or compile commands are not properly sanitized. Xpath injection could lead to unauthorized access to sensitive information in XML documents. Instead, thoroughly sanitize user input or use parameterized xpath queries if you can."
BenchmarkTest00118,CWE-79,data/benchmark/src/main/java/org/owasp/benchmark/testcode/BenchmarkTest00118.java,90,semgrep,1,single-tool,warning,"Detected a request with potential user-input going into a OutputStream or Writer object. This bypasses any view or template environments, including HTML escaping, which may expose this application to cross-site scripting (XSS) vulnerabilities. Consider using a view technology such as JavaServer Faces (JSFs) which automatically escapes HTML views."
BenchmarkTest00119,CWE-326,data/benchmark/src/main/java/org/owasp/benchmark/testcode/BenchmarkTest00119.java,89,semgrep,1,high (same CWE),warning,Triple DES (3DES or DESede) is considered deprecated. AES is the recommended cipher. Upgrade to use AES.
BenchmarkTest00119,CWE-327,owasp-benchmark:data/benchmark/src/main/java/org/owasp/benchmark/testcode/BenchmarkTest00119.java,86,sonarqube,1,high (same CWE),CRITICAL,Use a strong cipher algorithm.
BenchmarkTest00120,CWE-326,data/benchmark/src/main/java/org/owasp/benchmark/testcode/BenchmarkTest00120.java,73,semgrep,1,high (same CWE),warning,Triple DES (3DES or DESede) is considered deprecated. AES is the recommended cipher. Upgrade to use AES.
BenchmarkTest00120,CWE-327,owasp-benchmark:data/benchmark/src/main/java/org/owasp/benchmark/testcode/BenchmarkTest00120.java,70,sonarqube,1,high (same CWE),CRITICAL,Use another cipher mode or disable padding.
BenchmarkTest00123,CWE-326,data/benchmark/src/main/java/org/owasp/benchmark/testcode/BenchmarkTest00123.java,64,semgrep;sonarqube,2,"medium (same line, different CWE label)",CRITICAL;warning,DES is considered deprecated. AES is the recommended cipher. Upgrade to use AES. See https://www.nist.gov/news-events/news/2005/06/nist-withdraws-outdated-data-encryption-standard for more information.
BenchmarkTest00124,CWE-326,data/benchmark/src/main/java/org/owasp/benchmark/testcode/BenchmarkTest00124.java,69,semgrep;sonarqube,2,"medium (same line, different CWE label)",CRITICAL;warning,DES is considered deprecated. AES is the recommended cipher. Upgrade to use AES. See https://www.nist.gov/news-events/news/2005/06/nist-withdraws-outdated-data-encryption-standard for more information.
BenchmarkTest00125,CWE-326,data/benchmark/src/main/java/org/owasp/benchmark/testcode/BenchmarkTest00125.java,64,semgrep;sonarqube,2,"medium (same line, different CWE label)",CRITICAL;warning,DES is considered deprecated. AES is the recommended cipher. Upgrade to use AES. See https://www.nist.gov/news-events/news/2005/06/nist-withdraws-outdated-data-encryption-standard for more information.
BenchmarkTest00131,CWE-22,data/benchmark/src/main/java/org/owasp/benchmark/testcode/BenchmarkTest00131.java,72,semgrep,1,single-tool,error,"Detected a potential path traversal. A malicious actor could control the location of this file, to include going backwards in the directory with '../'. To address this, ensure that user-controlled variables in file paths are sanitized. You may also consider using a utility method such as org.apache.commons.io.FilenameUtils.getName(...) to only retrieve the file name from the path."
BenchmarkTest00132,CWE-22,data/benchmark/src/main/java/org/owasp/benchmark/testcode/BenchmarkTest00132.java,77,semgrep,1,single-tool,error,"Detected a potential path traversal. A malicious actor could control the location of this file, to include going backwards in the directory with '../'. To address this, ensure that user-controlled variables in file paths are sanitized. You may also consider using a utility method such as org.apache.commons.io.FilenameUtils.getName(...) to only retrieve the file name from the path."
BenchmarkTest00133,CWE-22,data/benchmark/src/main/java/org/owasp/benchmark/testcode/BenchmarkTest00133.java,63,semgrep,1,single-tool,error,"Detected a potential path traversal. A malicious actor could control the location of this file, to include going backwards in the directory with '../'. To address this, ensure that user-controlled variables in file paths are sanitized. You may also consider using a utility method such as org.apache.commons.io.FilenameUtils.getName(...) to only retrieve the file name from the path."
BenchmarkTest00135,CWE-22,data/benchmark/src/main/java/org/owasp/benchmark/testcode/BenchmarkTest00135.java,83,semgrep,1,single-tool,error,"Detected a potential path traversal. A malicious actor could control the location of this file, to include going backwards in the directory with '../'. To address this, ensure that user-controlled variables in file paths are sanitized. You may also consider using a utility method such as org.apache.commons.io.FilenameUtils.getName(...) to only retrieve the file name from the path."
BenchmarkTest00136,CWE-22,data/benchmark/src/main/java/org/owasp/benchmark/testcode/BenchmarkTest00136.java,78,semgrep,1,single-tool,error,"Detected a potential path traversal. A malicious actor could control the location of this file, to include going backwards in the directory with '../'. To address this, ensure that user-controlled variables in file paths are sanitized. You may also consider using a utility method such as org.apache.commons.io.FilenameUtils.getName(...) to only retrieve the file name from the path."
BenchmarkTest00136,CWE-22,data/benchmark/src/main/java/org/owasp/benchmark/testcode/BenchmarkTest00136.java,91,semgrep,1,single-tool,error,"Detected a potential path traversal. A malicious actor could control the location of this file, to include going backwards in the directory with '../'. To address this, ensure that user-controlled variables in file paths are sanitized. You may also consider using a utility method such as org.apache.commons.io.FilenameUtils.getName(...) to only retrieve the file name from the path."
BenchmarkTest00138,CWE-90,data/benchmark/src/main/java/org/owasp/benchmark/testcode/BenchmarkTest00138.java,72,semgrep,1,single-tool,warning,"Detected input from a HTTPServletRequest going into an LDAP query. This could lead to LDAP injection if the input is not properly sanitized, which could result in attackers modifying objects in the LDAP tree structure. Ensure data passed to an LDAP query is not controllable or properly sanitize the data."
BenchmarkTest00140,CWE-330,data/benchmark/src/main/java/org/owasp/benchmark/testcode/BenchmarkTest00140.java,63,semgrep;sonarqube,2,"medium (same line, different CWE label)",MAJOR;warning,"Detected use of the functions `Math.random()` or `java.util.Random()`. These are both not cryptographically strong random number generators (RNGs). If you are using these RNGs to create passwords or secret tokens, use `java.security.SecureRandom` instead."
BenchmarkTest00141,CWE-328,data/benchmark/src/main/java/org/owasp/benchmark/testcode/BenchmarkTest00141.java,64,semgrep;sonarqube,2,"medium (same line, different CWE label)",CRITICAL;warning,"Detected SHA1 hash algorithm which is considered insecure. SHA1 is not collision resistant and is therefore not suitable as a cryptographic signature. Instead, use PBKDF2 for password hashing or SHA256 or SHA512 for other hash function applications."
BenchmarkTest00141,CWE-1240,owasp-benchmark:data/benchmark/src/main/java/org/owasp/benchmark/testcode/BenchmarkTest00141.java,66,sonarqube,1,single-tool,CRITICAL,Make sure this weak hash algorithm is not used in a sensitive context here.
BenchmarkTest00146,CWE-79,data/benchmark/src/main/java/org/owasp/benchmark/testcode/BenchmarkTest00146.java,59,semgrep,1,single-tool,warning,"Detected a request with potential user-input going into a OutputStream or Writer object. This bypasses any view or template environments, including HTML escaping, which may expose this application to cross-site scripting (XSS) vulnerabilities. Consider using a view technology such as JavaServer Faces (JSFs) which automatically escapes HTML views."
BenchmarkTest00148,CWE-79,data/benchmark/src/main/java/org/owasp/benchmark/testcode/BenchmarkTest00148.java,60,semgrep,1,single-tool,warning,"Detected a request with potential user-input going into a OutputStream or Writer object. This bypasses any view or template environments, including HTML escaping, which may expose this application to cross-site scripting (XSS) vulnerabilities. Consider using a view technology such as JavaServer Faces (JSFs) which automatically escapes HTML views."
BenchmarkTest00149,CWE-79,data/benchmark/src/main/java/org/owasp/benchmark/testcode/BenchmarkTest00149.java,56,semgrep,1,single-tool,warning,"Detected a request with potential user-input going into a OutputStream or Writer object. This bypasses any view or template environments, including HTML escaping, which may expose this application to cross-site scripting (XSS) vulnerabilities. Consider using a view technology such as JavaServer Faces (JSFs) which automatically escapes HTML views."
BenchmarkTest00150,CWE-79,data/benchmark/src/main/java/org/owasp/benchmark/testcode/BenchmarkTest00150.java,60,semgrep,1,single-tool,warning,"Detected a request with potential user-input going into a OutputStream or Writer object. This bypasses any view or template environments, including HTML escaping, which may expose this application to cross-site scripting (XSS) vulnerabilities. Consider using a view technology such as JavaServer Faces (JSFs) which automatically escapes HTML views."
BenchmarkTest00152,CWE-79,data/benchmark/src/main/java/org/owasp/benchmark/testcode/BenchmarkTest00152.java,73,semgrep,1,single-tool,warning,"Detected a request with potential user-input going into a OutputStream or Writer object. This bypasses any view or template environments, including HTML escaping, which may expose this application to cross-site scripting (XSS) vulnerabilities. Consider using a view technology such as JavaServer Faces (JSFs) which automatically escapes HTML views."
BenchmarkTest00154,CWE-79,data/benchmark/src/main/java/org/owasp/benchmark/testcode/BenchmarkTest00154.java,73,semgrep,1,single-tool,warning,"Detected a request with potential user-input going into a OutputStream or Writer object. This bypasses any view or template environments, including HTML escaping, which may expose this application to cross-site scripting (XSS) vulnerabilities. Consider using a view technology such as JavaServer Faces (JSFs) which automatically escapes HTML views."
BenchmarkTest00155,CWE-79,data/benchmark/src/main/java/org/owasp/benchmark/testcode/BenchmarkTest00155.java,56,semgrep,1,single-tool,warning,"Detected a request with potential user-input going into a OutputStream or Writer object. This bypasses any view or template environments, including HTML escaping, which may expose this application to cross-site scripting (XSS) vulnerabilities. Consider using a view technology such as JavaServer Faces (JSFs) which automatically escapes HTML views."
BenchmarkTest00157,CWE-79,data/benchmark/src/main/java/org/owasp/benchmark/testcode/BenchmarkTest00157.java,59,semgrep,1,single-tool,warning,"Detected a request with potential user-input going into a OutputStream or Writer object. This bypasses any view or template environments, including HTML escaping, which may expose this application to cross-site scripting (XSS) vulnerabilities. Consider using a view technology such as JavaServer Faces (JSFs) which automatically escapes HTML views."
BenchmarkTest00158,CWE-78,data/benchmark/src/main/java/org/owasp/benchmark/testcode/BenchmarkTest00158.java,68,semgrep,1,high (same CWE),error,"Detected input from a HTTPServletRequest going into a 'ProcessBuilder' or 'exec' command. This could lead to command injection if variables passed into the exec commands are not properly sanitized. Instead, avoid using these OS commands with user-supplied input, or, if you must use these commands, use a whitelist of specific values."
BenchmarkTest00159,CWE-78,data/benchmark/src/main/java/org/owasp/benchmark/testcode/BenchmarkTest00159.java,67,semgrep,1,high (same CWE),error,"Detected input from a HTTPServletRequest going into a 'ProcessBuilder' or 'exec' command. This could lead to command injection if variables passed into the exec commands are not properly sanitized. Instead, avoid using these OS commands with user-supplied input, or, if you must use these commands, use a whitelist of specific values."
BenchmarkTest00160,CWE-330,data/benchmark/src/main/java/org/owasp/benchmark/testcode/BenchmarkTest00160.java,61,semgrep;sonarqube,2,"medium (same line, different CWE label)",MAJOR;warning,"Detected use of the functions `Math.random()` or `java.util.Random()`. These are both not cryptographically strong random number generators (RNGs). If you are using these RNGs to create passwords or secret tokens, use `java.security.SecureRandom` instead."
BenchmarkTest00161,CWE-330,data/benchmark/src/main/java/org/owasp/benchmark/testcode/BenchmarkTest00161.java,59,semgrep;sonarqube,2,"medium (same line, different CWE label)",MAJOR;warning,"Detected use of the functions `Math.random()` or `java.util.Random()`. These are both not cryptographically strong random number generators (RNGs). If you are using these RNGs to create passwords or secret tokens, use `java.security.SecureRandom` instead."
BenchmarkTest00162,CWE-330,data/benchmark/src/main/java/org/owasp/benchmark/testcode/BenchmarkTest00162.java,53,semgrep;sonarqube,2,"medium (same line, different CWE label)",MAJOR;warning,"Detected use of the functions `Math.random()` or `java.util.Random()`. These are both not cryptographically strong random number generators (RNGs). If you are using these RNGs to create passwords or secret tokens, use `java.security.SecureRandom` instead."
BenchmarkTest00163,CWE-330,data/benchmark/src/main/java/org/owasp/benchmark/testcode/BenchmarkTest00163.java,54,semgrep;sonarqube,2,"medium (same line, different CWE label)",MAJOR;warning,"Detected use of the functions `Math.random()` or `java.util.Random()`. These are both not cryptographically strong random number generators (RNGs). If you are using these RNGs to create passwords or secret tokens, use `java.security.SecureRandom` instead."
BenchmarkTest00164,CWE-330,data/benchmark/src/main/java/org/owasp/benchmark/testcode/BenchmarkTest00164.java,58,semgrep;sonarqube,2,"medium (same line, different CWE label)",MAJOR;warning,"Detected use of the functions `Math.random()` or `java.util.Random()`. These are both not cryptographically strong random number generators (RNGs). If you are using these RNGs to create passwords or secret tokens, use `java.security.SecureRandom` instead."
BenchmarkTest00165,CWE-330,data/benchmark/src/main/java/org/owasp/benchmark/testcode/BenchmarkTest00165.java,56,semgrep;sonarqube,2,"medium (same line, different CWE label)",MAJOR;warning,"Detected use of the functions `Math.random()` or `java.util.Random()`. These are both not cryptographically strong random number generators (RNGs). If you are using these RNGs to create passwords or secret tokens, use `java.security.SecureRandom` instead."
BenchmarkTest00166,CWE-330,data/benchmark/src/main/java/org/owasp/benchmark/testcode/BenchmarkTest00166.java,53,semgrep;sonarqube,2,"medium (same line, different CWE label)",MAJOR;warning,"Detected use of the functions `Math.random()` or `java.util.Random()`. These are both not cryptographically strong random number generators (RNGs). If you are using these RNGs to create passwords or secret tokens, use `java.security.SecureRandom` instead."
BenchmarkTest00167,CWE-330,data/benchmark/src/main/java/org/owasp/benchmark/testcode/BenchmarkTest00167.java,60,semgrep;sonarqube,2,"medium (same line, different CWE label)",MAJOR;warning,"Detected use of the functions `Math.random()` or `java.util.Random()`. These are both not cryptographically strong random number generators (RNGs). If you are using these RNGs to create passwords or secret tokens, use `java.security.SecureRandom` instead."
BenchmarkTest00168,CWE-330,data/benchmark/src/main/java/org/owasp/benchmark/testcode/BenchmarkTest00168.java,58,semgrep;sonarqube,2,"medium (same line, different CWE label)",MAJOR;warning,"Detected use of the functions `Math.random()` or `java.util.Random()`. These are both not cryptographically strong random number generators (RNGs). If you are using these RNGs to create passwords or secret tokens, use `java.security.SecureRandom` instead."
BenchmarkTest00169,CWE-614,data/benchmark/src/main/java/org/owasp/benchmark/testcode/BenchmarkTest00169.java,80,semgrep,1,single-tool,warning,A cookie was detected without setting the 'secure' flag. The 'secure' flag for cookies prevents the client from transmitting the cookie over insecure channels such as HTTP. Set the 'secure' flag by calling 'cookie.setSecure(true);'
BenchmarkTest00170,CWE-614,data/benchmark/src/main/java/org/owasp/benchmark/testcode/BenchmarkTest00170.java,91,semgrep,1,single-tool,warning,A cookie was detected without setting the 'secure' flag. The 'secure' flag for cookies prevents the client from transmitting the cookie over insecure channels such as HTTP. Set the 'secure' flag by calling 'cookie.setSecure(true);'
BenchmarkTest00174,CWE-78,data/benchmark/src/main/java/org/owasp/benchmark/testcode/BenchmarkTest00174.java,63,semgrep,1,single-tool,error,"Detected input from a HTTPServletRequest going into a 'ProcessBuilder' or 'exec' command. This could lead to command injection if variables passed into the exec commands are not properly sanitized. Instead, avoid using these OS commands with user-supplied input, or, if you must use these commands, use a whitelist of specific values."
BenchmarkTest00176,CWE-78,data/benchmark/src/main/java/org/owasp/benchmark/testcode/BenchmarkTest00176.java,63,semgrep,1,single-tool,error,"Detected input from a HTTPServletRequest going into a 'ProcessBuilder' or 'exec' command. This could lead to command injection if variables passed into the exec commands are not properly sanitized. Instead, avoid using these OS commands with user-supplied input, or, if you must use these commands, use a whitelist of specific values."
BenchmarkTest00177,CWE-78,data/benchmark/src/main/java/org/owasp/benchmark/testcode/BenchmarkTest00177.java,68,semgrep,1,single-tool,error,"Detected input from a HTTPServletRequest going into a 'ProcessBuilder' or 'exec' command. This could lead to command injection if variables passed into the exec commands are not properly sanitized. Instead, avoid using these OS commands with user-supplied input, or, if you must use these commands, use a whitelist of specific values."
BenchmarkTest00191,CWE-89,data/benchmark/src/main/java/org/owasp/benchmark/testcode/BenchmarkTest00191.java,77,semgrep;sonarqube,2,high (same CWE),MAJOR;warning,Detected input from a HTTPServletRequest going into a SQL sink or statement. This could lead to SQL injection if variables in the SQL statement are not properly sanitized. Use parameterized SQL queries or properly sanitize user input instead.
BenchmarkTest00192,CWE-89,data/benchmark/src/main/java/org/owasp/benchmark/testcode/BenchmarkTest00192.java,77,semgrep;sonarqube,2,high (same CWE),MAJOR;warning,Detected input from a HTTPServletRequest going into a SQL sink or statement. This could lead to SQL injection if variables in the SQL statement are not properly sanitized. Use parameterized SQL queries or properly sanitize user input instead.
BenchmarkTest00193,CWE-89,data/benchmark/src/main/java/org/owasp/benchmark/testcode/BenchmarkTest00193.java,63,semgrep;sonarqube,2,high (same CWE),MAJOR;warning,Detected input from a HTTPServletRequest going into a SQL sink or statement. This could lead to SQL injection if variables in the SQL statement are not properly sanitized. Use parameterized SQL queries or properly sanitize user input instead.
BenchmarkTest00194,CWE-89,data/benchmark/src/main/java/org/owasp/benchmark/testcode/BenchmarkTest00194.java,63,semgrep,1,single-tool,warning,Detected input from a HTTPServletRequest going into a SQL sink or statement. This could lead to SQL injection if variables in the SQL statement are not properly sanitized. Use parameterized SQL queries or properly sanitize user input instead.
BenchmarkTest00195,CWE-89,data/benchmark/src/main/java/org/owasp/benchmark/testcode/BenchmarkTest00195.java,61,semgrep,1,single-tool,warning,Detected input from a HTTPServletRequest going into a SQL sink or statement. This could lead to SQL injection if variables in the SQL statement are not properly sanitized. Use parameterized SQL queries or properly sanitize user input instead.
BenchmarkTest00196,CWE-89,data/benchmark/src/main/java/org/owasp/benchmark/testcode/BenchmarkTest00196.java,61,semgrep,1,single-tool,warning,Detected input from a HTTPServletRequest going into a SQL sink or statement. This could lead to SQL injection if variables in the SQL statement are not properly sanitized. Use parameterized SQL queries or properly sanitize user input instead.
BenchmarkTest00198,CWE-89,data/benchmark/src/main/java/org/owasp/benchmark/testcode/BenchmarkTest00198.java,60,semgrep,1,single-tool,warning,Detected input from a HTTPServletRequest going into a SQL sink or statement. This could lead to SQL injection if variables in the SQL statement are not properly sanitized. Use parameterized SQL queries or properly sanitize user input instead.
BenchmarkTest00198,CWE-79,data/benchmark/src/main/java/org/owasp/benchmark/testcode/BenchmarkTest00198.java,63,semgrep,1,single-tool,warning,"Detected a request with potential user-input going into a OutputStream or Writer object. This bypasses any view or template environments, including HTML escaping, which may expose this application to cross-site scripting (XSS) vulnerabilities. Consider using a view technology such as JavaServer Faces (JSFs) which automatically escapes HTML views."
BenchmarkTest00199,CWE-89,data/benchmark/src/main/java/org/owasp/benchmark/testcode/BenchmarkTest00199.java,63,semgrep,1,single-tool,warning,Detected input from a HTTPServletRequest going into a SQL sink or statement. This could lead to SQL injection if variables in the SQL statement are not properly sanitized. Use parameterized SQL queries or properly sanitize user input instead.
BenchmarkTest00199,CWE-79,data/benchmark/src/main/java/org/owasp/benchmark/testcode/BenchmarkTest00199.java,66,semgrep,1,single-tool,warning,"Detected a request with potential user-input going into a OutputStream or Writer object. This bypasses any view or template environments, including HTML escaping, which may expose this application to cross-site scripting (XSS) vulnerabilities. Consider using a view technology such as JavaServer Faces (JSFs) which automatically escapes HTML views."
BenchmarkTest00202,CWE-89,data/benchmark/src/main/java/org/owasp/benchmark/testcode/BenchmarkTest00202.java,79,semgrep;sonarqube,2,high (same CWE),MAJOR;warning,Detected a formatted string in a SQL statement. This could lead to SQL injection if variables in the SQL statement are not properly sanitized. Use a prepared statements (java.sql.PreparedStatement) instead. You can obtain a PreparedStatement using 'connection.prepareStatement'.
BenchmarkTest00203,CWE-89,data/benchmark/src/main/java/org/owasp/benchmark/testcode/BenchmarkTest00203.java,61,semgrep;sonarqube,2,high (same CWE),MAJOR;warning,Detected input from a HTTPServletRequest going into a SQL sink or statement. This could lead to SQL injection if variables in the SQL statement are not properly sanitized. Use parameterized SQL queries or properly sanitize user input instead.
BenchmarkTest00204,CWE-89,data/benchmark/src/main/java/org/owasp/benchmark/testcode/BenchmarkTest00204.java,58,semgrep;sonarqube,2,high (same CWE),MAJOR;warning,Detected input from a HTTPServletRequest going into a SQL sink or statement. This could lead to SQL injection if variables in the SQL statement are not properly sanitized. Use parameterized SQL queries or properly sanitize user input instead.
BenchmarkTest00205,CWE-89,data/benchmark/src/main/java/org/owasp/benchmark/testcode/BenchmarkTest00205.java,68,semgrep;sonarqube,2,high (same CWE),MAJOR;warning,Detected a formatted string in a SQL statement. This could lead to SQL injection if variables in the SQL statement are not properly sanitized. Use a prepared statements (java.sql.PreparedStatement) instead. You can obtain a PreparedStatement using 'connection.prepareStatement'.
BenchmarkTest00206,CWE-89,data/benchmark/src/main/java/org/owasp/benchmark/testcode/BenchmarkTest00206.java,79,semgrep;sonarqube,2,high (same CWE),MAJOR;warning,Detected a formatted string in a SQL statement. This could lead to SQL injection if variables in the SQL statement are not properly sanitized. Use a prepared statements (java.sql.PreparedStatement) instead. You can obtain a PreparedStatement using 'connection.prepareStatement'.
BenchmarkTest00207,CWE-643,data/benchmark/src/main/java/org/owasp/benchmark/testcode/BenchmarkTest00207.java,75,semgrep,1,single-tool,warning,"Detected input from a HTTPServletRequest going into a XPath evaluate or compile command. This could lead to xpath injection if variables passed into the evaluate or compile commands are not properly sanitized. Xpath injection could lead to unauthorized access to sensitive information in XML documents. Instead, thoroughly sanitize user input or use parameterized xpath queries if you can."
BenchmarkTest00207,CWE-79,data/benchmark/src/main/java/org/owasp/benchmark/testcode/BenchmarkTest00207.java,77,semgrep,1,single-tool,warning,"Detected a request with potential user-input going into a OutputStream or Writer object. This bypasses any view or template environments, including HTML escaping, which may expose this application to cross-site scripting (XSS) vulnerabilities. Consider using a view technology such as JavaServer Faces (JSFs) which automatically escapes HTML views."
BenchmarkTest00208,CWE-326,data/benchmark/src/main/java/org/owasp/benchmark/testcode/BenchmarkTest00208.java,82,semgrep,1,high (same CWE),warning,Triple DES (3DES or DESede) is considered deprecated. AES is the recommended cipher. Upgrade to use AES.
BenchmarkTest00208,CWE-327,owasp-benchmark:data/benchmark/src/main/java/org/owasp/benchmark/testcode/BenchmarkTest00208.java,80,sonarqube,1,high (same CWE),CRITICAL,Use another cipher mode or disable padding.
BenchmarkTest00210,CWE-326,data/benchmark/src/main/java/org/owasp/benchmark/testcode/BenchmarkTest00210.java,77,semgrep;sonarqube,2,"medium (same line, different CWE label)",CRITICAL;warning,DES is considered deprecated. AES is the recommended cipher. Upgrade to use AES. See https://www.nist.gov/news-events/news/2005/06/nist-withdraws-outdated-data-encryption-standard for more information.
BenchmarkTest00215,CWE-22,data/benchmark/src/main/java/org/owasp/benchmark/testcode/BenchmarkTest00215.java,63,semgrep,1,single-tool,error,"Detected a potential path traversal. A malicious actor could control the location of this file, to include going backwards in the directory with '../'. To address this, ensure that user-controlled variables in file paths are sanitized. You may also consider using a utility method such as org.apache.commons.io.FilenameUtils.getName(...) to only retrieve the file name from the path."
BenchmarkTest00216,CWE-22,data/benchmark/src/main/java/org/owasp/benchmark/testcode/BenchmarkTest00216.java,68,semgrep,1,single-tool,error,"Detected a potential path traversal. A malicious actor could control the location of this file, to include going backwards in the directory with '../'. To address this, ensure that user-controlled variables in file paths are sanitized. You may also consider using a utility method such as org.apache.commons.io.FilenameUtils.getName(...) to only retrieve the file name from the path."
BenchmarkTest00218,CWE-22,data/benchmark/src/main/java/org/owasp/benchmark/testcode/BenchmarkTest00218.java,102,semgrep,1,single-tool,error,"Detected a potential path traversal. A malicious actor could control the location of this file, to include going backwards in the directory with '../'. To address this, ensure that user-controlled variables in file paths are sanitized. You may also consider using a utility method such as org.apache.commons.io.FilenameUtils.getName(...) to only retrieve the file name from the path."
BenchmarkTest00219,CWE-22,data/benchmark/src/main/java/org/owasp/benchmark/testcode/BenchmarkTest00219.java,73,semgrep,1,single-tool,error,"Detected a potential path traversal. A malicious actor could control the location of this file, to include going backwards in the directory with '../'. To address this, ensure that user-controlled variables in file paths are sanitized. You may also consider using a utility method such as org.apache.commons.io.FilenameUtils.getName(...) to only retrieve the file name from the path."
BenchmarkTest00221,CWE-22,data/benchmark/src/main/java/org/owasp/benchmark/testcode/BenchmarkTest00221.java,74,semgrep,1,single-tool,error,"Detected a potential path traversal. A malicious actor could control the location of this file, to include going backwards in the directory with '../'. To address this, ensure that user-controlled variables in file paths are sanitized. You may also consider using a utility method such as org.apache.commons.io.FilenameUtils.getName(...) to only retrieve the file name from the path."
BenchmarkTest00221,CWE-22,data/benchmark/src/main/java/org/owasp/benchmark/testcode/BenchmarkTest00221.java,87,semgrep,1,single-tool,error,"Detected a potential path traversal. A malicious actor could control the location of this file, to include going backwards in the directory with '../'. To address this, ensure that user-controlled variables in file paths are sanitized. You may also consider using a utility method such as org.apache.commons.io.FilenameUtils.getName(...) to only retrieve the file name from the path."
BenchmarkTest00222,CWE-22,data/benchmark/src/main/java/org/owasp/benchmark/testcode/BenchmarkTest00222.java,88,semgrep,1,single-tool,error,"Detected a potential path traversal. A malicious actor could control the location of this file, to include going backwards in the directory with '../'. To address this, ensure that user-controlled variables in file paths are sanitized. You may also consider using a utility method such as org.apache.commons.io.FilenameUtils.getName(...) to only retrieve the file name from the path."
BenchmarkTest00222,CWE-22,data/benchmark/src/main/java/org/owasp/benchmark/testcode/BenchmarkTest00222.java,101,semgrep,1,single-tool,error,"Detected a potential path traversal. A malicious actor could control the location of this file, to include going backwards in the directory with '../'. To address this, ensure that user-controlled variables in file paths are sanitized. You may also consider using a utility method such as org.apache.commons.io.FilenameUtils.getName(...) to only retrieve the file name from the path."
BenchmarkTest00223,CWE-328,data/benchmark/src/main/java/org/owasp/benchmark/testcode/BenchmarkTest00223.java,74,semgrep;sonarqube,2,"medium (same line, different CWE label)",CRITICAL;warning,"Detected SHA1 hash algorithm which is considered insecure. SHA1 is not collision resistant and is therefore not suitable as a cryptographic signature. Instead, use PBKDF2 for password hashing or SHA256 or SHA512 for other hash function applications."
BenchmarkTest00223,CWE-1240,owasp-benchmark:data/benchmark/src/main/java/org/owasp/benchmark/testcode/BenchmarkTest00223.java,76,sonarqube,1,single-tool,CRITICAL,Make sure this weak hash algorithm is not used in a sensitive context here.
BenchmarkTest00230,CWE-330,data/benchmark/src/main/java/org/owasp/benchmark/testcode/BenchmarkTest00230.java,67,semgrep;sonarqube,2,"medium (same line, different CWE label)",MAJOR;warning,"Detected use of the functions `Math.random()` or `java.util.Random()`. These are both not cryptographically strong random number generators (RNGs). If you are using these RNGs to create passwords or secret tokens, use `java.security.SecureRandom` instead."
BenchmarkTest00231,CWE-330,data/benchmark/src/main/java/org/owasp/benchmark/testcode/BenchmarkTest00231.java,68,semgrep;sonarqube,2,"medium (same line, different CWE label)",MAJOR;warning,"Detected use of the functions `Math.random()` or `java.util.Random()`. These are both not cryptographically strong random number generators (RNGs). If you are using these RNGs to create passwords or secret tokens, use `java.security.SecureRandom` instead."
BenchmarkTest00232,CWE-330,data/benchmark/src/main/java/org/owasp/benchmark/testcode/BenchmarkTest00232.java,69,semgrep;sonarqube,2,"medium (same line, different CWE label)",MAJOR;warning,"Detected use of the functions `Math.random()` or `java.util.Random()`. These are both not cryptographically strong random number generators (RNGs). If you are using these RNGs to create passwords or secret tokens, use `java.security.SecureRandom` instead."
BenchmarkTest00233,CWE-330,data/benchmark/src/main/java/org/owasp/benchmark/testcode/BenchmarkTest00233.java,65,semgrep;sonarqube,2,"medium (same line, different CWE label)",MAJOR;warning,"Detected use of the functions `Math.random()` or `java.util.Random()`. These are both not cryptographically strong random number generators (RNGs). If you are using these RNGs to create passwords or secret tokens, use `java.security.SecureRandom` instead."
BenchmarkTest00234,CWE-330,data/benchmark/src/main/java/org/owasp/benchmark/testcode/BenchmarkTest00234.java,69,semgrep;sonarqube,2,"medium (same line, different CWE label)",MAJOR;warning,"Detected use of the functions `Math.random()` or `java.util.Random()`. These are both not cryptographically strong random number generators (RNGs). If you are using these RNGs to create passwords or secret tokens, use `java.security.SecureRandom` instead."
BenchmarkTest00235,CWE-330,data/benchmark/src/main/java/org/owasp/benchmark/testcode/BenchmarkTest00235.java,65,semgrep;sonarqube,2,"medium (same line, different CWE label)",MAJOR;warning,"Detected use of the functions `Math.random()` or `java.util.Random()`. These are both not cryptographically strong random number generators (RNGs). If you are using these RNGs to create passwords or secret tokens, use `java.security.SecureRandom` instead."
BenchmarkTest00236,CWE-330,data/benchmark/src/main/java/org/owasp/benchmark/testcode/BenchmarkTest00236.java,68,semgrep;sonarqube,2,"medium (same line, different CWE label)",MAJOR;warning,"Detected use of the functions `Math.random()` or `java.util.Random()`. These are both not cryptographically strong random number generators (RNGs). If you are using these RNGs to create passwords or secret tokens, use `java.security.SecureRandom` instead."
BenchmarkTest00237,CWE-330,data/benchmark/src/main/java/org/owasp/benchmark/testcode/BenchmarkTest00237.java,82,semgrep;sonarqube,2,"medium (same line, different CWE label)",MAJOR;warning,"Detected use of the functions `Math.random()` or `java.util.Random()`. These are both not cryptographically strong random number generators (RNGs). If you are using these RNGs to create passwords or secret tokens, use `java.security.SecureRandom` instead."
BenchmarkTest00238,CWE-330,data/benchmark/src/main/java/org/owasp/benchmark/testcode/BenchmarkTest00238.java,70,semgrep;sonarqube,2,"medium (same line, different CWE label)",MAJOR;warning,"Detected use of the functions `Math.random()` or `java.util.Random()`. These are both not cryptographically strong random number generators (RNGs). If you are using these RNGs to create passwords or secret tokens, use `java.security.SecureRandom` instead."
BenchmarkTest00239,CWE-330,data/benchmark/src/main/java/org/owasp/benchmark/testcode/BenchmarkTest00239.java,83,semgrep;sonarqube,2,"medium (same line, different CWE label)",MAJOR;warning,"Detected use of the functions `Math.random()` or `java.util.Random()`. These are both not cryptographically strong random number generators (RNGs). If you are using these RNGs to create passwords or secret tokens, use `java.security.SecureRandom` instead."
BenchmarkTest00240,CWE-330,data/benchmark/src/main/java/org/owasp/benchmark/testcode/BenchmarkTest00240.java,65,semgrep;sonarqube,2,"medium (same line, different CWE label)",MAJOR;warning,"Detected use of the functions `Math.random()` or `java.util.Random()`. These are both not cryptographically strong random number generators (RNGs). If you are using these RNGs to create passwords or secret tokens, use `java.security.SecureRandom` instead."
BenchmarkTest00241,CWE-614,data/benchmark/src/main/java/org/owasp/benchmark/testcode/BenchmarkTest00241.java,85,semgrep,1,single-tool,warning,A cookie was detected without setting the 'secure' flag. The 'secure' flag for cookies prevents the client from transmitting the cookie over insecure channels such as HTTP. Set the 'secure' flag by calling 'cookie.setSecure(true);'
BenchmarkTest00250,CWE-79,data/benchmark/src/main/java/org/owasp/benchmark/testcode/BenchmarkTest00250.java,85,semgrep,1,single-tool,warning,"Detected a request with potential user-input going into a OutputStream or Writer object. This bypasses any view or template environments, including HTML escaping, which may expose this application to cross-site scripting (XSS) vulnerabilities. Consider using a view technology such as JavaServer Faces (JSFs) which automatically escapes HTML views."
BenchmarkTest00251,CWE-501,data/benchmark/src/main/java/org/owasp/benchmark/testcode/BenchmarkTest00251.java,65,semgrep,1,single-tool,warning,"Detected input from a HTTPServletRequest going into a session command, like `setAttribute`. User input into such a command could lead to an attacker inputting malicious code into your session parameters, blurring the line between what's trusted and untrusted, and therefore leading to a trust boundary violation. This could lead to programmers trusting unvalidated data. Instead, thoroughly sanitize user input before passing it into such function calls."
BenchmarkTest00251,CWE-79,data/benchmark/src/main/java/org/owasp/benchmark/testcode/BenchmarkTest00251.java,67,semgrep,1,single-tool,warning,"Detected a request with potential user-input going into a OutputStream or Writer object. This bypasses any view or template environments, including HTML escaping, which may expose this application to cross-site scripting (XSS) vulnerabilities. Consider using a view technology such as JavaServer Faces (JSFs) which automatically escapes HTML views."
BenchmarkTest00253,CWE-501,data/benchmark/src/main/java/org/owasp/benchmark/testcode/BenchmarkTest00253.java,83,semgrep,1,single-tool,warning,"Detected input from a HTTPServletRequest going into a session command, like `setAttribute`. User input into such a command could lead to an attacker inputting malicious code into your session parameters, blurring the line between what's trusted and untrusted, and therefore leading to a trust boundary violation. This could lead to programmers trusting unvalidated data. Instead, thoroughly sanitize user input before passing it into such function calls."
BenchmarkTest00253,CWE-79,data/benchmark/src/main/java/org/owasp/benchmark/testcode/BenchmarkTest00253.java,85,semgrep,1,single-tool,warning,"Detected a request with potential user-input going into a OutputStream or Writer object. This bypasses any view or template environments, including HTML escaping, which may expose this application to cross-site scripting (XSS) vulnerabilities. Consider using a view technology such as JavaServer Faces (JSFs) which automatically escapes HTML views."
BenchmarkTest00254,CWE-326,data/benchmark/src/main/java/org/owasp/benchmark/testcode/BenchmarkTest00254.java,78,semgrep,1,high (same CWE),warning,Triple DES (3DES or DESede) is considered deprecated. AES is the recommended cipher. Upgrade to use AES.
BenchmarkTest00254,CWE-327,owasp-benchmark:data/benchmark/src/main/java/org/owasp/benchmark/testcode/BenchmarkTest00254.java,75,sonarqube,1,high (same CWE),CRITICAL,Use another cipher mode or disable padding.
BenchmarkTest00256,CWE-326,data/benchmark/src/main/java/org/owasp/benchmark/testcode/BenchmarkTest00256.java,79,semgrep,1,high (same CWE),warning,Triple DES (3DES or DESede) is considered deprecated. AES is the recommended cipher. Upgrade to use AES.
BenchmarkTest00256,CWE-327,owasp-benchmark:data/benchmark/src/main/java/org/owasp/benchmark/testcode/BenchmarkTest00256.java,77,sonarqube,1,high (same CWE),CRITICAL,Use a strong cipher algorithm.
BenchmarkTest00257,CWE-326,data/benchmark/src/main/java/org/owasp/benchmark/testcode/BenchmarkTest00257.java,70,semgrep,1,high (same CWE),warning,Triple DES (3DES or DESede) is considered deprecated. AES is the recommended cipher. Upgrade to use AES.
BenchmarkTest00257,CWE-327,owasp-benchmark:data/benchmark/src/main/java/org/owasp/benchmark/testcode/BenchmarkTest00257.java,68,sonarqube,1,high (same CWE),CRITICAL,Use another cipher mode or disable padding.
BenchmarkTest00258,CWE-326,data/benchmark/src/main/java/org/owasp/benchmark/testcode/BenchmarkTest00258.java,69,semgrep,1,high (same CWE),warning,Triple DES (3DES or DESede) is considered deprecated. AES is the recommended cipher. Upgrade to use AES.
BenchmarkTest00258,CWE-327,owasp-benchmark:data/benchmark/src/main/java/org/owasp/benchmark/testcode/BenchmarkTest00258.java,67,sonarqube,1,high (same CWE),CRITICAL,Use a strong cipher algorithm.
BenchmarkTest00262,CWE-22,data/benchmark/src/main/java/org/owasp/benchmark/testcode/BenchmarkTest00262.java,74,semgrep,1,single-tool,error,"Detected a potential path traversal. A malicious actor could control the location of this file, to include going backwards in the directory with '../'. To address this, ensure that user-controlled variables in file paths are sanitized. You may also consider using a utility method such as org.apache.commons.io.FilenameUtils.getName(...) to only retrieve the file name from the path."
BenchmarkTest00263,CWE-22,data/benchmark/src/main/java/org/owasp/benchmark/testcode/BenchmarkTest00263.java,79,semgrep,1,single-tool,error,"Detected a potential path traversal. A malicious actor could control the location of this file, to include going backwards in the directory with '../'. To address this, ensure that user-controlled variables in file paths are sanitized. You may also consider using a utility method such as org.apache.commons.io.FilenameUtils.getName(...) to only retrieve the file name from the path."
BenchmarkTest00264,CWE-22,data/benchmark/src/main/java/org/owasp/benchmark/testcode/BenchmarkTest00264.java,65,semgrep,1,single-tool,error,"Detected a potential path traversal. A malicious actor could control the location of this file, to include going backwards in the directory with '../'. To address this, ensure that user-controlled variables in file paths are sanitized. You may also consider using a utility method such as org.apache.commons.io.FilenameUtils.getName(...) to only retrieve the file name from the path."
BenchmarkTest00266,CWE-328,data/benchmark/src/main/java/org/owasp/benchmark/testcode/BenchmarkTest00266.java,66,semgrep;sonarqube,2,"medium (same line, different CWE label)",CRITICAL;warning,"Detected SHA1 hash algorithm which is considered insecure. SHA1 is not collision resistant and is therefore not suitable as a cryptographic signature. Instead, use PBKDF2 for password hashing or SHA256 or SHA512 for other hash function applications."
BenchmarkTest00266,CWE-1240,owasp-benchmark:data/benchmark/src/main/java/org/owasp/benchmark/testcode/BenchmarkTest00266.java,68,sonarqube,1,single-tool,CRITICAL,Make sure this weak hash algorithm is not used in a sensitive context here.
BenchmarkTest00267,CWE-328,data/benchmark/src/main/java/org/owasp/benchmark/testcode/BenchmarkTest00267.java,62,semgrep;sonarqube,2,"medium (same line, different CWE label)",CRITICAL;warning,"Detected SHA1 hash algorithm which is considered insecure. SHA1 is not collision resistant and is therefore not suitable as a cryptographic signature. Instead, use PBKDF2 for password hashing or SHA256 or SHA512 for other hash function applications."
BenchmarkTest00267,CWE-1240,owasp-benchmark:data/benchmark/src/main/java/org/owasp/benchmark/testcode/BenchmarkTest00267.java,64,sonarqube,1,single-tool,CRITICAL,Make sure this weak hash algorithm is not used in a sensitive context here.
BenchmarkTest00268,CWE-328,data/benchmark/src/main/java/org/owasp/benchmark/testcode/BenchmarkTest00268.java,61,semgrep;sonarqube,2,"medium (same line, different CWE label)",CRITICAL;warning,"Detected SHA1 hash algorithm which is considered insecure. SHA1 is not collision resistant and is therefore not suitable as a cryptographic signature. Instead, use PBKDF2 for password hashing or SHA256 or SHA512 for other hash function applications."
BenchmarkTest00269,CWE-328,data/benchmark/src/main/java/org/owasp/benchmark/testcode/BenchmarkTest00269.java,61,semgrep;sonarqube,2,"medium (same line, different CWE label)",CRITICAL;warning,"Detected SHA1 hash algorithm which is considered insecure. SHA1 is not collision resistant and is therefore not suitable as a cryptographic signature. Instead, use PBKDF2 for password hashing or SHA256 or SHA512 for other hash function applications."
BenchmarkTest00272,CWE-328,data/benchmark/src/main/java/org/owasp/benchmark/testcode/BenchmarkTest00272.java,75,semgrep;sonarqube,2,"medium (same line, different CWE label)",CRITICAL;warning,Detected MD5 hash algorithm which is considered insecure. MD5 is not collision resistant and is therefore not suitable as a cryptographic signature. Use HMAC instead.
BenchmarkTest00276,CWE-79,data/benchmark/src/main/java/org/owasp/benchmark/testcode/BenchmarkTest00276.java,61,semgrep,1,single-tool,warning,"Detected a request with potential user-input going into a OutputStream or Writer object. This bypasses any view or template environments, including HTML escaping, which may expose this application to cross-site scripting (XSS) vulnerabilities. Consider using a view technology such as JavaServer Faces (JSFs) which automatically escapes HTML views."
BenchmarkTest00280,CWE-79,data/benchmark/src/main/java/org/owasp/benchmark/testcode/BenchmarkTest00280.java,75,semgrep,1,single-tool,warning,"Detected a request with potential user-input going into a OutputStream or Writer object. This bypasses any view or template environments, including HTML escaping, which may expose this application to cross-site scripting (XSS) vulnerabilities. Consider using a view technology such as JavaServer Faces (JSFs) which automatically escapes HTML views."
BenchmarkTest00281,CWE-79,data/benchmark/src/main/java/org/owasp/benchmark/testcode/BenchmarkTest00281.java,62,semgrep,1,single-tool,warning,"Detected a request with potential user-input going into a OutputStream or Writer object. This bypasses any view or template environments, including HTML escaping, which may expose this application to cross-site scripting (XSS) vulnerabilities. Consider using a view technology such as JavaServer Faces (JSFs) which automatically escapes HTML views."
BenchmarkTest00284,CWE-79,data/benchmark/src/main/java/org/owasp/benchmark/testcode/BenchmarkTest00284.java,56,semgrep,1,single-tool,warning,"Detected a request with potential user-input going into a OutputStream or Writer object. This bypasses any view or template environments, including HTML escaping, which may expose this application to cross-site scripting (XSS) vulnerabilities. Consider using a view technology such as JavaServer Faces (JSFs) which automatically escapes HTML views."
BenchmarkTest00287,CWE-79,data/benchmark/src/main/java/org/owasp/benchmark/testcode/BenchmarkTest00287.java,59,semgrep,1,single-tool,warning,"Detected a request with potential user-input going into a OutputStream or Writer object. This bypasses any view or template environments, including HTML escaping, which may expose this application to cross-site scripting (XSS) vulnerabilities. Consider using a view technology such as JavaServer Faces (JSFs) which automatically escapes HTML views."
BenchmarkTest00290,CWE-79,data/benchmark/src/main/java/org/owasp/benchmark/testcode/BenchmarkTest00290.java,57,semgrep,1,single-tool,warning,"Detected a request with potential user-input going into a OutputStream or Writer object. This bypasses any view or template environments, including HTML escaping, which may expose this application to cross-site scripting (XSS) vulnerabilities. Consider using a view technology such as JavaServer Faces (JSFs) which automatically escapes HTML views."
BenchmarkTest00291,CWE-79,data/benchmark/src/main/java/org/owasp/benchmark/testcode/BenchmarkTest00291.java,59,semgrep,1,single-tool,warning,"Detected a request with potential user-input going into a OutputStream or Writer object. This bypasses any view or template environments, including HTML escaping, which may expose this application to cross-site scripting (XSS) vulnerabilities. Consider using a view technology such as JavaServer Faces (JSFs) which automatically escapes HTML views."
BenchmarkTest00292,CWE-79,data/benchmark/src/main/java/org/owasp/benchmark/testcode/BenchmarkTest00292.java,62,semgrep,1,single-tool,warning,"Detected a request with potential user-input going into a OutputStream or Writer object. This bypasses any view or template environments, including HTML escaping, which may expose this application to cross-site scripting (XSS) vulnerabilities. Consider using a view technology such as JavaServer Faces (JSFs) which automatically escapes HTML views."
BenchmarkTest00293,CWE-78,data/benchmark/src/main/java/org/owasp/benchmark/testcode/BenchmarkTest00293.java,72,semgrep,1,high (same CWE),error,"Detected input from a HTTPServletRequest going into a 'ProcessBuilder' or 'exec' command. This could lead to command injection if variables passed into the exec commands are not properly sanitized. Instead, avoid using these OS commands with user-supplied input, or, if you must use these commands, use a whitelist of specific values."
BenchmarkTest00294,CWE-78,data/benchmark/src/main/java/org/owasp/benchmark/testcode/BenchmarkTest00294.java,70,semgrep,1,high (same CWE),error,"Detected input from a HTTPServletRequest going into a 'ProcessBuilder' or 'exec' command. This could lead to command injection if variables passed into the exec commands are not properly sanitized. Instead, avoid using these OS commands with user-supplied input, or, if you must use these commands, use a whitelist of specific values."
BenchmarkTest00295,CWE-78,data/benchmark/src/main/java/org/owasp/benchmark/testcode/BenchmarkTest00295.java,72,semgrep,1,high (same CWE),error,"Detected input from a HTTPServletRequest going into a 'ProcessBuilder' or 'exec' command. This could lead to command injection if variables passed into the exec commands are not properly sanitized. Instead, avoid using these OS commands with user-supplied input, or, if you must use these commands, use a whitelist of specific values."
BenchmarkTest00296,CWE-330,data/benchmark/src/main/java/org/owasp/benchmark/testcode/BenchmarkTest00296.java,60,semgrep;sonarqube,2,"medium (same line, different CWE label)",MAJOR;warning,"Detected use of the functions `Math.random()` or `java.util.Random()`. These are both not cryptographically strong random number generators (RNGs). If you are using these RNGs to create passwords or secret tokens, use `java.security.SecureRandom` instead."
BenchmarkTest00297,CWE-330,data/benchmark/src/main/java/org/owasp/benchmark/testcode/BenchmarkTest00297.java,57,semgrep;sonarqube,2,"medium (same line, different CWE label)",MAJOR;warning,"Detected use of the functions `Math.random()` or `java.util.Random()`. These are both not cryptographically strong random number generators (RNGs). If you are using these RNGs to create passwords or secret tokens, use `java.security.SecureRandom` instead."
BenchmarkTest00298,CWE-330,data/benchmark/src/main/java/org/owasp/benchmark/testcode/BenchmarkTest00298.java,60,semgrep;sonarqube,2,"medium (same line, different CWE label)",MAJOR;warning,"Detected use of the functions `Math.random()` or `java.util.Random()`. These are both not cryptographically strong random number generators (RNGs). If you are using these RNGs to create passwords or secret tokens, use `java.security.SecureRandom` instead."
BenchmarkTest00299,CWE-330,data/benchmark/src/main/java/org/owasp/benchmark/testcode/BenchmarkTest00299.java,60,semgrep;sonarqube,2,"medium (same line, different CWE label)",MAJOR;warning,"Detected use of the functions `Math.random()` or `java.util.Random()`. These are both not cryptographically strong random number generators (RNGs). If you are using these RNGs to create passwords or secret tokens, use `java.security.SecureRandom` instead."
BenchmarkTest00300,CWE-614,data/benchmark/src/main/java/org/owasp/benchmark/testcode/BenchmarkTest00300.java,79,semgrep,1,single-tool,warning,A cookie was detected without setting the 'secure' flag. The 'secure' flag for cookies prevents the client from transmitting the cookie over insecure channels such as HTTP. Set the 'secure' flag by calling 'cookie.setSecure(true);'
BenchmarkTest00302,CWE-78,data/benchmark/src/main/java/org/owasp/benchmark/testcode/BenchmarkTest00302.java,69,semgrep,1,single-tool,error,"Detected input from a HTTPServletRequest going into a 'ProcessBuilder' or 'exec' command. This could lead to command injection if variables passed into the exec commands are not properly sanitized. Instead, avoid using these OS commands with user-supplied input, or, if you must use these commands, use a whitelist of specific values."
BenchmarkTest00303,CWE-78,data/benchmark/src/main/java/org/owasp/benchmark/testcode/BenchmarkTest00303.java,83,semgrep,1,single-tool,error,"Detected input from a HTTPServletRequest going into a 'ProcessBuilder' or 'exec' command. This could lead to command injection if variables passed into the exec commands are not properly sanitized. Instead, avoid using these OS commands with user-supplied input, or, if you must use these commands, use a whitelist of specific values."
BenchmarkTest00306,CWE-78,data/benchmark/src/main/java/org/owasp/benchmark/testcode/BenchmarkTest00306.java,69,semgrep,1,single-tool,error,"Detected input from a HTTPServletRequest going into a 'ProcessBuilder' or 'exec' command. This could lead to command injection if variables passed into the exec commands are not properly sanitized. Instead, avoid using these OS commands with user-supplied input, or, if you must use these commands, use a whitelist of specific values."
BenchmarkTest00308,CWE-78,data/benchmark/src/main/java/org/owasp/benchmark/testcode/BenchmarkTest00308.java,70,semgrep,1,single-tool,error,"Detected input from a HTTPServletRequest going into a 'ProcessBuilder' or 'exec' command. This could lead to command injection if variables passed into the exec commands are not properly sanitized. Instead, avoid using these OS commands with user-supplied input, or, if you must use these commands, use a whitelist of specific values."
BenchmarkTest00310,CWE-78,data/benchmark/src/main/java/org/owasp/benchmark/testcode/BenchmarkTest00310.java,84,semgrep,1,single-tool,error,"Detected input from a HTTPServletRequest going into a 'ProcessBuilder' or 'exec' command. This could lead to command injection if variables passed into the exec commands are not properly sanitized. Instead, avoid using these OS commands with user-supplied input, or, if you must use these commands, use a whitelist of specific values."
BenchmarkTest00311,CWE-78,data/benchmark/src/main/java/org/owasp/benchmark/testcode/BenchmarkTest00311.java,80,semgrep,1,single-tool,error,"Detected input from a HTTPServletRequest going into a 'ProcessBuilder' or 'exec' command. This could lead to command injection if variables passed into the exec commands are not properly sanitized. Instead, avoid using these OS commands with user-supplied input, or, if you must use these commands, use a whitelist of specific values."
BenchmarkTest00323,CWE-501,data/benchmark/src/main/java/org/owasp/benchmark/testcode/BenchmarkTest00323.java,61,semgrep,1,single-tool,warning,"Detected input from a HTTPServletRequest going into a session command, like `setAttribute`. User input into such a command could lead to an attacker inputting malicious code into your session parameters, blurring the line between what's trusted and untrusted, and therefore leading to a trust boundary violation. This could lead to programmers trusting unvalidated data. Instead, thoroughly sanitize user input before passing it into such function calls."
BenchmarkTest00323,CWE-79,data/benchmark/src/main/java/org/owasp/benchmark/testcode/BenchmarkTest00323.java,63,semgrep,1,single-tool,warning,"Detected a request with potential user-input going into a OutputStream or Writer object. This bypasses any view or template environments, including HTML escaping, which may expose this application to cross-site scripting (XSS) vulnerabilities. Consider using a view technology such as JavaServer Faces (JSFs) which automatically escapes HTML views."
BenchmarkTest00324,CWE-501,data/benchmark/src/main/java/org/owasp/benchmark/testcode/BenchmarkTest00324.java,56,semgrep,1,single-tool,warning,"Detected input from a HTTPServletRequest going into a session command, like `setAttribute`. User input into such a command could lead to an attacker inputting malicious code into your session parameters, blurring the line between what's trusted and untrusted, and therefore leading to a trust boundary violation. This could lead to programmers trusting unvalidated data. Instead, thoroughly sanitize user input before passing it into such function calls."
BenchmarkTest00325,CWE-501,data/benchmark/src/main/java/org/owasp/benchmark/testcode/BenchmarkTest00325.java,56,semgrep,1,single-tool,warning,"Detected input from a HTTPServletRequest going into a session command, like `setAttribute`. User input into such a command could lead to an attacker inputting malicious code into your session parameters, blurring the line between what's trusted and untrusted, and therefore leading to a trust boundary violation. This could lead to programmers trusting unvalidated data. Instead, thoroughly sanitize user input before passing it into such function calls."
BenchmarkTest00326,CWE-79,data/benchmark/src/main/java/org/owasp/benchmark/testcode/BenchmarkTest00326.java,63,semgrep,1,single-tool,warning,"Detected a request with potential user-input going into a OutputStream or Writer object. This bypasses any view or template environments, including HTML escaping, which may expose this application to cross-site scripting (XSS) vulnerabilities. Consider using a view technology such as JavaServer Faces (JSFs) which automatically escapes HTML views."
BenchmarkTest00327,CWE-501,data/benchmark/src/main/java/org/owasp/benchmark/testcode/BenchmarkTest00327.java,58,semgrep,1,single-tool,warning,"Detected input from a HTTPServletRequest going into a session command, like `setAttribute`. User input into such a command could lead to an attacker inputting malicious code into your session parameters, blurring the line between what's trusted and untrusted, and therefore leading to a trust boundary violation. This could lead to programmers trusting unvalidated data. Instead, thoroughly sanitize user input before passing it into such function calls."
BenchmarkTest00327,CWE-79,data/benchmark/src/main/java/org/owasp/benchmark/testcode/BenchmarkTest00327.java,60,semgrep,1,single-tool,warning,"Detected a request with potential user-input going into a OutputStream or Writer object. This bypasses any view or template environments, including HTML escaping, which may expose this application to cross-site scripting (XSS) vulnerabilities. Consider using a view technology such as JavaServer Faces (JSFs) which automatically escapes HTML views."
BenchmarkTest00328,CWE-89,data/benchmark/src/main/java/org/owasp/benchmark/testcode/BenchmarkTest00328.java,65,semgrep;sonarqube,2,high (same CWE),MAJOR;warning,Detected input from a HTTPServletRequest going into a SQL sink or statement. This could lead to SQL injection if variables in the SQL statement are not properly sanitized. Use parameterized SQL queries or properly sanitize user input instead.
BenchmarkTest00329,CWE-89,data/benchmark/src/main/java/org/owasp/benchmark/testcode/BenchmarkTest00329.java,65,semgrep;sonarqube,2,high (same CWE),MAJOR;warning,Detected input from a HTTPServletRequest going into a SQL sink or statement. This could lead to SQL injection if variables in the SQL statement are not properly sanitized. Use parameterized SQL queries or properly sanitize user input instead.
BenchmarkTest00333,CWE-89,data/benchmark/src/main/java/org/owasp/benchmark/testcode/BenchmarkTest00333.java,65,semgrep;sonarqube,2,high (same CWE),MAJOR;warning,Detected input from a HTTPServletRequest going into a SQL sink or statement. This could lead to SQL injection if variables in the SQL statement are not properly sanitized. Use parameterized SQL queries or properly sanitize user input instead.
BenchmarkTest00335,CWE-89,data/benchmark/src/main/java/org/owasp/benchmark/testcode/BenchmarkTest00335.java,65,semgrep;sonarqube,2,high (same CWE),MAJOR;warning,Detected input from a HTTPServletRequest going into a SQL sink or statement. This could lead to SQL injection if variables in the SQL statement are not properly sanitized. Use parameterized SQL queries or properly sanitize user input instead.
BenchmarkTest00336,CWE-89,data/benchmark/src/main/java/org/owasp/benchmark/testcode/BenchmarkTest00336.java,64,semgrep,1,single-tool,warning,Detected input from a HTTPServletRequest going into a SQL sink or statement. This could lead to SQL injection if variables in the SQL statement are not properly sanitized. Use parameterized SQL queries or properly sanitize user input instead.
BenchmarkTest00336,CWE-79,data/benchmark/src/main/java/org/owasp/benchmark/testcode/BenchmarkTest00336.java,67,semgrep,1,single-tool,warning,"Detected a request with potential user-input going into a OutputStream or Writer object. This bypasses any view or template environments, including HTML escaping, which may expose this application to cross-site scripting (XSS) vulnerabilities. Consider using a view technology such as JavaServer Faces (JSFs) which automatically escapes HTML views."
BenchmarkTest00338,CWE-89,data/benchmark/src/main/java/org/owasp/benchmark/testcode/BenchmarkTest00338.java,63,semgrep,1,single-tool,warning,Detected input from a HTTPServletRequest going into a SQL sink or statement. This could lead to SQL injection if variables in the SQL statement are not properly sanitized. Use parameterized SQL queries or properly sanitize user input instead.
BenchmarkTest00339,CWE-89,data/benchmark/src/main/java/org/owasp/benchmark/testcode/BenchmarkTest00339.java,62,semgrep,1,single-tool,warning,Detected input from a HTTPServletRequest going into a SQL sink or statement. This could lead to SQL injection if variables in the SQL statement are not properly sanitized. Use parameterized SQL queries or properly sanitize user input instead.
BenchmarkTest00340,CWE-89,data/benchmark/src/main/java/org/owasp/benchmark/testcode/BenchmarkTest00340.java,77,semgrep,1,single-tool,warning,Detected input from a HTTPServletRequest going into a SQL sink or statement. This could lead to SQL injection if variables in the SQL statement are not properly sanitized. Use parameterized SQL queries or properly sanitize user input instead.
BenchmarkTest00341,CWE-89,data/benchmark/src/main/java/org/owasp/benchmark/testcode/BenchmarkTest00341.java,63,semgrep,1,single-tool,warning,Detected input from a HTTPServletRequest going into a SQL sink or statement. This could lead to SQL injection if variables in the SQL statement are not properly sanitized. Use parameterized SQL queries or properly sanitize user input instead.
BenchmarkTest00342,CWE-89,data/benchmark/src/main/java/org/owasp/benchmark/testcode/BenchmarkTest00342.java,70,semgrep;sonarqube,2,high (same CWE),MAJOR;warning,Detected a formatted string in a SQL statement. This could lead to SQL injection if variables in the SQL statement are not properly sanitized. Use a prepared statements (java.sql.PreparedStatement) instead. You can obtain a PreparedStatement using 'connection.prepareStatement'.
BenchmarkTest00343,CWE-89,data/benchmark/src/main/java/org/owasp/benchmark/testcode/BenchmarkTest00343.java,65,semgrep;sonarqube,2,high (same CWE),MAJOR;warning,Detected a formatted string in a SQL statement. This could lead to SQL injection if variables in the SQL statement are not properly sanitized. Use a prepared statements (java.sql.PreparedStatement) instead. You can obtain a PreparedStatement using 'connection.prepareStatement'.
BenchmarkTest00344,CWE-89,data/benchmark/src/main/java/org/owasp/benchmark/testcode/BenchmarkTest00344.java,63,semgrep;sonarqube,2,high (same CWE),MAJOR;warning,Detected input from a HTTPServletRequest going into a SQL sink or statement. This could lead to SQL injection if variables in the SQL statement are not properly sanitized. Use parameterized SQL queries or properly sanitize user input instead.
BenchmarkTest00346,CWE-328,data/benchmark/src/main/java/org/owasp/benchmark/testcode/BenchmarkTest00346.java,53,semgrep;sonarqube,2,"medium (same line, different CWE label)",CRITICAL;warning,"Detected SHA1 hash algorithm which is considered insecure. SHA1 is not collision resistant and is therefore not suitable as a cryptographic signature. Instead, use PBKDF2 for password hashing or SHA256 or SHA512 for other hash function applications."
BenchmarkTest00346,CWE-1240,owasp-benchmark:data/benchmark/src/main/java/org/owasp/benchmark/testcode/BenchmarkTest00346.java,55,sonarqube,1,single-tool,CRITICAL,Make sure this weak hash algorithm is not used in a sensitive context here.
BenchmarkTest00347,CWE-330,data/benchmark/src/main/java/org/owasp/benchmark/testcode/BenchmarkTest00347.java,47,semgrep;sonarqube,2,"medium (same line, different CWE label)",MAJOR;warning,"Detected use of the functions `Math.random()` or `java.util.Random()`. These are both not cryptographically strong random number generators (RNGs). If you are using these RNGs to create passwords or secret tokens, use `java.security.SecureRandom` instead."
BenchmarkTest00348,CWE-614,data/benchmark/src/main/java/org/owasp/benchmark/testcode/BenchmarkTest00348.java,64,semgrep,1,single-tool,warning,A cookie was detected without setting the 'secure' flag. The 'secure' flag for cookies prevents the client from transmitting the cookie over insecure channels such as HTTP. Set the 'secure' flag by calling 'cookie.setSecure(true);'
BenchmarkTest00354,CWE-326,data/benchmark/src/main/java/org/owasp/benchmark/testcode/BenchmarkTest00354.java,63,semgrep,1,high (same CWE),warning,Triple DES (3DES or DESede) is considered deprecated. AES is the recommended cipher. Upgrade to use AES.
BenchmarkTest00354,CWE-327,owasp-benchmark:data/benchmark/src/main/java/org/owasp/benchmark/testcode/BenchmarkTest00354.java,60,sonarqube,1,high (same CWE),CRITICAL,Use a strong cipher algorithm.
BenchmarkTest00355,CWE-326,data/benchmark/src/main/java/org/owasp/benchmark/testcode/BenchmarkTest00355.java,76,semgrep,1,high (same CWE),warning,Triple DES (3DES or DESede) is considered deprecated. AES is the recommended cipher. Upgrade to use AES.
BenchmarkTest00355,CWE-327,owasp-benchmark:data/benchmark/src/main/java/org/owasp/benchmark/testcode/BenchmarkTest00355.java,73,sonarqube,1,high (same CWE),CRITICAL,Use a strong cipher algorithm.
BenchmarkTest00356,CWE-326,data/benchmark/src/main/java/org/owasp/benchmark/testcode/BenchmarkTest00356.java,61,semgrep,1,high (same CWE),warning,Triple DES (3DES or DESede) is considered deprecated. AES is the recommended cipher. Upgrade to use AES.
BenchmarkTest00356,CWE-327,owasp-benchmark:data/benchmark/src/main/java/org/owasp/benchmark/testcode/BenchmarkTest00356.java,58,sonarqube,1,high (same CWE),CRITICAL,Use a strong cipher algorithm.
BenchmarkTest00359,CWE-22,data/benchmark/src/main/java/org/owasp/benchmark/testcode/BenchmarkTest00359.java,53,semgrep,1,single-tool,error,"Detected a potential path traversal. A malicious actor could control the location of this file, to include going backwards in the directory with '../'. To address this, ensure that user-controlled variables in file paths are sanitized. You may also consider using a utility method such as org.apache.commons.io.FilenameUtils.getName(...) to only retrieve the file name from the path."
BenchmarkTest00360,CWE-22,data/benchmark/src/main/java/org/owasp/benchmark/testcode/BenchmarkTest00360.java,60,semgrep,1,single-tool,error,"Detected a potential path traversal. A malicious actor could control the location of this file, to include going backwards in the directory with '../'. To address this, ensure that user-controlled variables in file paths are sanitized. You may also consider using a utility method such as org.apache.commons.io.FilenameUtils.getName(...) to only retrieve the file name from the path."
BenchmarkTest00361,CWE-22,data/benchmark/src/main/java/org/owasp/benchmark/testcode/BenchmarkTest00361.java,72,semgrep,1,single-tool,error,"Detected a potential path traversal. A malicious actor could control the location of this file, to include going backwards in the directory with '../'. To address this, ensure that user-controlled variables in file paths are sanitized. You may also consider using a utility method such as org.apache.commons.io.FilenameUtils.getName(...) to only retrieve the file name from the path."
BenchmarkTest00362,CWE-22,data/benchmark/src/main/java/org/owasp/benchmark/testcode/BenchmarkTest00362.java,54,semgrep,1,single-tool,error,"Detected a potential path traversal. A malicious actor could control the location of this file, to include going backwards in the directory with '../'. To address this, ensure that user-controlled variables in file paths are sanitized. You may also consider using a utility method such as org.apache.commons.io.FilenameUtils.getName(...) to only retrieve the file name from the path."
BenchmarkTest00362,CWE-22,data/benchmark/src/main/java/org/owasp/benchmark/testcode/BenchmarkTest00362.java,67,semgrep,1,single-tool,error,"Detected a potential path traversal. A malicious actor could control the location of this file, to include going backwards in the directory with '../'. To address this, ensure that user-controlled variables in file paths are sanitized. You may also consider using a utility method such as org.apache.commons.io.FilenameUtils.getName(...) to only retrieve the file name from the path."
BenchmarkTest00363,CWE-22,data/benchmark/src/main/java/org/owasp/benchmark/testcode/BenchmarkTest00363.java,59,semgrep,1,single-tool,error,"Detected a potential path traversal. A malicious actor could control the location of this file, to include going backwards in the directory with '../'. To address this, ensure that user-controlled variables in file paths are sanitized. You may also consider using a utility method such as org.apache.commons.io.FilenameUtils.getName(...) to only retrieve the file name from the path."
BenchmarkTest00368,CWE-330,data/benchmark/src/main/java/org/owasp/benchmark/testcode/BenchmarkTest00368.java,48,semgrep;sonarqube,2,"medium (same line, different CWE label)",MAJOR;warning,"Detected use of the functions `Math.random()` or `java.util.Random()`. These are both not cryptographically strong random number generators (RNGs). If you are using these RNGs to create passwords or secret tokens, use `java.security.SecureRandom` instead."
BenchmarkTest00369,CWE-330,data/benchmark/src/main/java/org/owasp/benchmark/testcode/BenchmarkTest00369.java,51,semgrep;sonarqube,2,"medium (same line, different CWE label)",MAJOR;warning,"Detected use of the functions `Math.random()` or `java.util.Random()`. These are both not cryptographically strong random number generators (RNGs). If you are using these RNGs to create passwords or secret tokens, use `java.security.SecureRandom` instead."
BenchmarkTest00371,CWE-328,data/benchmark/src/main/java/org/owasp/benchmark/testcode/BenchmarkTest00371.java,54,semgrep;sonarqube,2,"medium (same line, different CWE label)",CRITICAL;warning,"Detected SHA1 hash algorithm which is considered insecure. SHA1 is not collision resistant and is therefore not suitable as a cryptographic signature. Instead, use PBKDF2 for password hashing or SHA256 or SHA512 for other hash function applications."
BenchmarkTest00372,CWE-328,data/benchmark/src/main/java/org/owasp/benchmark/testcode/BenchmarkTest00372.java,54,semgrep;sonarqube,2,"medium (same line, different CWE label)",CRITICAL;warning,Detected MD5 hash algorithm which is considered insecure. MD5 is not collision resistant and is therefore not suitable as a cryptographic signature. Use HMAC instead.
BenchmarkTest00375,CWE-79,data/benchmark/src/main/java/org/owasp/benchmark/testcode/BenchmarkTest00375.java,51,semgrep,1,single-tool,warning,"Detected a request with potential user-input going into a OutputStream or Writer object. This bypasses any view or template environments, including HTML escaping, which may expose this application to cross-site scripting (XSS) vulnerabilities. Consider using a view technology such as JavaServer Faces (JSFs) which automatically escapes HTML views."
BenchmarkTest00376,CWE-79,data/benchmark/src/main/java/org/owasp/benchmark/testcode/BenchmarkTest00376.java,55,semgrep,1,single-tool,warning,"Detected a request with potential user-input going into a OutputStream or Writer object. This bypasses any view or template environments, including HTML escaping, which may expose this application to cross-site scripting (XSS) vulnerabilities. Consider using a view technology such as JavaServer Faces (JSFs) which automatically escapes HTML views."
BenchmarkTest00378,CWE-79,data/benchmark/src/main/java/org/owasp/benchmark/testcode/BenchmarkTest00378.java,51,semgrep,1,single-tool,warning,"Detected a request with potential user-input going into a OutputStream or Writer object. This bypasses any view or template environments, including HTML escaping, which may expose this application to cross-site scripting (XSS) vulnerabilities. Consider using a view technology such as JavaServer Faces (JSFs) which automatically escapes HTML views."
BenchmarkTest00380,CWE-79,data/benchmark/src/main/java/org/owasp/benchmark/testcode/BenchmarkTest00380.java,68,semgrep,1,single-tool,warning,"Detected a request with potential user-input going into a OutputStream or Writer object. This bypasses any view or template environments, including HTML escaping, which may expose this application to cross-site scripting (XSS) vulnerabilities. Consider using a view technology such as JavaServer Faces (JSFs) which automatically escapes HTML views."
BenchmarkTest00384,CWE-79,data/benchmark/src/main/java/org/owasp/benchmark/testcode/BenchmarkTest00384.java,52,semgrep,1,single-tool,warning,"Detected a request with potential user-input going into a OutputStream or Writer object. This bypasses any view or template environments, including HTML escaping, which may expose this application to cross-site scripting (XSS) vulnerabilities. Consider using a view technology such as JavaServer Faces (JSFs) which automatically escapes HTML views."
BenchmarkTest00387,CWE-79,data/benchmark/src/main/java/org/owasp/benchmark/testcode/BenchmarkTest00387.java,54,semgrep,1,single-tool,warning,"Detected a request with potential user-input going into a OutputStream or Writer object. This bypasses any view or template environments, including HTML escaping, which may expose this application to cross-site scripting (XSS) vulnerabilities. Consider using a view technology such as JavaServer Faces (JSFs) which automatically escapes HTML views."
BenchmarkTest00388,CWE-79,data/benchmark/src/main/java/org/owasp/benchmark/testcode/BenchmarkTest00388.java,50,semgrep,1,single-tool,warning,"Detected a request with potential user-input going into a OutputStream or Writer object. This bypasses any view or template environments, including HTML escaping, which may expose this application to cross-site scripting (XSS) vulnerabilities. Consider using a view technology such as JavaServer Faces (JSFs) which automatically escapes HTML views."
BenchmarkTest00390,CWE-79,data/benchmark/src/main/java/org/owasp/benchmark/testcode/BenchmarkTest00390.java,56,semgrep,1,single-tool,warning,"Detected a request with potential user-input going into a OutputStream or Writer object. This bypasses any view or template environments, including HTML escaping, which may expose this application to cross-site scripting (XSS) vulnerabilities. Consider using a view technology such as JavaServer Faces (JSFs) which automatically escapes HTML views."
BenchmarkTest00392,CWE-79,data/benchmark/src/main/java/org/owasp/benchmark/testcode/BenchmarkTest00392.java,56,semgrep,1,single-tool,warning,"Detected a request with potential user-input going into a OutputStream or Writer object. This bypasses any view or template environments, including HTML escaping, which may expose this application to cross-site scripting (XSS) vulnerabilities. Consider using a view technology such as JavaServer Faces (JSFs) which automatically escapes HTML views."
BenchmarkTest00393,CWE-79,data/benchmark/src/main/java/org/owasp/benchmark/testcode/BenchmarkTest00393.java,54,semgrep,1,single-tool,warning,"Detected a request with potential user-input going into a OutputStream or Writer object. This bypasses any view or template environments, including HTML escaping, which may expose this application to cross-site scripting (XSS) vulnerabilities. Consider using a view technology such as JavaServer Faces (JSFs) which automatically escapes HTML views."
BenchmarkTest00395,CWE-79,data/benchmark/src/main/java/org/owasp/benchmark/testcode/BenchmarkTest00395.java,53,semgrep,1,single-tool,warning,"Detected a request with potential user-input going into a OutputStream or Writer object. This bypasses any view or template environments, including HTML escaping, which may expose this application to cross-site scripting (XSS) vulnerabilities. Consider using a view technology such as JavaServer Faces (JSFs) which automatically escapes HTML views."
BenchmarkTest00396,CWE-78,data/benchmark/src/main/java/org/owasp/benchmark/testcode/BenchmarkTest00396.java,67,semgrep,1,single-tool,error,A formatted or concatenated string was detected as input to a ProcessBuilder call. This is dangerous if a variable is controlled by user input and could result in a command injection. Ensure your variables are not controlled by users or sufficiently sanitized.
BenchmarkTest00397,CWE-330,data/benchmark/src/main/java/org/owasp/benchmark/testcode/BenchmarkTest00397.java,50,semgrep;sonarqube,2,"medium (same line, different CWE label)",MAJOR;warning,"Detected use of the functions `Math.random()` or `java.util.Random()`. These are both not cryptographically strong random number generators (RNGs). If you are using these RNGs to create passwords or secret tokens, use `java.security.SecureRandom` instead."
BenchmarkTest00398,CWE-330,data/benchmark/src/main/java/org/owasp/benchmark/testcode/BenchmarkTest00398.java,54,semgrep;sonarqube,2,"medium (same line, different CWE label)",MAJOR;warning,"Detected use of the functions `Math.random()` or `java.util.Random()`. These are both not cryptographically strong random number generators (RNGs). If you are using these RNGs to create passwords or secret tokens, use `java.security.SecureRandom` instead."
BenchmarkTest00399,CWE-330,data/benchmark/src/main/java/org/owasp/benchmark/testcode/BenchmarkTest00399.java,69,semgrep;sonarqube,2,"medium (same line, different CWE label)",MAJOR;warning,"Detected use of the functions `Math.random()` or `java.util.Random()`. These are both not cryptographically strong random number generators (RNGs). If you are using these RNGs to create passwords or secret tokens, use `java.security.SecureRandom` instead."
BenchmarkTest00400,CWE-330,data/benchmark/src/main/java/org/owasp/benchmark/testcode/BenchmarkTest00400.java,67,semgrep;sonarqube,2,"medium (same line, different CWE label)",MAJOR;warning,"Detected use of the functions `Math.random()` or `java.util.Random()`. These are both not cryptographically strong random number generators (RNGs). If you are using these RNGs to create passwords or secret tokens, use `java.security.SecureRandom` instead."
BenchmarkTest00401,CWE-330,data/benchmark/src/main/java/org/owasp/benchmark/testcode/BenchmarkTest00401.java,55,semgrep;sonarqube,2,"medium (same line, different CWE label)",MAJOR;warning,"Detected use of the functions `Math.random()` or `java.util.Random()`. These are both not cryptographically strong random number generators (RNGs). If you are using these RNGs to create passwords or secret tokens, use `java.security.SecureRandom` instead."
BenchmarkTest00402,CWE-330,data/benchmark/src/main/java/org/owasp/benchmark/testcode/BenchmarkTest00402.java,52,semgrep;sonarqube,2,"medium (same line, different CWE label)",MAJOR;warning,"Detected use of the functions `Math.random()` or `java.util.Random()`. These are both not cryptographically strong random number generators (RNGs). If you are using these RNGs to create passwords or secret tokens, use `java.security.SecureRandom` instead."
BenchmarkTest00403,CWE-614,data/benchmark/src/main/java/org/owasp/benchmark/testcode/BenchmarkTest00403.java,70,semgrep,1,single-tool,warning,A cookie was detected without setting the 'secure' flag. The 'secure' flag for cookies prevents the client from transmitting the cookie over insecure channels such as HTTP. Set the 'secure' flag by calling 'cookie.setSecure(true);'
BenchmarkTest00406,CWE-78,data/benchmark/src/main/java/org/owasp/benchmark/testcode/BenchmarkTest00406.java,74,semgrep,1,single-tool,error,"Detected input from a HTTPServletRequest going into a 'ProcessBuilder' or 'exec' command. This could lead to command injection if variables passed into the exec commands are not properly sanitized. Instead, avoid using these OS commands with user-supplied input, or, if you must use these commands, use a whitelist of specific values."
BenchmarkTest00408,CWE-78,data/benchmark/src/main/java/org/owasp/benchmark/testcode/BenchmarkTest00408.java,76,semgrep,1,single-tool,error,"Detected input from a HTTPServletRequest going into a 'ProcessBuilder' or 'exec' command. This could lead to command injection if variables passed into the exec commands are not properly sanitized. Instead, avoid using these OS commands with user-supplied input, or, if you must use these commands, use a whitelist of specific values."
BenchmarkTest00409,CWE-78,data/benchmark/src/main/java/org/owasp/benchmark/testcode/BenchmarkTest00409.java,90,semgrep,1,single-tool,error,"Detected input from a HTTPServletRequest going into a 'ProcessBuilder' or 'exec' command. This could lead to command injection if variables passed into the exec commands are not properly sanitized. Instead, avoid using these OS commands with user-supplied input, or, if you must use these commands, use a whitelist of specific values."
BenchmarkTest00424,CWE-501,data/benchmark/src/main/java/org/owasp/benchmark/testcode/BenchmarkTest00424.java,56,semgrep,1,single-tool,warning,"Detected input from a HTTPServletRequest going into a session command, like `setAttribute`. User input into such a command could lead to an attacker inputting malicious code into your session parameters, blurring the line between what's trusted and untrusted, and therefore leading to a trust boundary violation. This could lead to programmers trusting unvalidated data. Instead, thoroughly sanitize user input before passing it into such function calls."
BenchmarkTest00424,CWE-79,data/benchmark/src/main/java/org/owasp/benchmark/testcode/BenchmarkTest00424.java,58,semgrep,1,single-tool,warning,"Detected a request with potential user-input going into a OutputStream or Writer object. This bypasses any view or template environments, including HTML escaping, which may expose this application to cross-site scripting (XSS) vulnerabilities. Consider using a view technology such as JavaServer Faces (JSFs) which automatically escapes HTML views."
BenchmarkTest00425,CWE-501,data/benchmark/src/main/java/org/owasp/benchmark/testcode/BenchmarkTest00425.java,50,semgrep,1,single-tool,warning,"Detected input from a HTTPServletRequest going into a session command, like `setAttribute`. User input into such a command could lead to an attacker inputting malicious code into your session parameters, blurring the line between what's trusted and untrusted, and therefore leading to a trust boundary violation. This could lead to programmers trusting unvalidated data. Instead, thoroughly sanitize user input before passing it into such function calls."
BenchmarkTest00425,CWE-79,data/benchmark/src/main/java/org/owasp/benchmark/testcode/BenchmarkTest00425.java,52,semgrep,1,single-tool,warning,"Detected a request with potential user-input going into a OutputStream or Writer object. This bypasses any view or template environments, including HTML escaping, which may expose this application to cross-site scripting (XSS) vulnerabilities. Consider using a view technology such as JavaServer Faces (JSFs) which automatically escapes HTML views."
BenchmarkTest00426,CWE-79,data/benchmark/src/main/java/org/owasp/benchmark/testcode/BenchmarkTest00426.java,56,semgrep,1,single-tool,warning,"Detected a request with potential user-input going into a OutputStream or Writer object. This bypasses any view or template environments, including HTML escaping, which may expose this application to cross-site scripting (XSS) vulnerabilities. Consider using a view technology such as JavaServer Faces (JSFs) which automatically escapes HTML views."
BenchmarkTest00429,CWE-89,data/benchmark/src/main/java/org/owasp/benchmark/testcode/BenchmarkTest00429.java,58,semgrep;sonarqube,2,high (same CWE),MAJOR;warning,Detected input from a HTTPServletRequest going into a SQL sink or statement. This could lead to SQL injection if variables in the SQL statement are not properly sanitized. Use parameterized SQL queries or properly sanitize user input instead.
BenchmarkTest00430,CWE-89,data/benchmark/src/main/java/org/owasp/benchmark/testcode/BenchmarkTest00430.java,58,semgrep;sonarqube,2,high (same CWE),MAJOR;warning,Detected input from a HTTPServletRequest going into a SQL sink or statement. This could lead to SQL injection if variables in the SQL statement are not properly sanitized. Use parameterized SQL queries or properly sanitize user input instead.
BenchmarkTest00431,CWE-89,data/benchmark/src/main/java/org/owasp/benchmark/testcode/BenchmarkTest00431.java,55,semgrep,1,single-tool,warning,Detected input from a HTTPServletRequest going into a SQL sink or statement. This could lead to SQL injection if variables in the SQL statement are not properly sanitized. Use parameterized SQL queries or properly sanitize user input instead.
BenchmarkTest00433,CWE-89,data/benchmark/src/main/java/org/owasp/benchmark/testcode/BenchmarkTest00433.java,56,semgrep,1,single-tool,warning,Detected input from a HTTPServletRequest going into a SQL sink or statement. This could lead to SQL injection if variables in the SQL statement are not properly sanitized. Use parameterized SQL queries or properly sanitize user input instead.
BenchmarkTest00434,CWE-89,data/benchmark/src/main/java/org/owasp/benchmark/testcode/BenchmarkTest00434.java,53,semgrep,1,single-tool,warning,Detected input from a HTTPServletRequest going into a SQL sink or statement. This could lead to SQL injection if variables in the SQL statement are not properly sanitized. Use parameterized SQL queries or properly sanitize user input instead.
BenchmarkTest00435,CWE-89,data/benchmark/src/main/java/org/owasp/benchmark/testcode/BenchmarkTest00435.java,58,semgrep;sonarqube,2,high (same CWE),MAJOR;warning,Detected a formatted string in a SQL statement. This could lead to SQL injection if variables in the SQL statement are not properly sanitized. Use a prepared statements (java.sql.PreparedStatement) instead. You can obtain a PreparedStatement using 'connection.prepareStatement'.
BenchmarkTest00436,CWE-89,data/benchmark/src/main/java/org/owasp/benchmark/testcode/BenchmarkTest00436.java,58,semgrep;sonarqube,2,high (same CWE),MAJOR;warning,Detected a formatted string in a SQL statement. This could lead to SQL injection if variables in the SQL statement are not properly sanitized. Use a prepared statements (java.sql.PreparedStatement) instead. You can obtain a PreparedStatement using 'connection.prepareStatement'.
BenchmarkTest00437,CWE-89,data/benchmark/src/main/java/org/owasp/benchmark/testcode/BenchmarkTest00437.java,58,semgrep;sonarqube,2,high (same CWE),MAJOR;warning,Detected a formatted string in a SQL statement. This could lead to SQL injection if variables in the SQL statement are not properly sanitized. Use a prepared statements (java.sql.PreparedStatement) instead. You can obtain a PreparedStatement using 'connection.prepareStatement'.
BenchmarkTest00438,CWE-89,data/benchmark/src/main/java/org/owasp/benchmark/testcode/BenchmarkTest00438.java,58,semgrep;sonarqube,2,high (same CWE),MAJOR;warning,Detected a formatted string in a SQL statement. This could lead to SQL injection if variables in the SQL statement are not properly sanitized. Use a prepared statements (java.sql.PreparedStatement) instead. You can obtain a PreparedStatement using 'connection.prepareStatement'.
BenchmarkTest00439,CWE-89,data/benchmark/src/main/java/org/owasp/benchmark/testcode/BenchmarkTest00439.java,51,semgrep;sonarqube,2,high (same CWE),MAJOR;warning,Detected input from a HTTPServletRequest going into a SQL sink or statement. This could lead to SQL injection if variables in the SQL statement are not properly sanitized. Use parameterized SQL queries or properly sanitize user input instead.
BenchmarkTest00440,CWE-89,data/benchmark/src/main/java/org/owasp/benchmark/testcode/BenchmarkTest00440.java,59,semgrep;sonarqube,2,high (same CWE),MAJOR;warning,Detected a formatted string in a SQL statement. This could lead to SQL injection if variables in the SQL statement are not properly sanitized. Use a prepared statements (java.sql.PreparedStatement) instead. You can obtain a PreparedStatement using 'connection.prepareStatement'.
BenchmarkTest00441,CWE-89,data/benchmark/src/main/java/org/owasp/benchmark/testcode/BenchmarkTest00441.java,53,semgrep;sonarqube,2,high (same CWE),MAJOR;warning,Detected input from a HTTPServletRequest going into a SQL sink or statement. This could lead to SQL injection if variables in the SQL statement are not properly sanitized. Use parameterized SQL queries or properly sanitize user input instead.
BenchmarkTest00442,CWE-643,data/benchmark/src/main/java/org/owasp/benchmark/testcode/BenchmarkTest00442.java,68,semgrep,1,single-tool,warning,"Detected input from a HTTPServletRequest going into a XPath evaluate or compile command. This could lead to xpath injection if variables passed into the evaluate or compile commands are not properly sanitized. Xpath injection could lead to unauthorized access to sensitive information in XML documents. Instead, thoroughly sanitize user input or use parameterized xpath queries if you can."
BenchmarkTest00442,CWE-79,data/benchmark/src/main/java/org/owasp/benchmark/testcode/BenchmarkTest00442.java,70,semgrep,1,single-tool,warning,"Detected a request with potential user-input going into a OutputStream or Writer object. This bypasses any view or template environments, including HTML escaping, which may expose this application to cross-site scripting (XSS) vulnerabilities. Consider using a view technology such as JavaServer Faces (JSFs) which automatically escapes HTML views."
BenchmarkTest00445,CWE-326,data/benchmark/src/main/java/org/owasp/benchmark/testcode/BenchmarkTest00445.java,83,semgrep;sonarqube,2,"medium (same line, different CWE label)",CRITICAL;warning,DES is considered deprecated. AES is the recommended cipher. Upgrade to use AES. See https://www.nist.gov/news-events/news/2005/06/nist-withdraws-outdated-data-encryption-standard for more information.
BenchmarkTest00446,CWE-326,data/benchmark/src/main/java/org/owasp/benchmark/testcode/BenchmarkTest00446.java,68,semgrep;sonarqube,2,"medium (same line, different CWE label)",CRITICAL;warning,DES is considered deprecated. AES is the recommended cipher. Upgrade to use AES. See https://www.nist.gov/news-events/news/2005/06/nist-withdraws-outdated-data-encryption-standard for more information.
BenchmarkTest00448,CWE-326,data/benchmark/src/main/java/org/owasp/benchmark/testcode/BenchmarkTest00448.java,65,semgrep,1,high (same CWE),warning,Triple DES (3DES or DESede) is considered deprecated. AES is the recommended cipher. Upgrade to use AES.
BenchmarkTest00448,CWE-327,owasp-benchmark:data/benchmark/src/main/java/org/owasp/benchmark/testcode/BenchmarkTest00448.java,62,sonarqube,1,high (same CWE),CRITICAL,Use a secure cipher mode.
BenchmarkTest00449,CWE-326,data/benchmark/src/main/java/org/owasp/benchmark/testcode/BenchmarkTest00449.java,63,semgrep,1,high (same CWE),warning,Triple DES (3DES or DESede) is considered deprecated. AES is the recommended cipher. Upgrade to use AES.
BenchmarkTest00449,CWE-327,owasp-benchmark:data/benchmark/src/main/java/org/owasp/benchmark/testcode/BenchmarkTest00449.java,60,sonarqube,1,high (same CWE),CRITICAL,Use a strong cipher algorithm.
BenchmarkTest00452,CWE-22,data/benchmark/src/main/java/org/owasp/benchmark/testcode/BenchmarkTest00452.java,59,semgrep,1,single-tool,error,"Detected a potential path traversal. A malicious actor could control the location of this file, to include going backwards in the directory with '../'. To address this, ensure that user-controlled variables in file paths are sanitized. You may also consider using a utility method such as org.apache.commons.io.FilenameUtils.getName(...) to only retrieve the file name from the path."
BenchmarkTest00453,CWE-22,data/benchmark/src/main/java/org/owasp/benchmark/testcode/BenchmarkTest00453.java,79,semgrep,1,single-tool,error,"Detected a potential path traversal. A malicious actor could control the location of this file, to include going backwards in the directory with '../'. To address this, ensure that user-controlled variables in file paths are sanitized. You may also consider using a utility method such as org.apache.commons.io.FilenameUtils.getName(...) to only retrieve the file name from the path."
BenchmarkTest00454,CWE-22,data/benchmark/src/main/java/org/owasp/benchmark/testcode/BenchmarkTest00454.java,62,semgrep,1,single-tool,error,"Detected a potential path traversal. A malicious actor could control the location of this file, to include going backwards in the directory with '../'. To address this, ensure that user-controlled variables in file paths are sanitized. You may also consider using a utility method such as org.apache.commons.io.FilenameUtils.getName(...) to only retrieve the file name from the path."
BenchmarkTest00455,CWE-22,data/benchmark/src/main/java/org/owasp/benchmark/testcode/BenchmarkTest00455.java,64,semgrep,1,single-tool,error,"Detected a potential path traversal. A malicious actor could control the location of this file, to include going backwards in the directory with '../'. To address this, ensure that user-controlled variables in file paths are sanitized. You may also consider using a utility method such as org.apache.commons.io.FilenameUtils.getName(...) to only retrieve the file name from the path."
BenchmarkTest00458,CWE-22,data/benchmark/src/main/java/org/owasp/benchmark/testcode/BenchmarkTest00458.java,77,semgrep,1,single-tool,error,"Detected a potential path traversal. A malicious actor could control the location of this file, to include going backwards in the directory with '../'. To address this, ensure that user-controlled variables in file paths are sanitized. You may also consider using a utility method such as org.apache.commons.io.FilenameUtils.getName(...) to only retrieve the file name from the path."
BenchmarkTest00458,CWE-22,data/benchmark/src/main/java/org/owasp/benchmark/testcode/BenchmarkTest00458.java,90,semgrep,1,single-tool,error,"Detected a potential path traversal. A malicious actor could control the location of this file, to include going backwards in the directory with '../'. To address this, ensure that user-controlled variables in file paths are sanitized. You may also consider using a utility method such as org.apache.commons.io.FilenameUtils.getName(...) to only retrieve the file name from the path."
BenchmarkTest00459,CWE-22,data/benchmark/src/main/java/org/owasp/benchmark/testcode/BenchmarkTest00459.java,65,semgrep,1,single-tool,error,"Detected a potential path traversal. A malicious actor could control the location of this file, to include going backwards in the directory with '../'. To address this, ensure that user-controlled variables in file paths are sanitized. You may also consider using a utility method such as org.apache.commons.io.FilenameUtils.getName(...) to only retrieve the file name from the path."
BenchmarkTest00459,CWE-22,data/benchmark/src/main/java/org/owasp/benchmark/testcode/BenchmarkTest00459.java,78,semgrep,1,single-tool,error,"Detected a potential path traversal. A malicious actor could control the location of this file, to include going backwards in the directory with '../'. To address this, ensure that user-controlled variables in file paths are sanitized. You may also consider using a utility method such as org.apache.commons.io.FilenameUtils.getName(...) to only retrieve the file name from the path."
BenchmarkTest00461,CWE-330,data/benchmark/src/main/java/org/owasp/benchmark/testcode/BenchmarkTest00461.java,52,semgrep;sonarqube,2,"medium (same line, different CWE label)",MAJOR;warning,"Detected use of the functions `Math.random()` or `java.util.Random()`. These are both not cryptographically strong random number generators (RNGs). If you are using these RNGs to create passwords or secret tokens, use `java.security.SecureRandom` instead."
BenchmarkTest00462,CWE-328,data/benchmark/src/main/java/org/owasp/benchmark/testcode/BenchmarkTest00462.java,68,semgrep;sonarqube,2,"medium (same line, different CWE label)",CRITICAL;warning,"Detected SHA1 hash algorithm which is considered insecure. SHA1 is not collision resistant and is therefore not suitable as a cryptographic signature. Instead, use PBKDF2 for password hashing or SHA256 or SHA512 for other hash function applications."
BenchmarkTest00462,CWE-1240,owasp-benchmark:data/benchmark/src/main/java/org/owasp/benchmark/testcode/BenchmarkTest00462.java,70,sonarqube,1,single-tool,CRITICAL,Make sure this weak hash algorithm is not used in a sensitive context here.
BenchmarkTest00464,CWE-328,data/benchmark/src/main/java/org/owasp/benchmark/testcode/BenchmarkTest00464.java,56,semgrep;sonarqube,2,"medium (same line, different CWE label)",CRITICAL;warning,"Detected SHA1 hash algorithm which is considered insecure. SHA1 is not collision resistant and is therefore not suitable as a cryptographic signature. Instead, use PBKDF2 for password hashing or SHA256 or SHA512 for other hash function applications."
BenchmarkTest00465,CWE-328,data/benchmark/src/main/java/org/owasp/benchmark/testcode/BenchmarkTest00465.java,56,semgrep;sonarqube,2,"medium (same line, different CWE label)",CRITICAL;warning,Detected MD5 hash algorithm which is considered insecure. MD5 is not collision resistant and is therefore not suitable as a cryptographic signature. Use HMAC instead.
BenchmarkTest00469,CWE-79,data/benchmark/src/main/java/org/owasp/benchmark/testcode/BenchmarkTest00469.java,59,semgrep,1,single-tool,warning,"Detected a request with potential user-input going into a OutputStream or Writer object. This bypasses any view or template environments, including HTML escaping, which may expose this application to cross-site scripting (XSS) vulnerabilities. Consider using a view technology such as JavaServer Faces (JSFs) which automatically escapes HTML views."
BenchmarkTest00472,CWE-79,data/benchmark/src/main/java/org/owasp/benchmark/testcode/BenchmarkTest00472.java,59,semgrep,1,single-tool,warning,"Detected a request with potential user-input going into a OutputStream or Writer object. This bypasses any view or template environments, including HTML escaping, which may expose this application to cross-site scripting (XSS) vulnerabilities. Consider using a view technology such as JavaServer Faces (JSFs) which automatically escapes HTML views."
BenchmarkTest00473,CWE-79,data/benchmark/src/main/java/org/owasp/benchmark/testcode/BenchmarkTest00473.java,61,semgrep,1,single-tool,warning,"Detected a request with potential user-input going into a OutputStream or Writer object. This bypasses any view or template environments, including HTML escaping, which may expose this application to cross-site scripting (XSS) vulnerabilities. Consider using a view technology such as JavaServer Faces (JSFs) which automatically escapes HTML views."
BenchmarkTest00475,CWE-79,data/benchmark/src/main/java/org/owasp/benchmark/testcode/BenchmarkTest00475.java,58,semgrep,1,single-tool,warning,"Detected a request with potential user-input going into a OutputStream or Writer object. This bypasses any view or template environments, including HTML escaping, which may expose this application to cross-site scripting (XSS) vulnerabilities. Consider using a view technology such as JavaServer Faces (JSFs) which automatically escapes HTML views."
BenchmarkTest00476,CWE-79,data/benchmark/src/main/java/org/owasp/benchmark/testcode/BenchmarkTest00476.java,58,semgrep,1,single-tool,warning,"Detected a request with potential user-input going into a OutputStream or Writer object. This bypasses any view or template environments, including HTML escaping, which may expose this application to cross-site scripting (XSS) vulnerabilities. Consider using a view technology such as JavaServer Faces (JSFs) which automatically escapes HTML views."
BenchmarkTest00477,CWE-79,data/benchmark/src/main/java/org/owasp/benchmark/testcode/BenchmarkTest00477.java,54,semgrep,1,single-tool,warning,"Detected a request with potential user-input going into a OutputStream or Writer object. This bypasses any view or template environments, including HTML escaping, which may expose this application to cross-site scripting (XSS) vulnerabilities. Consider using a view technology such as JavaServer Faces (JSFs) which automatically escapes HTML views."
BenchmarkTest00478,CWE-79,data/benchmark/src/main/java/org/owasp/benchmark/testcode/BenchmarkTest00478.java,60,semgrep,1,single-tool,warning,"Detected a request with potential user-input going into a OutputStream or Writer object. This bypasses any view or template environments, including HTML escaping, which may expose this application to cross-site scripting (XSS) vulnerabilities. Consider using a view technology such as JavaServer Faces (JSFs) which automatically escapes HTML views."
BenchmarkTest00480,CWE-78,data/benchmark/src/main/java/org/owasp/benchmark/testcode/BenchmarkTest00480.java,67,semgrep,1,high (same CWE),error,"Detected input from a HTTPServletRequest going into a 'ProcessBuilder' or 'exec' command. This could lead to command injection if variables passed into the exec commands are not properly sanitized. Instead, avoid using these OS commands with user-supplied input, or, if you must use these commands, use a whitelist of specific values."
BenchmarkTest00481,CWE-78,data/benchmark/src/main/java/org/owasp/benchmark/testcode/BenchmarkTest00481.java,67,semgrep,1,high (same CWE),error,"Detected input from a HTTPServletRequest going into a 'ProcessBuilder' or 'exec' command. This could lead to command injection if variables passed into the exec commands are not properly sanitized. Instead, avoid using these OS commands with user-supplied input, or, if you must use these commands, use a whitelist of specific values."
BenchmarkTest00482,CWE-330,data/benchmark/src/main/java/org/owasp/benchmark/testcode/BenchmarkTest00482.java,53,semgrep;sonarqube,2,"medium (same line, different CWE label)",MAJOR;warning,"Detected use of the functions `Math.random()` or `java.util.Random()`. These are both not cryptographically strong random number generators (RNGs). If you are using these RNGs to create passwords or secret tokens, use `java.security.SecureRandom` instead."
BenchmarkTest00483,CWE-330,data/benchmark/src/main/java/org/owasp/benchmark/testcode/BenchmarkTest00483.java,58,semgrep;sonarqube,2,"medium (same line, different CWE label)",MAJOR;warning,"Detected use of the functions `Math.random()` or `java.util.Random()`. These are both not cryptographically strong random number generators (RNGs). If you are using these RNGs to create passwords or secret tokens, use `java.security.SecureRandom` instead."
BenchmarkTest00484,CWE-330,data/benchmark/src/main/java/org/owasp/benchmark/testcode/BenchmarkTest00484.java,57,semgrep;sonarqube,2,"medium (same line, different CWE label)",MAJOR;warning,"Detected use of the functions `Math.random()` or `java.util.Random()`. These are both not cryptographically strong random number generators (RNGs). If you are using these RNGs to create passwords or secret tokens, use `java.security.SecureRandom` instead."
BenchmarkTest00485,CWE-330,data/benchmark/src/main/java/org/owasp/benchmark/testcode/BenchmarkTest00485.java,54,semgrep;sonarqube,2,"medium (same line, different CWE label)",MAJOR;warning,"Detected use of the functions `Math.random()` or `java.util.Random()`. These are both not cryptographically strong random number generators (RNGs). If you are using these RNGs to create passwords or secret tokens, use `java.security.SecureRandom` instead."
BenchmarkTest00486,CWE-330,data/benchmark/src/main/java/org/owasp/benchmark/testcode/BenchmarkTest00486.java,52,semgrep;sonarqube,2,"medium (same line, different CWE label)",MAJOR;warning,"Detected use of the functions `Math.random()` or `java.util.Random()`. These are both not cryptographically strong random number generators (RNGs). If you are using these RNGs to create passwords or secret tokens, use `java.security.SecureRandom` instead."
BenchmarkTest00487,CWE-330,data/benchmark/src/main/java/org/owasp/benchmark/testcode/BenchmarkTest00487.java,57,semgrep;sonarqube,2,"medium (same line, different CWE label)",MAJOR;warning,"Detected use of the functions `Math.random()` or `java.util.Random()`. These are both not cryptographically strong random number generators (RNGs). If you are using these RNGs to create passwords or secret tokens, use `java.security.SecureRandom` instead."
BenchmarkTest00488,CWE-330,data/benchmark/src/main/java/org/owasp/benchmark/testcode/BenchmarkTest00488.java,62,semgrep;sonarqube,2,"medium (same line, different CWE label)",MAJOR;warning,"Detected use of the functions `Math.random()` or `java.util.Random()`. These are both not cryptographically strong random number generators (RNGs). If you are using these RNGs to create passwords or secret tokens, use `java.security.SecureRandom` instead."
BenchmarkTest00489,CWE-330,data/benchmark/src/main/java/org/owasp/benchmark/testcode/BenchmarkTest00489.java,57,semgrep;sonarqube,2,"medium (same line, different CWE label)",MAJOR;warning,"Detected use of the functions `Math.random()` or `java.util.Random()`. These are both not cryptographically strong random number generators (RNGs). If you are using these RNGs to create passwords or secret tokens, use `java.security.SecureRandom` instead."
BenchmarkTest00490,CWE-330,data/benchmark/src/main/java/org/owasp/benchmark/testcode/BenchmarkTest00490.java,62,semgrep;sonarqube,2,"medium (same line, different CWE label)",MAJOR;warning,"Detected use of the functions `Math.random()` or `java.util.Random()`. These are both not cryptographically strong random number generators (RNGs). If you are using these RNGs to create passwords or secret tokens, use `java.security.SecureRandom` instead."
BenchmarkTest00491,CWE-614,data/benchmark/src/main/java/org/owasp/benchmark/testcode/BenchmarkTest00491.java,73,semgrep,1,single-tool,warning,A cookie was detected without setting the 'secure' flag. The 'secure' flag for cookies prevents the client from transmitting the cookie over insecure channels such as HTTP. Set the 'secure' flag by calling 'cookie.setSecure(true);'
BenchmarkTest00492,CWE-79,data/benchmark/src/main/java/org/owasp/benchmark/testcode/BenchmarkTest00492.java,55,semgrep,1,single-tool,warning,"Detected a request with potential user-input going into a OutputStream or Writer object. This bypasses any view or template environments, including HTML escaping, which may expose this application to cross-site scripting (XSS) vulnerabilities. Consider using a view technology such as JavaServer Faces (JSFs) which automatically escapes HTML views."
BenchmarkTest00496,CWE-78,data/benchmark/src/main/java/org/owasp/benchmark/testcode/BenchmarkTest00496.java,68,semgrep,1,single-tool,error,"Detected input from a HTTPServletRequest going into a 'ProcessBuilder' or 'exec' command. This could lead to command injection if variables passed into the exec commands are not properly sanitized. Instead, avoid using these OS commands with user-supplied input, or, if you must use these commands, use a whitelist of specific values."
BenchmarkTest00497,CWE-78,data/benchmark/src/main/java/org/owasp/benchmark/testcode/BenchmarkTest00497.java,80,semgrep,1,single-tool,error,"Detected input from a HTTPServletRequest going into a 'ProcessBuilder' or 'exec' command. This could lead to command injection if variables passed into the exec commands are not properly sanitized. Instead, avoid using these OS commands with user-supplied input, or, if you must use these commands, use a whitelist of specific values."
BenchmarkTest00498,CWE-78,data/benchmark/src/main/java/org/owasp/benchmark/testcode/BenchmarkTest00498.java,68,semgrep,1,single-tool,error,"Detected input from a HTTPServletRequest going into a 'ProcessBuilder' or 'exec' command. This could lead to command injection if variables passed into the exec commands are not properly sanitized. Instead, avoid using these OS commands with user-supplied input, or, if you must use these commands, use a whitelist of specific values."
BenchmarkTest00499,CWE-78,data/benchmark/src/main/java/org/owasp/benchmark/testcode/BenchmarkTest00499.java,62,semgrep,1,single-tool,error,"Detected input from a HTTPServletRequest going into a 'ProcessBuilder' or 'exec' command. This could lead to command injection if variables passed into the exec commands are not properly sanitized. Instead, avoid using these OS commands with user-supplied input, or, if you must use these commands, use a whitelist of specific values."
BenchmarkTest00500,CWE-78,data/benchmark/src/main/java/org/owasp/benchmark/testcode/BenchmarkTest00500.java,67,semgrep,1,single-tool,error,"Detected input from a HTTPServletRequest going into a 'ProcessBuilder' or 'exec' command. This could lead to command injection if variables passed into the exec commands are not properly sanitized. Instead, avoid using these OS commands with user-supplied input, or, if you must use these commands, use a whitelist of specific values."
BenchmarkTest00508,CWE-501,data/benchmark/src/main/java/org/owasp/benchmark/testcode/BenchmarkTest00508.java,54,semgrep,1,single-tool,warning,"Detected input from a HTTPServletRequest going into a session command, like `setAttribute`. User input into such a command could lead to an attacker inputting malicious code into your session parameters, blurring the line between what's trusted and untrusted, and therefore leading to a trust boundary violation. This could lead to programmers trusting unvalidated data. Instead, thoroughly sanitize user input before passing it into such function calls."
BenchmarkTest00508,CWE-79,data/benchmark/src/main/java/org/owasp/benchmark/testcode/BenchmarkTest00508.java,56,semgrep,1,single-tool,warning,"Detected a request with potential user-input going into a OutputStream or Writer object. This bypasses any view or template environments, including HTML escaping, which may expose this application to cross-site scripting (XSS) vulnerabilities. Consider using a view technology such as JavaServer Faces (JSFs) which automatically escapes HTML views."
BenchmarkTest00510,CWE-89,data/benchmark/src/main/java/org/owasp/benchmark/testcode/BenchmarkTest00510.java,76,semgrep;sonarqube,2,high (same CWE),MAJOR;warning,Detected input from a HTTPServletRequest going into a SQL sink or statement. This could lead to SQL injection if variables in the SQL statement are not properly sanitized. Use parameterized SQL queries or properly sanitize user input instead.
BenchmarkTest00512,CWE-89,data/benchmark/src/main/java/org/owasp/benchmark/testcode/BenchmarkTest00512.java,57,semgrep;sonarqube,2,high (same CWE),MAJOR;warning,Detected a formatted string in a SQL statement. This could lead to SQL injection if variables in the SQL statement are not properly sanitized. Use a prepared statements (java.sql.PreparedStatement) instead. You can obtain a PreparedStatement using 'connection.prepareStatement'.
BenchmarkTest00513,CWE-89,data/benchmark/src/main/java/org/owasp/benchmark/testcode/BenchmarkTest00513.java,63,semgrep;sonarqube,2,high (same CWE),MAJOR;warning,Detected a formatted string in a SQL statement. This could lead to SQL injection if variables in the SQL statement are not properly sanitized. Use a prepared statements (java.sql.PreparedStatement) instead. You can obtain a PreparedStatement using 'connection.prepareStatement'.
BenchmarkTest00514,CWE-89,data/benchmark/src/main/java/org/owasp/benchmark/testcode/BenchmarkTest00514.java,62,semgrep;sonarqube,2,high (same CWE),MAJOR;warning,Detected a formatted string in a SQL statement. This could lead to SQL injection if variables in the SQL statement are not properly sanitized. Use a prepared statements (java.sql.PreparedStatement) instead. You can obtain a PreparedStatement using 'connection.prepareStatement'.
BenchmarkTest00515,CWE-89,data/benchmark/src/main/java/org/owasp/benchmark/testcode/BenchmarkTest00515.java,67,semgrep;sonarqube,2,high (same CWE),MAJOR;warning,Detected a formatted string in a SQL statement. This could lead to SQL injection if variables in the SQL statement are not properly sanitized. Use a prepared statements (java.sql.PreparedStatement) instead. You can obtain a PreparedStatement using 'connection.prepareStatement'.
BenchmarkTest00516,CWE-89,data/benchmark/src/main/java/org/owasp/benchmark/testcode/BenchmarkTest00516.java,76,semgrep;sonarqube,2,high (same CWE),MAJOR;warning,Detected a formatted string in a SQL statement. This could lead to SQL injection if variables in the SQL statement are not properly sanitized. Use a prepared statements (java.sql.PreparedStatement) instead. You can obtain a PreparedStatement using 'connection.prepareStatement'.
BenchmarkTest00517,CWE-89,data/benchmark/src/main/java/org/owasp/benchmark/testcode/BenchmarkTest00517.java,62,semgrep;sonarqube,2,high (same CWE),MAJOR;warning,Detected a formatted string in a SQL statement. This could lead to SQL injection if variables in the SQL statement are not properly sanitized. Use a prepared statements (java.sql.PreparedStatement) instead. You can obtain a PreparedStatement using 'connection.prepareStatement'.
BenchmarkTest00518,CWE-89,data/benchmark/src/main/java/org/owasp/benchmark/testcode/BenchmarkTest00518.java,57,semgrep;sonarqube,2,high (same CWE),MAJOR;warning,Detected input from a HTTPServletRequest going into a SQL sink or statement. This could lead to SQL injection if variables in the SQL statement are not properly sanitized. Use parameterized SQL queries or properly sanitize user input instead.
BenchmarkTest00519,CWE-89,data/benchmark/src/main/java/org/owasp/benchmark/testcode/BenchmarkTest00519.java,63,semgrep;sonarqube,2,high (same CWE),MAJOR;warning,Detected a formatted string in a SQL statement. This could lead to SQL injection if variables in the SQL statement are not properly sanitized. Use a prepared statements (java.sql.PreparedStatement) instead. You can obtain a PreparedStatement using 'connection.prepareStatement'.
BenchmarkTest00520,CWE-643,data/benchmark/src/main/java/org/owasp/benchmark/testcode/BenchmarkTest00520.java,72,semgrep,1,single-tool,warning,"Detected input from a HTTPServletRequest going into a XPath evaluate or compile command. This could lead to xpath injection if variables passed into the evaluate or compile commands are not properly sanitized. Xpath injection could lead to unauthorized access to sensitive information in XML documents. Instead, thoroughly sanitize user input or use parameterized xpath queries if you can."
BenchmarkTest00520,CWE-79,data/benchmark/src/main/java/org/owasp/benchmark/testcode/BenchmarkTest00520.java,74,semgrep,1,single-tool,warning,"Detected a request with potential user-input going into a OutputStream or Writer object. This bypasses any view or template environments, including HTML escaping, which may expose this application to cross-site scripting (XSS) vulnerabilities. Consider using a view technology such as JavaServer Faces (JSFs) which automatically escapes HTML views."
BenchmarkTest00521,CWE-326,data/benchmark/src/main/java/org/owasp/benchmark/testcode/BenchmarkTest00521.java,83,semgrep,1,high (same CWE),warning,Triple DES (3DES or DESede) is considered deprecated. AES is the recommended cipher. Upgrade to use AES.
BenchmarkTest00521,CWE-327,owasp-benchmark:data/benchmark/src/main/java/org/owasp/benchmark/testcode/BenchmarkTest00521.java,80,sonarqube,1,high (same CWE),CRITICAL,Use a strong cipher algorithm.
BenchmarkTest00522,CWE-326,data/benchmark/src/main/java/org/owasp/benchmark/testcode/BenchmarkTest00522.java,81,semgrep,1,high (same CWE),warning,Triple DES (3DES or DESede) is considered deprecated. AES is the recommended cipher. Upgrade to use AES.
BenchmarkTest00522,CWE-327,owasp-benchmark:data/benchmark/src/main/java/org/owasp/benchmark/testcode/BenchmarkTest00522.java,79,sonarqube,1,high (same CWE),CRITICAL,Use a strong cipher algorithm.
BenchmarkTest00526,CWE-22,data/benchmark/src/main/java/org/owasp/benchmark/testcode/BenchmarkTest00526.java,62,semgrep,1,single-tool,error,"Detected a potential path traversal. A malicious actor could control the location of this file, to include going backwards in the directory with '../'. To address this, ensure that user-controlled variables in file paths are sanitized. You may also consider using a utility method such as org.apache.commons.io.FilenameUtils.getName(...) to only retrieve the file name from the path."
BenchmarkTest00527,CWE-22,data/benchmark/src/main/java/org/owasp/benchmark/testcode/BenchmarkTest00527.java,64,semgrep,1,single-tool,error,"Detected a potential path traversal. A malicious actor could control the location of this file, to include going backwards in the directory with '../'. To address this, ensure that user-controlled variables in file paths are sanitized. You may also consider using a utility method such as org.apache.commons.io.FilenameUtils.getName(...) to only retrieve the file name from the path."
BenchmarkTest00529,CWE-22,data/benchmark/src/main/java/org/owasp/benchmark/testcode/BenchmarkTest00529.java,67,semgrep,1,single-tool,error,"Detected a potential path traversal. A malicious actor could control the location of this file, to include going backwards in the directory with '../'. To address this, ensure that user-controlled variables in file paths are sanitized. You may also consider using a utility method such as org.apache.commons.io.FilenameUtils.getName(...) to only retrieve the file name from the path."
BenchmarkTest00530,CWE-90,data/benchmark/src/main/java/org/owasp/benchmark/testcode/BenchmarkTest00530.java,94,semgrep,1,single-tool,warning,"Detected input from a HTTPServletRequest going into an LDAP query. This could lead to LDAP injection if the input is not properly sanitized, which could result in attackers modifying objects in the LDAP tree structure. Ensure data passed to an LDAP query is not controllable or properly sanitize the data."
BenchmarkTest00531,CWE-328,data/benchmark/src/main/java/org/owasp/benchmark/testcode/BenchmarkTest00531.java,73,semgrep;sonarqube,2,"medium (same line, different CWE label)",CRITICAL;warning,"Detected SHA1 hash algorithm which is considered insecure. SHA1 is not collision resistant and is therefore not suitable as a cryptographic signature. Instead, use PBKDF2 for password hashing or SHA256 or SHA512 for other hash function applications."
BenchmarkTest00531,CWE-1240,owasp-benchmark:data/benchmark/src/main/java/org/owasp/benchmark/testcode/BenchmarkTest00531.java,75,sonarqube,1,single-tool,CRITICAL,Make sure this weak hash algorithm is not used in a sensitive context here.
BenchmarkTest00532,CWE-328,data/benchmark/src/main/java/org/owasp/benchmark/testcode/BenchmarkTest00532.java,83,semgrep;sonarqube,2,"medium (same line, different CWE label)",CRITICAL;warning,"Detected SHA1 hash algorithm which is considered insecure. SHA1 is not collision resistant and is therefore not suitable as a cryptographic signature. Instead, use PBKDF2 for password hashing or SHA256 or SHA512 for other hash function applications."
BenchmarkTest00533,CWE-328,data/benchmark/src/main/java/org/owasp/benchmark/testcode/BenchmarkTest00533.java,73,semgrep;sonarqube,2,"medium (same line, different CWE label)",CRITICAL;warning,"Detected SHA1 hash algorithm which is considered insecure. SHA1 is not collision resistant and is therefore not suitable as a cryptographic signature. Instead, use PBKDF2 for password hashing or SHA256 or SHA512 for other hash function applications."
BenchmarkTest00534,CWE-328,data/benchmark/src/main/java/org/owasp/benchmark/testcode/BenchmarkTest00534.java,82,semgrep;sonarqube,2,"medium (same line, different CWE label)",CRITICAL;warning,"Detected SHA1 hash algorithm which is considered insecure. SHA1 is not collision resistant and is therefore not suitable as a cryptographic signature. Instead, use PBKDF2 for password hashing or SHA256 or SHA512 for other hash function applications."
BenchmarkTest00536,CWE-328,data/benchmark/src/main/java/org/owasp/benchmark/testcode/BenchmarkTest00536.java,68,semgrep;sonarqube,2,"medium (same line, different CWE label)",CRITICAL;warning,Detected MD5 hash algorithm which is considered insecure. MD5 is not collision resistant and is therefore not suitable as a cryptographic signature. Use HMAC instead.
BenchmarkTest00537,CWE-328,data/benchmark/src/main/java/org/owasp/benchmark/testcode/BenchmarkTest00537.java,63,semgrep;sonarqube,2,"medium (same line, different CWE label)",CRITICAL;warning,Detected MD5 hash algorithm which is considered insecure. MD5 is not collision resistant and is therefore not suitable as a cryptographic signature. Use HMAC instead.
BenchmarkTest00541,CWE-79,data/benchmark/src/main/java/org/owasp/benchmark/testcode/BenchmarkTest00541.java,71,semgrep,1,single-tool,warning,"Detected a request with potential user-input going into a OutputStream or Writer object. This bypasses any view or template environments, including HTML escaping, which may expose this application to cross-site scripting (XSS) vulnerabilities. Consider using a view technology such as JavaServer Faces (JSFs) which automatically escapes HTML views."
BenchmarkTest00542,CWE-79,data/benchmark/src/main/java/org/owasp/benchmark/testcode/BenchmarkTest00542.java,83,semgrep,1,single-tool,warning,"Detected a request with potential user-input going into a OutputStream or Writer object. This bypasses any view or template environments, including HTML escaping, which may expose this application to cross-site scripting (XSS) vulnerabilities. Consider using a view technology such as JavaServer Faces (JSFs) which automatically escapes HTML views."
BenchmarkTest00547,CWE-79,data/benchmark/src/main/java/org/owasp/benchmark/testcode/BenchmarkTest00547.java,65,semgrep,1,single-tool,warning,"Detected a request with potential user-input going into a OutputStream or Writer object. This bypasses any view or template environments, including HTML escaping, which may expose this application to cross-site scripting (XSS) vulnerabilities. Consider using a view technology such as JavaServer Faces (JSFs) which automatically escapes HTML views."
BenchmarkTest00549,CWE-79,data/benchmark/src/main/java/org/owasp/benchmark/testcode/BenchmarkTest00549.java,68,semgrep,1,single-tool,warning,"Detected a request with potential user-input going into a OutputStream or Writer object. This bypasses any view or template environments, including HTML escaping, which may expose this application to cross-site scripting (XSS) vulnerabilities. Consider using a view technology such as JavaServer Faces (JSFs) which automatically escapes HTML views."
BenchmarkTest00551,CWE-79,data/benchmark/src/main/java/org/owasp/benchmark/testcode/BenchmarkTest00551.java,63,semgrep,1,single-tool,warning,"Detected a request with potential user-input going into a OutputStream or Writer object. This bypasses any view or template environments, including HTML escaping, which may expose this application to cross-site scripting (XSS) vulnerabilities. Consider using a view technology such as JavaServer Faces (JSFs) which automatically escapes HTML views."
BenchmarkTest00553,CWE-79,data/benchmark/src/main/java/org/owasp/benchmark/testcode/BenchmarkTest00553.java,82,semgrep,1,single-tool,warning,"Detected a request with potential user-input going into a OutputStream or Writer object. This bypasses any view or template environments, including HTML escaping, which may expose this application to cross-site scripting (XSS) vulnerabilities. Consider using a view technology such as JavaServer Faces (JSFs) which automatically escapes HTML views."
BenchmarkTest00554,CWE-79,data/benchmark/src/main/java/org/owasp/benchmark/testcode/BenchmarkTest00554.java,68,semgrep,1,single-tool,warning,"Detected a request with potential user-input going into a OutputStream or Writer object. This bypasses any view or template environments, including HTML escaping, which may expose this application to cross-site scripting (XSS) vulnerabilities. Consider using a view technology such as JavaServer Faces (JSFs) which automatically escapes HTML views."
BenchmarkTest00555,CWE-79,data/benchmark/src/main/java/org/owasp/benchmark/testcode/BenchmarkTest00555.java,68,semgrep,1,single-tool,warning,"Detected a request with potential user-input going into a OutputStream or Writer object. This bypasses any view or template environments, including HTML escaping, which may expose this application to cross-site scripting (XSS) vulnerabilities. Consider using a view technology such as JavaServer Faces (JSFs) which automatically escapes HTML views."
BenchmarkTest00556,CWE-79,data/benchmark/src/main/java/org/owasp/benchmark/testcode/BenchmarkTest00556.java,82,semgrep,1,single-tool,warning,"Detected a request with potential user-input going into a OutputStream or Writer object. This bypasses any view or template environments, including HTML escaping, which may expose this application to cross-site scripting (XSS) vulnerabilities. Consider using a view technology such as JavaServer Faces (JSFs) which automatically escapes HTML views."
BenchmarkTest00557,CWE-79,data/benchmark/src/main/java/org/owasp/benchmark/testcode/BenchmarkTest00557.java,67,semgrep,1,single-tool,warning,"Detected a request with potential user-input going into a OutputStream or Writer object. This bypasses any view or template environments, including HTML escaping, which may expose this application to cross-site scripting (XSS) vulnerabilities. Consider using a view technology such as JavaServer Faces (JSFs) which automatically escapes HTML views."
BenchmarkTest00558,CWE-78,data/benchmark/src/main/java/org/owasp/benchmark/testcode/BenchmarkTest00558.java,84,semgrep,1,single-tool,error,A formatted or concatenated string was detected as input to a ProcessBuilder call. This is dangerous if a variable is controlled by user input and could result in a command injection. Ensure your variables are not controlled by users or sufficiently sanitized.
BenchmarkTest00559,CWE-78,data/benchmark/src/main/java/org/owasp/benchmark/testcode/BenchmarkTest00559.java,95,semgrep,1,single-tool,error,A formatted or concatenated string was detected as input to a ProcessBuilder call. This is dangerous if a variable is controlled by user input and could result in a command injection. Ensure your variables are not controlled by users or sufficiently sanitized.
BenchmarkTest00560,CWE-330,data/benchmark/src/main/java/org/owasp/benchmark/testcode/BenchmarkTest00560.java,67,semgrep;sonarqube,2,"medium (same line, different CWE label)",MAJOR;warning,"Detected use of the functions `Math.random()` or `java.util.Random()`. These are both not cryptographically strong random number generators (RNGs). If you are using these RNGs to create passwords or secret tokens, use `java.security.SecureRandom` instead."
BenchmarkTest00561,CWE-330,data/benchmark/src/main/java/org/owasp/benchmark/testcode/BenchmarkTest00561.java,72,semgrep;sonarqube,2,"medium (same line, different CWE label)",MAJOR;warning,"Detected use of the functions `Math.random()` or `java.util.Random()`. These are both not cryptographically strong random number generators (RNGs). If you are using these RNGs to create passwords or secret tokens, use `java.security.SecureRandom` instead."
BenchmarkTest00562,CWE-330,data/benchmark/src/main/java/org/owasp/benchmark/testcode/BenchmarkTest00562.java,81,semgrep;sonarqube,2,"medium (same line, different CWE label)",MAJOR;warning,"Detected use of the functions `Math.random()` or `java.util.Random()`. These are both not cryptographically strong random number generators (RNGs). If you are using these RNGs to create passwords or secret tokens, use `java.security.SecureRandom` instead."
BenchmarkTest00563,CWE-330,data/benchmark/src/main/java/org/owasp/benchmark/testcode/BenchmarkTest00563.java,62,semgrep;sonarqube,2,"medium (same line, different CWE label)",MAJOR;warning,"Detected use of the functions `Math.random()` or `java.util.Random()`. These are both not cryptographically strong random number generators (RNGs). If you are using these RNGs to create passwords or secret tokens, use `java.security.SecureRandom` instead."
BenchmarkTest00564,CWE-330,data/benchmark/src/main/java/org/owasp/benchmark/testcode/BenchmarkTest00564.java,63,semgrep;sonarqube,2,"medium (same line, different CWE label)",MAJOR;warning,"Detected use of the functions `Math.random()` or `java.util.Random()`. These are both not cryptographically strong random number generators (RNGs). If you are using these RNGs to create passwords or secret tokens, use `java.security.SecureRandom` instead."
BenchmarkTest00565,CWE-614,data/benchmark/src/main/java/org/owasp/benchmark/testcode/BenchmarkTest00565.java,79,semgrep,1,single-tool,warning,A cookie was detected without setting the 'secure' flag. The 'secure' flag for cookies prevents the client from transmitting the cookie over insecure channels such as HTTP. Set the 'secure' flag by calling 'cookie.setSecure(true);'
BenchmarkTest00566,CWE-614,data/benchmark/src/main/java/org/owasp/benchmark/testcode/BenchmarkTest00566.java,81,semgrep,1,single-tool,warning,A cookie was detected without setting the 'secure' flag. The 'secure' flag for cookies prevents the client from transmitting the cookie over insecure channels such as HTTP. Set the 'secure' flag by calling 'cookie.setSecure(true);'
BenchmarkTest00567,CWE-78,data/benchmark/src/main/java/org/owasp/benchmark/testcode/BenchmarkTest00567.java,78,semgrep,1,single-tool,error,"Detected input from a HTTPServletRequest going into a 'ProcessBuilder' or 'exec' command. This could lead to command injection if variables passed into the exec commands are not properly sanitized. Instead, avoid using these OS commands with user-supplied input, or, if you must use these commands, use a whitelist of specific values."
BenchmarkTest00568,CWE-78,data/benchmark/src/main/java/org/owasp/benchmark/testcode/BenchmarkTest00568.java,87,semgrep,1,single-tool,error,"Detected input from a HTTPServletRequest going into a 'ProcessBuilder' or 'exec' command. This could lead to command injection if variables passed into the exec commands are not properly sanitized. Instead, avoid using these OS commands with user-supplied input, or, if you must use these commands, use a whitelist of specific values."
BenchmarkTest00571,CWE-78,data/benchmark/src/main/java/org/owasp/benchmark/testcode/BenchmarkTest00571.java,76,semgrep,1,single-tool,error,"Detected input from a HTTPServletRequest going into a 'ProcessBuilder' or 'exec' command. This could lead to command injection if variables passed into the exec commands are not properly sanitized. Instead, avoid using these OS commands with user-supplied input, or, if you must use these commands, use a whitelist of specific values."
BenchmarkTest00572,CWE-78,data/benchmark/src/main/java/org/owasp/benchmark/testcode/BenchmarkTest00572.java,77,semgrep,1,single-tool,error,"Detected input from a HTTPServletRequest going into a 'ProcessBuilder' or 'exec' command. This could lead to command injection if variables passed into the exec commands are not properly sanitized. Instead, avoid using these OS commands with user-supplied input, or, if you must use these commands, use a whitelist of specific values."
BenchmarkTest00573,CWE-78,data/benchmark/src/main/java/org/owasp/benchmark/testcode/BenchmarkTest00573.java,70,semgrep,1,single-tool,error,"Detected input from a HTTPServletRequest going into a 'ProcessBuilder' or 'exec' command. This could lead to command injection if variables passed into the exec commands are not properly sanitized. Instead, avoid using these OS commands with user-supplied input, or, if you must use these commands, use a whitelist of specific values."
BenchmarkTest00574,CWE-78,data/benchmark/src/main/java/org/owasp/benchmark/testcode/BenchmarkTest00574.java,75,semgrep,1,single-tool,error,"Detected input from a HTTPServletRequest going into a 'ProcessBuilder' or 'exec' command. This could lead to command injection if variables passed into the exec commands are not properly sanitized. Instead, avoid using these OS commands with user-supplied input, or, if you must use these commands, use a whitelist of specific values."
BenchmarkTest00576,CWE-78,data/benchmark/src/main/java/org/owasp/benchmark/testcode/BenchmarkTest00576.java,74,semgrep,1,single-tool,error,"Detected input from a HTTPServletRequest going into a 'ProcessBuilder' or 'exec' command. This could lead to command injection if variables passed into the exec commands are not properly sanitized. Instead, avoid using these OS commands with user-supplied input, or, if you must use these commands, use a whitelist of specific values."
BenchmarkTest00588,CWE-79,data/benchmark/src/main/java/org/owasp/benchmark/testcode/BenchmarkTest00588.java,68,semgrep,1,single-tool,warning,"Detected a request with potential user-input going into a OutputStream or Writer object. This bypasses any view or template environments, including HTML escaping, which may expose this application to cross-site scripting (XSS) vulnerabilities. Consider using a view technology such as JavaServer Faces (JSFs) which automatically escapes HTML views."
BenchmarkTest00590,CWE-89,data/benchmark/src/main/java/org/owasp/benchmark/testcode/BenchmarkTest00590.java,72,semgrep;sonarqube,2,high (same CWE),MAJOR;warning,Detected input from a HTTPServletRequest going into a SQL sink or statement. This could lead to SQL injection if variables in the SQL statement are not properly sanitized. Use parameterized SQL queries or properly sanitize user input instead.
BenchmarkTest00591,CWE-89,data/benchmark/src/main/java/org/owasp/benchmark/testcode/BenchmarkTest00591.java,69,semgrep;sonarqube,2,high (same CWE),MAJOR;warning,Detected input from a HTTPServletRequest going into a SQL sink or statement. This could lead to SQL injection if variables in the SQL statement are not properly sanitized. Use parameterized SQL queries or properly sanitize user input instead.
BenchmarkTest00593,CWE-89,data/benchmark/src/main/java/org/owasp/benchmark/testcode/BenchmarkTest00593.java,86,semgrep;sonarqube,2,high (same CWE),MAJOR;warning,Detected input from a HTTPServletRequest going into a SQL sink or statement. This could lead to SQL injection if variables in the SQL statement are not properly sanitized. Use parameterized SQL queries or properly sanitize user input instead.
BenchmarkTest00595,CWE-89,data/benchmark/src/main/java/org/owasp/benchmark/testcode/BenchmarkTest00595.java,72,semgrep;sonarqube,2,high (same CWE),MAJOR;warning,Detected input from a HTTPServletRequest going into a SQL sink or statement. This could lead to SQL injection if variables in the SQL statement are not properly sanitized. Use parameterized SQL queries or properly sanitize user input instead.
BenchmarkTest00597,CWE-89,data/benchmark/src/main/java/org/owasp/benchmark/testcode/BenchmarkTest00597.java,67,semgrep,1,single-tool,warning,Detected input from a HTTPServletRequest going into a SQL sink or statement. This could lead to SQL injection if variables in the SQL statement are not properly sanitized. Use parameterized SQL queries or properly sanitize user input instead.
BenchmarkTest00598,CWE-89,data/benchmark/src/main/java/org/owasp/benchmark/testcode/BenchmarkTest00598.java,72,semgrep,1,single-tool,warning,Detected input from a HTTPServletRequest going into a SQL sink or statement. This could lead to SQL injection if variables in the SQL statement are not properly sanitized. Use parameterized SQL queries or properly sanitize user input instead.
BenchmarkTest00600,CWE-89,data/benchmark/src/main/java/org/owasp/benchmark/testcode/BenchmarkTest00600.java,84,semgrep,1,single-tool,warning,Detected input from a HTTPServletRequest going into a SQL sink or statement. This could lead to SQL injection if variables in the SQL statement are not properly sanitized. Use parameterized SQL queries or properly sanitize user input instead.
BenchmarkTest00601,CWE-89,data/benchmark/src/main/java/org/owasp/benchmark/testcode/BenchmarkTest00601.java,70,semgrep;sonarqube,2,high (same CWE),MAJOR;warning,Detected input from a HTTPServletRequest going into a SQL sink or statement. This could lead to SQL injection if variables in the SQL statement are not properly sanitized. Use parameterized SQL queries or properly sanitize user input instead.
BenchmarkTest00602,CWE-89,data/benchmark/src/main/java/org/owasp/benchmark/testcode/BenchmarkTest00602.java,77,semgrep;sonarqube,2,high (same CWE),MAJOR;warning,Detected a formatted string in a SQL statement. This could lead to SQL injection if variables in the SQL statement are not properly sanitized. Use a prepared statements (java.sql.PreparedStatement) instead. You can obtain a PreparedStatement using 'connection.prepareStatement'.
BenchmarkTest00603,CWE-89,data/benchmark/src/main/java/org/owasp/benchmark/testcode/BenchmarkTest00603.java,69,semgrep;sonarqube,2,high (same CWE),MAJOR;warning,Detected a formatted string in a SQL statement. This could lead to SQL injection if variables in the SQL statement are not properly sanitized. Use a prepared statements (java.sql.PreparedStatement) instead. You can obtain a PreparedStatement using 'connection.prepareStatement'.
BenchmarkTest00604,CWE-89,data/benchmark/src/main/java/org/owasp/benchmark/testcode/BenchmarkTest00604.java,72,semgrep;sonarqube,2,high (same CWE),MAJOR;warning,Detected input from a HTTPServletRequest going into a SQL sink or statement. This could lead to SQL injection if variables in the SQL statement are not properly sanitized. Use parameterized SQL queries or properly sanitize user input instead.
BenchmarkTest00605,CWE-89,data/benchmark/src/main/java/org/owasp/benchmark/testcode/BenchmarkTest00605.java,70,semgrep;sonarqube,2,high (same CWE),MAJOR;warning,Detected input from a HTTPServletRequest going into a SQL sink or statement. This could lead to SQL injection if variables in the SQL statement are not properly sanitized. Use parameterized SQL queries or properly sanitize user input instead.
BenchmarkTest00606,CWE-89,data/benchmark/src/main/java/org/owasp/benchmark/testcode/BenchmarkTest00606.java,70,semgrep;sonarqube,2,high (same CWE),MAJOR;warning,Detected input from a HTTPServletRequest going into a SQL sink or statement. This could lead to SQL injection if variables in the SQL statement are not properly sanitized. Use parameterized SQL queries or properly sanitize user input instead.
BenchmarkTest00607,CWE-643,data/benchmark/src/main/java/org/owasp/benchmark/testcode/BenchmarkTest00607.java,79,semgrep,1,single-tool,warning,"Detected input from a HTTPServletRequest going into a XPath evaluate or compile command. This could lead to xpath injection if variables passed into the evaluate or compile commands are not properly sanitized. Xpath injection could lead to unauthorized access to sensitive information in XML documents. Instead, thoroughly sanitize user input or use parameterized xpath queries if you can."
BenchmarkTest00607,CWE-79,data/benchmark/src/main/java/org/owasp/benchmark/testcode/BenchmarkTest00607.java,81,semgrep,1,single-tool,warning,"Detected a request with potential user-input going into a OutputStream or Writer object. This bypasses any view or template environments, including HTML escaping, which may expose this application to cross-site scripting (XSS) vulnerabilities. Consider using a view technology such as JavaServer Faces (JSFs) which automatically escapes HTML views."
BenchmarkTest00608,CWE-326,data/benchmark/src/main/java/org/owasp/benchmark/testcode/BenchmarkTest00608.java,76,semgrep,1,high (same CWE),warning,Triple DES (3DES or DESede) is considered deprecated. AES is the recommended cipher. Upgrade to use AES.
BenchmarkTest00608,CWE-327,owasp-benchmark:data/benchmark/src/main/java/org/owasp/benchmark/testcode/BenchmarkTest00608.java,73,sonarqube,1,high (same CWE),CRITICAL,Use another cipher mode or disable padding.
BenchmarkTest00609,CWE-326,data/benchmark/src/main/java/org/owasp/benchmark/testcode/BenchmarkTest00609.java,68,semgrep,1,high (same CWE),warning,Triple DES (3DES or DESede) is considered deprecated. AES is the recommended cipher. Upgrade to use AES.
BenchmarkTest00609,CWE-327,owasp-benchmark:data/benchmark/src/main/java/org/owasp/benchmark/testcode/BenchmarkTest00609.java,65,sonarqube,1,high (same CWE),CRITICAL,Use a strong cipher algorithm.
BenchmarkTest00610,CWE-326,data/benchmark/src/main/java/org/owasp/benchmark/testcode/BenchmarkTest00610.java,87,semgrep,1,high (same CWE),warning,Triple DES (3DES or DESede) is considered deprecated. AES is the recommended cipher. Upgrade to use AES.
BenchmarkTest00610,CWE-327,owasp-benchmark:data/benchmark/src/main/java/org/owasp/benchmark/testcode/BenchmarkTest00610.java,84,sonarqube,1,high (same CWE),CRITICAL,Use a strong cipher algorithm.
BenchmarkTest00611,CWE-326,data/benchmark/src/main/java/org/owasp/benchmark/testcode/BenchmarkTest00611.java,71,semgrep,1,high (same CWE),warning,Triple DES (3DES or DESede) is considered deprecated. AES is the recommended cipher. Upgrade to use AES.
BenchmarkTest00611,CWE-327,owasp-benchmark:data/benchmark/src/main/java/org/owasp/benchmark/testcode/BenchmarkTest00611.java,68,sonarqube,1,high (same CWE),CRITICAL,Use another cipher mode or disable padding.
BenchmarkTest00614,CWE-326,data/benchmark/src/main/java/org/owasp/benchmark/testcode/BenchmarkTest00614.java,71,semgrep;sonarqube,2,"medium (same line, different CWE label)",CRITICAL;warning,DES is considered deprecated. AES is the recommended cipher. Upgrade to use AES. See https://www.nist.gov/news-events/news/2005/06/nist-withdraws-outdated-data-encryption-standard for more information.
BenchmarkTest00615,CWE-326,data/benchmark/src/main/java/org/owasp/benchmark/testcode/BenchmarkTest00615.java,67,semgrep;sonarqube,2,"medium (same line, different CWE label)",CRITICAL;warning,DES is considered deprecated. AES is the recommended cipher. Upgrade to use AES. See https://www.nist.gov/news-events/news/2005/06/nist-withdraws-outdated-data-encryption-standard for more information.
BenchmarkTest00616,CWE-326,data/benchmark/src/main/java/org/owasp/benchmark/testcode/BenchmarkTest00616.java,58,semgrep,1,high (same CWE),warning,Triple DES (3DES or DESede) is considered deprecated. AES is the recommended cipher. Upgrade to use AES.
BenchmarkTest00616,CWE-327,owasp-benchmark:data/benchmark/src/main/java/org/owasp/benchmark/testcode/BenchmarkTest00616.java,55,sonarqube,1,high (same CWE),CRITICAL,Use a strong cipher algorithm.
BenchmarkTest00617,CWE-326,data/benchmark/src/main/java/org/owasp/benchmark/testcode/BenchmarkTest00617.java,59,semgrep,1,high (same CWE),warning,Triple DES (3DES or DESede) is considered deprecated. AES is the recommended cipher. Upgrade to use AES.
BenchmarkTest00617,CWE-327,owasp-benchmark:data/benchmark/src/main/java/org/owasp/benchmark/testcode/BenchmarkTest00617.java,56,sonarqube,1,high (same CWE),CRITICAL,Use a strong cipher algorithm.
BenchmarkTest00622,CWE-22,data/benchmark/src/main/java/org/owasp/benchmark/testcode/BenchmarkTest00622.java,69,semgrep,1,single-tool,error,"Detected a potential path traversal. A malicious actor could control the location of this file, to include going backwards in the directory with '../'. To address this, ensure that user-controlled variables in file paths are sanitized. You may also consider using a utility method such as org.apache.commons.io.FilenameUtils.getName(...) to only retrieve the file name from the path."
BenchmarkTest00623,CWE-22,data/benchmark/src/main/java/org/owasp/benchmark/testcode/BenchmarkTest00623.java,57,semgrep,1,single-tool,error,"Detected a potential path traversal. A malicious actor could control the location of this file, to include going backwards in the directory with '../'. To address this, ensure that user-controlled variables in file paths are sanitized. You may also consider using a utility method such as org.apache.commons.io.FilenameUtils.getName(...) to only retrieve the file name from the path."
BenchmarkTest00624,CWE-22,data/benchmark/src/main/java/org/owasp/benchmark/testcode/BenchmarkTest00624.java,58,semgrep,1,single-tool,error,"Detected a potential path traversal. A malicious actor could control the location of this file, to include going backwards in the directory with '../'. To address this, ensure that user-controlled variables in file paths are sanitized. You may also consider using a utility method such as org.apache.commons.io.FilenameUtils.getName(...) to only retrieve the file name from the path."
BenchmarkTest00624,CWE-22,data/benchmark/src/main/java/org/owasp/benchmark/testcode/BenchmarkTest00624.java,71,semgrep,1,single-tool,error,"Detected a potential path traversal. A malicious actor could control the location of this file, to include going backwards in the directory with '../'. To address this, ensure that user-controlled variables in file paths are sanitized. You may also consider using a utility method such as org.apache.commons.io.FilenameUtils.getName(...) to only retrieve the file name from the path."
BenchmarkTest00625,CWE-22,data/benchmark/src/main/java/org/owasp/benchmark/testcode/BenchmarkTest00625.java,61,semgrep,1,single-tool,error,"Detected a potential path traversal. A malicious actor could control the location of this file, to include going backwards in the directory with '../'. To address this, ensure that user-controlled variables in file paths are sanitized. You may also consider using a utility method such as org.apache.commons.io.FilenameUtils.getName(...) to only retrieve the file name from the path."
BenchmarkTest00625,CWE-22,data/benchmark/src/main/java/org/owasp/benchmark/testcode/BenchmarkTest00625.java,74,semgrep,1,single-tool,error,"Detected a potential path traversal. A malicious actor could control the location of this file, to include going backwards in the directory with '../'. To address this, ensure that user-controlled variables in file paths are sanitized. You may also consider using a utility method such as org.apache.commons.io.FilenameUtils.getName(...) to only retrieve the file name from the path."
BenchmarkTest00627,CWE-22,data/benchmark/src/main/java/org/owasp/benchmark/testcode/BenchmarkTest00627.java,63,semgrep,1,single-tool,error,"Detected a potential path traversal. A malicious actor could control the location of this file, to include going backwards in the directory with '../'. To address this, ensure that user-controlled variables in file paths are sanitized. You may also consider using a utility method such as org.apache.commons.io.FilenameUtils.getName(...) to only retrieve the file name from the path."
BenchmarkTest00627,CWE-22,data/benchmark/src/main/java/org/owasp/benchmark/testcode/BenchmarkTest00627.java,76,semgrep,1,single-tool,error,"Detected a potential path traversal. A malicious actor could control the location of this file, to include going backwards in the directory with '../'. To address this, ensure that user-controlled variables in file paths are sanitized. You may also consider using a utility method such as org.apache.commons.io.FilenameUtils.getName(...) to only retrieve the file name from the path."
BenchmarkTest00630,CWE-90,data/benchmark/src/main/java/org/owasp/benchmark/testcode/BenchmarkTest00630.java,82,semgrep,1,single-tool,warning,"Detected input from a HTTPServletRequest going into an LDAP query. This could lead to LDAP injection if the input is not properly sanitized, which could result in attackers modifying objects in the LDAP tree structure. Ensure data passed to an LDAP query is not controllable or properly sanitize the data."
BenchmarkTest00631,CWE-328,data/benchmark/src/main/java/org/owasp/benchmark/testcode/BenchmarkTest00631.java,57,semgrep;sonarqube,2,"medium (same line, different CWE label)",CRITICAL;warning,"Detected SHA1 hash algorithm which is considered insecure. SHA1 is not collision resistant and is therefore not suitable as a cryptographic signature. Instead, use PBKDF2 for password hashing or SHA256 or SHA512 for other hash function applications."
BenchmarkTest00631,CWE-1240,owasp-benchmark:data/benchmark/src/main/java/org/owasp/benchmark/testcode/BenchmarkTest00631.java,59,sonarqube,1,single-tool,CRITICAL,Make sure this weak hash algorithm is not used in a sensitive context here.
BenchmarkTest00634,CWE-328,data/benchmark/src/main/java/org/owasp/benchmark/testcode/BenchmarkTest00634.java,61,semgrep;sonarqube,2,"medium (same line, different CWE label)",CRITICAL;warning,"Detected SHA1 hash algorithm which is considered insecure. SHA1 is not collision resistant and is therefore not suitable as a cryptographic signature. Instead, use PBKDF2 for password hashing or SHA256 or SHA512 for other hash function applications."
BenchmarkTest00635,CWE-328,data/benchmark/src/main/java/org/owasp/benchmark/testcode/BenchmarkTest00635.java,51,semgrep;sonarqube,2,"medium (same line, different CWE label)",CRITICAL;warning,"Detected SHA1 hash algorithm which is considered insecure. SHA1 is not collision resistant and is therefore not suitable as a cryptographic signature. Instead, use PBKDF2 for password hashing or SHA256 or SHA512 for other hash function applications."
BenchmarkTest00636,CWE-328,data/benchmark/src/main/java/org/owasp/benchmark/testcode/BenchmarkTest00636.java,51,semgrep;sonarqube,2,"medium (same line, different CWE label)",CRITICAL;warning,"Detected SHA1 hash algorithm which is considered insecure. SHA1 is not collision resistant and is therefore not suitable as a cryptographic signature. Instead, use PBKDF2 for password hashing or SHA256 or SHA512 for other hash function applications."
BenchmarkTest00637,CWE-328,data/benchmark/src/main/java/org/owasp/benchmark/testcode/BenchmarkTest00637.java,56,semgrep;sonarqube,2,"medium (same line, different CWE label)",CRITICAL;warning,Detected MD5 hash algorithm which is considered insecure. MD5 is not collision resistant and is therefore not suitable as a cryptographic signature. Use HMAC instead.
BenchmarkTest00652,CWE-330,data/benchmark/src/main/java/org/owasp/benchmark/testcode/BenchmarkTest00652.java,53,semgrep;sonarqube,2,"medium (same line, different CWE label)",MAJOR;warning,"Detected use of the functions `Math.random()` or `java.util.Random()`. These are both not cryptographically strong random number generators (RNGs). If you are using these RNGs to create passwords or secret tokens, use `java.security.SecureRandom` instead."
BenchmarkTest00653,CWE-330,data/benchmark/src/main/java/org/owasp/benchmark/testcode/BenchmarkTest00653.java,55,semgrep;sonarqube,2,"medium (same line, different CWE label)",MAJOR;warning,"Detected use of the functions `Math.random()` or `java.util.Random()`. These are both not cryptographically strong random number generators (RNGs). If you are using these RNGs to create passwords or secret tokens, use `java.security.SecureRandom` instead."
BenchmarkTest00654,CWE-330,data/benchmark/src/main/java/org/owasp/benchmark/testcode/BenchmarkTest00654.java,60,semgrep;sonarqube,2,"medium (same line, different CWE label)",MAJOR;warning,"Detected use of the functions `Math.random()` or `java.util.Random()`. These are both not cryptographically strong random number generators (RNGs). If you are using these RNGs to create passwords or secret tokens, use `java.security.SecureRandom` instead."
BenchmarkTest00658,CWE-78,data/benchmark/src/main/java/org/owasp/benchmark/testcode/BenchmarkTest00658.java,64,semgrep,1,single-tool,error,"Detected input from a HTTPServletRequest going into a 'ProcessBuilder' or 'exec' command. This could lead to command injection if variables passed into the exec commands are not properly sanitized. Instead, avoid using these OS commands with user-supplied input, or, if you must use these commands, use a whitelist of specific values."
BenchmarkTest00659,CWE-78,data/benchmark/src/main/java/org/owasp/benchmark/testcode/BenchmarkTest00659.java,79,semgrep,1,single-tool,error,"Detected input from a HTTPServletRequest going into a 'ProcessBuilder' or 'exec' command. This could lead to command injection if variables passed into the exec commands are not properly sanitized. Instead, avoid using these OS commands with user-supplied input, or, if you must use these commands, use a whitelist of specific values."
BenchmarkTest00680,CWE-89,data/benchmark/src/main/java/org/owasp/benchmark/testcode/BenchmarkTest00680.java,61,semgrep;sonarqube,2,high (same CWE),MAJOR;warning,Detected a formatted string in a SQL statement. This could lead to SQL injection if variables in the SQL statement are not properly sanitized. Use a prepared statements (java.sql.PreparedStatement) instead. You can obtain a PreparedStatement using 'connection.prepareStatement'.
BenchmarkTest00681,CWE-89,data/benchmark/src/main/java/org/owasp/benchmark/testcode/BenchmarkTest00681.java,55,semgrep;sonarqube,2,high (same CWE),MAJOR;warning,Detected a formatted string in a SQL statement. This could lead to SQL injection if variables in the SQL statement are not properly sanitized. Use a prepared statements (java.sql.PreparedStatement) instead. You can obtain a PreparedStatement using 'connection.prepareStatement'.
BenchmarkTest00682,CWE-89,data/benchmark/src/main/java/org/owasp/benchmark/testcode/BenchmarkTest00682.java,74,semgrep;sonarqube,2,high (same CWE),MAJOR;warning,Detected a formatted string in a SQL statement. This could lead to SQL injection if variables in the SQL statement are not properly sanitized. Use a prepared statements (java.sql.PreparedStatement) instead. You can obtain a PreparedStatement using 'connection.prepareStatement'.
BenchmarkTest00684,CWE-326,data/benchmark/src/main/java/org/owasp/benchmark/testcode/BenchmarkTest00684.java,66,semgrep,1,high (same CWE),warning,Triple DES (3DES or DESede) is considered deprecated. AES is the recommended cipher. Upgrade to use AES.
BenchmarkTest00684,CWE-327,owasp-benchmark:data/benchmark/src/main/java/org/owasp/benchmark/testcode/BenchmarkTest00684.java,63,sonarqube,1,high (same CWE),CRITICAL,Use another cipher mode or disable padding.
BenchmarkTest00685,CWE-326,data/benchmark/src/main/java/org/owasp/benchmark/testcode/BenchmarkTest00685.java,70,semgrep,1,high (same CWE),warning,Triple DES (3DES or DESede) is considered deprecated. AES is the recommended cipher. Upgrade to use AES.
BenchmarkTest00685,CWE-327,owasp-benchmark:data/benchmark/src/main/java/org/owasp/benchmark/testcode/BenchmarkTest00685.java,67,sonarqube,1,high (same CWE),CRITICAL,Use another cipher mode or disable padding.
BenchmarkTest00688,CWE-326,data/benchmark/src/main/java/org/owasp/benchmark/testcode/BenchmarkTest00688.java,71,semgrep,1,high (same CWE),warning,Triple DES (3DES or DESede) is considered deprecated. AES is the recommended cipher. Upgrade to use AES.
BenchmarkTest00688,CWE-327,owasp-benchmark:data/benchmark/src/main/java/org/owasp/benchmark/testcode/BenchmarkTest00688.java,69,sonarqube,1,high (same CWE),CRITICAL,Use a strong cipher algorithm.
BenchmarkTest00691,CWE-326,data/benchmark/src/main/java/org/owasp/benchmark/testcode/BenchmarkTest00691.java,71,semgrep;sonarqube,2,"medium (same line, different CWE label)",CRITICAL;warning,DES is considered deprecated. AES is the recommended cipher. Upgrade to use AES. See https://www.nist.gov/news-events/news/2005/06/nist-withdraws-outdated-data-encryption-standard for more information.
BenchmarkTest00692,CWE-326,data/benchmark/src/main/java/org/owasp/benchmark/testcode/BenchmarkTest00692.java,61,semgrep;sonarqube,2,"medium (same line, different CWE label)",CRITICAL;warning,DES is considered deprecated. AES is the recommended cipher. Upgrade to use AES. See https://www.nist.gov/news-events/news/2005/06/nist-withdraws-outdated-data-encryption-standard for more information.
BenchmarkTest00693,CWE-326,data/benchmark/src/main/java/org/owasp/benchmark/testcode/BenchmarkTest00693.java,64,semgrep;sonarqube,2,"medium (same line, different CWE label)",CRITICAL;warning,DES is considered deprecated. AES is the recommended cipher. Upgrade to use AES. See https://www.nist.gov/news-events/news/2005/06/nist-withdraws-outdated-data-encryption-standard for more information.
BenchmarkTest00694,CWE-90,data/benchmark/src/main/java/org/owasp/benchmark/testcode/BenchmarkTest00694.java,60,semgrep,1,single-tool,warning,"Detected input from a HTTPServletRequest going into an LDAP query. This could lead to LDAP injection if the input is not properly sanitized, which could result in attackers modifying objects in the LDAP tree structure. Ensure data passed to an LDAP query is not controllable or properly sanitize the data."
BenchmarkTest00696,CWE-22,data/benchmark/src/main/java/org/owasp/benchmark/testcode/BenchmarkTest00696.java,69,semgrep,1,single-tool,error,"Detected a potential path traversal. A malicious actor could control the location of this file, to include going backwards in the directory with '../'. To address this, ensure that user-controlled variables in file paths are sanitized. You may also consider using a utility method such as org.apache.commons.io.FilenameUtils.getName(...) to only retrieve the file name from the path."
BenchmarkTest00697,CWE-22,data/benchmark/src/main/java/org/owasp/benchmark/testcode/BenchmarkTest00697.java,57,semgrep,1,single-tool,error,"Detected a potential path traversal. A malicious actor could control the location of this file, to include going backwards in the directory with '../'. To address this, ensure that user-controlled variables in file paths are sanitized. You may also consider using a utility method such as org.apache.commons.io.FilenameUtils.getName(...) to only retrieve the file name from the path."
BenchmarkTest00698,CWE-22,data/benchmark/src/main/java/org/owasp/benchmark/testcode/BenchmarkTest00698.java,52,semgrep,1,single-tool,error,"Detected a potential path traversal. A malicious actor could control the location of this file, to include going backwards in the directory with '../'. To address this, ensure that user-controlled variables in file paths are sanitized. You may also consider using a utility method such as org.apache.commons.io.FilenameUtils.getName(...) to only retrieve the file name from the path."
BenchmarkTest00699,CWE-22,data/benchmark/src/main/java/org/owasp/benchmark/testcode/BenchmarkTest00699.java,69,semgrep,1,single-tool,error,"Detected a potential path traversal. A malicious actor could control the location of this file, to include going backwards in the directory with '../'. To address this, ensure that user-controlled variables in file paths are sanitized. You may also consider using a utility method such as org.apache.commons.io.FilenameUtils.getName(...) to only retrieve the file name from the path."
BenchmarkTest00700,CWE-22,data/benchmark/src/main/java/org/owasp/benchmark/testcode/BenchmarkTest00700.java,63,semgrep,1,single-tool,error,"Detected a potential path traversal. A malicious actor could control the location of this file, to include going backwards in the directory with '../'. To address this, ensure that user-controlled variables in file paths are sanitized. You may also consider using a utility method such as org.apache.commons.io.FilenameUtils.getName(...) to only retrieve the file name from the path."
BenchmarkTest00700,CWE-22,data/benchmark/src/main/java/org/owasp/benchmark/testcode/BenchmarkTest00700.java,76,semgrep,1,single-tool,error,"Detected a potential path traversal. A malicious actor could control the location of this file, to include going backwards in the directory with '../'. To address this, ensure that user-controlled variables in file paths are sanitized. You may also consider using a utility method such as org.apache.commons.io.FilenameUtils.getName(...) to only retrieve the file name from the path."
BenchmarkTest00702,CWE-330,data/benchmark/src/main/java/org/owasp/benchmark/testcode/BenchmarkTest00702.java,57,semgrep;sonarqube,2,"medium (same line, different CWE label)",MAJOR;warning,"Detected use of the functions `Math.random()` or `java.util.Random()`. These are both not cryptographically strong random number generators (RNGs). If you are using these RNGs to create passwords or secret tokens, use `java.security.SecureRandom` instead."
BenchmarkTest00703,CWE-328,data/benchmark/src/main/java/org/owasp/benchmark/testcode/BenchmarkTest00703.java,66,semgrep;sonarqube,2,"medium (same line, different CWE label)",CRITICAL;warning,"Detected SHA1 hash algorithm which is considered insecure. SHA1 is not collision resistant and is therefore not suitable as a cryptographic signature. Instead, use PBKDF2 for password hashing or SHA256 or SHA512 for other hash function applications."
BenchmarkTest00703,CWE-1240,owasp-benchmark:data/benchmark/src/main/java/org/owasp/benchmark/testcode/BenchmarkTest00703.java,68,sonarqube,1,single-tool,CRITICAL,Make sure this weak hash algorithm is not used in a sensitive context here.
BenchmarkTest00704,CWE-328,data/benchmark/src/main/java/org/owasp/benchmark/testcode/BenchmarkTest00704.java,59,semgrep;sonarqube,2,"medium (same line, different CWE label)",CRITICAL;warning,"Detected SHA1 hash algorithm which is considered insecure. SHA1 is not collision resistant and is therefore not suitable as a cryptographic signature. Instead, use PBKDF2 for password hashing or SHA256 or SHA512 for other hash function applications."
BenchmarkTest00704,CWE-1240,owasp-benchmark:data/benchmark/src/main/java/org/owasp/benchmark/testcode/BenchmarkTest00704.java,61,sonarqube,1,single-tool,CRITICAL,Make sure this weak hash algorithm is not used in a sensitive context here.
BenchmarkTest00705,CWE-328,data/benchmark/src/main/java/org/owasp/benchmark/testcode/BenchmarkTest00705.java,57,semgrep;sonarqube,2,"medium (same line, different CWE label)",CRITICAL;warning,"Detected SHA1 hash algorithm which is considered insecure. SHA1 is not collision resistant and is therefore not suitable as a cryptographic signature. Instead, use PBKDF2 for password hashing or SHA256 or SHA512 for other hash function applications."
BenchmarkTest00708,CWE-328,data/benchmark/src/main/java/org/owasp/benchmark/testcode/BenchmarkTest00708.java,53,semgrep;sonarqube,2,"medium (same line, different CWE label)",CRITICAL;warning,Detected MD5 hash algorithm which is considered insecure. MD5 is not collision resistant and is therefore not suitable as a cryptographic signature. Use HMAC instead.
BenchmarkTest00712,CWE-79,data/benchmark/src/main/java/org/owasp/benchmark/testcode/BenchmarkTest00712.java,59,semgrep,1,single-tool,warning,"Detected a request with potential user-input going into a OutputStream or Writer object. This bypasses any view or template environments, including HTML escaping, which may expose this application to cross-site scripting (XSS) vulnerabilities. Consider using a view technology such as JavaServer Faces (JSFs) which automatically escapes HTML views."
BenchmarkTest00715,CWE-79,data/benchmark/src/main/java/org/owasp/benchmark/testcode/BenchmarkTest00715.java,52,semgrep,1,single-tool,warning,"Detected a request with potential user-input going into a OutputStream or Writer object. This bypasses any view or template environments, including HTML escaping, which may expose this application to cross-site scripting (XSS) vulnerabilities. Consider using a view technology such as JavaServer Faces (JSFs) which automatically escapes HTML views."
BenchmarkTest00719,CWE-79,data/benchmark/src/main/java/org/owasp/benchmark/testcode/BenchmarkTest00719.java,54,semgrep,1,single-tool,warning,"Detected a request with potential user-input going into a OutputStream or Writer object. This bypasses any view or template environments, including HTML escaping, which may expose this application to cross-site scripting (XSS) vulnerabilities. Consider using a view technology such as JavaServer Faces (JSFs) which automatically escapes HTML views."
BenchmarkTest00720,CWE-79,data/benchmark/src/main/java/org/owasp/benchmark/testcode/BenchmarkTest00720.java,71,semgrep,1,single-tool,warning,"Detected a request with potential user-input going into a OutputStream or Writer object. This bypasses any view or template environments, including HTML escaping, which may expose this application to cross-site scripting (XSS) vulnerabilities. Consider using a view technology such as JavaServer Faces (JSFs) which automatically escapes HTML views."
BenchmarkTest00723,CWE-79,data/benchmark/src/main/java/org/owasp/benchmark/testcode/BenchmarkTest00723.java,57,semgrep,1,single-tool,warning,"Detected a request with potential user-input going into a OutputStream or Writer object. This bypasses any view or template environments, including HTML escaping, which may expose this application to cross-site scripting (XSS) vulnerabilities. Consider using a view technology such as JavaServer Faces (JSFs) which automatically escapes HTML views."
BenchmarkTest00724,CWE-79,data/benchmark/src/main/java/org/owasp/benchmark/testcode/BenchmarkTest00724.java,70,semgrep,1,single-tool,warning,"Detected a request with potential user-input going into a OutputStream or Writer object. This bypasses any view or template environments, including HTML escaping, which may expose this application to cross-site scripting (XSS) vulnerabilities. Consider using a view technology such as JavaServer Faces (JSFs) which automatically escapes HTML views."
BenchmarkTest00727,CWE-79,data/benchmark/src/main/java/org/owasp/benchmark/testcode/BenchmarkTest00727.java,54,semgrep,1,single-tool,warning,"Detected a request with potential user-input going into a OutputStream or Writer object. This bypasses any view or template environments, including HTML escaping, which may expose this application to cross-site scripting (XSS) vulnerabilities. Consider using a view technology such as JavaServer Faces (JSFs) which automatically escapes HTML views."
BenchmarkTest00728,CWE-79,data/benchmark/src/main/java/org/owasp/benchmark/testcode/BenchmarkTest00728.java,56,semgrep,1,single-tool,warning,"Detected a request with potential user-input going into a OutputStream or Writer object. This bypasses any view or template environments, including HTML escaping, which may expose this application to cross-site scripting (XSS) vulnerabilities. Consider using a view technology such as JavaServer Faces (JSFs) which automatically escapes HTML views."
BenchmarkTest00729,CWE-79,data/benchmark/src/main/java/org/owasp/benchmark/testcode/BenchmarkTest00729.java,53,semgrep,1,single-tool,warning,"Detected a request with potential user-input going into a OutputStream or Writer object. This bypasses any view or template environments, including HTML escaping, which may expose this application to cross-site scripting (XSS) vulnerabilities. Consider using a view technology such as JavaServer Faces (JSFs) which automatically escapes HTML views."
BenchmarkTest00731,CWE-78,data/benchmark/src/main/java/org/owasp/benchmark/testcode/BenchmarkTest00731.java,60,semgrep,1,high (same CWE),error,"Detected input from a HTTPServletRequest going into a 'ProcessBuilder' or 'exec' command. This could lead to command injection if variables passed into the exec commands are not properly sanitized. Instead, avoid using these OS commands with user-supplied input, or, if you must use these commands, use a whitelist of specific values."
BenchmarkTest00732,CWE-78,data/benchmark/src/main/java/org/owasp/benchmark/testcode/BenchmarkTest00732.java,68,semgrep,1,single-tool,error,A formatted or concatenated string was detected as input to a ProcessBuilder call. This is dangerous if a variable is controlled by user input and could result in a command injection. Ensure your variables are not controlled by users or sufficiently sanitized.
BenchmarkTest00733,CWE-330,data/benchmark/src/main/java/org/owasp/benchmark/testcode/BenchmarkTest00733.java,51,semgrep;sonarqube,2,"medium (same line, different CWE label)",MAJOR;warning,"Detected use of the functions `Math.random()` or `java.util.Random()`. These are both not cryptographically strong random number generators (RNGs). If you are using these RNGs to create passwords or secret tokens, use `java.security.SecureRandom` instead."
BenchmarkTest00734,CWE-330,data/benchmark/src/main/java/org/owasp/benchmark/testcode/BenchmarkTest00734.java,69,semgrep;sonarqube,2,"medium (same line, different CWE label)",MAJOR;warning,"Detected use of the functions `Math.random()` or `java.util.Random()`. These are both not cryptographically strong random number generators (RNGs). If you are using these RNGs to create passwords or secret tokens, use `java.security.SecureRandom` instead."
BenchmarkTest00735,CWE-330,data/benchmark/src/main/java/org/owasp/benchmark/testcode/BenchmarkTest00735.java,60,semgrep;sonarqube,2,"medium (same line, different CWE label)",MAJOR;warning,"Detected use of the functions `Math.random()` or `java.util.Random()`. These are both not cryptographically strong random number generators (RNGs). If you are using these RNGs to create passwords or secret tokens, use `java.security.SecureRandom` instead."
BenchmarkTest00736,CWE-614,data/benchmark/src/main/java/org/owasp/benchmark/testcode/BenchmarkTest00736.java,72,semgrep,1,single-tool,warning,A cookie was detected without setting the 'secure' flag. The 'secure' flag for cookies prevents the client from transmitting the cookie over insecure channels such as HTTP. Set the 'secure' flag by calling 'cookie.setSecure(true);'
BenchmarkTest00738,CWE-78,data/benchmark/src/main/java/org/owasp/benchmark/testcode/BenchmarkTest00738.java,78,semgrep,1,single-tool,error,"Detected input from a HTTPServletRequest going into a 'ProcessBuilder' or 'exec' command. This could lead to command injection if variables passed into the exec commands are not properly sanitized. Instead, avoid using these OS commands with user-supplied input, or, if you must use these commands, use a whitelist of specific values."
BenchmarkTest00739,CWE-78,data/benchmark/src/main/java/org/owasp/benchmark/testcode/BenchmarkTest00739.java,78,semgrep,1,single-tool,error,"Detected input from a HTTPServletRequest going into a 'ProcessBuilder' or 'exec' command. This could lead to command injection if variables passed into the exec commands are not properly sanitized. Instead, avoid using these OS commands with user-supplied input, or, if you must use these commands, use a whitelist of specific values."
BenchmarkTest00743,CWE-78,data/benchmark/src/main/java/org/owasp/benchmark/testcode/BenchmarkTest00743.java,75,semgrep,1,single-tool,error,"Detected input from a HTTPServletRequest going into a 'ProcessBuilder' or 'exec' command. This could lead to command injection if variables passed into the exec commands are not properly sanitized. Instead, avoid using these OS commands with user-supplied input, or, if you must use these commands, use a whitelist of specific values."
BenchmarkTest00755,CWE-501,data/benchmark/src/main/java/org/owasp/benchmark/testcode/BenchmarkTest00755.java,56,semgrep,1,single-tool,warning,"Detected input from a HTTPServletRequest going into a session command, like `setAttribute`. User input into such a command could lead to an attacker inputting malicious code into your session parameters, blurring the line between what's trusted and untrusted, and therefore leading to a trust boundary violation. This could lead to programmers trusting unvalidated data. Instead, thoroughly sanitize user input before passing it into such function calls."
BenchmarkTest00755,CWE-79,data/benchmark/src/main/java/org/owasp/benchmark/testcode/BenchmarkTest00755.java,58,semgrep,1,single-tool,warning,"Detected a request with potential user-input going into a OutputStream or Writer object. This bypasses any view or template environments, including HTML escaping, which may expose this application to cross-site scripting (XSS) vulnerabilities. Consider using a view technology such as JavaServer Faces (JSFs) which automatically escapes HTML views."
BenchmarkTest00756,CWE-501,data/benchmark/src/main/java/org/owasp/benchmark/testcode/BenchmarkTest00756.java,51,semgrep,1,single-tool,warning,"Detected input from a HTTPServletRequest going into a session command, like `setAttribute`. User input into such a command could lead to an attacker inputting malicious code into your session parameters, blurring the line between what's trusted and untrusted, and therefore leading to a trust boundary violation. This could lead to programmers trusting unvalidated data. Instead, thoroughly sanitize user input before passing it into such function calls."
BenchmarkTest00757,CWE-79,data/benchmark/src/main/java/org/owasp/benchmark/testcode/BenchmarkTest00757.java,72,semgrep,1,single-tool,warning,"Detected a request with potential user-input going into a OutputStream or Writer object. This bypasses any view or template environments, including HTML escaping, which may expose this application to cross-site scripting (XSS) vulnerabilities. Consider using a view technology such as JavaServer Faces (JSFs) which automatically escapes HTML views."
BenchmarkTest00759,CWE-501,data/benchmark/src/main/java/org/owasp/benchmark/testcode/BenchmarkTest00759.java,54,semgrep,1,single-tool,warning,"Detected input from a HTTPServletRequest going into a session command, like `setAttribute`. User input into such a command could lead to an attacker inputting malicious code into your session parameters, blurring the line between what's trusted and untrusted, and therefore leading to a trust boundary violation. This could lead to programmers trusting unvalidated data. Instead, thoroughly sanitize user input before passing it into such function calls."
BenchmarkTest00759,CWE-79,data/benchmark/src/main/java/org/owasp/benchmark/testcode/BenchmarkTest00759.java,56,semgrep,1,single-tool,warning,"Detected a request with potential user-input going into a OutputStream or Writer object. This bypasses any view or template environments, including HTML escaping, which may expose this application to cross-site scripting (XSS) vulnerabilities. Consider using a view technology such as JavaServer Faces (JSFs) which automatically escapes HTML views."
BenchmarkTest00761,CWE-89,data/benchmark/src/main/java/org/owasp/benchmark/testcode/BenchmarkTest00761.java,74,semgrep;sonarqube,2,high (same CWE),MAJOR;warning,Detected input from a HTTPServletRequest going into a SQL sink or statement. This could lead to SQL injection if variables in the SQL statement are not properly sanitized. Use parameterized SQL queries or properly sanitize user input instead.
BenchmarkTest00762,CWE-89,data/benchmark/src/main/java/org/owasp/benchmark/testcode/BenchmarkTest00762.java,60,semgrep;sonarqube,2,high (same CWE),MAJOR;warning,Detected input from a HTTPServletRequest going into a SQL sink or statement. This could lead to SQL injection if variables in the SQL statement are not properly sanitized. Use parameterized SQL queries or properly sanitize user input instead.
BenchmarkTest00763,CWE-89,data/benchmark/src/main/java/org/owasp/benchmark/testcode/BenchmarkTest00763.java,74,semgrep;sonarqube,2,high (same CWE),MAJOR;warning,Detected input from a HTTPServletRequest going into a SQL sink or statement. This could lead to SQL injection if variables in the SQL statement are not properly sanitized. Use parameterized SQL queries or properly sanitize user input instead.
BenchmarkTest00764,CWE-89,data/benchmark/src/main/java/org/owasp/benchmark/testcode/BenchmarkTest00764.java,54,semgrep,1,single-tool,warning,Detected input from a HTTPServletRequest going into a SQL sink or statement. This could lead to SQL injection if variables in the SQL statement are not properly sanitized. Use parameterized SQL queries or properly sanitize user input instead.
BenchmarkTest00764,CWE-79,data/benchmark/src/main/java/org/owasp/benchmark/testcode/BenchmarkTest00764.java,57,semgrep,1,single-tool,warning,"Detected a request with potential user-input going into a OutputStream or Writer object. This bypasses any view or template environments, including HTML escaping, which may expose this application to cross-site scripting (XSS) vulnerabilities. Consider using a view technology such as JavaServer Faces (JSFs) which automatically escapes HTML views."
BenchmarkTest00765,CWE-89,data/benchmark/src/main/java/org/owasp/benchmark/testcode/BenchmarkTest00765.java,56,semgrep,1,single-tool,warning,Detected input from a HTTPServletRequest going into a SQL sink or statement. This could lead to SQL injection if variables in the SQL statement are not properly sanitized. Use parameterized SQL queries or properly sanitize user input instead.
BenchmarkTest00765,CWE-79,data/benchmark/src/main/java/org/owasp/benchmark/testcode/BenchmarkTest00765.java,59,semgrep,1,single-tool,warning,"Detected a request with potential user-input going into a OutputStream or Writer object. This bypasses any view or template environments, including HTML escaping, which may expose this application to cross-site scripting (XSS) vulnerabilities. Consider using a view technology such as JavaServer Faces (JSFs) which automatically escapes HTML views."
BenchmarkTest00766,CWE-89,data/benchmark/src/main/java/org/owasp/benchmark/testcode/BenchmarkTest00766.java,59,semgrep,1,single-tool,warning,Detected input from a HTTPServletRequest going into a SQL sink or statement. This could lead to SQL injection if variables in the SQL statement are not properly sanitized. Use parameterized SQL queries or properly sanitize user input instead.
BenchmarkTest00766,CWE-79,data/benchmark/src/main/java/org/owasp/benchmark/testcode/BenchmarkTest00766.java,62,semgrep,1,single-tool,warning,"Detected a request with potential user-input going into a OutputStream or Writer object. This bypasses any view or template environments, including HTML escaping, which may expose this application to cross-site scripting (XSS) vulnerabilities. Consider using a view technology such as JavaServer Faces (JSFs) which automatically escapes HTML views."
BenchmarkTest00767,CWE-89,data/benchmark/src/main/java/org/owasp/benchmark/testcode/BenchmarkTest00767.java,73,semgrep,1,single-tool,warning,Detected input from a HTTPServletRequest going into a SQL sink or statement. This could lead to SQL injection if variables in the SQL statement are not properly sanitized. Use parameterized SQL queries or properly sanitize user input instead.
BenchmarkTest00767,CWE-79,data/benchmark/src/main/java/org/owasp/benchmark/testcode/BenchmarkTest00767.java,76,semgrep,1,single-tool,warning,"Detected a request with potential user-input going into a OutputStream or Writer object. This bypasses any view or template environments, including HTML escaping, which may expose this application to cross-site scripting (XSS) vulnerabilities. Consider using a view technology such as JavaServer Faces (JSFs) which automatically escapes HTML views."
BenchmarkTest00768,CWE-89,data/benchmark/src/main/java/org/owasp/benchmark/testcode/BenchmarkTest00768.java,55,semgrep,1,single-tool,warning,Detected input from a HTTPServletRequest going into a SQL sink or statement. This could lead to SQL injection if variables in the SQL statement are not properly sanitized. Use parameterized SQL queries or properly sanitize user input instead.
BenchmarkTest00770,CWE-89,data/benchmark/src/main/java/org/owasp/benchmark/testcode/BenchmarkTest00770.java,65,semgrep;sonarqube,2,high (same CWE),MAJOR;warning,Detected a formatted string in a SQL statement. This could lead to SQL injection if variables in the SQL statement are not properly sanitized. Use a prepared statements (java.sql.PreparedStatement) instead. You can obtain a PreparedStatement using 'connection.prepareStatement'.
BenchmarkTest00771,CWE-89,data/benchmark/src/main/java/org/owasp/benchmark/testcode/BenchmarkTest00771.java,60,semgrep;sonarqube,2,high (same CWE),MAJOR;warning,Detected a formatted string in a SQL statement. This could lead to SQL injection if variables in the SQL statement are not properly sanitized. Use a prepared statements (java.sql.PreparedStatement) instead. You can obtain a PreparedStatement using 'connection.prepareStatement'.
BenchmarkTest00772,CWE-89,data/benchmark/src/main/java/org/owasp/benchmark/testcode/BenchmarkTest00772.java,74,semgrep;sonarqube,2,high (same CWE),MAJOR;warning,Detected a formatted string in a SQL statement. This could lead to SQL injection if variables in the SQL statement are not properly sanitized. Use a prepared statements (java.sql.PreparedStatement) instead. You can obtain a PreparedStatement using 'connection.prepareStatement'.
BenchmarkTest00773,CWE-89,data/benchmark/src/main/java/org/owasp/benchmark/testcode/BenchmarkTest00773.java,65,semgrep;sonarqube,2,high (same CWE),MAJOR;warning,Detected a formatted string in a SQL statement. This could lead to SQL injection if variables in the SQL statement are not properly sanitized. Use a prepared statements (java.sql.PreparedStatement) instead. You can obtain a PreparedStatement using 'connection.prepareStatement'.
BenchmarkTest00774,CWE-89,data/benchmark/src/main/java/org/owasp/benchmark/testcode/BenchmarkTest00774.java,72,semgrep;sonarqube,2,high (same CWE),MAJOR;warning,Detected input from a HTTPServletRequest going into a SQL sink or statement. This could lead to SQL injection if variables in the SQL statement are not properly sanitized. Use parameterized SQL queries or properly sanitize user input instead.
BenchmarkTest00779,CWE-326,data/benchmark/src/main/java/org/owasp/benchmark/testcode/BenchmarkTest00779.java,86,semgrep,1,high (same CWE),warning,Triple DES (3DES or DESede) is considered deprecated. AES is the recommended cipher. Upgrade to use AES.
BenchmarkTest00779,CWE-327,owasp-benchmark:data/benchmark/src/main/java/org/owasp/benchmark/testcode/BenchmarkTest00779.java,84,sonarqube,1,high (same CWE),CRITICAL,Use another cipher mode or disable padding.
BenchmarkTest00781,CWE-326,data/benchmark/src/main/java/org/owasp/benchmark/testcode/BenchmarkTest00781.java,83,semgrep;sonarqube,2,"medium (same line, different CWE label)",CRITICAL;warning,DES is considered deprecated. AES is the recommended cipher. Upgrade to use AES. See https://www.nist.gov/news-events/news/2005/06/nist-withdraws-outdated-data-encryption-standard for more information.
BenchmarkTest00784,CWE-22,data/benchmark/src/main/java/org/owasp/benchmark/testcode/BenchmarkTest00784.java,96,semgrep,1,single-tool,error,"Detected a potential path traversal. A malicious actor could control the location of this file, to include going backwards in the directory with '../'. To address this, ensure that user-controlled variables in file paths are sanitized. You may also consider using a utility method such as org.apache.commons.io.FilenameUtils.getName(...) to only retrieve the file name from the path."
BenchmarkTest00787,CWE-22,data/benchmark/src/main/java/org/owasp/benchmark/testcode/BenchmarkTest00787.java,85,semgrep,1,single-tool,error,"Detected a potential path traversal. A malicious actor could control the location of this file, to include going backwards in the directory with '../'. To address this, ensure that user-controlled variables in file paths are sanitized. You may also consider using a utility method such as org.apache.commons.io.FilenameUtils.getName(...) to only retrieve the file name from the path."
BenchmarkTest00787,CWE-22,data/benchmark/src/main/java/org/owasp/benchmark/testcode/BenchmarkTest00787.java,98,semgrep,1,single-tool,error,"Detected a potential path traversal. A malicious actor could control the location of this file, to include going backwards in the directory with '../'. To address this, ensure that user-controlled variables in file paths are sanitized. You may also consider using a utility method such as org.apache.commons.io.FilenameUtils.getName(...) to only retrieve the file name from the path."
BenchmarkTest00788,CWE-22,data/benchmark/src/main/java/org/owasp/benchmark/testcode/BenchmarkTest00788.java,80,semgrep,1,single-tool,error,"Detected a potential path traversal. A malicious actor could control the location of this file, to include going backwards in the directory with '../'. To address this, ensure that user-controlled variables in file paths are sanitized. You may also consider using a utility method such as org.apache.commons.io.FilenameUtils.getName(...) to only retrieve the file name from the path."
BenchmarkTest00788,CWE-22,data/benchmark/src/main/java/org/owasp/benchmark/testcode/BenchmarkTest00788.java,93,semgrep,1,single-tool,error,"Detected a potential path traversal. A malicious actor could control the location of this file, to include going backwards in the directory with '../'. To address this, ensure that user-controlled variables in file paths are sanitized. You may also consider using a utility method such as org.apache.commons.io.FilenameUtils.getName(...) to only retrieve the file name from the path."
BenchmarkTest00789,CWE-328,data/benchmark/src/main/java/org/owasp/benchmark/testcode/BenchmarkTest00789.java,80,semgrep;sonarqube,2,"medium (same line, different CWE label)",CRITICAL;warning,"Detected SHA1 hash algorithm which is considered insecure. SHA1 is not collision resistant and is therefore not suitable as a cryptographic signature. Instead, use PBKDF2 for password hashing or SHA256 or SHA512 for other hash function applications."
BenchmarkTest00790,CWE-328,data/benchmark/src/main/java/org/owasp/benchmark/testcode/BenchmarkTest00790.java,73,semgrep;sonarqube,2,"medium (same line, different CWE label)",CRITICAL;warning,"Detected SHA1 hash algorithm which is considered insecure. SHA1 is not collision resistant and is therefore not suitable as a cryptographic signature. Instead, use PBKDF2 for password hashing or SHA256 or SHA512 for other hash function applications."
BenchmarkTest00794,CWE-328,data/benchmark/src/main/java/org/owasp/benchmark/testcode/BenchmarkTest00794.java,76,semgrep;sonarqube,2,"medium (same line, different CWE label)",CRITICAL;warning,Detected MD5 hash algorithm which is considered insecure. MD5 is not collision resistant and is therefore not suitable as a cryptographic signature. Use HMAC instead.
BenchmarkTest00800,CWE-79,data/benchmark/src/main/java/org/owasp/benchmark/testcode/BenchmarkTest00800.java,93,semgrep,1,single-tool,warning,"Detected a request with potential user-input going into a OutputStream or Writer object. This bypasses any view or template environments, including HTML escaping, which may expose this application to cross-site scripting (XSS) vulnerabilities. Consider using a view technology such as JavaServer Faces (JSFs) which automatically escapes HTML views."
BenchmarkTest00801,CWE-79,data/benchmark/src/main/java/org/owasp/benchmark/testcode/BenchmarkTest00801.java,74,semgrep,1,single-tool,warning,"Detected a request with potential user-input going into a OutputStream or Writer object. This bypasses any view or template environments, including HTML escaping, which may expose this application to cross-site scripting (XSS) vulnerabilities. Consider using a view technology such as JavaServer Faces (JSFs) which automatically escapes HTML views."
BenchmarkTest00802,CWE-79,data/benchmark/src/main/java/org/owasp/benchmark/testcode/BenchmarkTest00802.java,80,semgrep,1,single-tool,warning,"Detected a request with potential user-input going into a OutputStream or Writer object. This bypasses any view or template environments, including HTML escaping, which may expose this application to cross-site scripting (XSS) vulnerabilities. Consider using a view technology such as JavaServer Faces (JSFs) which automatically escapes HTML views."
BenchmarkTest00803,CWE-79,data/benchmark/src/main/java/org/owasp/benchmark/testcode/BenchmarkTest00803.java,73,semgrep,1,single-tool,warning,"Detected a request with potential user-input going into a OutputStream or Writer object. This bypasses any view or template environments, including HTML escaping, which may expose this application to cross-site scripting (XSS) vulnerabilities. Consider using a view technology such as JavaServer Faces (JSFs) which automatically escapes HTML views."
BenchmarkTest00804,CWE-79,data/benchmark/src/main/java/org/owasp/benchmark/testcode/BenchmarkTest00804.java,74,semgrep,1,single-tool,warning,"Detected a request with potential user-input going into a OutputStream or Writer object. This bypasses any view or template environments, including HTML escaping, which may expose this application to cross-site scripting (XSS) vulnerabilities. Consider using a view technology such as JavaServer Faces (JSFs) which automatically escapes HTML views."
BenchmarkTest00807,CWE-79,data/benchmark/src/main/java/org/owasp/benchmark/testcode/BenchmarkTest00807.java,75,semgrep,1,single-tool,warning,"Detected a request with potential user-input going into a OutputStream or Writer object. This bypasses any view or template environments, including HTML escaping, which may expose this application to cross-site scripting (XSS) vulnerabilities. Consider using a view technology such as JavaServer Faces (JSFs) which automatically escapes HTML views."
BenchmarkTest00809,CWE-79,data/benchmark/src/main/java/org/owasp/benchmark/testcode/BenchmarkTest00809.java,79,semgrep,1,single-tool,warning,"Detected a request with potential user-input going into a OutputStream or Writer object. This bypasses any view or template environments, including HTML escaping, which may expose this application to cross-site scripting (XSS) vulnerabilities. Consider using a view technology such as JavaServer Faces (JSFs) which automatically escapes HTML views."
BenchmarkTest00810,CWE-79,data/benchmark/src/main/java/org/owasp/benchmark/testcode/BenchmarkTest00810.java,74,semgrep,1,single-tool,warning,"Detected a request with potential user-input going into a OutputStream or Writer object. This bypasses any view or template environments, including HTML escaping, which may expose this application to cross-site scripting (XSS) vulnerabilities. Consider using a view technology such as JavaServer Faces (JSFs) which automatically escapes HTML views."
BenchmarkTest00811,CWE-79,data/benchmark/src/main/java/org/owasp/benchmark/testcode/BenchmarkTest00811.java,92,semgrep,1,single-tool,warning,"Detected a request with potential user-input going into a OutputStream or Writer object. This bypasses any view or template environments, including HTML escaping, which may expose this application to cross-site scripting (XSS) vulnerabilities. Consider using a view technology such as JavaServer Faces (JSFs) which automatically escapes HTML views."
BenchmarkTest00812,CWE-79,data/benchmark/src/main/java/org/owasp/benchmark/testcode/BenchmarkTest00812.java,78,semgrep,1,single-tool,warning,"Detected a request with potential user-input going into a OutputStream or Writer object. This bypasses any view or template environments, including HTML escaping, which may expose this application to cross-site scripting (XSS) vulnerabilities. Consider using a view technology such as JavaServer Faces (JSFs) which automatically escapes HTML views."
BenchmarkTest00813,CWE-79,data/benchmark/src/main/java/org/owasp/benchmark/testcode/BenchmarkTest00813.java,81,semgrep,1,single-tool,warning,"Detected a request with potential user-input going into a OutputStream or Writer object. This bypasses any view or template environments, including HTML escaping, which may expose this application to cross-site scripting (XSS) vulnerabilities. Consider using a view technology such as JavaServer Faces (JSFs) which automatically escapes HTML views."
BenchmarkTest00814,CWE-78,data/benchmark/src/main/java/org/owasp/benchmark/testcode/BenchmarkTest00814.java,87,semgrep,1,high (same CWE),error,"Detected input from a HTTPServletRequest going into a 'ProcessBuilder' or 'exec' command. This could lead to command injection if variables passed into the exec commands are not properly sanitized. Instead, avoid using these OS commands with user-supplied input, or, if you must use these commands, use a whitelist of specific values."
BenchmarkTest00815,CWE-78,data/benchmark/src/main/java/org/owasp/benchmark/testcode/BenchmarkTest00815.java,86,semgrep,1,single-tool,error,A formatted or concatenated string was detected as input to a ProcessBuilder call. This is dangerous if a variable is controlled by user input and could result in a command injection. Ensure your variables are not controlled by users or sufficiently sanitized.
BenchmarkTest00816,CWE-78,data/benchmark/src/main/java/org/owasp/benchmark/testcode/BenchmarkTest00816.java,91,semgrep,1,single-tool,error,A formatted or concatenated string was detected as input to a ProcessBuilder call. This is dangerous if a variable is controlled by user input and could result in a command injection. Ensure your variables are not controlled by users or sufficiently sanitized.
BenchmarkTest00817,CWE-330,data/benchmark/src/main/java/org/owasp/benchmark/testcode/BenchmarkTest00817.java,92,semgrep;sonarqube,2,"medium (same line, different CWE label)",MAJOR;warning,"Detected use of the functions `Math.random()` or `java.util.Random()`. These are both not cryptographically strong random number generators (RNGs). If you are using these RNGs to create passwords or secret tokens, use `java.security.SecureRandom` instead."
BenchmarkTest00818,CWE-330,data/benchmark/src/main/java/org/owasp/benchmark/testcode/BenchmarkTest00818.java,75,semgrep;sonarqube,2,"medium (same line, different CWE label)",MAJOR;warning,"Detected use of the functions `Math.random()` or `java.util.Random()`. These are both not cryptographically strong random number generators (RNGs). If you are using these RNGs to create passwords or secret tokens, use `java.security.SecureRandom` instead."
BenchmarkTest00819,CWE-330,data/benchmark/src/main/java/org/owasp/benchmark/testcode/BenchmarkTest00819.java,77,semgrep;sonarqube,2,"medium (same line, different CWE label)",MAJOR;warning,"Detected use of the functions `Math.random()` or `java.util.Random()`. These are both not cryptographically strong random number generators (RNGs). If you are using these RNGs to create passwords or secret tokens, use `java.security.SecureRandom` instead."
BenchmarkTest00820,CWE-614,data/benchmark/src/main/java/org/owasp/benchmark/testcode/BenchmarkTest00820.java,89,semgrep,1,single-tool,warning,A cookie was detected without setting the 'secure' flag. The 'secure' flag for cookies prevents the client from transmitting the cookie over insecure channels such as HTTP. Set the 'secure' flag by calling 'cookie.setSecure(true);'
BenchmarkTest00821,CWE-614,data/benchmark/src/main/java/org/owasp/benchmark/testcode/BenchmarkTest00821.java,90,semgrep,1,single-tool,warning,A cookie was detected without setting the 'secure' flag. The 'secure' flag for cookies prevents the client from transmitting the cookie over insecure channels such as HTTP. Set the 'secure' flag by calling 'cookie.setSecure(true);'
BenchmarkTest00822,CWE-79,data/benchmark/src/main/java/org/owasp/benchmark/testcode/BenchmarkTest00822.java,78,semgrep,1,single-tool,warning,"Detected a request with potential user-input going into a OutputStream or Writer object. This bypasses any view or template environments, including HTML escaping, which may expose this application to cross-site scripting (XSS) vulnerabilities. Consider using a view technology such as JavaServer Faces (JSFs) which automatically escapes HTML views."
BenchmarkTest00825,CWE-78,data/benchmark/src/main/java/org/owasp/benchmark/testcode/BenchmarkTest00825.java,83,semgrep,1,single-tool,error,"Detected input from a HTTPServletRequest going into a 'ProcessBuilder' or 'exec' command. This could lead to command injection if variables passed into the exec commands are not properly sanitized. Instead, avoid using these OS commands with user-supplied input, or, if you must use these commands, use a whitelist of specific values."
BenchmarkTest00826,CWE-78,data/benchmark/src/main/java/org/owasp/benchmark/testcode/BenchmarkTest00826.java,87,semgrep,1,single-tool,error,"Detected input from a HTTPServletRequest going into a 'ProcessBuilder' or 'exec' command. This could lead to command injection if variables passed into the exec commands are not properly sanitized. Instead, avoid using these OS commands with user-supplied input, or, if you must use these commands, use a whitelist of specific values."
BenchmarkTest00833,CWE-501,data/benchmark/src/main/java/org/owasp/benchmark/testcode/BenchmarkTest00833.java,78,semgrep,1,single-tool,warning,"Detected input from a HTTPServletRequest going into a session command, like `setAttribute`. User input into such a command could lead to an attacker inputting malicious code into your session parameters, blurring the line between what's trusted and untrusted, and therefore leading to a trust boundary violation. This could lead to programmers trusting unvalidated data. Instead, thoroughly sanitize user input before passing it into such function calls."
BenchmarkTest00833,CWE-79,data/benchmark/src/main/java/org/owasp/benchmark/testcode/BenchmarkTest00833.java,80,semgrep,1,single-tool,warning,"Detected a request with potential user-input going into a OutputStream or Writer object. This bypasses any view or template environments, including HTML escaping, which may expose this application to cross-site scripting (XSS) vulnerabilities. Consider using a view technology such as JavaServer Faces (JSFs) which automatically escapes HTML views."
BenchmarkTest00834,CWE-501,data/benchmark/src/main/java/org/owasp/benchmark/testcode/BenchmarkTest00834.java,80,semgrep,1,single-tool,warning,"Detected input from a HTTPServletRequest going into a session command, like `setAttribute`. User input into such a command could lead to an attacker inputting malicious code into your session parameters, blurring the line between what's trusted and untrusted, and therefore leading to a trust boundary violation. This could lead to programmers trusting unvalidated data. Instead, thoroughly sanitize user input before passing it into such function calls."
BenchmarkTest00834,CWE-79,data/benchmark/src/main/java/org/owasp/benchmark/testcode/BenchmarkTest00834.java,82,semgrep,1,single-tool,warning,"Detected a request with potential user-input going into a OutputStream or Writer object. This bypasses any view or template environments, including HTML escaping, which may expose this application to cross-site scripting (XSS) vulnerabilities. Consider using a view technology such as JavaServer Faces (JSFs) which automatically escapes HTML views."
BenchmarkTest00836,CWE-501,data/benchmark/src/main/java/org/owasp/benchmark/testcode/BenchmarkTest00836.java,74,semgrep,1,single-tool,warning,"Detected input from a HTTPServletRequest going into a session command, like `setAttribute`. User input into such a command could lead to an attacker inputting malicious code into your session parameters, blurring the line between what's trusted and untrusted, and therefore leading to a trust boundary violation. This could lead to programmers trusting unvalidated data. Instead, thoroughly sanitize user input before passing it into such function calls."
BenchmarkTest00836,CWE-79,data/benchmark/src/main/java/org/owasp/benchmark/testcode/BenchmarkTest00836.java,76,semgrep,1,single-tool,warning,"Detected a request with potential user-input going into a OutputStream or Writer object. This bypasses any view or template environments, including HTML escaping, which may expose this application to cross-site scripting (XSS) vulnerabilities. Consider using a view technology such as JavaServer Faces (JSFs) which automatically escapes HTML views."
BenchmarkTest00838,CWE-89,data/benchmark/src/main/java/org/owasp/benchmark/testcode/BenchmarkTest00838.java,96,semgrep;sonarqube,2,high (same CWE),MAJOR;warning,Detected input from a HTTPServletRequest going into a SQL sink or statement. This could lead to SQL injection if variables in the SQL statement are not properly sanitized. Use parameterized SQL queries or properly sanitize user input instead.
BenchmarkTest00839,CWE-89,data/benchmark/src/main/java/org/owasp/benchmark/testcode/BenchmarkTest00839.java,82,semgrep;sonarqube,2,high (same CWE),MAJOR;warning,Detected input from a HTTPServletRequest going into a SQL sink or statement. This could lead to SQL injection if variables in the SQL statement are not properly sanitized. Use parameterized SQL queries or properly sanitize user input instead.
BenchmarkTest00840,CWE-89,data/benchmark/src/main/java/org/owasp/benchmark/testcode/BenchmarkTest00840.java,80,semgrep,1,single-tool,warning,Detected input from a HTTPServletRequest going into a SQL sink or statement. This could lead to SQL injection if variables in the SQL statement are not properly sanitized. Use parameterized SQL queries or properly sanitize user input instead.
BenchmarkTest00841,CWE-89,data/benchmark/src/main/java/org/owasp/benchmark/testcode/BenchmarkTest00841.java,94,semgrep,1,single-tool,warning,Detected input from a HTTPServletRequest going into a SQL sink or statement. This could lead to SQL injection if variables in the SQL statement are not properly sanitized. Use parameterized SQL queries or properly sanitize user input instead.
BenchmarkTest00845,CWE-89,data/benchmark/src/main/java/org/owasp/benchmark/testcode/BenchmarkTest00845.java,79,semgrep,1,single-tool,warning,Detected input from a HTTPServletRequest going into a SQL sink or statement. This could lead to SQL injection if variables in the SQL statement are not properly sanitized. Use parameterized SQL queries or properly sanitize user input instead.
BenchmarkTest00846,CWE-89,data/benchmark/src/main/java/org/owasp/benchmark/testcode/BenchmarkTest00846.java,75,semgrep,1,single-tool,warning,Detected input from a HTTPServletRequest going into a SQL sink or statement. This could lead to SQL injection if variables in the SQL statement are not properly sanitized. Use parameterized SQL queries or properly sanitize user input instead.
BenchmarkTest00847,CWE-89,data/benchmark/src/main/java/org/owasp/benchmark/testcode/BenchmarkTest00847.java,87,semgrep;sonarqube,2,high (same CWE),MAJOR;warning,Detected a formatted string in a SQL statement. This could lead to SQL injection if variables in the SQL statement are not properly sanitized. Use a prepared statements (java.sql.PreparedStatement) instead. You can obtain a PreparedStatement using 'connection.prepareStatement'.
BenchmarkTest00848,CWE-89,data/benchmark/src/main/java/org/owasp/benchmark/testcode/BenchmarkTest00848.java,75,semgrep;sonarqube,2,high (same CWE),MAJOR;warning,Detected input from a HTTPServletRequest going into a SQL sink or statement. This could lead to SQL injection if variables in the SQL statement are not properly sanitized. Use parameterized SQL queries or properly sanitize user input instead.
BenchmarkTest00849,CWE-89,data/benchmark/src/main/java/org/owasp/benchmark/testcode/BenchmarkTest00849.java,87,semgrep;sonarqube,2,high (same CWE),MAJOR;warning,Detected a formatted string in a SQL statement. This could lead to SQL injection if variables in the SQL statement are not properly sanitized. Use a prepared statements (java.sql.PreparedStatement) instead. You can obtain a PreparedStatement using 'connection.prepareStatement'.
BenchmarkTest00850,CWE-89,data/benchmark/src/main/java/org/owasp/benchmark/testcode/BenchmarkTest00850.java,87,semgrep;sonarqube,2,high (same CWE),MAJOR;warning,Detected a formatted string in a SQL statement. This could lead to SQL injection if variables in the SQL statement are not properly sanitized. Use a prepared statements (java.sql.PreparedStatement) instead. You can obtain a PreparedStatement using 'connection.prepareStatement'.
BenchmarkTest00851,CWE-89,data/benchmark/src/main/java/org/owasp/benchmark/testcode/BenchmarkTest00851.java,80,semgrep;sonarqube,2,high (same CWE),MAJOR;warning,Detected input from a HTTPServletRequest going into a SQL sink or statement. This could lead to SQL injection if variables in the SQL statement are not properly sanitized. Use parameterized SQL queries or properly sanitize user input instead.
BenchmarkTest00853,CWE-326,data/benchmark/src/main/java/org/owasp/benchmark/testcode/BenchmarkTest00853.java,66,semgrep,1,high (same CWE),warning,Triple DES (3DES or DESede) is considered deprecated. AES is the recommended cipher. Upgrade to use AES.
BenchmarkTest00853,CWE-327,owasp-benchmark:data/benchmark/src/main/java/org/owasp/benchmark/testcode/BenchmarkTest00853.java,63,sonarqube,1,high (same CWE),CRITICAL,Use another cipher mode or disable padding.
BenchmarkTest00855,CWE-326,data/benchmark/src/main/java/org/owasp/benchmark/testcode/BenchmarkTest00855.java,73,semgrep,1,high (same CWE),warning,Triple DES (3DES or DESede) is considered deprecated. AES is the recommended cipher. Upgrade to use AES.
BenchmarkTest00855,CWE-327,owasp-benchmark:data/benchmark/src/main/java/org/owasp/benchmark/testcode/BenchmarkTest00855.java,71,sonarqube,1,high (same CWE),CRITICAL,Use another cipher mode or disable padding.
BenchmarkTest00856,CWE-326,data/benchmark/src/main/java/org/owasp/benchmark/testcode/BenchmarkTest00856.java,80,semgrep;sonarqube,2,"medium (same line, different CWE label)",CRITICAL;warning,DES is considered deprecated. AES is the recommended cipher. Upgrade to use AES. See https://www.nist.gov/news-events/news/2005/06/nist-withdraws-outdated-data-encryption-standard for more information.
BenchmarkTest00857,CWE-326,data/benchmark/src/main/java/org/owasp/benchmark/testcode/BenchmarkTest00857.java,79,semgrep;sonarqube,2,"medium (same line, different CWE label)",CRITICAL;warning,DES is considered deprecated. AES is the recommended cipher. Upgrade to use AES. See https://www.nist.gov/news-events/news/2005/06/nist-withdraws-outdated-data-encryption-standard for more information.
BenchmarkTest00859,CWE-326,data/benchmark/src/main/java/org/owasp/benchmark/testcode/BenchmarkTest00859.java,62,semgrep,1,high (same CWE),warning,Triple DES (3DES or DESede) is considered deprecated. AES is the recommended cipher. Upgrade to use AES.
BenchmarkTest00859,CWE-327,owasp-benchmark:data/benchmark/src/main/java/org/owasp/benchmark/testcode/BenchmarkTest00859.java,59,sonarqube,1,high (same CWE),CRITICAL,Use a secure cipher mode.
BenchmarkTest00861,CWE-90,data/benchmark/src/main/java/org/owasp/benchmark/testcode/BenchmarkTest00861.java,78,semgrep,1,single-tool,warning,"Detected input from a HTTPServletRequest going into an LDAP query. This could lead to LDAP injection if the input is not properly sanitized, which could result in attackers modifying objects in the LDAP tree structure. Ensure data passed to an LDAP query is not controllable or properly sanitize the data."
BenchmarkTest00862,CWE-22,data/benchmark/src/main/java/org/owasp/benchmark/testcode/BenchmarkTest00862.java,54,semgrep,1,single-tool,error,"Detected a potential path traversal. A malicious actor could control the location of this file, to include going backwards in the directory with '../'. To address this, ensure that user-controlled variables in file paths are sanitized. You may also consider using a utility method such as org.apache.commons.io.FilenameUtils.getName(...) to only retrieve the file name from the path."
BenchmarkTest00863,CWE-22,data/benchmark/src/main/java/org/owasp/benchmark/testcode/BenchmarkTest00863.java,51,semgrep,1,single-tool,error,"Detected a potential path traversal. A malicious actor could control the location of this file, to include going backwards in the directory with '../'. To address this, ensure that user-controlled variables in file paths are sanitized. You may also consider using a utility method such as org.apache.commons.io.FilenameUtils.getName(...) to only retrieve the file name from the path."
BenchmarkTest00866,CWE-22,data/benchmark/src/main/java/org/owasp/benchmark/testcode/BenchmarkTest00866.java,57,semgrep,1,single-tool,error,"Detected a potential path traversal. A malicious actor could control the location of this file, to include going backwards in the directory with '../'. To address this, ensure that user-controlled variables in file paths are sanitized. You may also consider using a utility method such as org.apache.commons.io.FilenameUtils.getName(...) to only retrieve the file name from the path."
BenchmarkTest00866,CWE-22,data/benchmark/src/main/java/org/owasp/benchmark/testcode/BenchmarkTest00866.java,70,semgrep,1,single-tool,error,"Detected a potential path traversal. A malicious actor could control the location of this file, to include going backwards in the directory with '../'. To address this, ensure that user-controlled variables in file paths are sanitized. You may also consider using a utility method such as org.apache.commons.io.FilenameUtils.getName(...) to only retrieve the file name from the path."
BenchmarkTest00868,CWE-328,data/benchmark/src/main/java/org/owasp/benchmark/testcode/BenchmarkTest00868.java,75,semgrep;sonarqube,2,"medium (same line, different CWE label)",CRITICAL;warning,"Detected SHA1 hash algorithm which is considered insecure. SHA1 is not collision resistant and is therefore not suitable as a cryptographic signature. Instead, use PBKDF2 for password hashing or SHA256 or SHA512 for other hash function applications."
BenchmarkTest00868,CWE-1240,owasp-benchmark:data/benchmark/src/main/java/org/owasp/benchmark/testcode/BenchmarkTest00868.java,77,sonarqube,1,single-tool,CRITICAL,Make sure this weak hash algorithm is not used in a sensitive context here.
BenchmarkTest00869,CWE-328,data/benchmark/src/main/java/org/owasp/benchmark/testcode/BenchmarkTest00869.java,74,semgrep;sonarqube,2,"medium (same line, different CWE label)",CRITICAL;warning,"Detected SHA1 hash algorithm which is considered insecure. SHA1 is not collision resistant and is therefore not suitable as a cryptographic signature. Instead, use PBKDF2 for password hashing or SHA256 or SHA512 for other hash function applications."
BenchmarkTest00869,CWE-1240,owasp-benchmark:data/benchmark/src/main/java/org/owasp/benchmark/testcode/BenchmarkTest00869.java,76,sonarqube,1,single-tool,CRITICAL,Make sure this weak hash algorithm is not used in a sensitive context here.
BenchmarkTest00870,CWE-328,data/benchmark/src/main/java/org/owasp/benchmark/testcode/BenchmarkTest00870.java,50,semgrep;sonarqube,2,"medium (same line, different CWE label)",CRITICAL;warning,"Detected SHA1 hash algorithm which is considered insecure. SHA1 is not collision resistant and is therefore not suitable as a cryptographic signature. Instead, use PBKDF2 for password hashing or SHA256 or SHA512 for other hash function applications."
BenchmarkTest00871,CWE-328,data/benchmark/src/main/java/org/owasp/benchmark/testcode/BenchmarkTest00871.java,55,semgrep;sonarqube,2,"medium (same line, different CWE label)",CRITICAL;warning,"Detected SHA1 hash algorithm which is considered insecure. SHA1 is not collision resistant and is therefore not suitable as a cryptographic signature. Instead, use PBKDF2 for password hashing or SHA256 or SHA512 for other hash function applications."
BenchmarkTest00872,CWE-328,data/benchmark/src/main/java/org/owasp/benchmark/testcode/BenchmarkTest00872.java,51,semgrep;sonarqube,2,"medium (same line, different CWE label)",CRITICAL;warning,"Detected SHA1 hash algorithm which is considered insecure. SHA1 is not collision resistant and is therefore not suitable as a cryptographic signature. Instead, use PBKDF2 for password hashing or SHA256 or SHA512 for other hash function applications."
BenchmarkTest00895,CWE-78,data/benchmark/src/main/java/org/owasp/benchmark/testcode/BenchmarkTest00895.java,71,semgrep,1,single-tool,error,A formatted or concatenated string was detected as input to a ProcessBuilder call. This is dangerous if a variable is controlled by user input and could result in a command injection. Ensure your variables are not controlled by users or sufficiently sanitized.
BenchmarkTest00896,CWE-78,data/benchmark/src/main/java/org/owasp/benchmark/testcode/BenchmarkTest00896.java,64,semgrep,1,high (same CWE),error,"Detected input from a HTTPServletRequest going into a 'ProcessBuilder' or 'exec' command. This could lead to command injection if variables passed into the exec commands are not properly sanitized. Instead, avoid using these OS commands with user-supplied input, or, if you must use these commands, use a whitelist of specific values."
BenchmarkTest00897,CWE-78,data/benchmark/src/main/java/org/owasp/benchmark/testcode/BenchmarkTest00897.java,80,semgrep,1,high (same CWE),error,"Detected input from a HTTPServletRequest going into a 'ProcessBuilder' or 'exec' command. This could lead to command injection if variables passed into the exec commands are not properly sanitized. Instead, avoid using these OS commands with user-supplied input, or, if you must use these commands, use a whitelist of specific values."
BenchmarkTest00898,CWE-330,data/benchmark/src/main/java/org/owasp/benchmark/testcode/BenchmarkTest00898.java,57,semgrep;sonarqube,2,"medium (same line, different CWE label)",MAJOR;warning,"Detected use of the functions `Math.random()` or `java.util.Random()`. These are both not cryptographically strong random number generators (RNGs). If you are using these RNGs to create passwords or secret tokens, use `java.security.SecureRandom` instead."
BenchmarkTest00899,CWE-330,data/benchmark/src/main/java/org/owasp/benchmark/testcode/BenchmarkTest00899.java,68,semgrep;sonarqube,2,"medium (same line, different CWE label)",MAJOR;warning,"Detected use of the functions `Math.random()` or `java.util.Random()`. These are both not cryptographically strong random number generators (RNGs). If you are using these RNGs to create passwords or secret tokens, use `java.security.SecureRandom` instead."
BenchmarkTest00900,CWE-330,data/benchmark/src/main/java/org/owasp/benchmark/testcode/BenchmarkTest00900.java,68,semgrep;sonarqube,2,"medium (same line, different CWE label)",MAJOR;warning,"Detected use of the functions `Math.random()` or `java.util.Random()`. These are both not cryptographically strong random number generators (RNGs). If you are using these RNGs to create passwords or secret tokens, use `java.security.SecureRandom` instead."
BenchmarkTest00901,CWE-330,data/benchmark/src/main/java/org/owasp/benchmark/testcode/BenchmarkTest00901.java,68,semgrep;sonarqube,2,"medium (same line, different CWE label)",MAJOR;warning,"Detected use of the functions `Math.random()` or `java.util.Random()`. These are both not cryptographically strong random number generators (RNGs). If you are using these RNGs to create passwords or secret tokens, use `java.security.SecureRandom` instead."
BenchmarkTest00902,CWE-330,data/benchmark/src/main/java/org/owasp/benchmark/testcode/BenchmarkTest00902.java,54,semgrep;sonarqube,2,"medium (same line, different CWE label)",MAJOR;warning,"Detected use of the functions `Math.random()` or `java.util.Random()`. These are both not cryptographically strong random number generators (RNGs). If you are using these RNGs to create passwords or secret tokens, use `java.security.SecureRandom` instead."
BenchmarkTest00903,CWE-614,data/benchmark/src/main/java/org/owasp/benchmark/testcode/BenchmarkTest00903.java,85,semgrep,1,single-tool,warning,A cookie was detected without setting the 'secure' flag. The 'secure' flag for cookies prevents the client from transmitting the cookie over insecure channels such as HTTP. Set the 'secure' flag by calling 'cookie.setSecure(true);'
BenchmarkTest00905,CWE-78,data/benchmark/src/main/java/org/owasp/benchmark/testcode/BenchmarkTest00905.java,70,semgrep,1,single-tool,error,"Detected input from a HTTPServletRequest going into a 'ProcessBuilder' or 'exec' command. This could lead to command injection if variables passed into the exec commands are not properly sanitized. Instead, avoid using these OS commands with user-supplied input, or, if you must use these commands, use a whitelist of specific values."
BenchmarkTest00906,CWE-78,data/benchmark/src/main/java/org/owasp/benchmark/testcode/BenchmarkTest00906.java,77,semgrep,1,single-tool,error,"Detected input from a HTTPServletRequest going into a 'ProcessBuilder' or 'exec' command. This could lead to command injection if variables passed into the exec commands are not properly sanitized. Instead, avoid using these OS commands with user-supplied input, or, if you must use these commands, use a whitelist of specific values."
BenchmarkTest00907,CWE-78,data/benchmark/src/main/java/org/owasp/benchmark/testcode/BenchmarkTest00907.java,75,semgrep,1,single-tool,error,"Detected input from a HTTPServletRequest going into a 'ProcessBuilder' or 'exec' command. This could lead to command injection if variables passed into the exec commands are not properly sanitized. Instead, avoid using these OS commands with user-supplied input, or, if you must use these commands, use a whitelist of specific values."
BenchmarkTest00908,CWE-78,data/benchmark/src/main/java/org/owasp/benchmark/testcode/BenchmarkTest00908.java,77,semgrep,1,single-tool,error,"Detected input from a HTTPServletRequest going into a 'ProcessBuilder' or 'exec' command. This could lead to command injection if variables passed into the exec commands are not properly sanitized. Instead, avoid using these OS commands with user-supplied input, or, if you must use these commands, use a whitelist of specific values."
BenchmarkTest00909,CWE-78,data/benchmark/src/main/java/org/owasp/benchmark/testcode/BenchmarkTest00909.java,63,semgrep,1,single-tool,error,"Detected input from a HTTPServletRequest going into a 'ProcessBuilder' or 'exec' command. This could lead to command injection if variables passed into the exec commands are not properly sanitized. Instead, avoid using these OS commands with user-supplied input, or, if you must use these commands, use a whitelist of specific values."
BenchmarkTest00910,CWE-78,data/benchmark/src/main/java/org/owasp/benchmark/testcode/BenchmarkTest00910.java,64,semgrep,1,single-tool,error,"Detected input from a HTTPServletRequest going into a 'ProcessBuilder' or 'exec' command. This could lead to command injection if variables passed into the exec commands are not properly sanitized. Instead, avoid using these OS commands with user-supplied input, or, if you must use these commands, use a whitelist of specific values."
BenchmarkTest00937,CWE-89,data/benchmark/src/main/java/org/owasp/benchmark/testcode/BenchmarkTest00937.java,73,semgrep;sonarqube,2,high (same CWE),MAJOR;warning,Detected a formatted string in a SQL statement. This could lead to SQL injection if variables in the SQL statement are not properly sanitized. Use a prepared statements (java.sql.PreparedStatement) instead. You can obtain a PreparedStatement using 'connection.prepareStatement'.
BenchmarkTest00938,CWE-89,data/benchmark/src/main/java/org/owasp/benchmark/testcode/BenchmarkTest00938.java,61,semgrep;sonarqube,2,high (same CWE),MAJOR;warning,Detected a formatted string in a SQL statement. This could lead to SQL injection if variables in the SQL statement are not properly sanitized. Use a prepared statements (java.sql.PreparedStatement) instead. You can obtain a PreparedStatement using 'connection.prepareStatement'.
BenchmarkTest00939,CWE-89,data/benchmark/src/main/java/org/owasp/benchmark/testcode/BenchmarkTest00939.java,73,semgrep;sonarqube,2,high (same CWE),MAJOR;warning,Detected a formatted string in a SQL statement. This could lead to SQL injection if variables in the SQL statement are not properly sanitized. Use a prepared statements (java.sql.PreparedStatement) instead. You can obtain a PreparedStatement using 'connection.prepareStatement'.
BenchmarkTest00940,CWE-89,data/benchmark/src/main/java/org/owasp/benchmark/testcode/BenchmarkTest00940.java,64,semgrep;sonarqube,2,high (same CWE),MAJOR;warning,Detected a formatted string in a SQL statement. This could lead to SQL injection if variables in the SQL statement are not properly sanitized. Use a prepared statements (java.sql.PreparedStatement) instead. You can obtain a PreparedStatement using 'connection.prepareStatement'.
BenchmarkTest00945,CWE-326,data/benchmark/src/main/java/org/owasp/benchmark/testcode/BenchmarkTest00945.java,76,semgrep,1,high (same CWE),warning,Triple DES (3DES or DESede) is considered deprecated. AES is the recommended cipher. Upgrade to use AES.
BenchmarkTest00945,CWE-327,owasp-benchmark:data/benchmark/src/main/java/org/owasp/benchmark/testcode/BenchmarkTest00945.java,73,sonarqube,1,high (same CWE),CRITICAL,Use a strong cipher algorithm.
BenchmarkTest00946,CWE-326,data/benchmark/src/main/java/org/owasp/benchmark/testcode/BenchmarkTest00946.java,76,semgrep,1,high (same CWE),warning,Triple DES (3DES or DESede) is considered deprecated. AES is the recommended cipher. Upgrade to use AES.
BenchmarkTest00946,CWE-327,owasp-benchmark:data/benchmark/src/main/java/org/owasp/benchmark/testcode/BenchmarkTest00946.java,73,sonarqube,1,high (same CWE),CRITICAL,Use a strong cipher algorithm.
BenchmarkTest00947,CWE-90,data/benchmark/src/main/java/org/owasp/benchmark/testcode/BenchmarkTest00947.java,79,semgrep,1,single-tool,warning,"Detected input from a HTTPServletRequest going into an LDAP query. This could lead to LDAP injection if the input is not properly sanitized, which could result in attackers modifying objects in the LDAP tree structure. Ensure data passed to an LDAP query is not controllable or properly sanitize the data."
BenchmarkTest00948,CWE-90,data/benchmark/src/main/java/org/owasp/benchmark/testcode/BenchmarkTest00948.java,78,semgrep,1,single-tool,warning,"Detected input from a HTTPServletRequest going into an LDAP query. This could lead to LDAP injection if the input is not properly sanitized, which could result in attackers modifying objects in the LDAP tree structure. Ensure data passed to an LDAP query is not controllable or properly sanitize the data."
BenchmarkTest00949,CWE-22,data/benchmark/src/main/java/org/owasp/benchmark/testcode/BenchmarkTest00949.java,68,semgrep,1,single-tool,error,"Detected a potential path traversal. A malicious actor could control the location of this file, to include going backwards in the directory with '../'. To address this, ensure that user-controlled variables in file paths are sanitized. You may also consider using a utility method such as org.apache.commons.io.FilenameUtils.getName(...) to only retrieve the file name from the path."
BenchmarkTest00950,CWE-22,data/benchmark/src/main/java/org/owasp/benchmark/testcode/BenchmarkTest00950.java,68,semgrep,1,single-tool,error,"Detected a potential path traversal. A malicious actor could control the location of this file, to include going backwards in the directory with '../'. To address this, ensure that user-controlled variables in file paths are sanitized. You may also consider using a utility method such as org.apache.commons.io.FilenameUtils.getName(...) to only retrieve the file name from the path."
BenchmarkTest00951,CWE-22,data/benchmark/src/main/java/org/owasp/benchmark/testcode/BenchmarkTest00951.java,85,semgrep,1,single-tool,error,"Detected a potential path traversal. A malicious actor could control the location of this file, to include going backwards in the directory with '../'. To address this, ensure that user-controlled variables in file paths are sanitized. You may also consider using a utility method such as org.apache.commons.io.FilenameUtils.getName(...) to only retrieve the file name from the path."
BenchmarkTest00952,CWE-22,data/benchmark/src/main/java/org/owasp/benchmark/testcode/BenchmarkTest00952.java,88,semgrep,1,single-tool,error,"Detected a potential path traversal. A malicious actor could control the location of this file, to include going backwards in the directory with '../'. To address this, ensure that user-controlled variables in file paths are sanitized. You may also consider using a utility method such as org.apache.commons.io.FilenameUtils.getName(...) to only retrieve the file name from the path."
BenchmarkTest00953,CWE-22,data/benchmark/src/main/java/org/owasp/benchmark/testcode/BenchmarkTest00953.java,79,semgrep,1,single-tool,error,"Detected a potential path traversal. A malicious actor could control the location of this file, to include going backwards in the directory with '../'. To address this, ensure that user-controlled variables in file paths are sanitized. You may also consider using a utility method such as org.apache.commons.io.FilenameUtils.getName(...) to only retrieve the file name from the path."
BenchmarkTest00954,CWE-22,data/benchmark/src/main/java/org/owasp/benchmark/testcode/BenchmarkTest00954.java,79,semgrep,1,single-tool,error,"Detected a potential path traversal. A malicious actor could control the location of this file, to include going backwards in the directory with '../'. To address this, ensure that user-controlled variables in file paths are sanitized. You may also consider using a utility method such as org.apache.commons.io.FilenameUtils.getName(...) to only retrieve the file name from the path."
BenchmarkTest00955,CWE-22,data/benchmark/src/main/java/org/owasp/benchmark/testcode/BenchmarkTest00955.java,79,semgrep,1,single-tool,error,"Detected a potential path traversal. A malicious actor could control the location of this file, to include going backwards in the directory with '../'. To address this, ensure that user-controlled variables in file paths are sanitized. You may also consider using a utility method such as org.apache.commons.io.FilenameUtils.getName(...) to only retrieve the file name from the path."
BenchmarkTest00956,CWE-22,data/benchmark/src/main/java/org/owasp/benchmark/testcode/BenchmarkTest00956.java,79,semgrep,1,single-tool,error,"Detected a potential path traversal. A malicious actor could control the location of this file, to include going backwards in the directory with '../'. To address this, ensure that user-controlled variables in file paths are sanitized. You may also consider using a utility method such as org.apache.commons.io.FilenameUtils.getName(...) to only retrieve the file name from the path."
BenchmarkTest00959,CWE-90,data/benchmark/src/main/java/org/owasp/benchmark/testcode/BenchmarkTest00959.java,82,semgrep,1,single-tool,warning,"Detected input from a HTTPServletRequest going into an LDAP query. This could lead to LDAP injection if the input is not properly sanitized, which could result in attackers modifying objects in the LDAP tree structure. Ensure data passed to an LDAP query is not controllable or properly sanitize the data."
BenchmarkTest00960,CWE-330,data/benchmark/src/main/java/org/owasp/benchmark/testcode/BenchmarkTest00960.java,68,semgrep;sonarqube,2,"medium (same line, different CWE label)",MAJOR;warning,"Detected use of the functions `Math.random()` or `java.util.Random()`. These are both not cryptographically strong random number generators (RNGs). If you are using these RNGs to create passwords or secret tokens, use `java.security.SecureRandom` instead."
BenchmarkTest00961,CWE-328,data/benchmark/src/main/java/org/owasp/benchmark/testcode/BenchmarkTest00961.java,69,semgrep;sonarqube,2,"medium (same line, different CWE label)",CRITICAL;warning,"Detected SHA1 hash algorithm which is considered insecure. SHA1 is not collision resistant and is therefore not suitable as a cryptographic signature. Instead, use PBKDF2 for password hashing or SHA256 or SHA512 for other hash function applications."
BenchmarkTest00963,CWE-328,data/benchmark/src/main/java/org/owasp/benchmark/testcode/BenchmarkTest00963.java,69,semgrep;sonarqube,2,"medium (same line, different CWE label)",CRITICAL;warning,Detected MD5 hash algorithm which is considered insecure. MD5 is not collision resistant and is therefore not suitable as a cryptographic signature. Use HMAC instead.
BenchmarkTest00968,CWE-78,data/benchmark/src/main/java/org/owasp/benchmark/testcode/BenchmarkTest00968.java,78,semgrep,1,high (same CWE),error,"Detected input from a HTTPServletRequest going into a 'ProcessBuilder' or 'exec' command. This could lead to command injection if variables passed into the exec commands are not properly sanitized. Instead, avoid using these OS commands with user-supplied input, or, if you must use these commands, use a whitelist of specific values."
BenchmarkTest00969,CWE-78,data/benchmark/src/main/java/org/owasp/benchmark/testcode/BenchmarkTest00969.java,78,semgrep,1,high (same CWE),error,"Detected input from a HTTPServletRequest going into a 'ProcessBuilder' or 'exec' command. This could lead to command injection if variables passed into the exec commands are not properly sanitized. Instead, avoid using these OS commands with user-supplied input, or, if you must use these commands, use a whitelist of specific values."
BenchmarkTest00970,CWE-78,data/benchmark/src/main/java/org/owasp/benchmark/testcode/BenchmarkTest00970.java,78,semgrep,1,high (same CWE),error,"Detected input from a HTTPServletRequest going into a 'ProcessBuilder' or 'exec' command. This could lead to command injection if variables passed into the exec commands are not properly sanitized. Instead, avoid using these OS commands with user-supplied input, or, if you must use these commands, use a whitelist of specific values."
BenchmarkTest00971,CWE-330,data/benchmark/src/main/java/org/owasp/benchmark/testcode/BenchmarkTest00971.java,68,semgrep;sonarqube,2,"medium (same line, different CWE label)",MAJOR;warning,"Detected use of the functions `Math.random()` or `java.util.Random()`. These are both not cryptographically strong random number generators (RNGs). If you are using these RNGs to create passwords or secret tokens, use `java.security.SecureRandom` instead."
BenchmarkTest00972,CWE-330,data/benchmark/src/main/java/org/owasp/benchmark/testcode/BenchmarkTest00972.java,68,semgrep;sonarqube,2,"medium (same line, different CWE label)",MAJOR;warning,"Detected use of the functions `Math.random()` or `java.util.Random()`. These are both not cryptographically strong random number generators (RNGs). If you are using these RNGs to create passwords or secret tokens, use `java.security.SecureRandom` instead."
BenchmarkTest00973,CWE-330,data/benchmark/src/main/java/org/owasp/benchmark/testcode/BenchmarkTest00973.java,68,semgrep;sonarqube,2,"medium (same line, different CWE label)",MAJOR;warning,"Detected use of the functions `Math.random()` or `java.util.Random()`. These are both not cryptographically strong random number generators (RNGs). If you are using these RNGs to create passwords or secret tokens, use `java.security.SecureRandom` instead."
BenchmarkTest00974,CWE-330,data/benchmark/src/main/java/org/owasp/benchmark/testcode/BenchmarkTest00974.java,68,semgrep;sonarqube,2,"medium (same line, different CWE label)",MAJOR;warning,"Detected use of the functions `Math.random()` or `java.util.Random()`. These are both not cryptographically strong random number generators (RNGs). If you are using these RNGs to create passwords or secret tokens, use `java.security.SecureRandom` instead."
BenchmarkTest00975,CWE-330,data/benchmark/src/main/java/org/owasp/benchmark/testcode/BenchmarkTest00975.java,68,semgrep;sonarqube,2,"medium (same line, different CWE label)",MAJOR;warning,"Detected use of the functions `Math.random()` or `java.util.Random()`. These are both not cryptographically strong random number generators (RNGs). If you are using these RNGs to create passwords or secret tokens, use `java.security.SecureRandom` instead."
BenchmarkTest00976,CWE-330,data/benchmark/src/main/java/org/owasp/benchmark/testcode/BenchmarkTest00976.java,68,semgrep;sonarqube,2,"medium (same line, different CWE label)",MAJOR;warning,"Detected use of the functions `Math.random()` or `java.util.Random()`. These are both not cryptographically strong random number generators (RNGs). If you are using these RNGs to create passwords or secret tokens, use `java.security.SecureRandom` instead."
BenchmarkTest00977,CWE-614,data/benchmark/src/main/java/org/owasp/benchmark/testcode/BenchmarkTest00977.java,85,semgrep,1,single-tool,warning,A cookie was detected without setting the 'secure' flag. The 'secure' flag for cookies prevents the client from transmitting the cookie over insecure channels such as HTTP. Set the 'secure' flag by calling 'cookie.setSecure(true);'
BenchmarkTest00978,CWE-78,data/benchmark/src/main/java/org/owasp/benchmark/testcode/BenchmarkTest00978.java,89,semgrep,1,single-tool,error,"Detected input from a HTTPServletRequest going into a 'ProcessBuilder' or 'exec' command. This could lead to command injection if variables passed into the exec commands are not properly sanitized. Instead, avoid using these OS commands with user-supplied input, or, if you must use these commands, use a whitelist of specific values."
BenchmarkTest00979,CWE-78,data/benchmark/src/main/java/org/owasp/benchmark/testcode/BenchmarkTest00979.java,91,semgrep,1,single-tool,error,"Detected input from a HTTPServletRequest going into a 'ProcessBuilder' or 'exec' command. This could lead to command injection if variables passed into the exec commands are not properly sanitized. Instead, avoid using these OS commands with user-supplied input, or, if you must use these commands, use a whitelist of specific values."
BenchmarkTest00980,CWE-78,data/benchmark/src/main/java/org/owasp/benchmark/testcode/BenchmarkTest00980.java,77,semgrep,1,single-tool,error,"Detected input from a HTTPServletRequest going into a 'ProcessBuilder' or 'exec' command. This could lead to command injection if variables passed into the exec commands are not properly sanitized. Instead, avoid using these OS commands with user-supplied input, or, if you must use these commands, use a whitelist of specific values."
BenchmarkTest00981,CWE-78,data/benchmark/src/main/java/org/owasp/benchmark/testcode/BenchmarkTest00981.java,91,semgrep,1,single-tool,error,"Detected input from a HTTPServletRequest going into a 'ProcessBuilder' or 'exec' command. This could lead to command injection if variables passed into the exec commands are not properly sanitized. Instead, avoid using these OS commands with user-supplied input, or, if you must use these commands, use a whitelist of specific values."
BenchmarkTest00982,CWE-78,data/benchmark/src/main/java/org/owasp/benchmark/testcode/BenchmarkTest00982.java,77,semgrep,1,single-tool,error,"Detected input from a HTTPServletRequest going into a 'ProcessBuilder' or 'exec' command. This could lead to command injection if variables passed into the exec commands are not properly sanitized. Instead, avoid using these OS commands with user-supplied input, or, if you must use these commands, use a whitelist of specific values."
BenchmarkTest00983,CWE-78,data/benchmark/src/main/java/org/owasp/benchmark/testcode/BenchmarkTest00983.java,76,semgrep,1,single-tool,error,"Detected input from a HTTPServletRequest going into a 'ProcessBuilder' or 'exec' command. This could lead to command injection if variables passed into the exec commands are not properly sanitized. Instead, avoid using these OS commands with user-supplied input, or, if you must use these commands, use a whitelist of specific values."
BenchmarkTest00991,CWE-79,data/benchmark/src/main/java/org/owasp/benchmark/testcode/BenchmarkTest00991.java,71,semgrep,1,single-tool,warning,"Detected a request with potential user-input going into a OutputStream or Writer object. This bypasses any view or template environments, including HTML escaping, which may expose this application to cross-site scripting (XSS) vulnerabilities. Consider using a view technology such as JavaServer Faces (JSFs) which automatically escapes HTML views."
BenchmarkTest00992,CWE-79,data/benchmark/src/main/java/org/owasp/benchmark/testcode/BenchmarkTest00992.java,71,semgrep,1,single-tool,warning,"Detected a request with potential user-input going into a OutputStream or Writer object. This bypasses any view or template environments, including HTML escaping, which may expose this application to cross-site scripting (XSS) vulnerabilities. Consider using a view technology such as JavaServer Faces (JSFs) which automatically escapes HTML views."
BenchmarkTest00993,CWE-501,data/benchmark/src/main/java/org/owasp/benchmark/testcode/BenchmarkTest00993.java,69,semgrep,1,single-tool,warning,"Detected input from a HTTPServletRequest going into a session command, like `setAttribute`. User input into such a command could lead to an attacker inputting malicious code into your session parameters, blurring the line between what's trusted and untrusted, and therefore leading to a trust boundary violation. This could lead to programmers trusting unvalidated data. Instead, thoroughly sanitize user input before passing it into such function calls."
BenchmarkTest00993,CWE-79,data/benchmark/src/main/java/org/owasp/benchmark/testcode/BenchmarkTest00993.java,71,semgrep,1,single-tool,warning,"Detected a request with potential user-input going into a OutputStream or Writer object. This bypasses any view or template environments, including HTML escaping, which may expose this application to cross-site scripting (XSS) vulnerabilities. Consider using a view technology such as JavaServer Faces (JSFs) which automatically escapes HTML views."
BenchmarkTest00994,CWE-501,data/benchmark/src/main/java/org/owasp/benchmark/testcode/BenchmarkTest00994.java,69,semgrep,1,single-tool,warning,"Detected input from a HTTPServletRequest going into a session command, like `setAttribute`. User input into such a command could lead to an attacker inputting malicious code into your session parameters, blurring the line between what's trusted and untrusted, and therefore leading to a trust boundary violation. This could lead to programmers trusting unvalidated data. Instead, thoroughly sanitize user input before passing it into such function calls."
BenchmarkTest00994,CWE-79,data/benchmark/src/main/java/org/owasp/benchmark/testcode/BenchmarkTest00994.java,71,semgrep,1,single-tool,warning,"Detected a request with potential user-input going into a OutputStream or Writer object. This bypasses any view or template environments, including HTML escaping, which may expose this application to cross-site scripting (XSS) vulnerabilities. Consider using a view technology such as JavaServer Faces (JSFs) which automatically escapes HTML views."
BenchmarkTest00995,CWE-79,data/benchmark/src/main/java/org/owasp/benchmark/testcode/BenchmarkTest00995.java,71,semgrep,1,single-tool,warning,"Detected a request with potential user-input going into a OutputStream or Writer object. This bypasses any view or template environments, including HTML escaping, which may expose this application to cross-site scripting (XSS) vulnerabilities. Consider using a view technology such as JavaServer Faces (JSFs) which automatically escapes HTML views."
BenchmarkTest00996,CWE-89,data/benchmark/src/main/java/org/owasp/benchmark/testcode/BenchmarkTest00996.java,74,semgrep;sonarqube,2,high (same CWE),MAJOR;warning,Detected input from a HTTPServletRequest going into a SQL sink or statement. This could lead to SQL injection if variables in the SQL statement are not properly sanitized. Use parameterized SQL queries or properly sanitize user input instead.
BenchmarkTest00997,CWE-89,data/benchmark/src/main/java/org/owasp/benchmark/testcode/BenchmarkTest00997.java,74,semgrep;sonarqube,2,high (same CWE),MAJOR;warning,Detected input from a HTTPServletRequest going into a SQL sink or statement. This could lead to SQL injection if variables in the SQL statement are not properly sanitized. Use parameterized SQL queries or properly sanitize user input instead.
BenchmarkTest00998,CWE-89,data/benchmark/src/main/java/org/owasp/benchmark/testcode/BenchmarkTest00998.java,74,semgrep;sonarqube,2,high (same CWE),MAJOR;warning,Detected input from a HTTPServletRequest going into a SQL sink or statement. This could lead to SQL injection if variables in the SQL statement are not properly sanitized. Use parameterized SQL queries or properly sanitize user input instead.
BenchmarkTest00999,CWE-89,data/benchmark/src/main/java/org/owasp/benchmark/testcode/BenchmarkTest00999.java,74,semgrep;sonarqube,2,high (same CWE),MAJOR;warning,Detected input from a HTTPServletRequest going into a SQL sink or statement. This could lead to SQL injection if variables in the SQL statement are not properly sanitized. Use parameterized SQL queries or properly sanitize user input instead.
BenchmarkTest01000,CWE-89,data/benchmark/src/main/java/org/owasp/benchmark/testcode/BenchmarkTest01000.java,74,semgrep;sonarqube,2,high (same CWE),MAJOR;warning,Detected input from a HTTPServletRequest going into a SQL sink or statement. This could lead to SQL injection if variables in the SQL statement are not properly sanitized. Use parameterized SQL queries or properly sanitize user input instead.
BenchmarkTest01001,CWE-89,data/benchmark/src/main/java/org/owasp/benchmark/testcode/BenchmarkTest01001.java,73,semgrep;sonarqube,2,high (same CWE),MAJOR;warning,Detected input from a HTTPServletRequest going into a SQL sink or statement. This could lead to SQL injection if variables in the SQL statement are not properly sanitized. Use parameterized SQL queries or properly sanitize user input instead.
BenchmarkTest01002,CWE-89,data/benchmark/src/main/java/org/owasp/benchmark/testcode/BenchmarkTest01002.java,73,semgrep;sonarqube,2,high (same CWE),MAJOR;warning,Detected input from a HTTPServletRequest going into a SQL sink or statement. This could lead to SQL injection if variables in the SQL statement are not properly sanitized. Use parameterized SQL queries or properly sanitize user input instead.
BenchmarkTest01003,CWE-89,data/benchmark/src/main/java/org/owasp/benchmark/testcode/BenchmarkTest01003.java,73,semgrep;sonarqube,2,high (same CWE),MAJOR;warning,Detected input from a HTTPServletRequest going into a SQL sink or statement. This could lead to SQL injection if variables in the SQL statement are not properly sanitized. Use parameterized SQL queries or properly sanitize user input instead.
BenchmarkTest01004,CWE-89,data/benchmark/src/main/java/org/owasp/benchmark/testcode/BenchmarkTest01004.java,73,semgrep;sonarqube,2,high (same CWE),MAJOR;warning,Detected input from a HTTPServletRequest going into a SQL sink or statement. This could lead to SQL injection if variables in the SQL statement are not properly sanitized. Use parameterized SQL queries or properly sanitize user input instead.
BenchmarkTest01005,CWE-89,data/benchmark/src/main/java/org/owasp/benchmark/testcode/BenchmarkTest01005.java,71,semgrep,1,single-tool,warning,Detected input from a HTTPServletRequest going into a SQL sink or statement. This could lead to SQL injection if variables in the SQL statement are not properly sanitized. Use parameterized SQL queries or properly sanitize user input instead.
BenchmarkTest01006,CWE-89,data/benchmark/src/main/java/org/owasp/benchmark/testcode/BenchmarkTest01006.java,72,semgrep,1,single-tool,warning,Detected input from a HTTPServletRequest going into a SQL sink or statement. This could lead to SQL injection if variables in the SQL statement are not properly sanitized. Use parameterized SQL queries or properly sanitize user input instead.
BenchmarkTest01006,CWE-79,data/benchmark/src/main/java/org/owasp/benchmark/testcode/BenchmarkTest01006.java,75,semgrep,1,single-tool,warning,"Detected a request with potential user-input going into a OutputStream or Writer object. This bypasses any view or template environments, including HTML escaping, which may expose this application to cross-site scripting (XSS) vulnerabilities. Consider using a view technology such as JavaServer Faces (JSFs) which automatically escapes HTML views."
BenchmarkTest01007,CWE-89,data/benchmark/src/main/java/org/owasp/benchmark/testcode/BenchmarkTest01007.java,71,semgrep,1,single-tool,warning,Detected input from a HTTPServletRequest going into a SQL sink or statement. This could lead to SQL injection if variables in the SQL statement are not properly sanitized. Use parameterized SQL queries or properly sanitize user input instead.
BenchmarkTest01008,CWE-89,data/benchmark/src/main/java/org/owasp/benchmark/testcode/BenchmarkTest01008.java,70,semgrep,1,single-tool,warning,Detected input from a HTTPServletRequest going into a SQL sink or statement. This could lead to SQL injection if variables in the SQL statement are not properly sanitized. Use parameterized SQL queries or properly sanitize user input instead.
BenchmarkTest01009,CWE-89,data/benchmark/src/main/java/org/owasp/benchmark/testcode/BenchmarkTest01009.java,70,semgrep,1,single-tool,warning,Detected input from a HTTPServletRequest going into a SQL sink or statement. This could lead to SQL injection if variables in the SQL statement are not properly sanitized. Use parameterized SQL queries or properly sanitize user input instead.
BenchmarkTest01010,CWE-89,data/benchmark/src/main/java/org/owasp/benchmark/testcode/BenchmarkTest01010.java,71,semgrep,1,single-tool,warning,Detected input from a HTTPServletRequest going into a SQL sink or statement. This could lead to SQL injection if variables in the SQL statement are not properly sanitized. Use parameterized SQL queries or properly sanitize user input instead.
BenchmarkTest01011,CWE-89,data/benchmark/src/main/java/org/owasp/benchmark/testcode/BenchmarkTest01011.java,71,semgrep;sonarqube,2,high (same CWE),MAJOR;warning,Detected input from a HTTPServletRequest going into a SQL sink or statement. This could lead to SQL injection if variables in the SQL statement are not properly sanitized. Use parameterized SQL queries or properly sanitize user input instead.
BenchmarkTest01012,CWE-89,data/benchmark/src/main/java/org/owasp/benchmark/testcode/BenchmarkTest01012.java,73,semgrep;sonarqube,2,high (same CWE),MAJOR;warning,Detected a formatted string in a SQL statement. This could lead to SQL injection if variables in the SQL statement are not properly sanitized. Use a prepared statements (java.sql.PreparedStatement) instead. You can obtain a PreparedStatement using 'connection.prepareStatement'.
BenchmarkTest01013,CWE-643,data/benchmark/src/main/java/org/owasp/benchmark/testcode/BenchmarkTest01013.java,85,semgrep,1,single-tool,warning,"Detected input from a HTTPServletRequest going into a XPath evaluate or compile command. This could lead to xpath injection if variables passed into the evaluate or compile commands are not properly sanitized. Xpath injection could lead to unauthorized access to sensitive information in XML documents. Instead, thoroughly sanitize user input or use parameterized xpath queries if you can."
BenchmarkTest01013,CWE-79,data/benchmark/src/main/java/org/owasp/benchmark/testcode/BenchmarkTest01013.java,92,semgrep,1,single-tool,warning,"Detected a request with potential user-input going into a OutputStream or Writer object. This bypasses any view or template environments, including HTML escaping, which may expose this application to cross-site scripting (XSS) vulnerabilities. Consider using a view technology such as JavaServer Faces (JSFs) which automatically escapes HTML views."
BenchmarkTest01014,CWE-643,data/benchmark/src/main/java/org/owasp/benchmark/testcode/BenchmarkTest01014.java,83,semgrep,1,single-tool,warning,"Detected input from a HTTPServletRequest going into a XPath evaluate or compile command. This could lead to xpath injection if variables passed into the evaluate or compile commands are not properly sanitized. Xpath injection could lead to unauthorized access to sensitive information in XML documents. Instead, thoroughly sanitize user input or use parameterized xpath queries if you can."
BenchmarkTest01014,CWE-79,data/benchmark/src/main/java/org/owasp/benchmark/testcode/BenchmarkTest01014.java,85,semgrep,1,single-tool,warning,"Detected a request with potential user-input going into a OutputStream or Writer object. This bypasses any view or template environments, including HTML escaping, which may expose this application to cross-site scripting (XSS) vulnerabilities. Consider using a view technology such as JavaServer Faces (JSFs) which automatically escapes HTML views."
BenchmarkTest01015,CWE-326,data/benchmark/src/main/java/org/owasp/benchmark/testcode/BenchmarkTest01015.java,69,semgrep,1,high (same CWE),warning,Triple DES (3DES or DESede) is considered deprecated. AES is the recommended cipher. Upgrade to use AES.
BenchmarkTest01015,CWE-327,owasp-benchmark:data/benchmark/src/main/java/org/owasp/benchmark/testcode/BenchmarkTest01015.java,66,sonarqube,1,high (same CWE),CRITICAL,Use a strong cipher algorithm.
BenchmarkTest01016,CWE-326,data/benchmark/src/main/java/org/owasp/benchmark/testcode/BenchmarkTest01016.java,67,semgrep,1,high (same CWE),warning,Triple DES (3DES or DESede) is considered deprecated. AES is the recommended cipher. Upgrade to use AES.
BenchmarkTest01016,CWE-327,owasp-benchmark:data/benchmark/src/main/java/org/owasp/benchmark/testcode/BenchmarkTest01016.java,65,sonarqube,1,high (same CWE),CRITICAL,Use a strong cipher algorithm.
BenchmarkTest01017,CWE-326,data/benchmark/src/main/java/org/owasp/benchmark/testcode/BenchmarkTest01017.java,67,semgrep,1,high (same CWE),warning,Triple DES (3DES or DESede) is considered deprecated. AES is the recommended cipher. Upgrade to use AES.
BenchmarkTest01017,CWE-327,owasp-benchmark:data/benchmark/src/main/java/org/owasp/benchmark/testcode/BenchmarkTest01017.java,65,sonarqube,1,high (same CWE),CRITICAL,Use a strong cipher algorithm.
BenchmarkTest01018,CWE-326,data/benchmark/src/main/java/org/owasp/benchmark/testcode/BenchmarkTest01018.java,64,semgrep;sonarqube,2,"medium (same line, different CWE label)",CRITICAL;warning,DES is considered deprecated. AES is the recommended cipher. Upgrade to use AES. See https://www.nist.gov/news-events/news/2005/06/nist-withdraws-outdated-data-encryption-standard for more information.
BenchmarkTest01020,CWE-326,data/benchmark/src/main/java/org/owasp/benchmark/testcode/BenchmarkTest01020.java,61,semgrep,1,high (same CWE),warning,Triple DES (3DES or DESede) is considered deprecated. AES is the recommended cipher. Upgrade to use AES.
BenchmarkTest01020,CWE-327,owasp-benchmark:data/benchmark/src/main/java/org/owasp/benchmark/testcode/BenchmarkTest01020.java,58,sonarqube,1,high (same CWE),CRITICAL,Use a strong cipher algorithm.
BenchmarkTest01023,CWE-90,data/benchmark/src/main/java/org/owasp/benchmark/testcode/BenchmarkTest01023.java,64,semgrep,1,single-tool,warning,"Detected input from a HTTPServletRequest going into an LDAP query. This could lead to LDAP injection if the input is not properly sanitized, which could result in attackers modifying objects in the LDAP tree structure. Ensure data passed to an LDAP query is not controllable or properly sanitize the data."
BenchmarkTest01024,CWE-90,data/benchmark/src/main/java/org/owasp/benchmark/testcode/BenchmarkTest01024.java,64,semgrep,1,single-tool,warning,"Detected input from a HTTPServletRequest going into an LDAP query. This could lead to LDAP injection if the input is not properly sanitized, which could result in attackers modifying objects in the LDAP tree structure. Ensure data passed to an LDAP query is not controllable or properly sanitize the data."
BenchmarkTest01025,CWE-22,data/benchmark/src/main/java/org/owasp/benchmark/testcode/BenchmarkTest01025.java,53,semgrep,1,single-tool,error,"Detected a potential path traversal. A malicious actor could control the location of this file, to include going backwards in the directory with '../'. To address this, ensure that user-controlled variables in file paths are sanitized. You may also consider using a utility method such as org.apache.commons.io.FilenameUtils.getName(...) to only retrieve the file name from the path."
BenchmarkTest01026,CWE-22,data/benchmark/src/main/java/org/owasp/benchmark/testcode/BenchmarkTest01026.java,53,semgrep,1,single-tool,error,"Detected a potential path traversal. A malicious actor could control the location of this file, to include going backwards in the directory with '../'. To address this, ensure that user-controlled variables in file paths are sanitized. You may also consider using a utility method such as org.apache.commons.io.FilenameUtils.getName(...) to only retrieve the file name from the path."
BenchmarkTest01027,CWE-22,data/benchmark/src/main/java/org/owasp/benchmark/testcode/BenchmarkTest01027.java,53,semgrep,1,single-tool,error,"Detected a potential path traversal. A malicious actor could control the location of this file, to include going backwards in the directory with '../'. To address this, ensure that user-controlled variables in file paths are sanitized. You may also consider using a utility method such as org.apache.commons.io.FilenameUtils.getName(...) to only retrieve the file name from the path."
BenchmarkTest01028,CWE-22,data/benchmark/src/main/java/org/owasp/benchmark/testcode/BenchmarkTest01028.java,70,semgrep,1,single-tool,error,"Detected a potential path traversal. A malicious actor could control the location of this file, to include going backwards in the directory with '../'. To address this, ensure that user-controlled variables in file paths are sanitized. You may also consider using a utility method such as org.apache.commons.io.FilenameUtils.getName(...) to only retrieve the file name from the path."
BenchmarkTest01029,CWE-22,data/benchmark/src/main/java/org/owasp/benchmark/testcode/BenchmarkTest01029.java,73,semgrep,1,single-tool,error,"Detected a potential path traversal. A malicious actor could control the location of this file, to include going backwards in the directory with '../'. To address this, ensure that user-controlled variables in file paths are sanitized. You may also consider using a utility method such as org.apache.commons.io.FilenameUtils.getName(...) to only retrieve the file name from the path."
BenchmarkTest01030,CWE-22,data/benchmark/src/main/java/org/owasp/benchmark/testcode/BenchmarkTest01030.java,73,semgrep,1,single-tool,error,"Detected a potential path traversal. A malicious actor could control the location of this file, to include going backwards in the directory with '../'. To address this, ensure that user-controlled variables in file paths are sanitized. You may also consider using a utility method such as org.apache.commons.io.FilenameUtils.getName(...) to only retrieve the file name from the path."
BenchmarkTest01031,CWE-22,data/benchmark/src/main/java/org/owasp/benchmark/testcode/BenchmarkTest01031.java,58,semgrep,1,single-tool,error,"Detected a potential path traversal. A malicious actor could control the location of this file, to include going backwards in the directory with '../'. To address this, ensure that user-controlled variables in file paths are sanitized. You may also consider using a utility method such as org.apache.commons.io.FilenameUtils.getName(...) to only retrieve the file name from the path."
BenchmarkTest01032,CWE-22,data/benchmark/src/main/java/org/owasp/benchmark/testcode/BenchmarkTest01032.java,59,semgrep,1,single-tool,error,"Detected a potential path traversal. A malicious actor could control the location of this file, to include going backwards in the directory with '../'. To address this, ensure that user-controlled variables in file paths are sanitized. You may also consider using a utility method such as org.apache.commons.io.FilenameUtils.getName(...) to only retrieve the file name from the path."
BenchmarkTest01032,CWE-22,data/benchmark/src/main/java/org/owasp/benchmark/testcode/BenchmarkTest01032.java,72,semgrep,1,single-tool,error,"Detected a potential path traversal. A malicious actor could control the location of this file, to include going backwards in the directory with '../'. To address this, ensure that user-controlled variables in file paths are sanitized. You may also consider using a utility method such as org.apache.commons.io.FilenameUtils.getName(...) to only retrieve the file name from the path."
BenchmarkTest01033,CWE-22,data/benchmark/src/main/java/org/owasp/benchmark/testcode/BenchmarkTest01033.java,59,semgrep,1,single-tool,error,"Detected a potential path traversal. A malicious actor could control the location of this file, to include going backwards in the directory with '../'. To address this, ensure that user-controlled variables in file paths are sanitized. You may also consider using a utility method such as org.apache.commons.io.FilenameUtils.getName(...) to only retrieve the file name from the path."
BenchmarkTest01033,CWE-22,data/benchmark/src/main/java/org/owasp/benchmark/testcode/BenchmarkTest01033.java,72,semgrep,1,single-tool,error,"Detected a potential path traversal. A malicious actor could control the location of this file, to include going backwards in the directory with '../'. To address this, ensure that user-controlled variables in file paths are sanitized. You may also consider using a utility method such as org.apache.commons.io.FilenameUtils.getName(...) to only retrieve the file name from the path."
BenchmarkTest01034,CWE-22,data/benchmark/src/main/java/org/owasp/benchmark/testcode/BenchmarkTest01034.java,59,semgrep,1,single-tool,error,"Detected a potential path traversal. A malicious actor could control the location of this file, to include going backwards in the directory with '../'. To address this, ensure that user-controlled variables in file paths are sanitized. You may also consider using a utility method such as org.apache.commons.io.FilenameUtils.getName(...) to only retrieve the file name from the path."
BenchmarkTest01034,CWE-22,data/benchmark/src/main/java/org/owasp/benchmark/testcode/BenchmarkTest01034.java,72,semgrep,1,single-tool,error,"Detected a potential path traversal. A malicious actor could control the location of this file, to include going backwards in the directory with '../'. To address this, ensure that user-controlled variables in file paths are sanitized. You may also consider using a utility method such as org.apache.commons.io.FilenameUtils.getName(...) to only retrieve the file name from the path."
BenchmarkTest01035,CWE-22,data/benchmark/src/main/java/org/owasp/benchmark/testcode/BenchmarkTest01035.java,59,semgrep,1,single-tool,error,"Detected a potential path traversal. A malicious actor could control the location of this file, to include going backwards in the directory with '../'. To address this, ensure that user-controlled variables in file paths are sanitized. You may also consider using a utility method such as org.apache.commons.io.FilenameUtils.getName(...) to only retrieve the file name from the path."
BenchmarkTest01035,CWE-22,data/benchmark/src/main/java/org/owasp/benchmark/testcode/BenchmarkTest01035.java,72,semgrep,1,single-tool,error,"Detected a potential path traversal. A malicious actor could control the location of this file, to include going backwards in the directory with '../'. To address this, ensure that user-controlled variables in file paths are sanitized. You may also consider using a utility method such as org.apache.commons.io.FilenameUtils.getName(...) to only retrieve the file name from the path."
BenchmarkTest01038,CWE-328,data/benchmark/src/main/java/org/owasp/benchmark/testcode/BenchmarkTest01038.java,54,semgrep;sonarqube,2,"medium (same line, different CWE label)",CRITICAL;warning,Detected MD5 hash algorithm which is considered insecure. MD5 is not collision resistant and is therefore not suitable as a cryptographic signature. Use HMAC instead.
BenchmarkTest01046,CWE-79,data/benchmark/src/main/java/org/owasp/benchmark/testcode/BenchmarkTest01046.java,57,semgrep,1,single-tool,warning,"Detected a request with potential user-input going into a OutputStream or Writer object. This bypasses any view or template environments, including HTML escaping, which may expose this application to cross-site scripting (XSS) vulnerabilities. Consider using a view technology such as JavaServer Faces (JSFs) which automatically escapes HTML views."
BenchmarkTest01047,CWE-79,data/benchmark/src/main/java/org/owasp/benchmark/testcode/BenchmarkTest01047.java,57,semgrep,1,single-tool,warning,"Detected a request with potential user-input going into a OutputStream or Writer object. This bypasses any view or template environments, including HTML escaping, which may expose this application to cross-site scripting (XSS) vulnerabilities. Consider using a view technology such as JavaServer Faces (JSFs) which automatically escapes HTML views."
BenchmarkTest01048,CWE-79,data/benchmark/src/main/java/org/owasp/benchmark/testcode/BenchmarkTest01048.java,55,semgrep,1,single-tool,warning,"Detected a request with potential user-input going into a OutputStream or Writer object. This bypasses any view or template environments, including HTML escaping, which may expose this application to cross-site scripting (XSS) vulnerabilities. Consider using a view technology such as JavaServer Faces (JSFs) which automatically escapes HTML views."
BenchmarkTest01049,CWE-79,data/benchmark/src/main/java/org/owasp/benchmark/testcode/BenchmarkTest01049.java,55,semgrep,1,single-tool,warning,"Detected a request with potential user-input going into a OutputStream or Writer object. This bypasses any view or template environments, including HTML escaping, which may expose this application to cross-site scripting (XSS) vulnerabilities. Consider using a view technology such as JavaServer Faces (JSFs) which automatically escapes HTML views."
BenchmarkTest01050,CWE-79,data/benchmark/src/main/java/org/owasp/benchmark/testcode/BenchmarkTest01050.java,54,semgrep,1,single-tool,warning,"Detected a request with potential user-input going into a OutputStream or Writer object. This bypasses any view or template environments, including HTML escaping, which may expose this application to cross-site scripting (XSS) vulnerabilities. Consider using a view technology such as JavaServer Faces (JSFs) which automatically escapes HTML views."
BenchmarkTest01051,CWE-79,data/benchmark/src/main/java/org/owasp/benchmark/testcode/BenchmarkTest01051.java,55,semgrep,1,single-tool,warning,"Detected a request with potential user-input going into a OutputStream or Writer object. This bypasses any view or template environments, including HTML escaping, which may expose this application to cross-site scripting (XSS) vulnerabilities. Consider using a view technology such as JavaServer Faces (JSFs) which automatically escapes HTML views."
BenchmarkTest01052,CWE-79,data/benchmark/src/main/java/org/owasp/benchmark/testcode/BenchmarkTest01052.java,55,semgrep,1,single-tool,warning,"Detected a request with potential user-input going into a OutputStream or Writer object. This bypasses any view or template environments, including HTML escaping, which may expose this application to cross-site scripting (XSS) vulnerabilities. Consider using a view technology such as JavaServer Faces (JSFs) which automatically escapes HTML views."
BenchmarkTest01053,CWE-79,data/benchmark/src/main/java/org/owasp/benchmark/testcode/BenchmarkTest01053.java,54,semgrep,1,single-tool,warning,"Detected a request with potential user-input going into a OutputStream or Writer object. This bypasses any view or template environments, including HTML escaping, which may expose this application to cross-site scripting (XSS) vulnerabilities. Consider using a view technology such as JavaServer Faces (JSFs) which automatically escapes HTML views."
BenchmarkTest01054,CWE-79,data/benchmark/src/main/java/org/owasp/benchmark/testcode/BenchmarkTest01054.java,54,semgrep,1,single-tool,warning,"Detected a request with potential user-input going into a OutputStream or Writer object. This bypasses any view or template environments, including HTML escaping, which may expose this application to cross-site scripting (XSS) vulnerabilities. Consider using a view technology such as JavaServer Faces (JSFs) which automatically escapes HTML views."
BenchmarkTest01055,CWE-79,data/benchmark/src/main/java/org/owasp/benchmark/testcode/BenchmarkTest01055.java,54,semgrep,1,single-tool,warning,"Detected a request with potential user-input going into a OutputStream or Writer object. This bypasses any view or template environments, including HTML escaping, which may expose this application to cross-site scripting (XSS) vulnerabilities. Consider using a view technology such as JavaServer Faces (JSFs) which automatically escapes HTML views."
BenchmarkTest01056,CWE-79,data/benchmark/src/main/java/org/owasp/benchmark/testcode/BenchmarkTest01056.java,57,semgrep,1,single-tool,warning,"Detected a request with potential user-input going into a OutputStream or Writer object. This bypasses any view or template environments, including HTML escaping, which may expose this application to cross-site scripting (XSS) vulnerabilities. Consider using a view technology such as JavaServer Faces (JSFs) which automatically escapes HTML views."
BenchmarkTest01057,CWE-79,data/benchmark/src/main/java/org/owasp/benchmark/testcode/BenchmarkTest01057.java,54,semgrep,1,single-tool,warning,"Detected a request with potential user-input going into a OutputStream or Writer object. This bypasses any view or template environments, including HTML escaping, which may expose this application to cross-site scripting (XSS) vulnerabilities. Consider using a view technology such as JavaServer Faces (JSFs) which automatically escapes HTML views."
BenchmarkTest01058,CWE-330,data/benchmark/src/main/java/org/owasp/benchmark/testcode/BenchmarkTest01058.java,54,semgrep;sonarqube,2,"medium (same line, different CWE label)",MAJOR;warning,"Detected use of the functions `Math.random()` or `java.util.Random()`. These are both not cryptographically strong random number generators (RNGs). If you are using these RNGs to create passwords or secret tokens, use `java.security.SecureRandom` instead."
BenchmarkTest01059,CWE-330,data/benchmark/src/main/java/org/owasp/benchmark/testcode/BenchmarkTest01059.java,53,semgrep;sonarqube,2,"medium (same line, different CWE label)",MAJOR;warning,"Detected use of the functions `Math.random()` or `java.util.Random()`. These are both not cryptographically strong random number generators (RNGs). If you are using these RNGs to create passwords or secret tokens, use `java.security.SecureRandom` instead."
BenchmarkTest01060,CWE-330,data/benchmark/src/main/java/org/owasp/benchmark/testcode/BenchmarkTest01060.java,53,semgrep;sonarqube,2,"medium (same line, different CWE label)",MAJOR;warning,"Detected use of the functions `Math.random()` or `java.util.Random()`. These are both not cryptographically strong random number generators (RNGs). If you are using these RNGs to create passwords or secret tokens, use `java.security.SecureRandom` instead."
BenchmarkTest01061,CWE-614,data/benchmark/src/main/java/org/owasp/benchmark/testcode/BenchmarkTest01061.java,70,semgrep,1,single-tool,warning,A cookie was detected without setting the 'secure' flag. The 'secure' flag for cookies prevents the client from transmitting the cookie over insecure channels such as HTTP. Set the 'secure' flag by calling 'cookie.setSecure(true);'
BenchmarkTest01063,CWE-79,data/benchmark/src/main/java/org/owasp/benchmark/testcode/BenchmarkTest01063.java,54,semgrep,1,single-tool,warning,"Detected a request with potential user-input going into a OutputStream or Writer object. This bypasses any view or template environments, including HTML escaping, which may expose this application to cross-site scripting (XSS) vulnerabilities. Consider using a view technology such as JavaServer Faces (JSFs) which automatically escapes HTML views."
BenchmarkTest01064,CWE-78,data/benchmark/src/main/java/org/owasp/benchmark/testcode/BenchmarkTest01064.java,62,semgrep,1,single-tool,error,"Detected input from a HTTPServletRequest going into a 'ProcessBuilder' or 'exec' command. This could lead to command injection if variables passed into the exec commands are not properly sanitized. Instead, avoid using these OS commands with user-supplied input, or, if you must use these commands, use a whitelist of specific values."
BenchmarkTest01065,CWE-78,data/benchmark/src/main/java/org/owasp/benchmark/testcode/BenchmarkTest01065.java,74,semgrep,1,single-tool,error,"Detected input from a HTTPServletRequest going into a 'ProcessBuilder' or 'exec' command. This could lead to command injection if variables passed into the exec commands are not properly sanitized. Instead, avoid using these OS commands with user-supplied input, or, if you must use these commands, use a whitelist of specific values."
BenchmarkTest01066,CWE-78,data/benchmark/src/main/java/org/owasp/benchmark/testcode/BenchmarkTest01066.java,62,semgrep,1,single-tool,error,"Detected input from a HTTPServletRequest going into a 'ProcessBuilder' or 'exec' command. This could lead to command injection if variables passed into the exec commands are not properly sanitized. Instead, avoid using these OS commands with user-supplied input, or, if you must use these commands, use a whitelist of specific values."
BenchmarkTest01067,CWE-78,data/benchmark/src/main/java/org/owasp/benchmark/testcode/BenchmarkTest01067.java,61,semgrep,1,single-tool,error,"Detected input from a HTTPServletRequest going into a 'ProcessBuilder' or 'exec' command. This could lead to command injection if variables passed into the exec commands are not properly sanitized. Instead, avoid using these OS commands with user-supplied input, or, if you must use these commands, use a whitelist of specific values."
BenchmarkTest01068,CWE-78,data/benchmark/src/main/java/org/owasp/benchmark/testcode/BenchmarkTest01068.java,63,semgrep,1,single-tool,error,"Detected input from a HTTPServletRequest going into a 'ProcessBuilder' or 'exec' command. This could lead to command injection if variables passed into the exec commands are not properly sanitized. Instead, avoid using these OS commands with user-supplied input, or, if you must use these commands, use a whitelist of specific values."
BenchmarkTest01080,CWE-79,data/benchmark/src/main/java/org/owasp/benchmark/testcode/BenchmarkTest01080.java,56,semgrep,1,single-tool,warning,"Detected a request with potential user-input going into a OutputStream or Writer object. This bypasses any view or template environments, including HTML escaping, which may expose this application to cross-site scripting (XSS) vulnerabilities. Consider using a view technology such as JavaServer Faces (JSFs) which automatically escapes HTML views."
BenchmarkTest01081,CWE-79,data/benchmark/src/main/java/org/owasp/benchmark/testcode/BenchmarkTest01081.java,56,semgrep,1,single-tool,warning,"Detected a request with potential user-input going into a OutputStream or Writer object. This bypasses any view or template environments, including HTML escaping, which may expose this application to cross-site scripting (XSS) vulnerabilities. Consider using a view technology such as JavaServer Faces (JSFs) which automatically escapes HTML views."
BenchmarkTest01082,CWE-79,data/benchmark/src/main/java/org/owasp/benchmark/testcode/BenchmarkTest01082.java,56,semgrep,1,single-tool,warning,"Detected a request with potential user-input going into a OutputStream or Writer object. This bypasses any view or template environments, including HTML escaping, which may expose this application to cross-site scripting (XSS) vulnerabilities. Consider using a view technology such as JavaServer Faces (JSFs) which automatically escapes HTML views."
BenchmarkTest01083,CWE-89,data/benchmark/src/main/java/org/owasp/benchmark/testcode/BenchmarkTest01083.java,58,semgrep;sonarqube,2,high (same CWE),MAJOR;warning,Detected input from a HTTPServletRequest going into a SQL sink or statement. This could lead to SQL injection if variables in the SQL statement are not properly sanitized. Use parameterized SQL queries or properly sanitize user input instead.
BenchmarkTest01084,CWE-89,data/benchmark/src/main/java/org/owasp/benchmark/testcode/BenchmarkTest01084.java,58,semgrep;sonarqube,2,high (same CWE),MAJOR;warning,Detected input from a HTTPServletRequest going into a SQL sink or statement. This could lead to SQL injection if variables in the SQL statement are not properly sanitized. Use parameterized SQL queries or properly sanitize user input instead.
BenchmarkTest01085,CWE-89,data/benchmark/src/main/java/org/owasp/benchmark/testcode/BenchmarkTest01085.java,56,semgrep,1,single-tool,warning,Detected input from a HTTPServletRequest going into a SQL sink or statement. This could lead to SQL injection if variables in the SQL statement are not properly sanitized. Use parameterized SQL queries or properly sanitize user input instead.
BenchmarkTest01086,CWE-89,data/benchmark/src/main/java/org/owasp/benchmark/testcode/BenchmarkTest01086.java,56,semgrep,1,single-tool,warning,Detected input from a HTTPServletRequest going into a SQL sink or statement. This could lead to SQL injection if variables in the SQL statement are not properly sanitized. Use parameterized SQL queries or properly sanitize user input instead.
BenchmarkTest01087,CWE-89,data/benchmark/src/main/java/org/owasp/benchmark/testcode/BenchmarkTest01087.java,58,semgrep,1,single-tool,warning,Detected input from a HTTPServletRequest going into a SQL sink or statement. This could lead to SQL injection if variables in the SQL statement are not properly sanitized. Use parameterized SQL queries or properly sanitize user input instead.
BenchmarkTest01087,CWE-79,data/benchmark/src/main/java/org/owasp/benchmark/testcode/BenchmarkTest01087.java,61,semgrep,1,single-tool,warning,"Detected a request with potential user-input going into a OutputStream or Writer object. This bypasses any view or template environments, including HTML escaping, which may expose this application to cross-site scripting (XSS) vulnerabilities. Consider using a view technology such as JavaServer Faces (JSFs) which automatically escapes HTML views."
BenchmarkTest01088,CWE-89,data/benchmark/src/main/java/org/owasp/benchmark/testcode/BenchmarkTest01088.java,57,semgrep,1,single-tool,warning,Detected input from a HTTPServletRequest going into a SQL sink or statement. This could lead to SQL injection if variables in the SQL statement are not properly sanitized. Use parameterized SQL queries or properly sanitize user input instead.
BenchmarkTest01088,CWE-79,data/benchmark/src/main/java/org/owasp/benchmark/testcode/BenchmarkTest01088.java,60,semgrep,1,single-tool,warning,"Detected a request with potential user-input going into a OutputStream or Writer object. This bypasses any view or template environments, including HTML escaping, which may expose this application to cross-site scripting (XSS) vulnerabilities. Consider using a view technology such as JavaServer Faces (JSFs) which automatically escapes HTML views."
BenchmarkTest01089,CWE-89,data/benchmark/src/main/java/org/owasp/benchmark/testcode/BenchmarkTest01089.java,56,semgrep,1,single-tool,warning,Detected input from a HTTPServletRequest going into a SQL sink or statement. This could lead to SQL injection if variables in the SQL statement are not properly sanitized. Use parameterized SQL queries or properly sanitize user input instead.
BenchmarkTest01090,CWE-89,data/benchmark/src/main/java/org/owasp/benchmark/testcode/BenchmarkTest01090.java,56,semgrep;sonarqube,2,high (same CWE),MAJOR;warning,Detected input from a HTTPServletRequest going into a SQL sink or statement. This could lead to SQL injection if variables in the SQL statement are not properly sanitized. Use parameterized SQL queries or properly sanitize user input instead.
BenchmarkTest01091,CWE-89,data/benchmark/src/main/java/org/owasp/benchmark/testcode/BenchmarkTest01091.java,58,semgrep;sonarqube,2,high (same CWE),MAJOR;warning,Detected a formatted string in a SQL statement. This could lead to SQL injection if variables in the SQL statement are not properly sanitized. Use a prepared statements (java.sql.PreparedStatement) instead. You can obtain a PreparedStatement using 'connection.prepareStatement'.
BenchmarkTest01092,CWE-89,data/benchmark/src/main/java/org/owasp/benchmark/testcode/BenchmarkTest01092.java,58,semgrep;sonarqube,2,high (same CWE),MAJOR;warning,Detected a formatted string in a SQL statement. This could lead to SQL injection if variables in the SQL statement are not properly sanitized. Use a prepared statements (java.sql.PreparedStatement) instead. You can obtain a PreparedStatement using 'connection.prepareStatement'.
BenchmarkTest01093,CWE-89,data/benchmark/src/main/java/org/owasp/benchmark/testcode/BenchmarkTest01093.java,58,semgrep;sonarqube,2,high (same CWE),MAJOR;warning,Detected a formatted string in a SQL statement. This could lead to SQL injection if variables in the SQL statement are not properly sanitized. Use a prepared statements (java.sql.PreparedStatement) instead. You can obtain a PreparedStatement using 'connection.prepareStatement'.
BenchmarkTest01094,CWE-89,data/benchmark/src/main/java/org/owasp/benchmark/testcode/BenchmarkTest01094.java,58,semgrep;sonarqube,2,high (same CWE),MAJOR;warning,Detected a formatted string in a SQL statement. This could lead to SQL injection if variables in the SQL statement are not properly sanitized. Use a prepared statements (java.sql.PreparedStatement) instead. You can obtain a PreparedStatement using 'connection.prepareStatement'.
BenchmarkTest01095,CWE-89,data/benchmark/src/main/java/org/owasp/benchmark/testcode/BenchmarkTest01095.java,58,semgrep;sonarqube,2,high (same CWE),MAJOR;warning,Detected a formatted string in a SQL statement. This could lead to SQL injection if variables in the SQL statement are not properly sanitized. Use a prepared statements (java.sql.PreparedStatement) instead. You can obtain a PreparedStatement using 'connection.prepareStatement'.
BenchmarkTest01096,CWE-89,data/benchmark/src/main/java/org/owasp/benchmark/testcode/BenchmarkTest01096.java,56,semgrep;sonarqube,2,high (same CWE),MAJOR;warning,Detected input from a HTTPServletRequest going into a SQL sink or statement. This could lead to SQL injection if variables in the SQL statement are not properly sanitized. Use parameterized SQL queries or properly sanitize user input instead.
BenchmarkTest01097,CWE-89,data/benchmark/src/main/java/org/owasp/benchmark/testcode/BenchmarkTest01097.java,56,semgrep;sonarqube,2,high (same CWE),MAJOR;warning,Detected input from a HTTPServletRequest going into a SQL sink or statement. This could lead to SQL injection if variables in the SQL statement are not properly sanitized. Use parameterized SQL queries or properly sanitize user input instead.
BenchmarkTest01098,CWE-89,data/benchmark/src/main/java/org/owasp/benchmark/testcode/BenchmarkTest01098.java,56,semgrep;sonarqube,2,high (same CWE),MAJOR;warning,Detected input from a HTTPServletRequest going into a SQL sink or statement. This could lead to SQL injection if variables in the SQL statement are not properly sanitized. Use parameterized SQL queries or properly sanitize user input instead.
BenchmarkTest01099,CWE-326,data/benchmark/src/main/java/org/owasp/benchmark/testcode/BenchmarkTest01099.java,79,semgrep,1,high (same CWE),warning,Triple DES (3DES or DESede) is considered deprecated. AES is the recommended cipher. Upgrade to use AES.
BenchmarkTest01099,CWE-327,owasp-benchmark:data/benchmark/src/main/java/org/owasp/benchmark/testcode/BenchmarkTest01099.java,76,sonarqube,1,high (same CWE),CRITICAL,Use another cipher mode or disable padding.
BenchmarkTest01102,CWE-326,data/benchmark/src/main/java/org/owasp/benchmark/testcode/BenchmarkTest01102.java,74,semgrep;sonarqube,2,"medium (same line, different CWE label)",CRITICAL;warning,DES is considered deprecated. AES is the recommended cipher. Upgrade to use AES. See https://www.nist.gov/news-events/news/2005/06/nist-withdraws-outdated-data-encryption-standard for more information.
BenchmarkTest01103,CWE-326,data/benchmark/src/main/java/org/owasp/benchmark/testcode/BenchmarkTest01103.java,74,semgrep;sonarqube,2,"medium (same line, different CWE label)",CRITICAL;warning,DES is considered deprecated. AES is the recommended cipher. Upgrade to use AES. See https://www.nist.gov/news-events/news/2005/06/nist-withdraws-outdated-data-encryption-standard for more information.
BenchmarkTest01105,CWE-326,data/benchmark/src/main/java/org/owasp/benchmark/testcode/BenchmarkTest01105.java,71,semgrep,1,high (same CWE),warning,Triple DES (3DES or DESede) is considered deprecated. AES is the recommended cipher. Upgrade to use AES.
BenchmarkTest01105,CWE-327,owasp-benchmark:data/benchmark/src/main/java/org/owasp/benchmark/testcode/BenchmarkTest01105.java,68,sonarqube,1,high (same CWE),CRITICAL,Use a secure cipher mode.
BenchmarkTest01106,CWE-326,data/benchmark/src/main/java/org/owasp/benchmark/testcode/BenchmarkTest01106.java,71,semgrep,1,high (same CWE),warning,Triple DES (3DES or DESede) is considered deprecated. AES is the recommended cipher. Upgrade to use AES.
BenchmarkTest01106,CWE-327,owasp-benchmark:data/benchmark/src/main/java/org/owasp/benchmark/testcode/BenchmarkTest01106.java,68,sonarqube,1,high (same CWE),CRITICAL,Use a secure cipher mode.
BenchmarkTest01107,CWE-326,data/benchmark/src/main/java/org/owasp/benchmark/testcode/BenchmarkTest01107.java,71,semgrep,1,high (same CWE),warning,Triple DES (3DES or DESede) is considered deprecated. AES is the recommended cipher. Upgrade to use AES.
BenchmarkTest01107,CWE-327,owasp-benchmark:data/benchmark/src/main/java/org/owasp/benchmark/testcode/BenchmarkTest01107.java,68,sonarqube,1,high (same CWE),CRITICAL,Use a strong cipher algorithm.
BenchmarkTest01109,CWE-22,data/benchmark/src/main/java/org/owasp/benchmark/testcode/BenchmarkTest01109.java,63,semgrep,1,single-tool,error,"Detected a potential path traversal. A malicious actor could control the location of this file, to include going backwards in the directory with '../'. To address this, ensure that user-controlled variables in file paths are sanitized. You may also consider using a utility method such as org.apache.commons.io.FilenameUtils.getName(...) to only retrieve the file name from the path."
BenchmarkTest01110,CWE-22,data/benchmark/src/main/java/org/owasp/benchmark/testcode/BenchmarkTest01110.java,80,semgrep,1,single-tool,error,"Detected a potential path traversal. A malicious actor could control the location of this file, to include going backwards in the directory with '../'. To address this, ensure that user-controlled variables in file paths are sanitized. You may also consider using a utility method such as org.apache.commons.io.FilenameUtils.getName(...) to only retrieve the file name from the path."
BenchmarkTest01111,CWE-22,data/benchmark/src/main/java/org/owasp/benchmark/testcode/BenchmarkTest01111.java,68,semgrep,1,single-tool,error,"Detected a potential path traversal. A malicious actor could control the location of this file, to include going backwards in the directory with '../'. To address this, ensure that user-controlled variables in file paths are sanitized. You may also consider using a utility method such as org.apache.commons.io.FilenameUtils.getName(...) to only retrieve the file name from the path."
BenchmarkTest01112,CWE-22,data/benchmark/src/main/java/org/owasp/benchmark/testcode/BenchmarkTest01112.java,68,semgrep,1,single-tool,error,"Detected a potential path traversal. A malicious actor could control the location of this file, to include going backwards in the directory with '../'. To address this, ensure that user-controlled variables in file paths are sanitized. You may also consider using a utility method such as org.apache.commons.io.FilenameUtils.getName(...) to only retrieve the file name from the path."
BenchmarkTest01113,CWE-22,data/benchmark/src/main/java/org/owasp/benchmark/testcode/BenchmarkTest01113.java,69,semgrep,1,single-tool,error,"Detected a potential path traversal. A malicious actor could control the location of this file, to include going backwards in the directory with '../'. To address this, ensure that user-controlled variables in file paths are sanitized. You may also consider using a utility method such as org.apache.commons.io.FilenameUtils.getName(...) to only retrieve the file name from the path."
BenchmarkTest01113,CWE-22,data/benchmark/src/main/java/org/owasp/benchmark/testcode/BenchmarkTest01113.java,82,semgrep,1,single-tool,error,"Detected a potential path traversal. A malicious actor could control the location of this file, to include going backwards in the directory with '../'. To address this, ensure that user-controlled variables in file paths are sanitized. You may also consider using a utility method such as org.apache.commons.io.FilenameUtils.getName(...) to only retrieve the file name from the path."
BenchmarkTest01114,CWE-22,data/benchmark/src/main/java/org/owasp/benchmark/testcode/BenchmarkTest01114.java,69,semgrep,1,single-tool,error,"Detected a potential path traversal. A malicious actor could control the location of this file, to include going backwards in the directory with '../'. To address this, ensure that user-controlled variables in file paths are sanitized. You may also consider using a utility method such as org.apache.commons.io.FilenameUtils.getName(...) to only retrieve the file name from the path."
BenchmarkTest01114,CWE-22,data/benchmark/src/main/java/org/owasp/benchmark/testcode/BenchmarkTest01114.java,82,semgrep,1,single-tool,error,"Detected a potential path traversal. A malicious actor could control the location of this file, to include going backwards in the directory with '../'. To address this, ensure that user-controlled variables in file paths are sanitized. You may also consider using a utility method such as org.apache.commons.io.FilenameUtils.getName(...) to only retrieve the file name from the path."
BenchmarkTest01115,CWE-22,data/benchmark/src/main/java/org/owasp/benchmark/testcode/BenchmarkTest01115.java,69,semgrep,1,single-tool,error,"Detected a potential path traversal. A malicious actor could control the location of this file, to include going backwards in the directory with '../'. To address this, ensure that user-controlled variables in file paths are sanitized. You may also consider using a utility method such as org.apache.commons.io.FilenameUtils.getName(...) to only retrieve the file name from the path."
BenchmarkTest01115,CWE-22,data/benchmark/src/main/java/org/owasp/benchmark/testcode/BenchmarkTest01115.java,82,semgrep,1,single-tool,error,"Detected a potential path traversal. A malicious actor could control the location of this file, to include going backwards in the directory with '../'. To address this, ensure that user-controlled variables in file paths are sanitized. You may also consider using a utility method such as org.apache.commons.io.FilenameUtils.getName(...) to only retrieve the file name from the path."
BenchmarkTest01116,CWE-22,data/benchmark/src/main/java/org/owasp/benchmark/testcode/BenchmarkTest01116.java,74,semgrep,1,single-tool,error,"Detected a potential path traversal. A malicious actor could control the location of this file, to include going backwards in the directory with '../'. To address this, ensure that user-controlled variables in file paths are sanitized. You may also consider using a utility method such as org.apache.commons.io.FilenameUtils.getName(...) to only retrieve the file name from the path."
BenchmarkTest01117,CWE-22,data/benchmark/src/main/java/org/owasp/benchmark/testcode/BenchmarkTest01117.java,74,semgrep,1,single-tool,error,"Detected a potential path traversal. A malicious actor could control the location of this file, to include going backwards in the directory with '../'. To address this, ensure that user-controlled variables in file paths are sanitized. You may also consider using a utility method such as org.apache.commons.io.FilenameUtils.getName(...) to only retrieve the file name from the path."
BenchmarkTest01119,CWE-330,data/benchmark/src/main/java/org/owasp/benchmark/testcode/BenchmarkTest01119.java,63,semgrep;sonarqube,2,"medium (same line, different CWE label)",MAJOR;warning,"Detected use of the functions `Math.random()` or `java.util.Random()`. These are both not cryptographically strong random number generators (RNGs). If you are using these RNGs to create passwords or secret tokens, use `java.security.SecureRandom` instead."
BenchmarkTest01123,CWE-328,data/benchmark/src/main/java/org/owasp/benchmark/testcode/BenchmarkTest01123.java,64,semgrep;sonarqube,2,"medium (same line, different CWE label)",CRITICAL;warning,"Detected SHA1 hash algorithm which is considered insecure. SHA1 is not collision resistant and is therefore not suitable as a cryptographic signature. Instead, use PBKDF2 for password hashing or SHA256 or SHA512 for other hash function applications."
BenchmarkTest01127,CWE-330,data/benchmark/src/main/java/org/owasp/benchmark/testcode/BenchmarkTest01127.java,63,semgrep;sonarqube,2,"medium (same line, different CWE label)",MAJOR;warning,"Detected use of the functions `Math.random()` or `java.util.Random()`. These are both not cryptographically strong random number generators (RNGs). If you are using these RNGs to create passwords or secret tokens, use `java.security.SecureRandom` instead."
BenchmarkTest01128,CWE-330,data/benchmark/src/main/java/org/owasp/benchmark/testcode/BenchmarkTest01128.java,63,semgrep;sonarqube,2,"medium (same line, different CWE label)",MAJOR;warning,"Detected use of the functions `Math.random()` or `java.util.Random()`. These are both not cryptographically strong random number generators (RNGs). If you are using these RNGs to create passwords or secret tokens, use `java.security.SecureRandom` instead."
BenchmarkTest01129,CWE-330,data/benchmark/src/main/java/org/owasp/benchmark/testcode/BenchmarkTest01129.java,63,semgrep;sonarqube,2,"medium (same line, different CWE label)",MAJOR;warning,"Detected use of the functions `Math.random()` or `java.util.Random()`. These are both not cryptographically strong random number generators (RNGs). If you are using these RNGs to create passwords or secret tokens, use `java.security.SecureRandom` instead."
BenchmarkTest01130,CWE-330,data/benchmark/src/main/java/org/owasp/benchmark/testcode/BenchmarkTest01130.java,63,semgrep;sonarqube,2,"medium (same line, different CWE label)",MAJOR;warning,"Detected use of the functions `Math.random()` or `java.util.Random()`. These are both not cryptographically strong random number generators (RNGs). If you are using these RNGs to create passwords or secret tokens, use `java.security.SecureRandom` instead."
BenchmarkTest01131,CWE-330,data/benchmark/src/main/java/org/owasp/benchmark/testcode/BenchmarkTest01131.java,63,semgrep;sonarqube,2,"medium (same line, different CWE label)",MAJOR;warning,"Detected use of the functions `Math.random()` or `java.util.Random()`. These are both not cryptographically strong random number generators (RNGs). If you are using these RNGs to create passwords or secret tokens, use `java.security.SecureRandom` instead."
BenchmarkTest01132,CWE-330,data/benchmark/src/main/java/org/owasp/benchmark/testcode/BenchmarkTest01132.java,63,semgrep;sonarqube,2,"medium (same line, different CWE label)",MAJOR;warning,"Detected use of the functions `Math.random()` or `java.util.Random()`. These are both not cryptographically strong random number generators (RNGs). If you are using these RNGs to create passwords or secret tokens, use `java.security.SecureRandom` instead."
BenchmarkTest01133,CWE-330,data/benchmark/src/main/java/org/owasp/benchmark/testcode/BenchmarkTest01133.java,63,semgrep;sonarqube,2,"medium (same line, different CWE label)",MAJOR;warning,"Detected use of the functions `Math.random()` or `java.util.Random()`. These are both not cryptographically strong random number generators (RNGs). If you are using these RNGs to create passwords or secret tokens, use `java.security.SecureRandom` instead."
BenchmarkTest01134,CWE-614,data/benchmark/src/main/java/org/owasp/benchmark/testcode/BenchmarkTest01134.java,80,semgrep,1,single-tool,warning,A cookie was detected without setting the 'secure' flag. The 'secure' flag for cookies prevents the client from transmitting the cookie over insecure channels such as HTTP. Set the 'secure' flag by calling 'cookie.setSecure(true);'
BenchmarkTest01142,CWE-501,data/benchmark/src/main/java/org/owasp/benchmark/testcode/BenchmarkTest01142.java,64,semgrep,1,single-tool,warning,"Detected input from a HTTPServletRequest going into a session command, like `setAttribute`. User input into such a command could lead to an attacker inputting malicious code into your session parameters, blurring the line between what's trusted and untrusted, and therefore leading to a trust boundary violation. This could lead to programmers trusting unvalidated data. Instead, thoroughly sanitize user input before passing it into such function calls."
BenchmarkTest01142,CWE-79,data/benchmark/src/main/java/org/owasp/benchmark/testcode/BenchmarkTest01142.java,66,semgrep,1,single-tool,warning,"Detected a request with potential user-input going into a OutputStream or Writer object. This bypasses any view or template environments, including HTML escaping, which may expose this application to cross-site scripting (XSS) vulnerabilities. Consider using a view technology such as JavaServer Faces (JSFs) which automatically escapes HTML views."
BenchmarkTest01143,CWE-501,data/benchmark/src/main/java/org/owasp/benchmark/testcode/BenchmarkTest01143.java,64,semgrep,1,single-tool,warning,"Detected input from a HTTPServletRequest going into a session command, like `setAttribute`. User input into such a command could lead to an attacker inputting malicious code into your session parameters, blurring the line between what's trusted and untrusted, and therefore leading to a trust boundary violation. This could lead to programmers trusting unvalidated data. Instead, thoroughly sanitize user input before passing it into such function calls."
BenchmarkTest01143,CWE-79,data/benchmark/src/main/java/org/owasp/benchmark/testcode/BenchmarkTest01143.java,66,semgrep,1,single-tool,warning,"Detected a request with potential user-input going into a OutputStream or Writer object. This bypasses any view or template environments, including HTML escaping, which may expose this application to cross-site scripting (XSS) vulnerabilities. Consider using a view technology such as JavaServer Faces (JSFs) which automatically escapes HTML views."
BenchmarkTest01144,CWE-501,data/benchmark/src/main/java/org/owasp/benchmark/testcode/BenchmarkTest01144.java,64,semgrep,1,single-tool,warning,"Detected input from a HTTPServletRequest going into a session command, like `setAttribute`. User input into such a command could lead to an attacker inputting malicious code into your session parameters, blurring the line between what's trusted and untrusted, and therefore leading to a trust boundary violation. This could lead to programmers trusting unvalidated data. Instead, thoroughly sanitize user input before passing it into such function calls."
BenchmarkTest01144,CWE-79,data/benchmark/src/main/java/org/owasp/benchmark/testcode/BenchmarkTest01144.java,66,semgrep,1,single-tool,warning,"Detected a request with potential user-input going into a OutputStream or Writer object. This bypasses any view or template environments, including HTML escaping, which may expose this application to cross-site scripting (XSS) vulnerabilities. Consider using a view technology such as JavaServer Faces (JSFs) which automatically escapes HTML views."
BenchmarkTest01145,CWE-501,data/benchmark/src/main/java/org/owasp/benchmark/testcode/BenchmarkTest01145.java,64,semgrep,1,single-tool,warning,"Detected input from a HTTPServletRequest going into a session command, like `setAttribute`. User input into such a command could lead to an attacker inputting malicious code into your session parameters, blurring the line between what's trusted and untrusted, and therefore leading to a trust boundary violation. This could lead to programmers trusting unvalidated data. Instead, thoroughly sanitize user input before passing it into such function calls."
BenchmarkTest01145,CWE-79,data/benchmark/src/main/java/org/owasp/benchmark/testcode/BenchmarkTest01145.java,66,semgrep,1,single-tool,warning,"Detected a request with potential user-input going into a OutputStream or Writer object. This bypasses any view or template environments, including HTML escaping, which may expose this application to cross-site scripting (XSS) vulnerabilities. Consider using a view technology such as JavaServer Faces (JSFs) which automatically escapes HTML views."
BenchmarkTest01146,CWE-501,data/benchmark/src/main/java/org/owasp/benchmark/testcode/BenchmarkTest01146.java,64,semgrep,1,single-tool,warning,"Detected input from a HTTPServletRequest going into a session command, like `setAttribute`. User input into such a command could lead to an attacker inputting malicious code into your session parameters, blurring the line between what's trusted and untrusted, and therefore leading to a trust boundary violation. This could lead to programmers trusting unvalidated data. Instead, thoroughly sanitize user input before passing it into such function calls."
BenchmarkTest01146,CWE-79,data/benchmark/src/main/java/org/owasp/benchmark/testcode/BenchmarkTest01146.java,66,semgrep,1,single-tool,warning,"Detected a request with potential user-input going into a OutputStream or Writer object. This bypasses any view or template environments, including HTML escaping, which may expose this application to cross-site scripting (XSS) vulnerabilities. Consider using a view technology such as JavaServer Faces (JSFs) which automatically escapes HTML views."
BenchmarkTest01148,CWE-326,data/benchmark/src/main/java/org/owasp/benchmark/testcode/BenchmarkTest01148.java,69,semgrep,1,high (same CWE),warning,Triple DES (3DES or DESede) is considered deprecated. AES is the recommended cipher. Upgrade to use AES.
BenchmarkTest01148,CWE-327,owasp-benchmark:data/benchmark/src/main/java/org/owasp/benchmark/testcode/BenchmarkTest01148.java,67,sonarqube,1,high (same CWE),CRITICAL,Use another cipher mode or disable padding.
BenchmarkTest01149,CWE-326,data/benchmark/src/main/java/org/owasp/benchmark/testcode/BenchmarkTest01149.java,69,semgrep,1,high (same CWE),warning,Triple DES (3DES or DESede) is considered deprecated. AES is the recommended cipher. Upgrade to use AES.
BenchmarkTest01149,CWE-327,owasp-benchmark:data/benchmark/src/main/java/org/owasp/benchmark/testcode/BenchmarkTest01149.java,67,sonarqube,1,high (same CWE),CRITICAL,Use a strong cipher algorithm.
BenchmarkTest01150,CWE-326,data/benchmark/src/main/java/org/owasp/benchmark/testcode/BenchmarkTest01150.java,66,semgrep;sonarqube,2,"medium (same line, different CWE label)",CRITICAL;warning,DES is considered deprecated. AES is the recommended cipher. Upgrade to use AES. See https://www.nist.gov/news-events/news/2005/06/nist-withdraws-outdated-data-encryption-standard for more information.
BenchmarkTest01154,CWE-90,data/benchmark/src/main/java/org/owasp/benchmark/testcode/BenchmarkTest01154.java,66,semgrep,1,single-tool,warning,"Detected input from a HTTPServletRequest going into an LDAP query. This could lead to LDAP injection if the input is not properly sanitized, which could result in attackers modifying objects in the LDAP tree structure. Ensure data passed to an LDAP query is not controllable or properly sanitize the data."
BenchmarkTest01155,CWE-22,data/benchmark/src/main/java/org/owasp/benchmark/testcode/BenchmarkTest01155.java,55,semgrep,1,single-tool,error,"Detected a potential path traversal. A malicious actor could control the location of this file, to include going backwards in the directory with '../'. To address this, ensure that user-controlled variables in file paths are sanitized. You may also consider using a utility method such as org.apache.commons.io.FilenameUtils.getName(...) to only retrieve the file name from the path."
BenchmarkTest01156,CWE-22,data/benchmark/src/main/java/org/owasp/benchmark/testcode/BenchmarkTest01156.java,72,semgrep,1,single-tool,error,"Detected a potential path traversal. A malicious actor could control the location of this file, to include going backwards in the directory with '../'. To address this, ensure that user-controlled variables in file paths are sanitized. You may also consider using a utility method such as org.apache.commons.io.FilenameUtils.getName(...) to only retrieve the file name from the path."
BenchmarkTest01157,CWE-22,data/benchmark/src/main/java/org/owasp/benchmark/testcode/BenchmarkTest01157.java,72,semgrep,1,single-tool,error,"Detected a potential path traversal. A malicious actor could control the location of this file, to include going backwards in the directory with '../'. To address this, ensure that user-controlled variables in file paths are sanitized. You may also consider using a utility method such as org.apache.commons.io.FilenameUtils.getName(...) to only retrieve the file name from the path."
BenchmarkTest01158,CWE-22,data/benchmark/src/main/java/org/owasp/benchmark/testcode/BenchmarkTest01158.java,60,semgrep,1,single-tool,error,"Detected a potential path traversal. A malicious actor could control the location of this file, to include going backwards in the directory with '../'. To address this, ensure that user-controlled variables in file paths are sanitized. You may also consider using a utility method such as org.apache.commons.io.FilenameUtils.getName(...) to only retrieve the file name from the path."
BenchmarkTest01159,CWE-22,data/benchmark/src/main/java/org/owasp/benchmark/testcode/BenchmarkTest01159.java,60,semgrep,1,single-tool,error,"Detected a potential path traversal. A malicious actor could control the location of this file, to include going backwards in the directory with '../'. To address this, ensure that user-controlled variables in file paths are sanitized. You may also consider using a utility method such as org.apache.commons.io.FilenameUtils.getName(...) to only retrieve the file name from the path."
BenchmarkTest01160,CWE-22,data/benchmark/src/main/java/org/owasp/benchmark/testcode/BenchmarkTest01160.java,61,semgrep,1,single-tool,error,"Detected a potential path traversal. A malicious actor could control the location of this file, to include going backwards in the directory with '../'. To address this, ensure that user-controlled variables in file paths are sanitized. You may also consider using a utility method such as org.apache.commons.io.FilenameUtils.getName(...) to only retrieve the file name from the path."
BenchmarkTest01160,CWE-22,data/benchmark/src/main/java/org/owasp/benchmark/testcode/BenchmarkTest01160.java,74,semgrep,1,single-tool,error,"Detected a potential path traversal. A malicious actor could control the location of this file, to include going backwards in the directory with '../'. To address this, ensure that user-controlled variables in file paths are sanitized. You may also consider using a utility method such as org.apache.commons.io.FilenameUtils.getName(...) to only retrieve the file name from the path."
BenchmarkTest01161,CWE-22,data/benchmark/src/main/java/org/owasp/benchmark/testcode/BenchmarkTest01161.java,61,semgrep,1,single-tool,error,"Detected a potential path traversal. A malicious actor could control the location of this file, to include going backwards in the directory with '../'. To address this, ensure that user-controlled variables in file paths are sanitized. You may also consider using a utility method such as org.apache.commons.io.FilenameUtils.getName(...) to only retrieve the file name from the path."
BenchmarkTest01161,CWE-22,data/benchmark/src/main/java/org/owasp/benchmark/testcode/BenchmarkTest01161.java,74,semgrep,1,single-tool,error,"Detected a potential path traversal. A malicious actor could control the location of this file, to include going backwards in the directory with '../'. To address this, ensure that user-controlled variables in file paths are sanitized. You may also consider using a utility method such as org.apache.commons.io.FilenameUtils.getName(...) to only retrieve the file name from the path."
BenchmarkTest01162,CWE-330,data/benchmark/src/main/java/org/owasp/benchmark/testcode/BenchmarkTest01162.java,55,semgrep;sonarqube,2,"medium (same line, different CWE label)",MAJOR;warning,"Detected use of the functions `Math.random()` or `java.util.Random()`. These are both not cryptographically strong random number generators (RNGs). If you are using these RNGs to create passwords or secret tokens, use `java.security.SecureRandom` instead."
BenchmarkTest01163,CWE-330,data/benchmark/src/main/java/org/owasp/benchmark/testcode/BenchmarkTest01163.java,55,semgrep;sonarqube,2,"medium (same line, different CWE label)",MAJOR;warning,"Detected use of the functions `Math.random()` or `java.util.Random()`. These are both not cryptographically strong random number generators (RNGs). If you are using these RNGs to create passwords or secret tokens, use `java.security.SecureRandom` instead."
BenchmarkTest01165,CWE-328,data/benchmark/src/main/java/org/owasp/benchmark/testcode/BenchmarkTest01165.java,56,semgrep;sonarqube,2,"medium (same line, different CWE label)",CRITICAL;warning,"Detected SHA1 hash algorithm which is considered insecure. SHA1 is not collision resistant and is therefore not suitable as a cryptographic signature. Instead, use PBKDF2 for password hashing or SHA256 or SHA512 for other hash function applications."
BenchmarkTest01166,CWE-328,data/benchmark/src/main/java/org/owasp/benchmark/testcode/BenchmarkTest01166.java,56,semgrep;sonarqube,2,"medium (same line, different CWE label)",CRITICAL;warning,"Detected SHA1 hash algorithm which is considered insecure. SHA1 is not collision resistant and is therefore not suitable as a cryptographic signature. Instead, use PBKDF2 for password hashing or SHA256 or SHA512 for other hash function applications."
BenchmarkTest01167,CWE-328,data/benchmark/src/main/java/org/owasp/benchmark/testcode/BenchmarkTest01167.java,56,semgrep;sonarqube,2,"medium (same line, different CWE label)",CRITICAL;warning,Detected MD5 hash algorithm which is considered insecure. MD5 is not collision resistant and is therefore not suitable as a cryptographic signature. Use HMAC instead.
BenchmarkTest01171,CWE-79,data/benchmark/src/main/java/org/owasp/benchmark/testcode/BenchmarkTest01171.java,57,semgrep,1,single-tool,warning,"Detected a request with potential user-input going into a OutputStream or Writer object. This bypasses any view or template environments, including HTML escaping, which may expose this application to cross-site scripting (XSS) vulnerabilities. Consider using a view technology such as JavaServer Faces (JSFs) which automatically escapes HTML views."
BenchmarkTest01172,CWE-79,data/benchmark/src/main/java/org/owasp/benchmark/testcode/BenchmarkTest01172.java,57,semgrep,1,single-tool,warning,"Detected a request with potential user-input going into a OutputStream or Writer object. This bypasses any view or template environments, including HTML escaping, which may expose this application to cross-site scripting (XSS) vulnerabilities. Consider using a view technology such as JavaServer Faces (JSFs) which automatically escapes HTML views."
BenchmarkTest01173,CWE-79,data/benchmark/src/main/java/org/owasp/benchmark/testcode/BenchmarkTest01173.java,56,semgrep,1,single-tool,warning,"Detected a request with potential user-input going into a OutputStream or Writer object. This bypasses any view or template environments, including HTML escaping, which may expose this application to cross-site scripting (XSS) vulnerabilities. Consider using a view technology such as JavaServer Faces (JSFs) which automatically escapes HTML views."
BenchmarkTest01174,CWE-79,data/benchmark/src/main/java/org/owasp/benchmark/testcode/BenchmarkTest01174.java,56,semgrep,1,single-tool,warning,"Detected a request with potential user-input going into a OutputStream or Writer object. This bypasses any view or template environments, including HTML escaping, which may expose this application to cross-site scripting (XSS) vulnerabilities. Consider using a view technology such as JavaServer Faces (JSFs) which automatically escapes HTML views."
BenchmarkTest01175,CWE-79,data/benchmark/src/main/java/org/owasp/benchmark/testcode/BenchmarkTest01175.java,57,semgrep,1,single-tool,warning,"Detected a request with potential user-input going into a OutputStream or Writer object. This bypasses any view or template environments, including HTML escaping, which may expose this application to cross-site scripting (XSS) vulnerabilities. Consider using a view technology such as JavaServer Faces (JSFs) which automatically escapes HTML views."
BenchmarkTest01176,CWE-79,data/benchmark/src/main/java/org/owasp/benchmark/testcode/BenchmarkTest01176.java,57,semgrep,1,single-tool,warning,"Detected a request with potential user-input going into a OutputStream or Writer object. This bypasses any view or template environments, including HTML escaping, which may expose this application to cross-site scripting (XSS) vulnerabilities. Consider using a view technology such as JavaServer Faces (JSFs) which automatically escapes HTML views."
BenchmarkTest01177,CWE-79,data/benchmark/src/main/java/org/owasp/benchmark/testcode/BenchmarkTest01177.java,57,semgrep,1,single-tool,warning,"Detected a request with potential user-input going into a OutputStream or Writer object. This bypasses any view or template environments, including HTML escaping, which may expose this application to cross-site scripting (XSS) vulnerabilities. Consider using a view technology such as JavaServer Faces (JSFs) which automatically escapes HTML views."
BenchmarkTest01178,CWE-79,data/benchmark/src/main/java/org/owasp/benchmark/testcode/BenchmarkTest01178.java,56,semgrep,1,single-tool,warning,"Detected a request with potential user-input going into a OutputStream or Writer object. This bypasses any view or template environments, including HTML escaping, which may expose this application to cross-site scripting (XSS) vulnerabilities. Consider using a view technology such as JavaServer Faces (JSFs) which automatically escapes HTML views."
BenchmarkTest01179,CWE-79,data/benchmark/src/main/java/org/owasp/benchmark/testcode/BenchmarkTest01179.java,56,semgrep,1,single-tool,warning,"Detected a request with potential user-input going into a OutputStream or Writer object. This bypasses any view or template environments, including HTML escaping, which may expose this application to cross-site scripting (XSS) vulnerabilities. Consider using a view technology such as JavaServer Faces (JSFs) which automatically escapes HTML views."
BenchmarkTest01180,CWE-79,data/benchmark/src/main/java/org/owasp/benchmark/testcode/BenchmarkTest01180.java,56,semgrep,1,single-tool,warning,"Detected a request with potential user-input going into a OutputStream or Writer object. This bypasses any view or template environments, including HTML escaping, which may expose this application to cross-site scripting (XSS) vulnerabilities. Consider using a view technology such as JavaServer Faces (JSFs) which automatically escapes HTML views."
BenchmarkTest01181,CWE-79,data/benchmark/src/main/java/org/owasp/benchmark/testcode/BenchmarkTest01181.java,56,semgrep,1,single-tool,warning,"Detected a request with potential user-input going into a OutputStream or Writer object. This bypasses any view or template environments, including HTML escaping, which may expose this application to cross-site scripting (XSS) vulnerabilities. Consider using a view technology such as JavaServer Faces (JSFs) which automatically escapes HTML views."
BenchmarkTest01182,CWE-78,data/benchmark/src/main/java/org/owasp/benchmark/testcode/BenchmarkTest01182.java,65,semgrep,1,high (same CWE),error,"Detected input from a HTTPServletRequest going into a 'ProcessBuilder' or 'exec' command. This could lead to command injection if variables passed into the exec commands are not properly sanitized. Instead, avoid using these OS commands with user-supplied input, or, if you must use these commands, use a whitelist of specific values."
BenchmarkTest01183,CWE-330,data/benchmark/src/main/java/org/owasp/benchmark/testcode/BenchmarkTest01183.java,55,semgrep;sonarqube,2,"medium (same line, different CWE label)",MAJOR;warning,"Detected use of the functions `Math.random()` or `java.util.Random()`. These are both not cryptographically strong random number generators (RNGs). If you are using these RNGs to create passwords or secret tokens, use `java.security.SecureRandom` instead."
BenchmarkTest01184,CWE-330,data/benchmark/src/main/java/org/owasp/benchmark/testcode/BenchmarkTest01184.java,55,semgrep;sonarqube,2,"medium (same line, different CWE label)",MAJOR;warning,"Detected use of the functions `Math.random()` or `java.util.Random()`. These are both not cryptographically strong random number generators (RNGs). If you are using these RNGs to create passwords or secret tokens, use `java.security.SecureRandom` instead."
BenchmarkTest01185,CWE-614,data/benchmark/src/main/java/org/owasp/benchmark/testcode/BenchmarkTest01185.java,72,semgrep,1,single-tool,warning,A cookie was detected without setting the 'secure' flag. The 'secure' flag for cookies prevents the client from transmitting the cookie over insecure channels such as HTTP. Set the 'secure' flag by calling 'cookie.setSecure(true);'
BenchmarkTest01186,CWE-614,data/benchmark/src/main/java/org/owasp/benchmark/testcode/BenchmarkTest01186.java,72,semgrep,1,single-tool,warning,A cookie was detected without setting the 'secure' flag. The 'secure' flag for cookies prevents the client from transmitting the cookie over insecure channels such as HTTP. Set the 'secure' flag by calling 'cookie.setSecure(true);'
BenchmarkTest01187,CWE-614,data/benchmark/src/main/java/org/owasp/benchmark/testcode/BenchmarkTest01187.java,72,semgrep,1,single-tool,warning,A cookie was detected without setting the 'secure' flag. The 'secure' flag for cookies prevents the client from transmitting the cookie over insecure channels such as HTTP. Set the 'secure' flag by calling 'cookie.setSecure(true);'
BenchmarkTest01188,CWE-79,data/benchmark/src/main/java/org/owasp/benchmark/testcode/BenchmarkTest01188.java,56,semgrep,1,single-tool,warning,"Detected a request with potential user-input going into a OutputStream or Writer object. This bypasses any view or template environments, including HTML escaping, which may expose this application to cross-site scripting (XSS) vulnerabilities. Consider using a view technology such as JavaServer Faces (JSFs) which automatically escapes HTML views."
BenchmarkTest01189,CWE-78,data/benchmark/src/main/java/org/owasp/benchmark/testcode/BenchmarkTest01189.java,76,semgrep,1,single-tool,error,"Detected input from a HTTPServletRequest going into a 'ProcessBuilder' or 'exec' command. This could lead to command injection if variables passed into the exec commands are not properly sanitized. Instead, avoid using these OS commands with user-supplied input, or, if you must use these commands, use a whitelist of specific values."
BenchmarkTest01190,CWE-78,data/benchmark/src/main/java/org/owasp/benchmark/testcode/BenchmarkTest01190.java,64,semgrep,1,single-tool,error,"Detected input from a HTTPServletRequest going into a 'ProcessBuilder' or 'exec' command. This could lead to command injection if variables passed into the exec commands are not properly sanitized. Instead, avoid using these OS commands with user-supplied input, or, if you must use these commands, use a whitelist of specific values."
BenchmarkTest01191,CWE-78,data/benchmark/src/main/java/org/owasp/benchmark/testcode/BenchmarkTest01191.java,64,semgrep,1,single-tool,error,"Detected input from a HTTPServletRequest going into a 'ProcessBuilder' or 'exec' command. This could lead to command injection if variables passed into the exec commands are not properly sanitized. Instead, avoid using these OS commands with user-supplied input, or, if you must use these commands, use a whitelist of specific values."
BenchmarkTest01192,CWE-78,data/benchmark/src/main/java/org/owasp/benchmark/testcode/BenchmarkTest01192.java,64,semgrep,1,single-tool,error,"Detected input from a HTTPServletRequest going into a 'ProcessBuilder' or 'exec' command. This could lead to command injection if variables passed into the exec commands are not properly sanitized. Instead, avoid using these OS commands with user-supplied input, or, if you must use these commands, use a whitelist of specific values."
BenchmarkTest01193,CWE-78,data/benchmark/src/main/java/org/owasp/benchmark/testcode/BenchmarkTest01193.java,78,semgrep,1,single-tool,error,"Detected input from a HTTPServletRequest going into a 'ProcessBuilder' or 'exec' command. This could lead to command injection if variables passed into the exec commands are not properly sanitized. Instead, avoid using these OS commands with user-supplied input, or, if you must use these commands, use a whitelist of specific values."
BenchmarkTest01194,CWE-78,data/benchmark/src/main/java/org/owasp/benchmark/testcode/BenchmarkTest01194.java,65,semgrep,1,single-tool,error,"Detected input from a HTTPServletRequest going into a 'ProcessBuilder' or 'exec' command. This could lead to command injection if variables passed into the exec commands are not properly sanitized. Instead, avoid using these OS commands with user-supplied input, or, if you must use these commands, use a whitelist of specific values."
BenchmarkTest01203,CWE-501,data/benchmark/src/main/java/org/owasp/benchmark/testcode/BenchmarkTest01203.java,56,semgrep,1,single-tool,warning,"Detected input from a HTTPServletRequest going into a session command, like `setAttribute`. User input into such a command could lead to an attacker inputting malicious code into your session parameters, blurring the line between what's trusted and untrusted, and therefore leading to a trust boundary violation. This could lead to programmers trusting unvalidated data. Instead, thoroughly sanitize user input before passing it into such function calls."
BenchmarkTest01203,CWE-79,data/benchmark/src/main/java/org/owasp/benchmark/testcode/BenchmarkTest01203.java,58,semgrep,1,single-tool,warning,"Detected a request with potential user-input going into a OutputStream or Writer object. This bypasses any view or template environments, including HTML escaping, which may expose this application to cross-site scripting (XSS) vulnerabilities. Consider using a view technology such as JavaServer Faces (JSFs) which automatically escapes HTML views."
BenchmarkTest01204,CWE-501,data/benchmark/src/main/java/org/owasp/benchmark/testcode/BenchmarkTest01204.java,56,semgrep,1,single-tool,warning,"Detected input from a HTTPServletRequest going into a session command, like `setAttribute`. User input into such a command could lead to an attacker inputting malicious code into your session parameters, blurring the line between what's trusted and untrusted, and therefore leading to a trust boundary violation. This could lead to programmers trusting unvalidated data. Instead, thoroughly sanitize user input before passing it into such function calls."
BenchmarkTest01204,CWE-79,data/benchmark/src/main/java/org/owasp/benchmark/testcode/BenchmarkTest01204.java,58,semgrep,1,single-tool,warning,"Detected a request with potential user-input going into a OutputStream or Writer object. This bypasses any view or template environments, including HTML escaping, which may expose this application to cross-site scripting (XSS) vulnerabilities. Consider using a view technology such as JavaServer Faces (JSFs) which automatically escapes HTML views."
BenchmarkTest01205,CWE-501,data/benchmark/src/main/java/org/owasp/benchmark/testcode/BenchmarkTest01205.java,56,semgrep,1,single-tool,warning,"Detected input from a HTTPServletRequest going into a session command, like `setAttribute`. User input into such a command could lead to an attacker inputting malicious code into your session parameters, blurring the line between what's trusted and untrusted, and therefore leading to a trust boundary violation. This could lead to programmers trusting unvalidated data. Instead, thoroughly sanitize user input before passing it into such function calls."
BenchmarkTest01205,CWE-79,data/benchmark/src/main/java/org/owasp/benchmark/testcode/BenchmarkTest01205.java,58,semgrep,1,single-tool,warning,"Detected a request with potential user-input going into a OutputStream or Writer object. This bypasses any view or template environments, including HTML escaping, which may expose this application to cross-site scripting (XSS) vulnerabilities. Consider using a view technology such as JavaServer Faces (JSFs) which automatically escapes HTML views."
BenchmarkTest01206,CWE-501,data/benchmark/src/main/java/org/owasp/benchmark/testcode/BenchmarkTest01206.java,56,semgrep,1,single-tool,warning,"Detected input from a HTTPServletRequest going into a session command, like `setAttribute`. User input into such a command could lead to an attacker inputting malicious code into your session parameters, blurring the line between what's trusted and untrusted, and therefore leading to a trust boundary violation. This could lead to programmers trusting unvalidated data. Instead, thoroughly sanitize user input before passing it into such function calls."
BenchmarkTest01206,CWE-79,data/benchmark/src/main/java/org/owasp/benchmark/testcode/BenchmarkTest01206.java,58,semgrep,1,single-tool,warning,"Detected a request with potential user-input going into a OutputStream or Writer object. This bypasses any view or template environments, including HTML escaping, which may expose this application to cross-site scripting (XSS) vulnerabilities. Consider using a view technology such as JavaServer Faces (JSFs) which automatically escapes HTML views."
BenchmarkTest01207,CWE-79,data/benchmark/src/main/java/org/owasp/benchmark/testcode/BenchmarkTest01207.java,58,semgrep,1,single-tool,warning,"Detected a request with potential user-input going into a OutputStream or Writer object. This bypasses any view or template environments, including HTML escaping, which may expose this application to cross-site scripting (XSS) vulnerabilities. Consider using a view technology such as JavaServer Faces (JSFs) which automatically escapes HTML views."
BenchmarkTest01208,CWE-89,data/benchmark/src/main/java/org/owasp/benchmark/testcode/BenchmarkTest01208.java,60,semgrep;sonarqube,2,high (same CWE),MAJOR;warning,Detected input from a HTTPServletRequest going into a SQL sink or statement. This could lead to SQL injection if variables in the SQL statement are not properly sanitized. Use parameterized SQL queries or properly sanitize user input instead.
BenchmarkTest01209,CWE-89,data/benchmark/src/main/java/org/owasp/benchmark/testcode/BenchmarkTest01209.java,60,semgrep;sonarqube,2,high (same CWE),MAJOR;warning,Detected input from a HTTPServletRequest going into a SQL sink or statement. This could lead to SQL injection if variables in the SQL statement are not properly sanitized. Use parameterized SQL queries or properly sanitize user input instead.
BenchmarkTest01210,CWE-89,data/benchmark/src/main/java/org/owasp/benchmark/testcode/BenchmarkTest01210.java,60,semgrep;sonarqube,2,high (same CWE),MAJOR;warning,Detected input from a HTTPServletRequest going into a SQL sink or statement. This could lead to SQL injection if variables in the SQL statement are not properly sanitized. Use parameterized SQL queries or properly sanitize user input instead.
BenchmarkTest01211,CWE-89,data/benchmark/src/main/java/org/owasp/benchmark/testcode/BenchmarkTest01211.java,60,semgrep;sonarqube,2,high (same CWE),MAJOR;warning,Detected input from a HTTPServletRequest going into a SQL sink or statement. This could lead to SQL injection if variables in the SQL statement are not properly sanitized. Use parameterized SQL queries or properly sanitize user input instead.
BenchmarkTest01212,CWE-89,data/benchmark/src/main/java/org/owasp/benchmark/testcode/BenchmarkTest01212.java,60,semgrep;sonarqube,2,high (same CWE),MAJOR;warning,Detected input from a HTTPServletRequest going into a SQL sink or statement. This could lead to SQL injection if variables in the SQL statement are not properly sanitized. Use parameterized SQL queries or properly sanitize user input instead.
BenchmarkTest01213,CWE-89,data/benchmark/src/main/java/org/owasp/benchmark/testcode/BenchmarkTest01213.java,60,semgrep;sonarqube,2,high (same CWE),MAJOR;warning,Detected input from a HTTPServletRequest going into a SQL sink or statement. This could lead to SQL injection if variables in the SQL statement are not properly sanitized. Use parameterized SQL queries or properly sanitize user input instead.
BenchmarkTest01214,CWE-89,data/benchmark/src/main/java/org/owasp/benchmark/testcode/BenchmarkTest01214.java,58,semgrep,1,single-tool,warning,Detected input from a HTTPServletRequest going into a SQL sink or statement. This could lead to SQL injection if variables in the SQL statement are not properly sanitized. Use parameterized SQL queries or properly sanitize user input instead.
BenchmarkTest01215,CWE-89,data/benchmark/src/main/java/org/owasp/benchmark/testcode/BenchmarkTest01215.java,59,semgrep,1,single-tool,warning,Detected input from a HTTPServletRequest going into a SQL sink or statement. This could lead to SQL injection if variables in the SQL statement are not properly sanitized. Use parameterized SQL queries or properly sanitize user input instead.
BenchmarkTest01215,CWE-79,data/benchmark/src/main/java/org/owasp/benchmark/testcode/BenchmarkTest01215.java,62,semgrep,1,single-tool,warning,"Detected a request with potential user-input going into a OutputStream or Writer object. This bypasses any view or template environments, including HTML escaping, which may expose this application to cross-site scripting (XSS) vulnerabilities. Consider using a view technology such as JavaServer Faces (JSFs) which automatically escapes HTML views."
BenchmarkTest01216,CWE-89,data/benchmark/src/main/java/org/owasp/benchmark/testcode/BenchmarkTest01216.java,58,semgrep;sonarqube,2,high (same CWE),MAJOR;warning,Detected input from a HTTPServletRequest going into a SQL sink or statement. This could lead to SQL injection if variables in the SQL statement are not properly sanitized. Use parameterized SQL queries or properly sanitize user input instead.
BenchmarkTest01217,CWE-89,data/benchmark/src/main/java/org/owasp/benchmark/testcode/BenchmarkTest01217.java,58,semgrep;sonarqube,2,high (same CWE),MAJOR;warning,Detected input from a HTTPServletRequest going into a SQL sink or statement. This could lead to SQL injection if variables in the SQL statement are not properly sanitized. Use parameterized SQL queries or properly sanitize user input instead.
BenchmarkTest01218,CWE-89,data/benchmark/src/main/java/org/owasp/benchmark/testcode/BenchmarkTest01218.java,58,semgrep;sonarqube,2,high (same CWE),MAJOR;warning,Detected input from a HTTPServletRequest going into a SQL sink or statement. This could lead to SQL injection if variables in the SQL statement are not properly sanitized. Use parameterized SQL queries or properly sanitize user input instead.
BenchmarkTest01219,CWE-89,data/benchmark/src/main/java/org/owasp/benchmark/testcode/BenchmarkTest01219.java,58,semgrep;sonarqube,2,high (same CWE),MAJOR;warning,Detected input from a HTTPServletRequest going into a SQL sink or statement. This could lead to SQL injection if variables in the SQL statement are not properly sanitized. Use parameterized SQL queries or properly sanitize user input instead.
BenchmarkTest01220,CWE-89,data/benchmark/src/main/java/org/owasp/benchmark/testcode/BenchmarkTest01220.java,58,semgrep;sonarqube,2,high (same CWE),MAJOR;warning,Detected input from a HTTPServletRequest going into a SQL sink or statement. This could lead to SQL injection if variables in the SQL statement are not properly sanitized. Use parameterized SQL queries or properly sanitize user input instead.
BenchmarkTest01221,CWE-89,data/benchmark/src/main/java/org/owasp/benchmark/testcode/BenchmarkTest01221.java,58,semgrep;sonarqube,2,high (same CWE),MAJOR;warning,Detected input from a HTTPServletRequest going into a SQL sink or statement. This could lead to SQL injection if variables in the SQL statement are not properly sanitized. Use parameterized SQL queries or properly sanitize user input instead.
BenchmarkTest01222,CWE-89,data/benchmark/src/main/java/org/owasp/benchmark/testcode/BenchmarkTest01222.java,58,semgrep;sonarqube,2,high (same CWE),MAJOR;warning,Detected input from a HTTPServletRequest going into a SQL sink or statement. This could lead to SQL injection if variables in the SQL statement are not properly sanitized. Use parameterized SQL queries or properly sanitize user input instead.
BenchmarkTest01223,CWE-643,data/benchmark/src/main/java/org/owasp/benchmark/testcode/BenchmarkTest01223.java,72,semgrep,1,single-tool,warning,"Detected input from a HTTPServletRequest going into a XPath evaluate or compile command. This could lead to xpath injection if variables passed into the evaluate or compile commands are not properly sanitized. Xpath injection could lead to unauthorized access to sensitive information in XML documents. Instead, thoroughly sanitize user input or use parameterized xpath queries if you can."
BenchmarkTest01223,CWE-79,data/benchmark/src/main/java/org/owasp/benchmark/testcode/BenchmarkTest01223.java,79,semgrep,1,single-tool,warning,"Detected a request with potential user-input going into a OutputStream or Writer object. This bypasses any view or template environments, including HTML escaping, which may expose this application to cross-site scripting (XSS) vulnerabilities. Consider using a view technology such as JavaServer Faces (JSFs) which automatically escapes HTML views."
BenchmarkTest01224,CWE-643,data/benchmark/src/main/java/org/owasp/benchmark/testcode/BenchmarkTest01224.java,70,semgrep,1,single-tool,warning,"Detected input from a HTTPServletRequest going into a XPath evaluate or compile command. This could lead to xpath injection if variables passed into the evaluate or compile commands are not properly sanitized. Xpath injection could lead to unauthorized access to sensitive information in XML documents. Instead, thoroughly sanitize user input or use parameterized xpath queries if you can."
BenchmarkTest01224,CWE-79,data/benchmark/src/main/java/org/owasp/benchmark/testcode/BenchmarkTest01224.java,72,semgrep,1,single-tool,warning,"Detected a request with potential user-input going into a OutputStream or Writer object. This bypasses any view or template environments, including HTML escaping, which may expose this application to cross-site scripting (XSS) vulnerabilities. Consider using a view technology such as JavaServer Faces (JSFs) which automatically escapes HTML views."
BenchmarkTest01225,CWE-643,data/benchmark/src/main/java/org/owasp/benchmark/testcode/BenchmarkTest01225.java,70,semgrep,1,single-tool,warning,"Detected input from a HTTPServletRequest going into a XPath evaluate or compile command. This could lead to xpath injection if variables passed into the evaluate or compile commands are not properly sanitized. Xpath injection could lead to unauthorized access to sensitive information in XML documents. Instead, thoroughly sanitize user input or use parameterized xpath queries if you can."
BenchmarkTest01225,CWE-79,data/benchmark/src/main/java/org/owasp/benchmark/testcode/BenchmarkTest01225.java,72,semgrep,1,single-tool,warning,"Detected a request with potential user-input going into a OutputStream or Writer object. This bypasses any view or template environments, including HTML escaping, which may expose this application to cross-site scripting (XSS) vulnerabilities. Consider using a view technology such as JavaServer Faces (JSFs) which automatically escapes HTML views."
BenchmarkTest01228,CWE-326,data/benchmark/src/main/java/org/owasp/benchmark/testcode/BenchmarkTest01228.java,59,semgrep;sonarqube,2,"medium (same line, different CWE label)",CRITICAL;warning,DES is considered deprecated. AES is the recommended cipher. Upgrade to use AES. See https://www.nist.gov/news-events/news/2005/06/nist-withdraws-outdated-data-encryption-standard for more information.
BenchmarkTest01229,CWE-326,data/benchmark/src/main/java/org/owasp/benchmark/testcode/BenchmarkTest01229.java,59,semgrep;sonarqube,2,"medium (same line, different CWE label)",CRITICAL;warning,DES is considered deprecated. AES is the recommended cipher. Upgrade to use AES. See https://www.nist.gov/news-events/news/2005/06/nist-withdraws-outdated-data-encryption-standard for more information.
BenchmarkTest01230,CWE-326,data/benchmark/src/main/java/org/owasp/benchmark/testcode/BenchmarkTest01230.java,56,semgrep,1,high (same CWE),warning,Triple DES (3DES or DESede) is considered deprecated. AES is the recommended cipher. Upgrade to use AES.
BenchmarkTest01230,CWE-327,owasp-benchmark:data/benchmark/src/main/java/org/owasp/benchmark/testcode/BenchmarkTest01230.java,53,sonarqube,1,high (same CWE),CRITICAL,Use a strong cipher algorithm.
BenchmarkTest01231,CWE-22,data/benchmark/src/main/java/org/owasp/benchmark/testcode/BenchmarkTest01231.java,48,semgrep,1,single-tool,error,"Detected a potential path traversal. A malicious actor could control the location of this file, to include going backwards in the directory with '../'. To address this, ensure that user-controlled variables in file paths are sanitized. You may also consider using a utility method such as org.apache.commons.io.FilenameUtils.getName(...) to only retrieve the file name from the path."
BenchmarkTest01232,CWE-22,data/benchmark/src/main/java/org/owasp/benchmark/testcode/BenchmarkTest01232.java,48,semgrep,1,single-tool,error,"Detected a potential path traversal. A malicious actor could control the location of this file, to include going backwards in the directory with '../'. To address this, ensure that user-controlled variables in file paths are sanitized. You may also consider using a utility method such as org.apache.commons.io.FilenameUtils.getName(...) to only retrieve the file name from the path."
BenchmarkTest01233,CWE-22,data/benchmark/src/main/java/org/owasp/benchmark/testcode/BenchmarkTest01233.java,48,semgrep,1,single-tool,error,"Detected a potential path traversal. A malicious actor could control the location of this file, to include going backwards in the directory with '../'. To address this, ensure that user-controlled variables in file paths are sanitized. You may also consider using a utility method such as org.apache.commons.io.FilenameUtils.getName(...) to only retrieve the file name from the path."
BenchmarkTest01234,CWE-22,data/benchmark/src/main/java/org/owasp/benchmark/testcode/BenchmarkTest01234.java,48,semgrep,1,single-tool,error,"Detected a potential path traversal. A malicious actor could control the location of this file, to include going backwards in the directory with '../'. To address this, ensure that user-controlled variables in file paths are sanitized. You may also consider using a utility method such as org.apache.commons.io.FilenameUtils.getName(...) to only retrieve the file name from the path."
BenchmarkTest01235,CWE-22,data/benchmark/src/main/java/org/owasp/benchmark/testcode/BenchmarkTest01235.java,65,semgrep,1,single-tool,error,"Detected a potential path traversal. A malicious actor could control the location of this file, to include going backwards in the directory with '../'. To address this, ensure that user-controlled variables in file paths are sanitized. You may also consider using a utility method such as org.apache.commons.io.FilenameUtils.getName(...) to only retrieve the file name from the path."
BenchmarkTest01236,CWE-22,data/benchmark/src/main/java/org/owasp/benchmark/testcode/BenchmarkTest01236.java,65,semgrep,1,single-tool,error,"Detected a potential path traversal. A malicious actor could control the location of this file, to include going backwards in the directory with '../'. To address this, ensure that user-controlled variables in file paths are sanitized. You may also consider using a utility method such as org.apache.commons.io.FilenameUtils.getName(...) to only retrieve the file name from the path."
BenchmarkTest01237,CWE-22,data/benchmark/src/main/java/org/owasp/benchmark/testcode/BenchmarkTest01237.java,65,semgrep,1,single-tool,error,"Detected a potential path traversal. A malicious actor could control the location of this file, to include going backwards in the directory with '../'. To address this, ensure that user-controlled variables in file paths are sanitized. You may also consider using a utility method such as org.apache.commons.io.FilenameUtils.getName(...) to only retrieve the file name from the path."
BenchmarkTest01238,CWE-22,data/benchmark/src/main/java/org/owasp/benchmark/testcode/BenchmarkTest01238.java,54,semgrep,1,single-tool,error,"Detected a potential path traversal. A malicious actor could control the location of this file, to include going backwards in the directory with '../'. To address this, ensure that user-controlled variables in file paths are sanitized. You may also consider using a utility method such as org.apache.commons.io.FilenameUtils.getName(...) to only retrieve the file name from the path."
BenchmarkTest01238,CWE-22,data/benchmark/src/main/java/org/owasp/benchmark/testcode/BenchmarkTest01238.java,67,semgrep,1,single-tool,error,"Detected a potential path traversal. A malicious actor could control the location of this file, to include going backwards in the directory with '../'. To address this, ensure that user-controlled variables in file paths are sanitized. You may also consider using a utility method such as org.apache.commons.io.FilenameUtils.getName(...) to only retrieve the file name from the path."
BenchmarkTest01239,CWE-22,data/benchmark/src/main/java/org/owasp/benchmark/testcode/BenchmarkTest01239.java,59,semgrep,1,single-tool,error,"Detected a potential path traversal. A malicious actor could control the location of this file, to include going backwards in the directory with '../'. To address this, ensure that user-controlled variables in file paths are sanitized. You may also consider using a utility method such as org.apache.commons.io.FilenameUtils.getName(...) to only retrieve the file name from the path."
BenchmarkTest01240,CWE-22,data/benchmark/src/main/java/org/owasp/benchmark/testcode/BenchmarkTest01240.java,54,semgrep,1,single-tool,error,"Detected a potential path traversal. A malicious actor could control the location of this file, to include going backwards in the directory with '../'. To address this, ensure that user-controlled variables in file paths are sanitized. You may also consider using a utility method such as org.apache.commons.io.FilenameUtils.getName(...) to only retrieve the file name from the path."
BenchmarkTest01240,CWE-22,data/benchmark/src/main/java/org/owasp/benchmark/testcode/BenchmarkTest01240.java,67,semgrep,1,single-tool,error,"Detected a potential path traversal. A malicious actor could control the location of this file, to include going backwards in the directory with '../'. To address this, ensure that user-controlled variables in file paths are sanitized. You may also consider using a utility method such as org.apache.commons.io.FilenameUtils.getName(...) to only retrieve the file name from the path."
BenchmarkTest01241,CWE-90,data/benchmark/src/main/java/org/owasp/benchmark/testcode/BenchmarkTest01241.java,62,semgrep,1,single-tool,warning,"Detected input from a HTTPServletRequest going into an LDAP query. This could lead to LDAP injection if the input is not properly sanitized, which could result in attackers modifying objects in the LDAP tree structure. Ensure data passed to an LDAP query is not controllable or properly sanitize the data."
BenchmarkTest01242,CWE-90,data/benchmark/src/main/java/org/owasp/benchmark/testcode/BenchmarkTest01242.java,62,semgrep,1,single-tool,warning,"Detected input from a HTTPServletRequest going into an LDAP query. This could lead to LDAP injection if the input is not properly sanitized, which could result in attackers modifying objects in the LDAP tree structure. Ensure data passed to an LDAP query is not controllable or properly sanitize the data."
BenchmarkTest01243,CWE-90,data/benchmark/src/main/java/org/owasp/benchmark/testcode/BenchmarkTest01243.java,61,semgrep,1,single-tool,warning,"Detected input from a HTTPServletRequest going into an LDAP query. This could lead to LDAP injection if the input is not properly sanitized, which could result in attackers modifying objects in the LDAP tree structure. Ensure data passed to an LDAP query is not controllable or properly sanitize the data."
BenchmarkTest01244,CWE-328,data/benchmark/src/main/java/org/owasp/benchmark/testcode/BenchmarkTest01244.java,54,semgrep;sonarqube,2,"medium (same line, different CWE label)",CRITICAL;warning,"Detected SHA1 hash algorithm which is considered insecure. SHA1 is not collision resistant and is therefore not suitable as a cryptographic signature. Instead, use PBKDF2 for password hashing or SHA256 or SHA512 for other hash function applications."
BenchmarkTest01244,CWE-1240,owasp-benchmark:data/benchmark/src/main/java/org/owasp/benchmark/testcode/BenchmarkTest01244.java,56,sonarqube,1,single-tool,CRITICAL,Make sure this weak hash algorithm is not used in a sensitive context here.
BenchmarkTest01246,CWE-328,data/benchmark/src/main/java/org/owasp/benchmark/testcode/BenchmarkTest01246.java,49,semgrep;sonarqube,2,"medium (same line, different CWE label)",CRITICAL;warning,"Detected SHA1 hash algorithm which is considered insecure. SHA1 is not collision resistant and is therefore not suitable as a cryptographic signature. Instead, use PBKDF2 for password hashing or SHA256 or SHA512 for other hash function applications."
BenchmarkTest01247,CWE-328,data/benchmark/src/main/java/org/owasp/benchmark/testcode/BenchmarkTest01247.java,49,semgrep;sonarqube,2,"medium (same line, different CWE label)",CRITICAL;warning,Detected MD5 hash algorithm which is considered insecure. MD5 is not collision resistant and is therefore not suitable as a cryptographic signature. Use HMAC instead.
BenchmarkTest01251,CWE-79,data/benchmark/src/main/java/org/owasp/benchmark/testcode/BenchmarkTest01251.java,52,semgrep,1,single-tool,warning,"Detected a request with potential user-input going into a OutputStream or Writer object. This bypasses any view or template environments, including HTML escaping, which may expose this application to cross-site scripting (XSS) vulnerabilities. Consider using a view technology such as JavaServer Faces (JSFs) which automatically escapes HTML views."
BenchmarkTest01252,CWE-79,data/benchmark/src/main/java/org/owasp/benchmark/testcode/BenchmarkTest01252.java,50,semgrep,1,single-tool,warning,"Detected a request with potential user-input going into a OutputStream or Writer object. This bypasses any view or template environments, including HTML escaping, which may expose this application to cross-site scripting (XSS) vulnerabilities. Consider using a view technology such as JavaServer Faces (JSFs) which automatically escapes HTML views."
BenchmarkTest01253,CWE-79,data/benchmark/src/main/java/org/owasp/benchmark/testcode/BenchmarkTest01253.java,50,semgrep,1,single-tool,warning,"Detected a request with potential user-input going into a OutputStream or Writer object. This bypasses any view or template environments, including HTML escaping, which may expose this application to cross-site scripting (XSS) vulnerabilities. Consider using a view technology such as JavaServer Faces (JSFs) which automatically escapes HTML views."
BenchmarkTest01254,CWE-79,data/benchmark/src/main/java/org/owasp/benchmark/testcode/BenchmarkTest01254.java,49,semgrep,1,single-tool,warning,"Detected a request with potential user-input going into a OutputStream or Writer object. This bypasses any view or template environments, including HTML escaping, which may expose this application to cross-site scripting (XSS) vulnerabilities. Consider using a view technology such as JavaServer Faces (JSFs) which automatically escapes HTML views."
BenchmarkTest01255,CWE-79,data/benchmark/src/main/java/org/owasp/benchmark/testcode/BenchmarkTest01255.java,49,semgrep,1,single-tool,warning,"Detected a request with potential user-input going into a OutputStream or Writer object. This bypasses any view or template environments, including HTML escaping, which may expose this application to cross-site scripting (XSS) vulnerabilities. Consider using a view technology such as JavaServer Faces (JSFs) which automatically escapes HTML views."
BenchmarkTest01256,CWE-79,data/benchmark/src/main/java/org/owasp/benchmark/testcode/BenchmarkTest01256.java,49,semgrep,1,single-tool,warning,"Detected a request with potential user-input going into a OutputStream or Writer object. This bypasses any view or template environments, including HTML escaping, which may expose this application to cross-site scripting (XSS) vulnerabilities. Consider using a view technology such as JavaServer Faces (JSFs) which automatically escapes HTML views."
BenchmarkTest01257,CWE-79,data/benchmark/src/main/java/org/owasp/benchmark/testcode/BenchmarkTest01257.java,49,semgrep,1,single-tool,warning,"Detected a request with potential user-input going into a OutputStream or Writer object. This bypasses any view or template environments, including HTML escaping, which may expose this application to cross-site scripting (XSS) vulnerabilities. Consider using a view technology such as JavaServer Faces (JSFs) which automatically escapes HTML views."
BenchmarkTest01258,CWE-79,data/benchmark/src/main/java/org/owasp/benchmark/testcode/BenchmarkTest01258.java,50,semgrep,1,single-tool,warning,"Detected a request with potential user-input going into a OutputStream or Writer object. This bypasses any view or template environments, including HTML escaping, which may expose this application to cross-site scripting (XSS) vulnerabilities. Consider using a view technology such as JavaServer Faces (JSFs) which automatically escapes HTML views."
BenchmarkTest01259,CWE-79,data/benchmark/src/main/java/org/owasp/benchmark/testcode/BenchmarkTest01259.java,50,semgrep,1,single-tool,warning,"Detected a request with potential user-input going into a OutputStream or Writer object. This bypasses any view or template environments, including HTML escaping, which may expose this application to cross-site scripting (XSS) vulnerabilities. Consider using a view technology such as JavaServer Faces (JSFs) which automatically escapes HTML views."
BenchmarkTest01260,CWE-79,data/benchmark/src/main/java/org/owasp/benchmark/testcode/BenchmarkTest01260.java,50,semgrep,1,single-tool,warning,"Detected a request with potential user-input going into a OutputStream or Writer object. This bypasses any view or template environments, including HTML escaping, which may expose this application to cross-site scripting (XSS) vulnerabilities. Consider using a view technology such as JavaServer Faces (JSFs) which automatically escapes HTML views."
BenchmarkTest01261,CWE-79,data/benchmark/src/main/java/org/owasp/benchmark/testcode/BenchmarkTest01261.java,49,semgrep,1,single-tool,warning,"Detected a request with potential user-input going into a OutputStream or Writer object. This bypasses any view or template environments, including HTML escaping, which may expose this application to cross-site scripting (XSS) vulnerabilities. Consider using a view technology such as JavaServer Faces (JSFs) which automatically escapes HTML views."
BenchmarkTest01262,CWE-79,data/benchmark/src/main/java/org/owasp/benchmark/testcode/BenchmarkTest01262.java,49,semgrep,1,single-tool,warning,"Detected a request with potential user-input going into a OutputStream or Writer object. This bypasses any view or template environments, including HTML escaping, which may expose this application to cross-site scripting (XSS) vulnerabilities. Consider using a view technology such as JavaServer Faces (JSFs) which automatically escapes HTML views."
BenchmarkTest01263,CWE-79,data/benchmark/src/main/java/org/owasp/benchmark/testcode/BenchmarkTest01263.java,49,semgrep,1,single-tool,warning,"Detected a request with potential user-input going into a OutputStream or Writer object. This bypasses any view or template environments, including HTML escaping, which may expose this application to cross-site scripting (XSS) vulnerabilities. Consider using a view technology such as JavaServer Faces (JSFs) which automatically escapes HTML views."
BenchmarkTest01264,CWE-79,data/benchmark/src/main/java/org/owasp/benchmark/testcode/BenchmarkTest01264.java,49,semgrep,1,single-tool,warning,"Detected a request with potential user-input going into a OutputStream or Writer object. This bypasses any view or template environments, including HTML escaping, which may expose this application to cross-site scripting (XSS) vulnerabilities. Consider using a view technology such as JavaServer Faces (JSFs) which automatically escapes HTML views."
BenchmarkTest01265,CWE-79,data/benchmark/src/main/java/org/owasp/benchmark/testcode/BenchmarkTest01265.java,52,semgrep,1,single-tool,warning,"Detected a request with potential user-input going into a OutputStream or Writer object. This bypasses any view or template environments, including HTML escaping, which may expose this application to cross-site scripting (XSS) vulnerabilities. Consider using a view technology such as JavaServer Faces (JSFs) which automatically escapes HTML views."
BenchmarkTest01266,CWE-79,data/benchmark/src/main/java/org/owasp/benchmark/testcode/BenchmarkTest01266.java,52,semgrep,1,single-tool,warning,"Detected a request with potential user-input going into a OutputStream or Writer object. This bypasses any view or template environments, including HTML escaping, which may expose this application to cross-site scripting (XSS) vulnerabilities. Consider using a view technology such as JavaServer Faces (JSFs) which automatically escapes HTML views."
BenchmarkTest01267,CWE-79,data/benchmark/src/main/java/org/owasp/benchmark/testcode/BenchmarkTest01267.java,49,semgrep,1,single-tool,warning,"Detected a request with potential user-input going into a OutputStream or Writer object. This bypasses any view or template environments, including HTML escaping, which may expose this application to cross-site scripting (XSS) vulnerabilities. Consider using a view technology such as JavaServer Faces (JSFs) which automatically escapes HTML views."
BenchmarkTest01268,CWE-79,data/benchmark/src/main/java/org/owasp/benchmark/testcode/BenchmarkTest01268.java,52,semgrep,1,single-tool,warning,"Detected a request with potential user-input going into a OutputStream or Writer object. This bypasses any view or template environments, including HTML escaping, which may expose this application to cross-site scripting (XSS) vulnerabilities. Consider using a view technology such as JavaServer Faces (JSFs) which automatically escapes HTML views."
BenchmarkTest01269,CWE-78,data/benchmark/src/main/java/org/owasp/benchmark/testcode/BenchmarkTest01269.java,62,semgrep,1,single-tool,error,A formatted or concatenated string was detected as input to a ProcessBuilder call. This is dangerous if a variable is controlled by user input and could result in a command injection. Ensure your variables are not controlled by users or sufficiently sanitized.
BenchmarkTest01270,CWE-78,data/benchmark/src/main/java/org/owasp/benchmark/testcode/BenchmarkTest01270.java,60,semgrep,1,high (same CWE),error,"Detected input from a HTTPServletRequest going into a 'ProcessBuilder' or 'exec' command. This could lead to command injection if variables passed into the exec commands are not properly sanitized. Instead, avoid using these OS commands with user-supplied input, or, if you must use these commands, use a whitelist of specific values."
BenchmarkTest01271,CWE-330,data/benchmark/src/main/java/org/owasp/benchmark/testcode/BenchmarkTest01271.java,48,semgrep;sonarqube,2,"medium (same line, different CWE label)",MAJOR;warning,"Detected use of the functions `Math.random()` or `java.util.Random()`. These are both not cryptographically strong random number generators (RNGs). If you are using these RNGs to create passwords or secret tokens, use `java.security.SecureRandom` instead."
BenchmarkTest01272,CWE-330,data/benchmark/src/main/java/org/owasp/benchmark/testcode/BenchmarkTest01272.java,48,semgrep;sonarqube,2,"medium (same line, different CWE label)",MAJOR;warning,"Detected use of the functions `Math.random()` or `java.util.Random()`. These are both not cryptographically strong random number generators (RNGs). If you are using these RNGs to create passwords or secret tokens, use `java.security.SecureRandom` instead."
BenchmarkTest01273,CWE-330,data/benchmark/src/main/java/org/owasp/benchmark/testcode/BenchmarkTest01273.java,48,semgrep;sonarqube,2,"medium (same line, different CWE label)",MAJOR;warning,"Detected use of the functions `Math.random()` or `java.util.Random()`. These are both not cryptographically strong random number generators (RNGs). If you are using these RNGs to create passwords or secret tokens, use `java.security.SecureRandom` instead."
BenchmarkTest01274,CWE-330,data/benchmark/src/main/java/org/owasp/benchmark/testcode/BenchmarkTest01274.java,48,semgrep;sonarqube,2,"medium (same line, different CWE label)",MAJOR;warning,"Detected use of the functions `Math.random()` or `java.util.Random()`. These are both not cryptographically strong random number generators (RNGs). If you are using these RNGs to create passwords or secret tokens, use `java.security.SecureRandom` instead."
BenchmarkTest01275,CWE-330,data/benchmark/src/main/java/org/owasp/benchmark/testcode/BenchmarkTest01275.java,48,semgrep;sonarqube,2,"medium (same line, different CWE label)",MAJOR;warning,"Detected use of the functions `Math.random()` or `java.util.Random()`. These are both not cryptographically strong random number generators (RNGs). If you are using these RNGs to create passwords or secret tokens, use `java.security.SecureRandom` instead."
BenchmarkTest01276,CWE-330,data/benchmark/src/main/java/org/owasp/benchmark/testcode/BenchmarkTest01276.java,48,semgrep;sonarqube,2,"medium (same line, different CWE label)",MAJOR;warning,"Detected use of the functions `Math.random()` or `java.util.Random()`. These are both not cryptographically strong random number generators (RNGs). If you are using these RNGs to create passwords or secret tokens, use `java.security.SecureRandom` instead."
BenchmarkTest01277,CWE-330,data/benchmark/src/main/java/org/owasp/benchmark/testcode/BenchmarkTest01277.java,48,semgrep;sonarqube,2,"medium (same line, different CWE label)",MAJOR;warning,"Detected use of the functions `Math.random()` or `java.util.Random()`. These are both not cryptographically strong random number generators (RNGs). If you are using these RNGs to create passwords or secret tokens, use `java.security.SecureRandom` instead."
BenchmarkTest01278,CWE-330,data/benchmark/src/main/java/org/owasp/benchmark/testcode/BenchmarkTest01278.java,48,semgrep;sonarqube,2,"medium (same line, different CWE label)",MAJOR;warning,"Detected use of the functions `Math.random()` or `java.util.Random()`. These are both not cryptographically strong random number generators (RNGs). If you are using these RNGs to create passwords or secret tokens, use `java.security.SecureRandom` instead."
BenchmarkTest01279,CWE-330,data/benchmark/src/main/java/org/owasp/benchmark/testcode/BenchmarkTest01279.java,48,semgrep;sonarqube,2,"medium (same line, different CWE label)",MAJOR;warning,"Detected use of the functions `Math.random()` or `java.util.Random()`. These are both not cryptographically strong random number generators (RNGs). If you are using these RNGs to create passwords or secret tokens, use `java.security.SecureRandom` instead."
BenchmarkTest01280,CWE-614,data/benchmark/src/main/java/org/owasp/benchmark/testcode/BenchmarkTest01280.java,65,semgrep,1,single-tool,warning,A cookie was detected without setting the 'secure' flag. The 'secure' flag for cookies prevents the client from transmitting the cookie over insecure channels such as HTTP. Set the 'secure' flag by calling 'cookie.setSecure(true);'
BenchmarkTest01281,CWE-614,data/benchmark/src/main/java/org/owasp/benchmark/testcode/BenchmarkTest01281.java,65,semgrep,1,single-tool,warning,A cookie was detected without setting the 'secure' flag. The 'secure' flag for cookies prevents the client from transmitting the cookie over insecure channels such as HTTP. Set the 'secure' flag by calling 'cookie.setSecure(true);'
BenchmarkTest01282,CWE-614,data/benchmark/src/main/java/org/owasp/benchmark/testcode/BenchmarkTest01282.java,65,semgrep,1,single-tool,warning,A cookie was detected without setting the 'secure' flag. The 'secure' flag for cookies prevents the client from transmitting the cookie over insecure channels such as HTTP. Set the 'secure' flag by calling 'cookie.setSecure(true);'
BenchmarkTest01283,CWE-614,data/benchmark/src/main/java/org/owasp/benchmark/testcode/BenchmarkTest01283.java,65,semgrep,1,single-tool,warning,A cookie was detected without setting the 'secure' flag. The 'secure' flag for cookies prevents the client from transmitting the cookie over insecure channels such as HTTP. Set the 'secure' flag by calling 'cookie.setSecure(true);'
BenchmarkTest01284,CWE-79,data/benchmark/src/main/java/org/owasp/benchmark/testcode/BenchmarkTest01284.java,49,semgrep,1,single-tool,warning,"Detected a request with potential user-input going into a OutputStream or Writer object. This bypasses any view or template environments, including HTML escaping, which may expose this application to cross-site scripting (XSS) vulnerabilities. Consider using a view technology such as JavaServer Faces (JSFs) which automatically escapes HTML views."
BenchmarkTest01285,CWE-78,data/benchmark/src/main/java/org/owasp/benchmark/testcode/BenchmarkTest01285.java,57,semgrep,1,single-tool,error,"Detected input from a HTTPServletRequest going into a 'ProcessBuilder' or 'exec' command. This could lead to command injection if variables passed into the exec commands are not properly sanitized. Instead, avoid using these OS commands with user-supplied input, or, if you must use these commands, use a whitelist of specific values."
BenchmarkTest01286,CWE-78,data/benchmark/src/main/java/org/owasp/benchmark/testcode/BenchmarkTest01286.java,69,semgrep,1,single-tool,error,"Detected input from a HTTPServletRequest going into a 'ProcessBuilder' or 'exec' command. This could lead to command injection if variables passed into the exec commands are not properly sanitized. Instead, avoid using these OS commands with user-supplied input, or, if you must use these commands, use a whitelist of specific values."
BenchmarkTest01287,CWE-78,data/benchmark/src/main/java/org/owasp/benchmark/testcode/BenchmarkTest01287.java,57,semgrep,1,single-tool,error,"Detected input from a HTTPServletRequest going into a 'ProcessBuilder' or 'exec' command. This could lead to command injection if variables passed into the exec commands are not properly sanitized. Instead, avoid using these OS commands with user-supplied input, or, if you must use these commands, use a whitelist of specific values."
BenchmarkTest01288,CWE-78,data/benchmark/src/main/java/org/owasp/benchmark/testcode/BenchmarkTest01288.java,57,semgrep,1,single-tool,error,"Detected input from a HTTPServletRequest going into a 'ProcessBuilder' or 'exec' command. This could lead to command injection if variables passed into the exec commands are not properly sanitized. Instead, avoid using these OS commands with user-supplied input, or, if you must use these commands, use a whitelist of specific values."
BenchmarkTest01289,CWE-78,data/benchmark/src/main/java/org/owasp/benchmark/testcode/BenchmarkTest01289.java,58,semgrep,1,single-tool,error,"Detected input from a HTTPServletRequest going into a 'ProcessBuilder' or 'exec' command. This could lead to command injection if variables passed into the exec commands are not properly sanitized. Instead, avoid using these OS commands with user-supplied input, or, if you must use these commands, use a whitelist of specific values."
BenchmarkTest01290,CWE-78,data/benchmark/src/main/java/org/owasp/benchmark/testcode/BenchmarkTest01290.java,56,semgrep,1,single-tool,error,"Detected input from a HTTPServletRequest going into a 'ProcessBuilder' or 'exec' command. This could lead to command injection if variables passed into the exec commands are not properly sanitized. Instead, avoid using these OS commands with user-supplied input, or, if you must use these commands, use a whitelist of specific values."
BenchmarkTest01299,CWE-501,data/benchmark/src/main/java/org/owasp/benchmark/testcode/BenchmarkTest01299.java,49,semgrep,1,single-tool,warning,"Detected input from a HTTPServletRequest going into a session command, like `setAttribute`. User input into such a command could lead to an attacker inputting malicious code into your session parameters, blurring the line between what's trusted and untrusted, and therefore leading to a trust boundary violation. This could lead to programmers trusting unvalidated data. Instead, thoroughly sanitize user input before passing it into such function calls."
BenchmarkTest01299,CWE-79,data/benchmark/src/main/java/org/owasp/benchmark/testcode/BenchmarkTest01299.java,51,semgrep,1,single-tool,warning,"Detected a request with potential user-input going into a OutputStream or Writer object. This bypasses any view or template environments, including HTML escaping, which may expose this application to cross-site scripting (XSS) vulnerabilities. Consider using a view technology such as JavaServer Faces (JSFs) which automatically escapes HTML views."
BenchmarkTest01300,CWE-501,data/benchmark/src/main/java/org/owasp/benchmark/testcode/BenchmarkTest01300.java,49,semgrep,1,single-tool,warning,"Detected input from a HTTPServletRequest going into a session command, like `setAttribute`. User input into such a command could lead to an attacker inputting malicious code into your session parameters, blurring the line between what's trusted and untrusted, and therefore leading to a trust boundary violation. This could lead to programmers trusting unvalidated data. Instead, thoroughly sanitize user input before passing it into such function calls."
BenchmarkTest01300,CWE-79,data/benchmark/src/main/java/org/owasp/benchmark/testcode/BenchmarkTest01300.java,51,semgrep,1,single-tool,warning,"Detected a request with potential user-input going into a OutputStream or Writer object. This bypasses any view or template environments, including HTML escaping, which may expose this application to cross-site scripting (XSS) vulnerabilities. Consider using a view technology such as JavaServer Faces (JSFs) which automatically escapes HTML views."
BenchmarkTest01301,CWE-89,data/benchmark/src/main/java/org/owasp/benchmark/testcode/BenchmarkTest01301.java,53,semgrep;sonarqube,2,high (same CWE),MAJOR;warning,Detected input from a HTTPServletRequest going into a SQL sink or statement. This could lead to SQL injection if variables in the SQL statement are not properly sanitized. Use parameterized SQL queries or properly sanitize user input instead.
BenchmarkTest01302,CWE-89,data/benchmark/src/main/java/org/owasp/benchmark/testcode/BenchmarkTest01302.java,53,semgrep;sonarqube,2,high (same CWE),MAJOR;warning,Detected input from a HTTPServletRequest going into a SQL sink or statement. This could lead to SQL injection if variables in the SQL statement are not properly sanitized. Use parameterized SQL queries or properly sanitize user input instead.
BenchmarkTest01303,CWE-89,data/benchmark/src/main/java/org/owasp/benchmark/testcode/BenchmarkTest01303.java,53,semgrep;sonarqube,2,high (same CWE),MAJOR;warning,Detected input from a HTTPServletRequest going into a SQL sink or statement. This could lead to SQL injection if variables in the SQL statement are not properly sanitized. Use parameterized SQL queries or properly sanitize user input instead.
BenchmarkTest01304,CWE-89,data/benchmark/src/main/java/org/owasp/benchmark/testcode/BenchmarkTest01304.java,53,semgrep;sonarqube,2,high (same CWE),MAJOR;warning,Detected input from a HTTPServletRequest going into a SQL sink or statement. This could lead to SQL injection if variables in the SQL statement are not properly sanitized. Use parameterized SQL queries or properly sanitize user input instead.
BenchmarkTest01305,CWE-89,data/benchmark/src/main/java/org/owasp/benchmark/testcode/BenchmarkTest01305.java,53,semgrep;sonarqube,2,high (same CWE),MAJOR;warning,Detected input from a HTTPServletRequest going into a SQL sink or statement. This could lead to SQL injection if variables in the SQL statement are not properly sanitized. Use parameterized SQL queries or properly sanitize user input instead.
BenchmarkTest01306,CWE-89,data/benchmark/src/main/java/org/owasp/benchmark/testcode/BenchmarkTest01306.java,53,semgrep;sonarqube,2,high (same CWE),MAJOR;warning,Detected input from a HTTPServletRequest going into a SQL sink or statement. This could lead to SQL injection if variables in the SQL statement are not properly sanitized. Use parameterized SQL queries or properly sanitize user input instead.
BenchmarkTest01307,CWE-89,data/benchmark/src/main/java/org/owasp/benchmark/testcode/BenchmarkTest01307.java,53,semgrep;sonarqube,2,high (same CWE),MAJOR;warning,Detected input from a HTTPServletRequest going into a SQL sink or statement. This could lead to SQL injection if variables in the SQL statement are not properly sanitized. Use parameterized SQL queries or properly sanitize user input instead.
BenchmarkTest01308,CWE-89,data/benchmark/src/main/java/org/owasp/benchmark/testcode/BenchmarkTest01308.java,52,semgrep,1,single-tool,warning,Detected input from a HTTPServletRequest going into a SQL sink or statement. This could lead to SQL injection if variables in the SQL statement are not properly sanitized. Use parameterized SQL queries or properly sanitize user input instead.
BenchmarkTest01308,CWE-79,data/benchmark/src/main/java/org/owasp/benchmark/testcode/BenchmarkTest01308.java,55,semgrep,1,single-tool,warning,"Detected a request with potential user-input going into a OutputStream or Writer object. This bypasses any view or template environments, including HTML escaping, which may expose this application to cross-site scripting (XSS) vulnerabilities. Consider using a view technology such as JavaServer Faces (JSFs) which automatically escapes HTML views."
BenchmarkTest01309,CWE-89,data/benchmark/src/main/java/org/owasp/benchmark/testcode/BenchmarkTest01309.java,51,semgrep,1,single-tool,warning,Detected input from a HTTPServletRequest going into a SQL sink or statement. This could lead to SQL injection if variables in the SQL statement are not properly sanitized. Use parameterized SQL queries or properly sanitize user input instead.
BenchmarkTest01310,CWE-89,data/benchmark/src/main/java/org/owasp/benchmark/testcode/BenchmarkTest01310.java,53,semgrep;sonarqube,2,high (same CWE),MAJOR;warning,Detected a formatted string in a SQL statement. This could lead to SQL injection if variables in the SQL statement are not properly sanitized. Use a prepared statements (java.sql.PreparedStatement) instead. You can obtain a PreparedStatement using 'connection.prepareStatement'.
BenchmarkTest01311,CWE-89,data/benchmark/src/main/java/org/owasp/benchmark/testcode/BenchmarkTest01311.java,53,semgrep;sonarqube,2,high (same CWE),MAJOR;warning,Detected a formatted string in a SQL statement. This could lead to SQL injection if variables in the SQL statement are not properly sanitized. Use a prepared statements (java.sql.PreparedStatement) instead. You can obtain a PreparedStatement using 'connection.prepareStatement'.
BenchmarkTest01312,CWE-89,data/benchmark/src/main/java/org/owasp/benchmark/testcode/BenchmarkTest01312.java,53,semgrep;sonarqube,2,high (same CWE),MAJOR;warning,Detected a formatted string in a SQL statement. This could lead to SQL injection if variables in the SQL statement are not properly sanitized. Use a prepared statements (java.sql.PreparedStatement) instead. You can obtain a PreparedStatement using 'connection.prepareStatement'.
BenchmarkTest01313,CWE-89,data/benchmark/src/main/java/org/owasp/benchmark/testcode/BenchmarkTest01313.java,51,semgrep;sonarqube,2,high (same CWE),MAJOR;warning,Detected input from a HTTPServletRequest going into a SQL sink or statement. This could lead to SQL injection if variables in the SQL statement are not properly sanitized. Use parameterized SQL queries or properly sanitize user input instead.
BenchmarkTest01314,CWE-89,data/benchmark/src/main/java/org/owasp/benchmark/testcode/BenchmarkTest01314.java,51,semgrep;sonarqube,2,high (same CWE),MAJOR;warning,Detected input from a HTTPServletRequest going into a SQL sink or statement. This could lead to SQL injection if variables in the SQL statement are not properly sanitized. Use parameterized SQL queries or properly sanitize user input instead.
BenchmarkTest01315,CWE-89,data/benchmark/src/main/java/org/owasp/benchmark/testcode/BenchmarkTest01315.java,51,semgrep;sonarqube,2,high (same CWE),MAJOR;warning,Detected input from a HTTPServletRequest going into a SQL sink or statement. This could lead to SQL injection if variables in the SQL statement are not properly sanitized. Use parameterized SQL queries or properly sanitize user input instead.
BenchmarkTest01316,CWE-643,data/benchmark/src/main/java/org/owasp/benchmark/testcode/BenchmarkTest01316.java,63,semgrep,1,single-tool,warning,"Detected input from a HTTPServletRequest going into a XPath evaluate or compile command. This could lead to xpath injection if variables passed into the evaluate or compile commands are not properly sanitized. Xpath injection could lead to unauthorized access to sensitive information in XML documents. Instead, thoroughly sanitize user input or use parameterized xpath queries if you can."
BenchmarkTest01316,CWE-79,data/benchmark/src/main/java/org/owasp/benchmark/testcode/BenchmarkTest01316.java,65,semgrep,1,single-tool,warning,"Detected a request with potential user-input going into a OutputStream or Writer object. This bypasses any view or template environments, including HTML escaping, which may expose this application to cross-site scripting (XSS) vulnerabilities. Consider using a view technology such as JavaServer Faces (JSFs) which automatically escapes HTML views."
BenchmarkTest01317,CWE-326,data/benchmark/src/main/java/org/owasp/benchmark/testcode/BenchmarkTest01317.java,68,semgrep,1,high (same CWE),warning,Triple DES (3DES or DESede) is considered deprecated. AES is the recommended cipher. Upgrade to use AES.
BenchmarkTest01317,CWE-327,owasp-benchmark:data/benchmark/src/main/java/org/owasp/benchmark/testcode/BenchmarkTest01317.java,65,sonarqube,1,high (same CWE),CRITICAL,Use a strong cipher algorithm.
BenchmarkTest01318,CWE-326,data/benchmark/src/main/java/org/owasp/benchmark/testcode/BenchmarkTest01318.java,68,semgrep,1,high (same CWE),warning,Triple DES (3DES or DESede) is considered deprecated. AES is the recommended cipher. Upgrade to use AES.
BenchmarkTest01318,CWE-327,owasp-benchmark:data/benchmark/src/main/java/org/owasp/benchmark/testcode/BenchmarkTest01318.java,65,sonarqube,1,high (same CWE),CRITICAL,Use another cipher mode or disable padding.
BenchmarkTest01320,CWE-326,data/benchmark/src/main/java/org/owasp/benchmark/testcode/BenchmarkTest01320.java,66,semgrep,1,high (same CWE),warning,Triple DES (3DES or DESede) is considered deprecated. AES is the recommended cipher. Upgrade to use AES.
BenchmarkTest01320,CWE-327,owasp-benchmark:data/benchmark/src/main/java/org/owasp/benchmark/testcode/BenchmarkTest01320.java,64,sonarqube,1,high (same CWE),CRITICAL,Use a strong cipher algorithm.
BenchmarkTest01322,CWE-326,data/benchmark/src/main/java/org/owasp/benchmark/testcode/BenchmarkTest01322.java,63,semgrep;sonarqube,2,"medium (same line, different CWE label)",CRITICAL;warning,DES is considered deprecated. AES is the recommended cipher. Upgrade to use AES. See https://www.nist.gov/news-events/news/2005/06/nist-withdraws-outdated-data-encryption-standard for more information.
BenchmarkTest01323,CWE-326,data/benchmark/src/main/java/org/owasp/benchmark/testcode/BenchmarkTest01323.java,63,semgrep;sonarqube,2,"medium (same line, different CWE label)",CRITICAL;warning,DES is considered deprecated. AES is the recommended cipher. Upgrade to use AES. See https://www.nist.gov/news-events/news/2005/06/nist-withdraws-outdated-data-encryption-standard for more information.
BenchmarkTest01325,CWE-326,data/benchmark/src/main/java/org/owasp/benchmark/testcode/BenchmarkTest01325.java,60,semgrep,1,high (same CWE),warning,Triple DES (3DES or DESede) is considered deprecated. AES is the recommended cipher. Upgrade to use AES.
BenchmarkTest01325,CWE-327,owasp-benchmark:data/benchmark/src/main/java/org/owasp/benchmark/testcode/BenchmarkTest01325.java,57,sonarqube,1,high (same CWE),CRITICAL,Use a secure cipher mode.
BenchmarkTest01326,CWE-90,data/benchmark/src/main/java/org/owasp/benchmark/testcode/BenchmarkTest01326.java,63,semgrep,1,single-tool,warning,"Detected input from a HTTPServletRequest going into an LDAP query. This could lead to LDAP injection if the input is not properly sanitized, which could result in attackers modifying objects in the LDAP tree structure. Ensure data passed to an LDAP query is not controllable or properly sanitize the data."
BenchmarkTest01327,CWE-90,data/benchmark/src/main/java/org/owasp/benchmark/testcode/BenchmarkTest01327.java,63,semgrep,1,single-tool,warning,"Detected input from a HTTPServletRequest going into an LDAP query. This could lead to LDAP injection if the input is not properly sanitized, which could result in attackers modifying objects in the LDAP tree structure. Ensure data passed to an LDAP query is not controllable or properly sanitize the data."
BenchmarkTest01328,CWE-22,data/benchmark/src/main/java/org/owasp/benchmark/testcode/BenchmarkTest01328.java,69,semgrep,1,single-tool,error,"Detected a potential path traversal. A malicious actor could control the location of this file, to include going backwards in the directory with '../'. To address this, ensure that user-controlled variables in file paths are sanitized. You may also consider using a utility method such as org.apache.commons.io.FilenameUtils.getName(...) to only retrieve the file name from the path."
BenchmarkTest01329,CWE-22,data/benchmark/src/main/java/org/owasp/benchmark/testcode/BenchmarkTest01329.java,72,semgrep,1,single-tool,error,"Detected a potential path traversal. A malicious actor could control the location of this file, to include going backwards in the directory with '../'. To address this, ensure that user-controlled variables in file paths are sanitized. You may also consider using a utility method such as org.apache.commons.io.FilenameUtils.getName(...) to only retrieve the file name from the path."
BenchmarkTest01330,CWE-22,data/benchmark/src/main/java/org/owasp/benchmark/testcode/BenchmarkTest01330.java,58,semgrep,1,single-tool,error,"Detected a potential path traversal. A malicious actor could control the location of this file, to include going backwards in the directory with '../'. To address this, ensure that user-controlled variables in file paths are sanitized. You may also consider using a utility method such as org.apache.commons.io.FilenameUtils.getName(...) to only retrieve the file name from the path."
BenchmarkTest01330,CWE-22,data/benchmark/src/main/java/org/owasp/benchmark/testcode/BenchmarkTest01330.java,71,semgrep,1,single-tool,error,"Detected a potential path traversal. A malicious actor could control the location of this file, to include going backwards in the directory with '../'. To address this, ensure that user-controlled variables in file paths are sanitized. You may also consider using a utility method such as org.apache.commons.io.FilenameUtils.getName(...) to only retrieve the file name from the path."
BenchmarkTest01331,CWE-22,data/benchmark/src/main/java/org/owasp/benchmark/testcode/BenchmarkTest01331.java,58,semgrep,1,single-tool,error,"Detected a potential path traversal. A malicious actor could control the location of this file, to include going backwards in the directory with '../'. To address this, ensure that user-controlled variables in file paths are sanitized. You may also consider using a utility method such as org.apache.commons.io.FilenameUtils.getName(...) to only retrieve the file name from the path."
BenchmarkTest01331,CWE-22,data/benchmark/src/main/java/org/owasp/benchmark/testcode/BenchmarkTest01331.java,71,semgrep,1,single-tool,error,"Detected a potential path traversal. A malicious actor could control the location of this file, to include going backwards in the directory with '../'. To address this, ensure that user-controlled variables in file paths are sanitized. You may also consider using a utility method such as org.apache.commons.io.FilenameUtils.getName(...) to only retrieve the file name from the path."
BenchmarkTest01333,CWE-328,data/benchmark/src/main/java/org/owasp/benchmark/testcode/BenchmarkTest01333.java,53,semgrep;sonarqube,2,"medium (same line, different CWE label)",CRITICAL;warning,Detected MD5 hash algorithm which is considered insecure. MD5 is not collision resistant and is therefore not suitable as a cryptographic signature. Use HMAC instead.
BenchmarkTest01334,CWE-328,data/benchmark/src/main/java/org/owasp/benchmark/testcode/BenchmarkTest01334.java,53,semgrep;sonarqube,2,"medium (same line, different CWE label)",CRITICAL;warning,Detected MD5 hash algorithm which is considered insecure. MD5 is not collision resistant and is therefore not suitable as a cryptographic signature. Use HMAC instead.
BenchmarkTest01335,CWE-79,data/benchmark/src/main/java/org/owasp/benchmark/testcode/BenchmarkTest01335.java,56,semgrep,1,single-tool,warning,"Detected a request with potential user-input going into a OutputStream or Writer object. This bypasses any view or template environments, including HTML escaping, which may expose this application to cross-site scripting (XSS) vulnerabilities. Consider using a view technology such as JavaServer Faces (JSFs) which automatically escapes HTML views."
BenchmarkTest01336,CWE-79,data/benchmark/src/main/java/org/owasp/benchmark/testcode/BenchmarkTest01336.java,54,semgrep,1,single-tool,warning,"Detected a request with potential user-input going into a OutputStream or Writer object. This bypasses any view or template environments, including HTML escaping, which may expose this application to cross-site scripting (XSS) vulnerabilities. Consider using a view technology such as JavaServer Faces (JSFs) which automatically escapes HTML views."
BenchmarkTest01337,CWE-79,data/benchmark/src/main/java/org/owasp/benchmark/testcode/BenchmarkTest01337.java,54,semgrep,1,single-tool,warning,"Detected a request with potential user-input going into a OutputStream or Writer object. This bypasses any view or template environments, including HTML escaping, which may expose this application to cross-site scripting (XSS) vulnerabilities. Consider using a view technology such as JavaServer Faces (JSFs) which automatically escapes HTML views."
BenchmarkTest01338,CWE-79,data/benchmark/src/main/java/org/owasp/benchmark/testcode/BenchmarkTest01338.java,53,semgrep,1,single-tool,warning,"Detected a request with potential user-input going into a OutputStream or Writer object. This bypasses any view or template environments, including HTML escaping, which may expose this application to cross-site scripting (XSS) vulnerabilities. Consider using a view technology such as JavaServer Faces (JSFs) which automatically escapes HTML views."
BenchmarkTest01339,CWE-79,data/benchmark/src/main/java/org/owasp/benchmark/testcode/BenchmarkTest01339.java,53,semgrep,1,single-tool,warning,"Detected a request with potential user-input going into a OutputStream or Writer object. This bypasses any view or template environments, including HTML escaping, which may expose this application to cross-site scripting (XSS) vulnerabilities. Consider using a view technology such as JavaServer Faces (JSFs) which automatically escapes HTML views."
BenchmarkTest01340,CWE-79,data/benchmark/src/main/java/org/owasp/benchmark/testcode/BenchmarkTest01340.java,53,semgrep,1,single-tool,warning,"Detected a request with potential user-input going into a OutputStream or Writer object. This bypasses any view or template environments, including HTML escaping, which may expose this application to cross-site scripting (XSS) vulnerabilities. Consider using a view technology such as JavaServer Faces (JSFs) which automatically escapes HTML views."
BenchmarkTest01341,CWE-79,data/benchmark/src/main/java/org/owasp/benchmark/testcode/BenchmarkTest01341.java,54,semgrep,1,single-tool,warning,"Detected a request with potential user-input going into a OutputStream or Writer object. This bypasses any view or template environments, including HTML escaping, which may expose this application to cross-site scripting (XSS) vulnerabilities. Consider using a view technology such as JavaServer Faces (JSFs) which automatically escapes HTML views."
BenchmarkTest01342,CWE-79,data/benchmark/src/main/java/org/owasp/benchmark/testcode/BenchmarkTest01342.java,54,semgrep,1,single-tool,warning,"Detected a request with potential user-input going into a OutputStream or Writer object. This bypasses any view or template environments, including HTML escaping, which may expose this application to cross-site scripting (XSS) vulnerabilities. Consider using a view technology such as JavaServer Faces (JSFs) which automatically escapes HTML views."
BenchmarkTest01343,CWE-79,data/benchmark/src/main/java/org/owasp/benchmark/testcode/BenchmarkTest01343.java,54,semgrep,1,single-tool,warning,"Detected a request with potential user-input going into a OutputStream or Writer object. This bypasses any view or template environments, including HTML escaping, which may expose this application to cross-site scripting (XSS) vulnerabilities. Consider using a view technology such as JavaServer Faces (JSFs) which automatically escapes HTML views."
BenchmarkTest01344,CWE-79,data/benchmark/src/main/java/org/owasp/benchmark/testcode/BenchmarkTest01344.java,54,semgrep,1,single-tool,warning,"Detected a request with potential user-input going into a OutputStream or Writer object. This bypasses any view or template environments, including HTML escaping, which may expose this application to cross-site scripting (XSS) vulnerabilities. Consider using a view technology such as JavaServer Faces (JSFs) which automatically escapes HTML views."
BenchmarkTest01345,CWE-79,data/benchmark/src/main/java/org/owasp/benchmark/testcode/BenchmarkTest01345.java,53,semgrep,1,single-tool,warning,"Detected a request with potential user-input going into a OutputStream or Writer object. This bypasses any view or template environments, including HTML escaping, which may expose this application to cross-site scripting (XSS) vulnerabilities. Consider using a view technology such as JavaServer Faces (JSFs) which automatically escapes HTML views."
BenchmarkTest01346,CWE-79,data/benchmark/src/main/java/org/owasp/benchmark/testcode/BenchmarkTest01346.java,53,semgrep,1,single-tool,warning,"Detected a request with potential user-input going into a OutputStream or Writer object. This bypasses any view or template environments, including HTML escaping, which may expose this application to cross-site scripting (XSS) vulnerabilities. Consider using a view technology such as JavaServer Faces (JSFs) which automatically escapes HTML views."
BenchmarkTest01347,CWE-79,data/benchmark/src/main/java/org/owasp/benchmark/testcode/BenchmarkTest01347.java,53,semgrep,1,single-tool,warning,"Detected a request with potential user-input going into a OutputStream or Writer object. This bypasses any view or template environments, including HTML escaping, which may expose this application to cross-site scripting (XSS) vulnerabilities. Consider using a view technology such as JavaServer Faces (JSFs) which automatically escapes HTML views."
BenchmarkTest01348,CWE-79,data/benchmark/src/main/java/org/owasp/benchmark/testcode/BenchmarkTest01348.java,53,semgrep,1,single-tool,warning,"Detected a request with potential user-input going into a OutputStream or Writer object. This bypasses any view or template environments, including HTML escaping, which may expose this application to cross-site scripting (XSS) vulnerabilities. Consider using a view technology such as JavaServer Faces (JSFs) which automatically escapes HTML views."
BenchmarkTest01349,CWE-79,data/benchmark/src/main/java/org/owasp/benchmark/testcode/BenchmarkTest01349.java,53,semgrep,1,single-tool,warning,"Detected a request with potential user-input going into a OutputStream or Writer object. This bypasses any view or template environments, including HTML escaping, which may expose this application to cross-site scripting (XSS) vulnerabilities. Consider using a view technology such as JavaServer Faces (JSFs) which automatically escapes HTML views."
BenchmarkTest01350,CWE-79,data/benchmark/src/main/java/org/owasp/benchmark/testcode/BenchmarkTest01350.java,56,semgrep,1,single-tool,warning,"Detected a request with potential user-input going into a OutputStream or Writer object. This bypasses any view or template environments, including HTML escaping, which may expose this application to cross-site scripting (XSS) vulnerabilities. Consider using a view technology such as JavaServer Faces (JSFs) which automatically escapes HTML views."
BenchmarkTest01351,CWE-79,data/benchmark/src/main/java/org/owasp/benchmark/testcode/BenchmarkTest01351.java,56,semgrep,1,single-tool,warning,"Detected a request with potential user-input going into a OutputStream or Writer object. This bypasses any view or template environments, including HTML escaping, which may expose this application to cross-site scripting (XSS) vulnerabilities. Consider using a view technology such as JavaServer Faces (JSFs) which automatically escapes HTML views."
BenchmarkTest01352,CWE-79,data/benchmark/src/main/java/org/owasp/benchmark/testcode/BenchmarkTest01352.java,53,semgrep,1,single-tool,warning,"Detected a request with potential user-input going into a OutputStream or Writer object. This bypasses any view or template environments, including HTML escaping, which may expose this application to cross-site scripting (XSS) vulnerabilities. Consider using a view technology such as JavaServer Faces (JSFs) which automatically escapes HTML views."
BenchmarkTest01353,CWE-78,data/benchmark/src/main/java/org/owasp/benchmark/testcode/BenchmarkTest01353.java,62,semgrep,1,high (same CWE),error,"Detected input from a HTTPServletRequest going into a 'ProcessBuilder' or 'exec' command. This could lead to command injection if variables passed into the exec commands are not properly sanitized. Instead, avoid using these OS commands with user-supplied input, or, if you must use these commands, use a whitelist of specific values."
BenchmarkTest01354,CWE-330,data/benchmark/src/main/java/org/owasp/benchmark/testcode/BenchmarkTest01354.java,52,semgrep;sonarqube,2,"medium (same line, different CWE label)",MAJOR;warning,"Detected use of the functions `Math.random()` or `java.util.Random()`. These are both not cryptographically strong random number generators (RNGs). If you are using these RNGs to create passwords or secret tokens, use `java.security.SecureRandom` instead."
BenchmarkTest01355,CWE-330,data/benchmark/src/main/java/org/owasp/benchmark/testcode/BenchmarkTest01355.java,52,semgrep;sonarqube,2,"medium (same line, different CWE label)",MAJOR;warning,"Detected use of the functions `Math.random()` or `java.util.Random()`. These are both not cryptographically strong random number generators (RNGs). If you are using these RNGs to create passwords or secret tokens, use `java.security.SecureRandom` instead."
BenchmarkTest01356,CWE-330,data/benchmark/src/main/java/org/owasp/benchmark/testcode/BenchmarkTest01356.java,52,semgrep;sonarqube,2,"medium (same line, different CWE label)",MAJOR;warning,"Detected use of the functions `Math.random()` or `java.util.Random()`. These are both not cryptographically strong random number generators (RNGs). If you are using these RNGs to create passwords or secret tokens, use `java.security.SecureRandom` instead."
BenchmarkTest01357,CWE-330,data/benchmark/src/main/java/org/owasp/benchmark/testcode/BenchmarkTest01357.java,52,semgrep;sonarqube,2,"medium (same line, different CWE label)",MAJOR;warning,"Detected use of the functions `Math.random()` or `java.util.Random()`. These are both not cryptographically strong random number generators (RNGs). If you are using these RNGs to create passwords or secret tokens, use `java.security.SecureRandom` instead."
BenchmarkTest01358,CWE-330,data/benchmark/src/main/java/org/owasp/benchmark/testcode/BenchmarkTest01358.java,52,semgrep;sonarqube,2,"medium (same line, different CWE label)",MAJOR;warning,"Detected use of the functions `Math.random()` or `java.util.Random()`. These are both not cryptographically strong random number generators (RNGs). If you are using these RNGs to create passwords or secret tokens, use `java.security.SecureRandom` instead."
BenchmarkTest01360,CWE-78,data/benchmark/src/main/java/org/owasp/benchmark/testcode/BenchmarkTest01360.java,61,semgrep,1,single-tool,error,"Detected input from a HTTPServletRequest going into a 'ProcessBuilder' or 'exec' command. This could lead to command injection if variables passed into the exec commands are not properly sanitized. Instead, avoid using these OS commands with user-supplied input, or, if you must use these commands, use a whitelist of specific values."
BenchmarkTest01361,CWE-78,data/benchmark/src/main/java/org/owasp/benchmark/testcode/BenchmarkTest01361.java,61,semgrep,1,single-tool,error,"Detected input from a HTTPServletRequest going into a 'ProcessBuilder' or 'exec' command. This could lead to command injection if variables passed into the exec commands are not properly sanitized. Instead, avoid using these OS commands with user-supplied input, or, if you must use these commands, use a whitelist of specific values."
BenchmarkTest01362,CWE-78,data/benchmark/src/main/java/org/owasp/benchmark/testcode/BenchmarkTest01362.java,75,semgrep,1,single-tool,error,"Detected input from a HTTPServletRequest going into a 'ProcessBuilder' or 'exec' command. This could lead to command injection if variables passed into the exec commands are not properly sanitized. Instead, avoid using these OS commands with user-supplied input, or, if you must use these commands, use a whitelist of specific values."
BenchmarkTest01363,CWE-78,data/benchmark/src/main/java/org/owasp/benchmark/testcode/BenchmarkTest01363.java,60,semgrep,1,single-tool,error,"Detected input from a HTTPServletRequest going into a 'ProcessBuilder' or 'exec' command. This could lead to command injection if variables passed into the exec commands are not properly sanitized. Instead, avoid using these OS commands with user-supplied input, or, if you must use these commands, use a whitelist of specific values."
BenchmarkTest01364,CWE-78,data/benchmark/src/main/java/org/owasp/benchmark/testcode/BenchmarkTest01364.java,60,semgrep,1,single-tool,error,"Detected input from a HTTPServletRequest going into a 'ProcessBuilder' or 'exec' command. This could lead to command injection if variables passed into the exec commands are not properly sanitized. Instead, avoid using these OS commands with user-supplied input, or, if you must use these commands, use a whitelist of specific values."
BenchmarkTest01365,CWE-78,data/benchmark/src/main/java/org/owasp/benchmark/testcode/BenchmarkTest01365.java,62,semgrep,1,single-tool,error,"Detected input from a HTTPServletRequest going into a 'ProcessBuilder' or 'exec' command. This could lead to command injection if variables passed into the exec commands are not properly sanitized. Instead, avoid using these OS commands with user-supplied input, or, if you must use these commands, use a whitelist of specific values."
BenchmarkTest01374,CWE-79,data/benchmark/src/main/java/org/owasp/benchmark/testcode/BenchmarkTest01374.java,55,semgrep,1,single-tool,warning,"Detected a request with potential user-input going into a OutputStream or Writer object. This bypasses any view or template environments, including HTML escaping, which may expose this application to cross-site scripting (XSS) vulnerabilities. Consider using a view technology such as JavaServer Faces (JSFs) which automatically escapes HTML views."
BenchmarkTest01375,CWE-501,data/benchmark/src/main/java/org/owasp/benchmark/testcode/BenchmarkTest01375.java,53,semgrep,1,single-tool,warning,"Detected input from a HTTPServletRequest going into a session command, like `setAttribute`. User input into such a command could lead to an attacker inputting malicious code into your session parameters, blurring the line between what's trusted and untrusted, and therefore leading to a trust boundary violation. This could lead to programmers trusting unvalidated data. Instead, thoroughly sanitize user input before passing it into such function calls."
BenchmarkTest01375,CWE-79,data/benchmark/src/main/java/org/owasp/benchmark/testcode/BenchmarkTest01375.java,55,semgrep,1,single-tool,warning,"Detected a request with potential user-input going into a OutputStream or Writer object. This bypasses any view or template environments, including HTML escaping, which may expose this application to cross-site scripting (XSS) vulnerabilities. Consider using a view technology such as JavaServer Faces (JSFs) which automatically escapes HTML views."
BenchmarkTest01376,CWE-501,data/benchmark/src/main/java/org/owasp/benchmark/testcode/BenchmarkTest01376.java,53,semgrep,1,single-tool,warning,"Detected input from a HTTPServletRequest going into a session command, like `setAttribute`. User input into such a command could lead to an attacker inputting malicious code into your session parameters, blurring the line between what's trusted and untrusted, and therefore leading to a trust boundary violation. This could lead to programmers trusting unvalidated data. Instead, thoroughly sanitize user input before passing it into such function calls."
BenchmarkTest01376,CWE-79,data/benchmark/src/main/java/org/owasp/benchmark/testcode/BenchmarkTest01376.java,55,semgrep,1,single-tool,warning,"Detected a request with potential user-input going into a OutputStream or Writer object. This bypasses any view or template environments, including HTML escaping, which may expose this application to cross-site scripting (XSS) vulnerabilities. Consider using a view technology such as JavaServer Faces (JSFs) which automatically escapes HTML views."
BenchmarkTest01377,CWE-501,data/benchmark/src/main/java/org/owasp/benchmark/testcode/BenchmarkTest01377.java,53,semgrep,1,single-tool,warning,"Detected input from a HTTPServletRequest going into a session command, like `setAttribute`. User input into such a command could lead to an attacker inputting malicious code into your session parameters, blurring the line between what's trusted and untrusted, and therefore leading to a trust boundary violation. This could lead to programmers trusting unvalidated data. Instead, thoroughly sanitize user input before passing it into such function calls."
BenchmarkTest01377,CWE-79,data/benchmark/src/main/java/org/owasp/benchmark/testcode/BenchmarkTest01377.java,55,semgrep,1,single-tool,warning,"Detected a request with potential user-input going into a OutputStream or Writer object. This bypasses any view or template environments, including HTML escaping, which may expose this application to cross-site scripting (XSS) vulnerabilities. Consider using a view technology such as JavaServer Faces (JSFs) which automatically escapes HTML views."
BenchmarkTest01378,CWE-89,data/benchmark/src/main/java/org/owasp/benchmark/testcode/BenchmarkTest01378.java,57,semgrep;sonarqube,2,high (same CWE),MAJOR;warning,Detected input from a HTTPServletRequest going into a SQL sink or statement. This could lead to SQL injection if variables in the SQL statement are not properly sanitized. Use parameterized SQL queries or properly sanitize user input instead.
BenchmarkTest01379,CWE-89,data/benchmark/src/main/java/org/owasp/benchmark/testcode/BenchmarkTest01379.java,57,semgrep;sonarqube,2,high (same CWE),MAJOR;warning,Detected input from a HTTPServletRequest going into a SQL sink or statement. This could lead to SQL injection if variables in the SQL statement are not properly sanitized. Use parameterized SQL queries or properly sanitize user input instead.
BenchmarkTest01380,CWE-89,data/benchmark/src/main/java/org/owasp/benchmark/testcode/BenchmarkTest01380.java,57,semgrep;sonarqube,2,high (same CWE),MAJOR;warning,Detected input from a HTTPServletRequest going into a SQL sink or statement. This could lead to SQL injection if variables in the SQL statement are not properly sanitized. Use parameterized SQL queries or properly sanitize user input instead.
BenchmarkTest01381,CWE-89,data/benchmark/src/main/java/org/owasp/benchmark/testcode/BenchmarkTest01381.java,57,semgrep;sonarqube,2,high (same CWE),MAJOR;warning,Detected input from a HTTPServletRequest going into a SQL sink or statement. This could lead to SQL injection if variables in the SQL statement are not properly sanitized. Use parameterized SQL queries or properly sanitize user input instead.
BenchmarkTest01382,CWE-89,data/benchmark/src/main/java/org/owasp/benchmark/testcode/BenchmarkTest01382.java,57,semgrep;sonarqube,2,high (same CWE),MAJOR;warning,Detected input from a HTTPServletRequest going into a SQL sink or statement. This could lead to SQL injection if variables in the SQL statement are not properly sanitized. Use parameterized SQL queries or properly sanitize user input instead.
BenchmarkTest01383,CWE-89,data/benchmark/src/main/java/org/owasp/benchmark/testcode/BenchmarkTest01383.java,57,semgrep;sonarqube,2,high (same CWE),MAJOR;warning,Detected input from a HTTPServletRequest going into a SQL sink or statement. This could lead to SQL injection if variables in the SQL statement are not properly sanitized. Use parameterized SQL queries or properly sanitize user input instead.
BenchmarkTest01384,CWE-89,data/benchmark/src/main/java/org/owasp/benchmark/testcode/BenchmarkTest01384.java,57,semgrep;sonarqube,2,high (same CWE),MAJOR;warning,Detected input from a HTTPServletRequest going into a SQL sink or statement. This could lead to SQL injection if variables in the SQL statement are not properly sanitized. Use parameterized SQL queries or properly sanitize user input instead.
BenchmarkTest01385,CWE-89,data/benchmark/src/main/java/org/owasp/benchmark/testcode/BenchmarkTest01385.java,57,semgrep;sonarqube,2,high (same CWE),MAJOR;warning,Detected input from a HTTPServletRequest going into a SQL sink or statement. This could lead to SQL injection if variables in the SQL statement are not properly sanitized. Use parameterized SQL queries or properly sanitize user input instead.
BenchmarkTest01386,CWE-89,data/benchmark/src/main/java/org/owasp/benchmark/testcode/BenchmarkTest01386.java,57,semgrep,1,single-tool,warning,Detected input from a HTTPServletRequest going into a SQL sink or statement. This could lead to SQL injection if variables in the SQL statement are not properly sanitized. Use parameterized SQL queries or properly sanitize user input instead.
BenchmarkTest01386,CWE-79,data/benchmark/src/main/java/org/owasp/benchmark/testcode/BenchmarkTest01386.java,60,semgrep,1,single-tool,warning,"Detected a request with potential user-input going into a OutputStream or Writer object. This bypasses any view or template environments, including HTML escaping, which may expose this application to cross-site scripting (XSS) vulnerabilities. Consider using a view technology such as JavaServer Faces (JSFs) which automatically escapes HTML views."
BenchmarkTest01387,CWE-89,data/benchmark/src/main/java/org/owasp/benchmark/testcode/BenchmarkTest01387.java,57,semgrep,1,single-tool,warning,Detected input from a HTTPServletRequest going into a SQL sink or statement. This could lead to SQL injection if variables in the SQL statement are not properly sanitized. Use parameterized SQL queries or properly sanitize user input instead.
BenchmarkTest01387,CWE-79,data/benchmark/src/main/java/org/owasp/benchmark/testcode/BenchmarkTest01387.java,60,semgrep,1,single-tool,warning,"Detected a request with potential user-input going into a OutputStream or Writer object. This bypasses any view or template environments, including HTML escaping, which may expose this application to cross-site scripting (XSS) vulnerabilities. Consider using a view technology such as JavaServer Faces (JSFs) which automatically escapes HTML views."
BenchmarkTest01388,CWE-89,data/benchmark/src/main/java/org/owasp/benchmark/testcode/BenchmarkTest01388.java,57,semgrep,1,single-tool,warning,Detected input from a HTTPServletRequest going into a SQL sink or statement. This could lead to SQL injection if variables in the SQL statement are not properly sanitized. Use parameterized SQL queries or properly sanitize user input instead.
BenchmarkTest01388,CWE-79,data/benchmark/src/main/java/org/owasp/benchmark/testcode/BenchmarkTest01388.java,60,semgrep,1,single-tool,warning,"Detected a request with potential user-input going into a OutputStream or Writer object. This bypasses any view or template environments, including HTML escaping, which may expose this application to cross-site scripting (XSS) vulnerabilities. Consider using a view technology such as JavaServer Faces (JSFs) which automatically escapes HTML views."
BenchmarkTest01389,CWE-89,data/benchmark/src/main/java/org/owasp/benchmark/testcode/BenchmarkTest01389.java,55,semgrep,1,single-tool,warning,Detected input from a HTTPServletRequest going into a SQL sink or statement. This could lead to SQL injection if variables in the SQL statement are not properly sanitized. Use parameterized SQL queries or properly sanitize user input instead.
BenchmarkTest01390,CWE-89,data/benchmark/src/main/java/org/owasp/benchmark/testcode/BenchmarkTest01390.java,56,semgrep,1,single-tool,warning,Detected input from a HTTPServletRequest going into a SQL sink or statement. This could lead to SQL injection if variables in the SQL statement are not properly sanitized. Use parameterized SQL queries or properly sanitize user input instead.
BenchmarkTest01390,CWE-79,data/benchmark/src/main/java/org/owasp/benchmark/testcode/BenchmarkTest01390.java,59,semgrep,1,single-tool,warning,"Detected a request with potential user-input going into a OutputStream or Writer object. This bypasses any view or template environments, including HTML escaping, which may expose this application to cross-site scripting (XSS) vulnerabilities. Consider using a view technology such as JavaServer Faces (JSFs) which automatically escapes HTML views."
BenchmarkTest01391,CWE-89,data/benchmark/src/main/java/org/owasp/benchmark/testcode/BenchmarkTest01391.java,55,semgrep;sonarqube,2,high (same CWE),MAJOR;warning,Detected input from a HTTPServletRequest going into a SQL sink or statement. This could lead to SQL injection if variables in the SQL statement are not properly sanitized. Use parameterized SQL queries or properly sanitize user input instead.
BenchmarkTest01392,CWE-89,data/benchmark/src/main/java/org/owasp/benchmark/testcode/BenchmarkTest01392.java,55,semgrep;sonarqube,2,high (same CWE),MAJOR;warning,Detected input from a HTTPServletRequest going into a SQL sink or statement. This could lead to SQL injection if variables in the SQL statement are not properly sanitized. Use parameterized SQL queries or properly sanitize user input instead.
BenchmarkTest01393,CWE-89,data/benchmark/src/main/java/org/owasp/benchmark/testcode/BenchmarkTest01393.java,55,semgrep;sonarqube,2,high (same CWE),MAJOR;warning,Detected input from a HTTPServletRequest going into a SQL sink or statement. This could lead to SQL injection if variables in the SQL statement are not properly sanitized. Use parameterized SQL queries or properly sanitize user input instead.
BenchmarkTest01394,CWE-89,data/benchmark/src/main/java/org/owasp/benchmark/testcode/BenchmarkTest01394.java,55,semgrep;sonarqube,2,high (same CWE),MAJOR;warning,Detected input from a HTTPServletRequest going into a SQL sink or statement. This could lead to SQL injection if variables in the SQL statement are not properly sanitized. Use parameterized SQL queries or properly sanitize user input instead.
BenchmarkTest01395,CWE-89,data/benchmark/src/main/java/org/owasp/benchmark/testcode/BenchmarkTest01395.java,55,semgrep;sonarqube,2,high (same CWE),MAJOR;warning,Detected input from a HTTPServletRequest going into a SQL sink or statement. This could lead to SQL injection if variables in the SQL statement are not properly sanitized. Use parameterized SQL queries or properly sanitize user input instead.
BenchmarkTest01396,CWE-89,data/benchmark/src/main/java/org/owasp/benchmark/testcode/BenchmarkTest01396.java,55,semgrep;sonarqube,2,high (same CWE),MAJOR;warning,Detected input from a HTTPServletRequest going into a SQL sink or statement. This could lead to SQL injection if variables in the SQL statement are not properly sanitized. Use parameterized SQL queries or properly sanitize user input instead.
BenchmarkTest01397,CWE-643,data/benchmark/src/main/java/org/owasp/benchmark/testcode/BenchmarkTest01397.java,67,semgrep,1,single-tool,warning,"Detected input from a HTTPServletRequest going into a XPath evaluate or compile command. This could lead to xpath injection if variables passed into the evaluate or compile commands are not properly sanitized. Xpath injection could lead to unauthorized access to sensitive information in XML documents. Instead, thoroughly sanitize user input or use parameterized xpath queries if you can."
BenchmarkTest01397,CWE-79,data/benchmark/src/main/java/org/owasp/benchmark/testcode/BenchmarkTest01397.java,69,semgrep,1,single-tool,warning,"Detected a request with potential user-input going into a OutputStream or Writer object. This bypasses any view or template environments, including HTML escaping, which may expose this application to cross-site scripting (XSS) vulnerabilities. Consider using a view technology such as JavaServer Faces (JSFs) which automatically escapes HTML views."
BenchmarkTest01398,CWE-326,data/benchmark/src/main/java/org/owasp/benchmark/testcode/BenchmarkTest01398.java,76,semgrep,1,high (same CWE),warning,Triple DES (3DES or DESede) is considered deprecated. AES is the recommended cipher. Upgrade to use AES.
BenchmarkTest01398,CWE-327,owasp-benchmark:data/benchmark/src/main/java/org/owasp/benchmark/testcode/BenchmarkTest01398.java,74,sonarqube,1,high (same CWE),CRITICAL,Use another cipher mode or disable padding.
BenchmarkTest01402,CWE-90,data/benchmark/src/main/java/org/owasp/benchmark/testcode/BenchmarkTest01402.java,73,semgrep,1,single-tool,warning,"Detected input from a HTTPServletRequest going into an LDAP query. This could lead to LDAP injection if the input is not properly sanitized, which could result in attackers modifying objects in the LDAP tree structure. Ensure data passed to an LDAP query is not controllable or properly sanitize the data."
BenchmarkTest01403,CWE-22,data/benchmark/src/main/java/org/owasp/benchmark/testcode/BenchmarkTest01403.java,62,semgrep,1,single-tool,error,"Detected a potential path traversal. A malicious actor could control the location of this file, to include going backwards in the directory with '../'. To address this, ensure that user-controlled variables in file paths are sanitized. You may also consider using a utility method such as org.apache.commons.io.FilenameUtils.getName(...) to only retrieve the file name from the path."
BenchmarkTest01404,CWE-22,data/benchmark/src/main/java/org/owasp/benchmark/testcode/BenchmarkTest01404.java,62,semgrep,1,single-tool,error,"Detected a potential path traversal. A malicious actor could control the location of this file, to include going backwards in the directory with '../'. To address this, ensure that user-controlled variables in file paths are sanitized. You may also consider using a utility method such as org.apache.commons.io.FilenameUtils.getName(...) to only retrieve the file name from the path."
BenchmarkTest01405,CWE-22,data/benchmark/src/main/java/org/owasp/benchmark/testcode/BenchmarkTest01405.java,67,semgrep,1,single-tool,error,"Detected a potential path traversal. A malicious actor could control the location of this file, to include going backwards in the directory with '../'. To address this, ensure that user-controlled variables in file paths are sanitized. You may also consider using a utility method such as org.apache.commons.io.FilenameUtils.getName(...) to only retrieve the file name from the path."
BenchmarkTest01406,CWE-22,data/benchmark/src/main/java/org/owasp/benchmark/testcode/BenchmarkTest01406.java,67,semgrep,1,single-tool,error,"Detected a potential path traversal. A malicious actor could control the location of this file, to include going backwards in the directory with '../'. To address this, ensure that user-controlled variables in file paths are sanitized. You may also consider using a utility method such as org.apache.commons.io.FilenameUtils.getName(...) to only retrieve the file name from the path."
BenchmarkTest01407,CWE-22,data/benchmark/src/main/java/org/owasp/benchmark/testcode/BenchmarkTest01407.java,73,semgrep,1,single-tool,error,"Detected a potential path traversal. A malicious actor could control the location of this file, to include going backwards in the directory with '../'. To address this, ensure that user-controlled variables in file paths are sanitized. You may also consider using a utility method such as org.apache.commons.io.FilenameUtils.getName(...) to only retrieve the file name from the path."
BenchmarkTest01408,CWE-22,data/benchmark/src/main/java/org/owasp/benchmark/testcode/BenchmarkTest01408.java,68,semgrep,1,single-tool,error,"Detected a potential path traversal. A malicious actor could control the location of this file, to include going backwards in the directory with '../'. To address this, ensure that user-controlled variables in file paths are sanitized. You may also consider using a utility method such as org.apache.commons.io.FilenameUtils.getName(...) to only retrieve the file name from the path."
BenchmarkTest01408,CWE-22,data/benchmark/src/main/java/org/owasp/benchmark/testcode/BenchmarkTest01408.java,81,semgrep,1,single-tool,error,"Detected a potential path traversal. A malicious actor could control the location of this file, to include going backwards in the directory with '../'. To address this, ensure that user-controlled variables in file paths are sanitized. You may also consider using a utility method such as org.apache.commons.io.FilenameUtils.getName(...) to only retrieve the file name from the path."
BenchmarkTest01411,CWE-328,data/benchmark/src/main/java/org/owasp/benchmark/testcode/BenchmarkTest01411.java,63,semgrep;sonarqube,2,"medium (same line, different CWE label)",CRITICAL;warning,"Detected SHA1 hash algorithm which is considered insecure. SHA1 is not collision resistant and is therefore not suitable as a cryptographic signature. Instead, use PBKDF2 for password hashing or SHA256 or SHA512 for other hash function applications."
BenchmarkTest01417,CWE-79,data/benchmark/src/main/java/org/owasp/benchmark/testcode/BenchmarkTest01417.java,66,semgrep,1,single-tool,warning,"Detected a request with potential user-input going into a OutputStream or Writer object. This bypasses any view or template environments, including HTML escaping, which may expose this application to cross-site scripting (XSS) vulnerabilities. Consider using a view technology such as JavaServer Faces (JSFs) which automatically escapes HTML views."
BenchmarkTest01418,CWE-79,data/benchmark/src/main/java/org/owasp/benchmark/testcode/BenchmarkTest01418.java,64,semgrep,1,single-tool,warning,"Detected a request with potential user-input going into a OutputStream or Writer object. This bypasses any view or template environments, including HTML escaping, which may expose this application to cross-site scripting (XSS) vulnerabilities. Consider using a view technology such as JavaServer Faces (JSFs) which automatically escapes HTML views."
BenchmarkTest01419,CWE-79,data/benchmark/src/main/java/org/owasp/benchmark/testcode/BenchmarkTest01419.java,64,semgrep,1,single-tool,warning,"Detected a request with potential user-input going into a OutputStream or Writer object. This bypasses any view or template environments, including HTML escaping, which may expose this application to cross-site scripting (XSS) vulnerabilities. Consider using a view technology such as JavaServer Faces (JSFs) which automatically escapes HTML views."
BenchmarkTest01420,CWE-79,data/benchmark/src/main/java/org/owasp/benchmark/testcode/BenchmarkTest01420.java,63,semgrep,1,single-tool,warning,"Detected a request with potential user-input going into a OutputStream or Writer object. This bypasses any view or template environments, including HTML escaping, which may expose this application to cross-site scripting (XSS) vulnerabilities. Consider using a view technology such as JavaServer Faces (JSFs) which automatically escapes HTML views."
BenchmarkTest01421,CWE-79,data/benchmark/src/main/java/org/owasp/benchmark/testcode/BenchmarkTest01421.java,64,semgrep,1,single-tool,warning,"Detected a request with potential user-input going into a OutputStream or Writer object. This bypasses any view or template environments, including HTML escaping, which may expose this application to cross-site scripting (XSS) vulnerabilities. Consider using a view technology such as JavaServer Faces (JSFs) which automatically escapes HTML views."
BenchmarkTest01422,CWE-79,data/benchmark/src/main/java/org/owasp/benchmark/testcode/BenchmarkTest01422.java,64,semgrep,1,single-tool,warning,"Detected a request with potential user-input going into a OutputStream or Writer object. This bypasses any view or template environments, including HTML escaping, which may expose this application to cross-site scripting (XSS) vulnerabilities. Consider using a view technology such as JavaServer Faces (JSFs) which automatically escapes HTML views."
BenchmarkTest01423,CWE-79,data/benchmark/src/main/java/org/owasp/benchmark/testcode/BenchmarkTest01423.java,64,semgrep,1,single-tool,warning,"Detected a request with potential user-input going into a OutputStream or Writer object. This bypasses any view or template environments, including HTML escaping, which may expose this application to cross-site scripting (XSS) vulnerabilities. Consider using a view technology such as JavaServer Faces (JSFs) which automatically escapes HTML views."
BenchmarkTest01424,CWE-79,data/benchmark/src/main/java/org/owasp/benchmark/testcode/BenchmarkTest01424.java,64,semgrep,1,single-tool,warning,"Detected a request with potential user-input going into a OutputStream or Writer object. This bypasses any view or template environments, including HTML escaping, which may expose this application to cross-site scripting (XSS) vulnerabilities. Consider using a view technology such as JavaServer Faces (JSFs) which automatically escapes HTML views."
BenchmarkTest01425,CWE-79,data/benchmark/src/main/java/org/owasp/benchmark/testcode/BenchmarkTest01425.java,63,semgrep,1,single-tool,warning,"Detected a request with potential user-input going into a OutputStream or Writer object. This bypasses any view or template environments, including HTML escaping, which may expose this application to cross-site scripting (XSS) vulnerabilities. Consider using a view technology such as JavaServer Faces (JSFs) which automatically escapes HTML views."
BenchmarkTest01426,CWE-79,data/benchmark/src/main/java/org/owasp/benchmark/testcode/BenchmarkTest01426.java,63,semgrep,1,single-tool,warning,"Detected a request with potential user-input going into a OutputStream or Writer object. This bypasses any view or template environments, including HTML escaping, which may expose this application to cross-site scripting (XSS) vulnerabilities. Consider using a view technology such as JavaServer Faces (JSFs) which automatically escapes HTML views."
BenchmarkTest01427,CWE-79,data/benchmark/src/main/java/org/owasp/benchmark/testcode/BenchmarkTest01427.java,63,semgrep,1,single-tool,warning,"Detected a request with potential user-input going into a OutputStream or Writer object. This bypasses any view or template environments, including HTML escaping, which may expose this application to cross-site scripting (XSS) vulnerabilities. Consider using a view technology such as JavaServer Faces (JSFs) which automatically escapes HTML views."
BenchmarkTest01428,CWE-79,data/benchmark/src/main/java/org/owasp/benchmark/testcode/BenchmarkTest01428.java,63,semgrep,1,single-tool,warning,"Detected a request with potential user-input going into a OutputStream or Writer object. This bypasses any view or template environments, including HTML escaping, which may expose this application to cross-site scripting (XSS) vulnerabilities. Consider using a view technology such as JavaServer Faces (JSFs) which automatically escapes HTML views."
BenchmarkTest01429,CWE-79,data/benchmark/src/main/java/org/owasp/benchmark/testcode/BenchmarkTest01429.java,63,semgrep,1,single-tool,warning,"Detected a request with potential user-input going into a OutputStream or Writer object. This bypasses any view or template environments, including HTML escaping, which may expose this application to cross-site scripting (XSS) vulnerabilities. Consider using a view technology such as JavaServer Faces (JSFs) which automatically escapes HTML views."
BenchmarkTest01430,CWE-78,data/benchmark/src/main/java/org/owasp/benchmark/testcode/BenchmarkTest01430.java,74,semgrep,1,high (same CWE),error,"Detected input from a HTTPServletRequest going into a 'ProcessBuilder' or 'exec' command. This could lead to command injection if variables passed into the exec commands are not properly sanitized. Instead, avoid using these OS commands with user-supplied input, or, if you must use these commands, use a whitelist of specific values."
BenchmarkTest01431,CWE-330,data/benchmark/src/main/java/org/owasp/benchmark/testcode/BenchmarkTest01431.java,62,semgrep;sonarqube,2,"medium (same line, different CWE label)",MAJOR;warning,"Detected use of the functions `Math.random()` or `java.util.Random()`. These are both not cryptographically strong random number generators (RNGs). If you are using these RNGs to create passwords or secret tokens, use `java.security.SecureRandom` instead."
BenchmarkTest01432,CWE-330,data/benchmark/src/main/java/org/owasp/benchmark/testcode/BenchmarkTest01432.java,62,semgrep;sonarqube,2,"medium (same line, different CWE label)",MAJOR;warning,"Detected use of the functions `Math.random()` or `java.util.Random()`. These are both not cryptographically strong random number generators (RNGs). If you are using these RNGs to create passwords or secret tokens, use `java.security.SecureRandom` instead."
BenchmarkTest01433,CWE-330,data/benchmark/src/main/java/org/owasp/benchmark/testcode/BenchmarkTest01433.java,62,semgrep;sonarqube,2,"medium (same line, different CWE label)",MAJOR;warning,"Detected use of the functions `Math.random()` or `java.util.Random()`. These are both not cryptographically strong random number generators (RNGs). If you are using these RNGs to create passwords or secret tokens, use `java.security.SecureRandom` instead."
BenchmarkTest01434,CWE-330,data/benchmark/src/main/java/org/owasp/benchmark/testcode/BenchmarkTest01434.java,62,semgrep;sonarqube,2,"medium (same line, different CWE label)",MAJOR;warning,"Detected use of the functions `Math.random()` or `java.util.Random()`. These are both not cryptographically strong random number generators (RNGs). If you are using these RNGs to create passwords or secret tokens, use `java.security.SecureRandom` instead."
BenchmarkTest01435,CWE-330,data/benchmark/src/main/java/org/owasp/benchmark/testcode/BenchmarkTest01435.java,62,semgrep;sonarqube,2,"medium (same line, different CWE label)",MAJOR;warning,"Detected use of the functions `Math.random()` or `java.util.Random()`. These are both not cryptographically strong random number generators (RNGs). If you are using these RNGs to create passwords or secret tokens, use `java.security.SecureRandom` instead."
BenchmarkTest01437,CWE-79,data/benchmark/src/main/java/org/owasp/benchmark/testcode/BenchmarkTest01437.java,63,semgrep,1,single-tool,warning,"Detected a request with potential user-input going into a OutputStream or Writer object. This bypasses any view or template environments, including HTML escaping, which may expose this application to cross-site scripting (XSS) vulnerabilities. Consider using a view technology such as JavaServer Faces (JSFs) which automatically escapes HTML views."
BenchmarkTest01438,CWE-79,data/benchmark/src/main/java/org/owasp/benchmark/testcode/BenchmarkTest01438.java,63,semgrep,1,single-tool,warning,"Detected a request with potential user-input going into a OutputStream or Writer object. This bypasses any view or template environments, including HTML escaping, which may expose this application to cross-site scripting (XSS) vulnerabilities. Consider using a view technology such as JavaServer Faces (JSFs) which automatically escapes HTML views."
BenchmarkTest01439,CWE-79,data/benchmark/src/main/java/org/owasp/benchmark/testcode/BenchmarkTest01439.java,63,semgrep,1,single-tool,warning,"Detected a request with potential user-input going into a OutputStream or Writer object. This bypasses any view or template environments, including HTML escaping, which may expose this application to cross-site scripting (XSS) vulnerabilities. Consider using a view technology such as JavaServer Faces (JSFs) which automatically escapes HTML views."
BenchmarkTest01440,CWE-78,data/benchmark/src/main/java/org/owasp/benchmark/testcode/BenchmarkTest01440.java,71,semgrep,1,single-tool,error,"Detected input from a HTTPServletRequest going into a 'ProcessBuilder' or 'exec' command. This could lead to command injection if variables passed into the exec commands are not properly sanitized. Instead, avoid using these OS commands with user-supplied input, or, if you must use these commands, use a whitelist of specific values."
BenchmarkTest01441,CWE-78,data/benchmark/src/main/java/org/owasp/benchmark/testcode/BenchmarkTest01441.java,83,semgrep,1,single-tool,error,"Detected input from a HTTPServletRequest going into a 'ProcessBuilder' or 'exec' command. This could lead to command injection if variables passed into the exec commands are not properly sanitized. Instead, avoid using these OS commands with user-supplied input, or, if you must use these commands, use a whitelist of specific values."
BenchmarkTest01442,CWE-78,data/benchmark/src/main/java/org/owasp/benchmark/testcode/BenchmarkTest01442.java,71,semgrep,1,single-tool,error,"Detected input from a HTTPServletRequest going into a 'ProcessBuilder' or 'exec' command. This could lead to command injection if variables passed into the exec commands are not properly sanitized. Instead, avoid using these OS commands with user-supplied input, or, if you must use these commands, use a whitelist of specific values."
BenchmarkTest01443,CWE-78,data/benchmark/src/main/java/org/owasp/benchmark/testcode/BenchmarkTest01443.java,72,semgrep,1,single-tool,error,"Detected input from a HTTPServletRequest going into a 'ProcessBuilder' or 'exec' command. This could lead to command injection if variables passed into the exec commands are not properly sanitized. Instead, avoid using these OS commands with user-supplied input, or, if you must use these commands, use a whitelist of specific values."
BenchmarkTest01444,CWE-78,data/benchmark/src/main/java/org/owasp/benchmark/testcode/BenchmarkTest01444.java,70,semgrep,1,single-tool,error,"Detected input from a HTTPServletRequest going into a 'ProcessBuilder' or 'exec' command. This could lead to command injection if variables passed into the exec commands are not properly sanitized. Instead, avoid using these OS commands with user-supplied input, or, if you must use these commands, use a whitelist of specific values."
BenchmarkTest01445,CWE-78,data/benchmark/src/main/java/org/owasp/benchmark/testcode/BenchmarkTest01445.java,70,semgrep,1,single-tool,error,"Detected input from a HTTPServletRequest going into a 'ProcessBuilder' or 'exec' command. This could lead to command injection if variables passed into the exec commands are not properly sanitized. Instead, avoid using these OS commands with user-supplied input, or, if you must use these commands, use a whitelist of specific values."
BenchmarkTest01446,CWE-78,data/benchmark/src/main/java/org/owasp/benchmark/testcode/BenchmarkTest01446.java,72,semgrep,1,single-tool,error,"Detected input from a HTTPServletRequest going into a 'ProcessBuilder' or 'exec' command. This could lead to command injection if variables passed into the exec commands are not properly sanitized. Instead, avoid using these OS commands with user-supplied input, or, if you must use these commands, use a whitelist of specific values."
BenchmarkTest01454,CWE-501,data/benchmark/src/main/java/org/owasp/benchmark/testcode/BenchmarkTest01454.java,63,semgrep,1,single-tool,warning,"Detected input from a HTTPServletRequest going into a session command, like `setAttribute`. User input into such a command could lead to an attacker inputting malicious code into your session parameters, blurring the line between what's trusted and untrusted, and therefore leading to a trust boundary violation. This could lead to programmers trusting unvalidated data. Instead, thoroughly sanitize user input before passing it into such function calls."
BenchmarkTest01454,CWE-79,data/benchmark/src/main/java/org/owasp/benchmark/testcode/BenchmarkTest01454.java,65,semgrep,1,single-tool,warning,"Detected a request with potential user-input going into a OutputStream or Writer object. This bypasses any view or template environments, including HTML escaping, which may expose this application to cross-site scripting (XSS) vulnerabilities. Consider using a view technology such as JavaServer Faces (JSFs) which automatically escapes HTML views."
BenchmarkTest01455,CWE-501,data/benchmark/src/main/java/org/owasp/benchmark/testcode/BenchmarkTest01455.java,63,semgrep,1,single-tool,warning,"Detected input from a HTTPServletRequest going into a session command, like `setAttribute`. User input into such a command could lead to an attacker inputting malicious code into your session parameters, blurring the line between what's trusted and untrusted, and therefore leading to a trust boundary violation. This could lead to programmers trusting unvalidated data. Instead, thoroughly sanitize user input before passing it into such function calls."
BenchmarkTest01455,CWE-79,data/benchmark/src/main/java/org/owasp/benchmark/testcode/BenchmarkTest01455.java,65,semgrep,1,single-tool,warning,"Detected a request with potential user-input going into a OutputStream or Writer object. This bypasses any view or template environments, including HTML escaping, which may expose this application to cross-site scripting (XSS) vulnerabilities. Consider using a view technology such as JavaServer Faces (JSFs) which automatically escapes HTML views."
BenchmarkTest01456,CWE-501,data/benchmark/src/main/java/org/owasp/benchmark/testcode/BenchmarkTest01456.java,63,semgrep,1,single-tool,warning,"Detected input from a HTTPServletRequest going into a session command, like `setAttribute`. User input into such a command could lead to an attacker inputting malicious code into your session parameters, blurring the line between what's trusted and untrusted, and therefore leading to a trust boundary violation. This could lead to programmers trusting unvalidated data. Instead, thoroughly sanitize user input before passing it into such function calls."
BenchmarkTest01456,CWE-79,data/benchmark/src/main/java/org/owasp/benchmark/testcode/BenchmarkTest01456.java,65,semgrep,1,single-tool,warning,"Detected a request with potential user-input going into a OutputStream or Writer object. This bypasses any view or template environments, including HTML escaping, which may expose this application to cross-site scripting (XSS) vulnerabilities. Consider using a view technology such as JavaServer Faces (JSFs) which automatically escapes HTML views."
BenchmarkTest01457,CWE-501,data/benchmark/src/main/java/org/owasp/benchmark/testcode/BenchmarkTest01457.java,63,semgrep,1,single-tool,warning,"Detected input from a HTTPServletRequest going into a session command, like `setAttribute`. User input into such a command could lead to an attacker inputting malicious code into your session parameters, blurring the line between what's trusted and untrusted, and therefore leading to a trust boundary violation. This could lead to programmers trusting unvalidated data. Instead, thoroughly sanitize user input before passing it into such function calls."
BenchmarkTest01457,CWE-79,data/benchmark/src/main/java/org/owasp/benchmark/testcode/BenchmarkTest01457.java,65,semgrep,1,single-tool,warning,"Detected a request with potential user-input going into a OutputStream or Writer object. This bypasses any view or template environments, including HTML escaping, which may expose this application to cross-site scripting (XSS) vulnerabilities. Consider using a view technology such as JavaServer Faces (JSFs) which automatically escapes HTML views."
BenchmarkTest01458,CWE-79,data/benchmark/src/main/java/org/owasp/benchmark/testcode/BenchmarkTest01458.java,65,semgrep,1,single-tool,warning,"Detected a request with potential user-input going into a OutputStream or Writer object. This bypasses any view or template environments, including HTML escaping, which may expose this application to cross-site scripting (XSS) vulnerabilities. Consider using a view technology such as JavaServer Faces (JSFs) which automatically escapes HTML views."
BenchmarkTest01459,CWE-89,data/benchmark/src/main/java/org/owasp/benchmark/testcode/BenchmarkTest01459.java,67,semgrep;sonarqube,2,high (same CWE),MAJOR;warning,Detected input from a HTTPServletRequest going into a SQL sink or statement. This could lead to SQL injection if variables in the SQL statement are not properly sanitized. Use parameterized SQL queries or properly sanitize user input instead.
BenchmarkTest01460,CWE-89,data/benchmark/src/main/java/org/owasp/benchmark/testcode/BenchmarkTest01460.java,67,semgrep;sonarqube,2,high (same CWE),MAJOR;warning,Detected input from a HTTPServletRequest going into a SQL sink or statement. This could lead to SQL injection if variables in the SQL statement are not properly sanitized. Use parameterized SQL queries or properly sanitize user input instead.
BenchmarkTest01461,CWE-89,data/benchmark/src/main/java/org/owasp/benchmark/testcode/BenchmarkTest01461.java,67,semgrep;sonarqube,2,high (same CWE),MAJOR;warning,Detected input from a HTTPServletRequest going into a SQL sink or statement. This could lead to SQL injection if variables in the SQL statement are not properly sanitized. Use parameterized SQL queries or properly sanitize user input instead.
BenchmarkTest01462,CWE-89,data/benchmark/src/main/java/org/owasp/benchmark/testcode/BenchmarkTest01462.java,67,semgrep;sonarqube,2,high (same CWE),MAJOR;warning,Detected input from a HTTPServletRequest going into a SQL sink or statement. This could lead to SQL injection if variables in the SQL statement are not properly sanitized. Use parameterized SQL queries or properly sanitize user input instead.
BenchmarkTest01463,CWE-89,data/benchmark/src/main/java/org/owasp/benchmark/testcode/BenchmarkTest01463.java,67,semgrep;sonarqube,2,high (same CWE),MAJOR;warning,Detected input from a HTTPServletRequest going into a SQL sink or statement. This could lead to SQL injection if variables in the SQL statement are not properly sanitized. Use parameterized SQL queries or properly sanitize user input instead.
BenchmarkTest01464,CWE-89,data/benchmark/src/main/java/org/owasp/benchmark/testcode/BenchmarkTest01464.java,67,semgrep;sonarqube,2,high (same CWE),MAJOR;warning,Detected input from a HTTPServletRequest going into a SQL sink or statement. This could lead to SQL injection if variables in the SQL statement are not properly sanitized. Use parameterized SQL queries or properly sanitize user input instead.
BenchmarkTest01465,CWE-89,data/benchmark/src/main/java/org/owasp/benchmark/testcode/BenchmarkTest01465.java,65,semgrep,1,single-tool,warning,Detected input from a HTTPServletRequest going into a SQL sink or statement. This could lead to SQL injection if variables in the SQL statement are not properly sanitized. Use parameterized SQL queries or properly sanitize user input instead.
BenchmarkTest01466,CWE-89,data/benchmark/src/main/java/org/owasp/benchmark/testcode/BenchmarkTest01466.java,64,semgrep,1,single-tool,warning,Detected input from a HTTPServletRequest going into a SQL sink or statement. This could lead to SQL injection if variables in the SQL statement are not properly sanitized. Use parameterized SQL queries or properly sanitize user input instead.
BenchmarkTest01467,CWE-89,data/benchmark/src/main/java/org/owasp/benchmark/testcode/BenchmarkTest01467.java,65,semgrep,1,single-tool,warning,Detected input from a HTTPServletRequest going into a SQL sink or statement. This could lead to SQL injection if variables in the SQL statement are not properly sanitized. Use parameterized SQL queries or properly sanitize user input instead.
BenchmarkTest01468,CWE-89,data/benchmark/src/main/java/org/owasp/benchmark/testcode/BenchmarkTest01468.java,65,semgrep,1,single-tool,warning,Detected input from a HTTPServletRequest going into a SQL sink or statement. This could lead to SQL injection if variables in the SQL statement are not properly sanitized. Use parameterized SQL queries or properly sanitize user input instead.
BenchmarkTest01469,CWE-89,data/benchmark/src/main/java/org/owasp/benchmark/testcode/BenchmarkTest01469.java,65,semgrep,1,single-tool,warning,Detected input from a HTTPServletRequest going into a SQL sink or statement. This could lead to SQL injection if variables in the SQL statement are not properly sanitized. Use parameterized SQL queries or properly sanitize user input instead.
BenchmarkTest01470,CWE-89,data/benchmark/src/main/java/org/owasp/benchmark/testcode/BenchmarkTest01470.java,65,semgrep,1,single-tool,warning,Detected input from a HTTPServletRequest going into a SQL sink or statement. This could lead to SQL injection if variables in the SQL statement are not properly sanitized. Use parameterized SQL queries or properly sanitize user input instead.
BenchmarkTest01471,CWE-89,data/benchmark/src/main/java/org/owasp/benchmark/testcode/BenchmarkTest01471.java,65,semgrep,1,single-tool,warning,Detected input from a HTTPServletRequest going into a SQL sink or statement. This could lead to SQL injection if variables in the SQL statement are not properly sanitized. Use parameterized SQL queries or properly sanitize user input instead.
BenchmarkTest01472,CWE-89,data/benchmark/src/main/java/org/owasp/benchmark/testcode/BenchmarkTest01472.java,65,semgrep;sonarqube,2,high (same CWE),MAJOR;warning,Detected input from a HTTPServletRequest going into a SQL sink or statement. This could lead to SQL injection if variables in the SQL statement are not properly sanitized. Use parameterized SQL queries or properly sanitize user input instead.
BenchmarkTest01473,CWE-89,data/benchmark/src/main/java/org/owasp/benchmark/testcode/BenchmarkTest01473.java,67,semgrep;sonarqube,2,high (same CWE),MAJOR;warning,Detected a formatted string in a SQL statement. This could lead to SQL injection if variables in the SQL statement are not properly sanitized. Use a prepared statements (java.sql.PreparedStatement) instead. You can obtain a PreparedStatement using 'connection.prepareStatement'.
BenchmarkTest01474,CWE-89,data/benchmark/src/main/java/org/owasp/benchmark/testcode/BenchmarkTest01474.java,65,semgrep;sonarqube,2,high (same CWE),MAJOR;warning,Detected input from a HTTPServletRequest going into a SQL sink or statement. This could lead to SQL injection if variables in the SQL statement are not properly sanitized. Use parameterized SQL queries or properly sanitize user input instead.
BenchmarkTest01475,CWE-89,data/benchmark/src/main/java/org/owasp/benchmark/testcode/BenchmarkTest01475.java,65,semgrep;sonarqube,2,high (same CWE),MAJOR;warning,Detected input from a HTTPServletRequest going into a SQL sink or statement. This could lead to SQL injection if variables in the SQL statement are not properly sanitized. Use parameterized SQL queries or properly sanitize user input instead.
BenchmarkTest01476,CWE-89,data/benchmark/src/main/java/org/owasp/benchmark/testcode/BenchmarkTest01476.java,65,semgrep;sonarqube,2,high (same CWE),MAJOR;warning,Detected input from a HTTPServletRequest going into a SQL sink or statement. This could lead to SQL injection if variables in the SQL statement are not properly sanitized. Use parameterized SQL queries or properly sanitize user input instead.
BenchmarkTest01477,CWE-89,data/benchmark/src/main/java/org/owasp/benchmark/testcode/BenchmarkTest01477.java,65,semgrep;sonarqube,2,high (same CWE),MAJOR;warning,Detected input from a HTTPServletRequest going into a SQL sink or statement. This could lead to SQL injection if variables in the SQL statement are not properly sanitized. Use parameterized SQL queries or properly sanitize user input instead.
BenchmarkTest01478,CWE-643,data/benchmark/src/main/java/org/owasp/benchmark/testcode/BenchmarkTest01478.java,79,semgrep,1,single-tool,warning,"Detected input from a HTTPServletRequest going into a XPath evaluate or compile command. This could lead to xpath injection if variables passed into the evaluate or compile commands are not properly sanitized. Xpath injection could lead to unauthorized access to sensitive information in XML documents. Instead, thoroughly sanitize user input or use parameterized xpath queries if you can."
BenchmarkTest01478,CWE-79,data/benchmark/src/main/java/org/owasp/benchmark/testcode/BenchmarkTest01478.java,86,semgrep,1,single-tool,warning,"Detected a request with potential user-input going into a OutputStream or Writer object. This bypasses any view or template environments, including HTML escaping, which may expose this application to cross-site scripting (XSS) vulnerabilities. Consider using a view technology such as JavaServer Faces (JSFs) which automatically escapes HTML views."
BenchmarkTest01479,CWE-643,data/benchmark/src/main/java/org/owasp/benchmark/testcode/BenchmarkTest01479.java,79,semgrep,1,single-tool,warning,"Detected input from a HTTPServletRequest going into a XPath evaluate or compile command. This could lead to xpath injection if variables passed into the evaluate or compile commands are not properly sanitized. Xpath injection could lead to unauthorized access to sensitive information in XML documents. Instead, thoroughly sanitize user input or use parameterized xpath queries if you can."
BenchmarkTest01479,CWE-79,data/benchmark/src/main/java/org/owasp/benchmark/testcode/BenchmarkTest01479.java,86,semgrep,1,single-tool,warning,"Detected a request with potential user-input going into a OutputStream or Writer object. This bypasses any view or template environments, including HTML escaping, which may expose this application to cross-site scripting (XSS) vulnerabilities. Consider using a view technology such as JavaServer Faces (JSFs) which automatically escapes HTML views."
BenchmarkTest01480,CWE-326,data/benchmark/src/main/java/org/owasp/benchmark/testcode/BenchmarkTest01480.java,66,semgrep,1,high (same CWE),warning,Triple DES (3DES or DESede) is considered deprecated. AES is the recommended cipher. Upgrade to use AES.
BenchmarkTest01480,CWE-327,owasp-benchmark:data/benchmark/src/main/java/org/owasp/benchmark/testcode/BenchmarkTest01480.java,63,sonarqube,1,high (same CWE),CRITICAL,Use another cipher mode or disable padding.
BenchmarkTest01483,CWE-326,data/benchmark/src/main/java/org/owasp/benchmark/testcode/BenchmarkTest01483.java,64,semgrep,1,high (same CWE),warning,Triple DES (3DES or DESede) is considered deprecated. AES is the recommended cipher. Upgrade to use AES.
BenchmarkTest01483,CWE-327,owasp-benchmark:data/benchmark/src/main/java/org/owasp/benchmark/testcode/BenchmarkTest01483.java,62,sonarqube,1,high (same CWE),CRITICAL,Use another cipher mode or disable padding.
BenchmarkTest01484,CWE-326,data/benchmark/src/main/java/org/owasp/benchmark/testcode/BenchmarkTest01484.java,64,semgrep,1,high (same CWE),warning,Triple DES (3DES or DESede) is considered deprecated. AES is the recommended cipher. Upgrade to use AES.
BenchmarkTest01484,CWE-327,owasp-benchmark:data/benchmark/src/main/java/org/owasp/benchmark/testcode/BenchmarkTest01484.java,62,sonarqube,1,high (same CWE),CRITICAL,Use another cipher mode or disable padding.
BenchmarkTest01486,CWE-326,data/benchmark/src/main/java/org/owasp/benchmark/testcode/BenchmarkTest01486.java,61,semgrep;sonarqube,2,"medium (same line, different CWE label)",CRITICAL;warning,DES is considered deprecated. AES is the recommended cipher. Upgrade to use AES. See https://www.nist.gov/news-events/news/2005/06/nist-withdraws-outdated-data-encryption-standard for more information.
BenchmarkTest01489,CWE-326,data/benchmark/src/main/java/org/owasp/benchmark/testcode/BenchmarkTest01489.java,58,semgrep,1,high (same CWE),warning,Triple DES (3DES or DESede) is considered deprecated. AES is the recommended cipher. Upgrade to use AES.
BenchmarkTest01489,CWE-327,owasp-benchmark:data/benchmark/src/main/java/org/owasp/benchmark/testcode/BenchmarkTest01489.java,55,sonarqube,1,high (same CWE),CRITICAL,Use a secure cipher mode.
BenchmarkTest01490,CWE-90,data/benchmark/src/main/java/org/owasp/benchmark/testcode/BenchmarkTest01490.java,61,semgrep,1,single-tool,warning,"Detected input from a HTTPServletRequest going into an LDAP query. This could lead to LDAP injection if the input is not properly sanitized, which could result in attackers modifying objects in the LDAP tree structure. Ensure data passed to an LDAP query is not controllable or properly sanitize the data."
BenchmarkTest01491,CWE-90,data/benchmark/src/main/java/org/owasp/benchmark/testcode/BenchmarkTest01491.java,60,semgrep,1,single-tool,warning,"Detected input from a HTTPServletRequest going into an LDAP query. This could lead to LDAP injection if the input is not properly sanitized, which could result in attackers modifying objects in the LDAP tree structure. Ensure data passed to an LDAP query is not controllable or properly sanitize the data."
BenchmarkTest01492,CWE-90,data/benchmark/src/main/java/org/owasp/benchmark/testcode/BenchmarkTest01492.java,60,semgrep,1,single-tool,warning,"Detected input from a HTTPServletRequest going into an LDAP query. This could lead to LDAP injection if the input is not properly sanitized, which could result in attackers modifying objects in the LDAP tree structure. Ensure data passed to an LDAP query is not controllable or properly sanitize the data."
BenchmarkTest01493,CWE-22,data/benchmark/src/main/java/org/owasp/benchmark/testcode/BenchmarkTest01493.java,50,semgrep,1,single-tool,error,"Detected a potential path traversal. A malicious actor could control the location of this file, to include going backwards in the directory with '../'. To address this, ensure that user-controlled variables in file paths are sanitized. You may also consider using a utility method such as org.apache.commons.io.FilenameUtils.getName(...) to only retrieve the file name from the path."
BenchmarkTest01494,CWE-22,data/benchmark/src/main/java/org/owasp/benchmark/testcode/BenchmarkTest01494.java,50,semgrep,1,single-tool,error,"Detected a potential path traversal. A malicious actor could control the location of this file, to include going backwards in the directory with '../'. To address this, ensure that user-controlled variables in file paths are sanitized. You may also consider using a utility method such as org.apache.commons.io.FilenameUtils.getName(...) to only retrieve the file name from the path."
BenchmarkTest01495,CWE-22,data/benchmark/src/main/java/org/owasp/benchmark/testcode/BenchmarkTest01495.java,70,semgrep,1,single-tool,error,"Detected a potential path traversal. A malicious actor could control the location of this file, to include going backwards in the directory with '../'. To address this, ensure that user-controlled variables in file paths are sanitized. You may also consider using a utility method such as org.apache.commons.io.FilenameUtils.getName(...) to only retrieve the file name from the path."
BenchmarkTest01496,CWE-22,data/benchmark/src/main/java/org/owasp/benchmark/testcode/BenchmarkTest01496.java,55,semgrep,1,single-tool,error,"Detected a potential path traversal. A malicious actor could control the location of this file, to include going backwards in the directory with '../'. To address this, ensure that user-controlled variables in file paths are sanitized. You may also consider using a utility method such as org.apache.commons.io.FilenameUtils.getName(...) to only retrieve the file name from the path."
BenchmarkTest01497,CWE-22,data/benchmark/src/main/java/org/owasp/benchmark/testcode/BenchmarkTest01497.java,56,semgrep,1,single-tool,error,"Detected a potential path traversal. A malicious actor could control the location of this file, to include going backwards in the directory with '../'. To address this, ensure that user-controlled variables in file paths are sanitized. You may also consider using a utility method such as org.apache.commons.io.FilenameUtils.getName(...) to only retrieve the file name from the path."
BenchmarkTest01497,CWE-22,data/benchmark/src/main/java/org/owasp/benchmark/testcode/BenchmarkTest01497.java,69,semgrep,1,single-tool,error,"Detected a potential path traversal. A malicious actor could control the location of this file, to include going backwards in the directory with '../'. To address this, ensure that user-controlled variables in file paths are sanitized. You may also consider using a utility method such as org.apache.commons.io.FilenameUtils.getName(...) to only retrieve the file name from the path."
BenchmarkTest01498,CWE-22,data/benchmark/src/main/java/org/owasp/benchmark/testcode/BenchmarkTest01498.java,61,semgrep,1,single-tool,error,"Detected a potential path traversal. A malicious actor could control the location of this file, to include going backwards in the directory with '../'. To address this, ensure that user-controlled variables in file paths are sanitized. You may also consider using a utility method such as org.apache.commons.io.FilenameUtils.getName(...) to only retrieve the file name from the path."
BenchmarkTest01499,CWE-22,data/benchmark/src/main/java/org/owasp/benchmark/testcode/BenchmarkTest01499.java,56,semgrep,1,single-tool,error,"Detected a potential path traversal. A malicious actor could control the location of this file, to include going backwards in the directory with '../'. To address this, ensure that user-controlled variables in file paths are sanitized. You may also consider using a utility method such as org.apache.commons.io.FilenameUtils.getName(...) to only retrieve the file name from the path."
BenchmarkTest01499,CWE-22,data/benchmark/src/main/java/org/owasp/benchmark/testcode/BenchmarkTest01499.java,69,semgrep,1,single-tool,error,"Detected a potential path traversal. A malicious actor could control the location of this file, to include going backwards in the directory with '../'. To address this, ensure that user-controlled variables in file paths are sanitized. You may also consider using a utility method such as org.apache.commons.io.FilenameUtils.getName(...) to only retrieve the file name from the path."
BenchmarkTest01501,CWE-90,data/benchmark/src/main/java/org/owasp/benchmark/testcode/BenchmarkTest01501.java,63,semgrep,1,single-tool,warning,"Detected input from a HTTPServletRequest going into an LDAP query. This could lead to LDAP injection if the input is not properly sanitized, which could result in attackers modifying objects in the LDAP tree structure. Ensure data passed to an LDAP query is not controllable or properly sanitize the data."
BenchmarkTest01502,CWE-330,data/benchmark/src/main/java/org/owasp/benchmark/testcode/BenchmarkTest01502.java,50,semgrep;sonarqube,2,"medium (same line, different CWE label)",MAJOR;warning,"Detected use of the functions `Math.random()` or `java.util.Random()`. These are both not cryptographically strong random number generators (RNGs). If you are using these RNGs to create passwords or secret tokens, use `java.security.SecureRandom` instead."
BenchmarkTest01503,CWE-328,data/benchmark/src/main/java/org/owasp/benchmark/testcode/BenchmarkTest01503.java,56,semgrep;sonarqube,2,"medium (same line, different CWE label)",CRITICAL;warning,"Detected SHA1 hash algorithm which is considered insecure. SHA1 is not collision resistant and is therefore not suitable as a cryptographic signature. Instead, use PBKDF2 for password hashing or SHA256 or SHA512 for other hash function applications."
BenchmarkTest01503,CWE-1240,owasp-benchmark:data/benchmark/src/main/java/org/owasp/benchmark/testcode/BenchmarkTest01503.java,58,sonarqube,1,single-tool,CRITICAL,Make sure this weak hash algorithm is not used in a sensitive context here.
BenchmarkTest01504,CWE-328,data/benchmark/src/main/java/org/owasp/benchmark/testcode/BenchmarkTest01504.java,51,semgrep;sonarqube,2,"medium (same line, different CWE label)",CRITICAL;warning,Detected MD5 hash algorithm which is considered insecure. MD5 is not collision resistant and is therefore not suitable as a cryptographic signature. Use HMAC instead.
BenchmarkTest01516,CWE-78,data/benchmark/src/main/java/org/owasp/benchmark/testcode/BenchmarkTest01516.java,64,semgrep,1,single-tool,error,A formatted or concatenated string was detected as input to a ProcessBuilder call. This is dangerous if a variable is controlled by user input and could result in a command injection. Ensure your variables are not controlled by users or sufficiently sanitized.
BenchmarkTest01517,CWE-78,data/benchmark/src/main/java/org/owasp/benchmark/testcode/BenchmarkTest01517.java,62,semgrep,1,high (same CWE),error,"Detected input from a HTTPServletRequest going into a 'ProcessBuilder' or 'exec' command. This could lead to command injection if variables passed into the exec commands are not properly sanitized. Instead, avoid using these OS commands with user-supplied input, or, if you must use these commands, use a whitelist of specific values."
BenchmarkTest01518,CWE-330,data/benchmark/src/main/java/org/owasp/benchmark/testcode/BenchmarkTest01518.java,50,semgrep;sonarqube,2,"medium (same line, different CWE label)",MAJOR;warning,"Detected use of the functions `Math.random()` or `java.util.Random()`. These are both not cryptographically strong random number generators (RNGs). If you are using these RNGs to create passwords or secret tokens, use `java.security.SecureRandom` instead."
BenchmarkTest01519,CWE-330,data/benchmark/src/main/java/org/owasp/benchmark/testcode/BenchmarkTest01519.java,50,semgrep;sonarqube,2,"medium (same line, different CWE label)",MAJOR;warning,"Detected use of the functions `Math.random()` or `java.util.Random()`. These are both not cryptographically strong random number generators (RNGs). If you are using these RNGs to create passwords or secret tokens, use `java.security.SecureRandom` instead."
BenchmarkTest01520,CWE-330,data/benchmark/src/main/java/org/owasp/benchmark/testcode/BenchmarkTest01520.java,50,semgrep;sonarqube,2,"medium (same line, different CWE label)",MAJOR;warning,"Detected use of the functions `Math.random()` or `java.util.Random()`. These are both not cryptographically strong random number generators (RNGs). If you are using these RNGs to create passwords or secret tokens, use `java.security.SecureRandom` instead."
BenchmarkTest01521,CWE-614,data/benchmark/src/main/java/org/owasp/benchmark/testcode/BenchmarkTest01521.java,67,semgrep,1,single-tool,warning,A cookie was detected without setting the 'secure' flag. The 'secure' flag for cookies prevents the client from transmitting the cookie over insecure channels such as HTTP. Set the 'secure' flag by calling 'cookie.setSecure(true);'
BenchmarkTest01526,CWE-78,data/benchmark/src/main/java/org/owasp/benchmark/testcode/BenchmarkTest01526.java,59,semgrep,1,single-tool,error,"Detected input from a HTTPServletRequest going into a 'ProcessBuilder' or 'exec' command. This could lead to command injection if variables passed into the exec commands are not properly sanitized. Instead, avoid using these OS commands with user-supplied input, or, if you must use these commands, use a whitelist of specific values."
BenchmarkTest01527,CWE-78,data/benchmark/src/main/java/org/owasp/benchmark/testcode/BenchmarkTest01527.java,59,semgrep,1,single-tool,error,"Detected input from a HTTPServletRequest going into a 'ProcessBuilder' or 'exec' command. This could lead to command injection if variables passed into the exec commands are not properly sanitized. Instead, avoid using these OS commands with user-supplied input, or, if you must use these commands, use a whitelist of specific values."
BenchmarkTest01528,CWE-78,data/benchmark/src/main/java/org/owasp/benchmark/testcode/BenchmarkTest01528.java,59,semgrep,1,single-tool,error,"Detected input from a HTTPServletRequest going into a 'ProcessBuilder' or 'exec' command. This could lead to command injection if variables passed into the exec commands are not properly sanitized. Instead, avoid using these OS commands with user-supplied input, or, if you must use these commands, use a whitelist of specific values."
BenchmarkTest01529,CWE-78,data/benchmark/src/main/java/org/owasp/benchmark/testcode/BenchmarkTest01529.java,71,semgrep,1,single-tool,error,"Detected input from a HTTPServletRequest going into a 'ProcessBuilder' or 'exec' command. This could lead to command injection if variables passed into the exec commands are not properly sanitized. Instead, avoid using these OS commands with user-supplied input, or, if you must use these commands, use a whitelist of specific values."
BenchmarkTest01530,CWE-78,data/benchmark/src/main/java/org/owasp/benchmark/testcode/BenchmarkTest01530.java,73,semgrep,1,single-tool,error,"Detected input from a HTTPServletRequest going into a 'ProcessBuilder' or 'exec' command. This could lead to command injection if variables passed into the exec commands are not properly sanitized. Instead, avoid using these OS commands with user-supplied input, or, if you must use these commands, use a whitelist of specific values."
BenchmarkTest01531,CWE-78,data/benchmark/src/main/java/org/owasp/benchmark/testcode/BenchmarkTest01531.java,59,semgrep,1,single-tool,error,"Detected input from a HTTPServletRequest going into a 'ProcessBuilder' or 'exec' command. This could lead to command injection if variables passed into the exec commands are not properly sanitized. Instead, avoid using these OS commands with user-supplied input, or, if you must use these commands, use a whitelist of specific values."
BenchmarkTest01532,CWE-78,data/benchmark/src/main/java/org/owasp/benchmark/testcode/BenchmarkTest01532.java,60,semgrep,1,single-tool,error,"Detected input from a HTTPServletRequest going into a 'ProcessBuilder' or 'exec' command. This could lead to command injection if variables passed into the exec commands are not properly sanitized. Instead, avoid using these OS commands with user-supplied input, or, if you must use these commands, use a whitelist of specific values."
BenchmarkTest01533,CWE-78,data/benchmark/src/main/java/org/owasp/benchmark/testcode/BenchmarkTest01533.java,56,semgrep,1,single-tool,error,"Detected input from a HTTPServletRequest going into a 'ProcessBuilder' or 'exec' command. This could lead to command injection if variables passed into the exec commands are not properly sanitized. Instead, avoid using these OS commands with user-supplied input, or, if you must use these commands, use a whitelist of specific values."
BenchmarkTest01557,CWE-89,data/benchmark/src/main/java/org/owasp/benchmark/testcode/BenchmarkTest01557.java,55,semgrep;sonarqube,2,high (same CWE),MAJOR;warning,Detected a formatted string in a SQL statement. This could lead to SQL injection if variables in the SQL statement are not properly sanitized. Use a prepared statements (java.sql.PreparedStatement) instead. You can obtain a PreparedStatement using 'connection.prepareStatement'.
BenchmarkTest01558,CWE-89,data/benchmark/src/main/java/org/owasp/benchmark/testcode/BenchmarkTest01558.java,55,semgrep;sonarqube,2,high (same CWE),MAJOR;warning,Detected a formatted string in a SQL statement. This could lead to SQL injection if variables in the SQL statement are not properly sanitized. Use a prepared statements (java.sql.PreparedStatement) instead. You can obtain a PreparedStatement using 'connection.prepareStatement'.
BenchmarkTest01559,CWE-89,data/benchmark/src/main/java/org/owasp/benchmark/testcode/BenchmarkTest01559.java,55,semgrep;sonarqube,2,high (same CWE),MAJOR;warning,Detected a formatted string in a SQL statement. This could lead to SQL injection if variables in the SQL statement are not properly sanitized. Use a prepared statements (java.sql.PreparedStatement) instead. You can obtain a PreparedStatement using 'connection.prepareStatement'.
BenchmarkTest01560,CWE-89,data/benchmark/src/main/java/org/owasp/benchmark/testcode/BenchmarkTest01560.java,55,semgrep;sonarqube,2,high (same CWE),MAJOR;warning,Detected a formatted string in a SQL statement. This could lead to SQL injection if variables in the SQL statement are not properly sanitized. Use a prepared statements (java.sql.PreparedStatement) instead. You can obtain a PreparedStatement using 'connection.prepareStatement'.
BenchmarkTest01565,CWE-326,data/benchmark/src/main/java/org/owasp/benchmark/testcode/BenchmarkTest01565.java,61,semgrep;sonarqube,2,"medium (same line, different CWE label)",CRITICAL;warning,DES is considered deprecated. AES is the recommended cipher. Upgrade to use AES. See https://www.nist.gov/news-events/news/2005/06/nist-withdraws-outdated-data-encryption-standard for more information.
BenchmarkTest01566,CWE-326,data/benchmark/src/main/java/org/owasp/benchmark/testcode/BenchmarkTest01566.java,58,semgrep,1,high (same CWE),warning,Triple DES (3DES or DESede) is considered deprecated. AES is the recommended cipher. Upgrade to use AES.
BenchmarkTest01566,CWE-327,owasp-benchmark:data/benchmark/src/main/java/org/owasp/benchmark/testcode/BenchmarkTest01566.java,55,sonarqube,1,high (same CWE),CRITICAL,Use a secure cipher mode.
BenchmarkTest01568,CWE-90,data/benchmark/src/main/java/org/owasp/benchmark/testcode/BenchmarkTest01568.java,60,semgrep,1,single-tool,warning,"Detected input from a HTTPServletRequest going into an LDAP query. This could lead to LDAP injection if the input is not properly sanitized, which could result in attackers modifying objects in the LDAP tree structure. Ensure data passed to an LDAP query is not controllable or properly sanitize the data."
BenchmarkTest01569,CWE-90,data/benchmark/src/main/java/org/owasp/benchmark/testcode/BenchmarkTest01569.java,60,semgrep,1,single-tool,warning,"Detected input from a HTTPServletRequest going into an LDAP query. This could lead to LDAP injection if the input is not properly sanitized, which could result in attackers modifying objects in the LDAP tree structure. Ensure data passed to an LDAP query is not controllable or properly sanitize the data."
BenchmarkTest01570,CWE-22,data/benchmark/src/main/java/org/owasp/benchmark/testcode/BenchmarkTest01570.java,50,semgrep,1,single-tool,error,"Detected a potential path traversal. A malicious actor could control the location of this file, to include going backwards in the directory with '../'. To address this, ensure that user-controlled variables in file paths are sanitized. You may also consider using a utility method such as org.apache.commons.io.FilenameUtils.getName(...) to only retrieve the file name from the path."
BenchmarkTest01571,CWE-22,data/benchmark/src/main/java/org/owasp/benchmark/testcode/BenchmarkTest01571.java,50,semgrep,1,single-tool,error,"Detected a potential path traversal. A malicious actor could control the location of this file, to include going backwards in the directory with '../'. To address this, ensure that user-controlled variables in file paths are sanitized. You may also consider using a utility method such as org.apache.commons.io.FilenameUtils.getName(...) to only retrieve the file name from the path."
BenchmarkTest01572,CWE-22,data/benchmark/src/main/java/org/owasp/benchmark/testcode/BenchmarkTest01572.java,55,semgrep,1,single-tool,error,"Detected a potential path traversal. A malicious actor could control the location of this file, to include going backwards in the directory with '../'. To address this, ensure that user-controlled variables in file paths are sanitized. You may also consider using a utility method such as org.apache.commons.io.FilenameUtils.getName(...) to only retrieve the file name from the path."
BenchmarkTest01573,CWE-22,data/benchmark/src/main/java/org/owasp/benchmark/testcode/BenchmarkTest01573.java,55,semgrep,1,single-tool,error,"Detected a potential path traversal. A malicious actor could control the location of this file, to include going backwards in the directory with '../'. To address this, ensure that user-controlled variables in file paths are sanitized. You may also consider using a utility method such as org.apache.commons.io.FilenameUtils.getName(...) to only retrieve the file name from the path."
BenchmarkTest01574,CWE-22,data/benchmark/src/main/java/org/owasp/benchmark/testcode/BenchmarkTest01574.java,56,semgrep,1,single-tool,error,"Detected a potential path traversal. A malicious actor could control the location of this file, to include going backwards in the directory with '../'. To address this, ensure that user-controlled variables in file paths are sanitized. You may also consider using a utility method such as org.apache.commons.io.FilenameUtils.getName(...) to only retrieve the file name from the path."
BenchmarkTest01574,CWE-22,data/benchmark/src/main/java/org/owasp/benchmark/testcode/BenchmarkTest01574.java,69,semgrep,1,single-tool,error,"Detected a potential path traversal. A malicious actor could control the location of this file, to include going backwards in the directory with '../'. To address this, ensure that user-controlled variables in file paths are sanitized. You may also consider using a utility method such as org.apache.commons.io.FilenameUtils.getName(...) to only retrieve the file name from the path."
BenchmarkTest01575,CWE-330,data/benchmark/src/main/java/org/owasp/benchmark/testcode/BenchmarkTest01575.java,50,semgrep;sonarqube,2,"medium (same line, different CWE label)",MAJOR;warning,"Detected use of the functions `Math.random()` or `java.util.Random()`. These are both not cryptographically strong random number generators (RNGs). If you are using these RNGs to create passwords or secret tokens, use `java.security.SecureRandom` instead."
BenchmarkTest01577,CWE-328,data/benchmark/src/main/java/org/owasp/benchmark/testcode/BenchmarkTest01577.java,51,semgrep;sonarqube,2,"medium (same line, different CWE label)",CRITICAL;warning,Detected MD5 hash algorithm which is considered insecure. MD5 is not collision resistant and is therefore not suitable as a cryptographic signature. Use HMAC instead.
BenchmarkTest01583,CWE-79,data/benchmark/src/main/java/org/owasp/benchmark/testcode/BenchmarkTest01583.java,54,semgrep,1,single-tool,warning,"Detected a request with potential user-input going into a OutputStream or Writer object. This bypasses any view or template environments, including HTML escaping, which may expose this application to cross-site scripting (XSS) vulnerabilities. Consider using a view technology such as JavaServer Faces (JSFs) which automatically escapes HTML views."
BenchmarkTest01584,CWE-79,data/benchmark/src/main/java/org/owasp/benchmark/testcode/BenchmarkTest01584.java,52,semgrep,1,single-tool,warning,"Detected a request with potential user-input going into a OutputStream or Writer object. This bypasses any view or template environments, including HTML escaping, which may expose this application to cross-site scripting (XSS) vulnerabilities. Consider using a view technology such as JavaServer Faces (JSFs) which automatically escapes HTML views."
BenchmarkTest01585,CWE-79,data/benchmark/src/main/java/org/owasp/benchmark/testcode/BenchmarkTest01585.java,52,semgrep,1,single-tool,warning,"Detected a request with potential user-input going into a OutputStream or Writer object. This bypasses any view or template environments, including HTML escaping, which may expose this application to cross-site scripting (XSS) vulnerabilities. Consider using a view technology such as JavaServer Faces (JSFs) which automatically escapes HTML views."
BenchmarkTest01586,CWE-79,data/benchmark/src/main/java/org/owasp/benchmark/testcode/BenchmarkTest01586.java,51,semgrep,1,single-tool,warning,"Detected a request with potential user-input going into a OutputStream or Writer object. This bypasses any view or template environments, including HTML escaping, which may expose this application to cross-site scripting (XSS) vulnerabilities. Consider using a view technology such as JavaServer Faces (JSFs) which automatically escapes HTML views."
BenchmarkTest01587,CWE-79,data/benchmark/src/main/java/org/owasp/benchmark/testcode/BenchmarkTest01587.java,52,semgrep,1,single-tool,warning,"Detected a request with potential user-input going into a OutputStream or Writer object. This bypasses any view or template environments, including HTML escaping, which may expose this application to cross-site scripting (XSS) vulnerabilities. Consider using a view technology such as JavaServer Faces (JSFs) which automatically escapes HTML views."
BenchmarkTest01588,CWE-79,data/benchmark/src/main/java/org/owasp/benchmark/testcode/BenchmarkTest01588.java,52,semgrep,1,single-tool,warning,"Detected a request with potential user-input going into a OutputStream or Writer object. This bypasses any view or template environments, including HTML escaping, which may expose this application to cross-site scripting (XSS) vulnerabilities. Consider using a view technology such as JavaServer Faces (JSFs) which automatically escapes HTML views."
BenchmarkTest01589,CWE-79,data/benchmark/src/main/java/org/owasp/benchmark/testcode/BenchmarkTest01589.java,52,semgrep,1,single-tool,warning,"Detected a request with potential user-input going into a OutputStream or Writer object. This bypasses any view or template environments, including HTML escaping, which may expose this application to cross-site scripting (XSS) vulnerabilities. Consider using a view technology such as JavaServer Faces (JSFs) which automatically escapes HTML views."
BenchmarkTest01590,CWE-79,data/benchmark/src/main/java/org/owasp/benchmark/testcode/BenchmarkTest01590.java,52,semgrep,1,single-tool,warning,"Detected a request with potential user-input going into a OutputStream or Writer object. This bypasses any view or template environments, including HTML escaping, which may expose this application to cross-site scripting (XSS) vulnerabilities. Consider using a view technology such as JavaServer Faces (JSFs) which automatically escapes HTML views."
BenchmarkTest01591,CWE-79,data/benchmark/src/main/java/org/owasp/benchmark/testcode/BenchmarkTest01591.java,52,semgrep,1,single-tool,warning,"Detected a request with potential user-input going into a OutputStream or Writer object. This bypasses any view or template environments, including HTML escaping, which may expose this application to cross-site scripting (XSS) vulnerabilities. Consider using a view technology such as JavaServer Faces (JSFs) which automatically escapes HTML views."
BenchmarkTest01592,CWE-79,data/benchmark/src/main/java/org/owasp/benchmark/testcode/BenchmarkTest01592.java,51,semgrep,1,single-tool,warning,"Detected a request with potential user-input going into a OutputStream or Writer object. This bypasses any view or template environments, including HTML escaping, which may expose this application to cross-site scripting (XSS) vulnerabilities. Consider using a view technology such as JavaServer Faces (JSFs) which automatically escapes HTML views."
BenchmarkTest01593,CWE-79,data/benchmark/src/main/java/org/owasp/benchmark/testcode/BenchmarkTest01593.java,51,semgrep,1,single-tool,warning,"Detected a request with potential user-input going into a OutputStream or Writer object. This bypasses any view or template environments, including HTML escaping, which may expose this application to cross-site scripting (XSS) vulnerabilities. Consider using a view technology such as JavaServer Faces (JSFs) which automatically escapes HTML views."
BenchmarkTest01594,CWE-79,data/benchmark/src/main/java/org/owasp/benchmark/testcode/BenchmarkTest01594.java,51,semgrep,1,single-tool,warning,"Detected a request with potential user-input going into a OutputStream or Writer object. This bypasses any view or template environments, including HTML escaping, which may expose this application to cross-site scripting (XSS) vulnerabilities. Consider using a view technology such as JavaServer Faces (JSFs) which automatically escapes HTML views."
BenchmarkTest01595,CWE-79,data/benchmark/src/main/java/org/owasp/benchmark/testcode/BenchmarkTest01595.java,51,semgrep,1,single-tool,warning,"Detected a request with potential user-input going into a OutputStream or Writer object. This bypasses any view or template environments, including HTML escaping, which may expose this application to cross-site scripting (XSS) vulnerabilities. Consider using a view technology such as JavaServer Faces (JSFs) which automatically escapes HTML views."
BenchmarkTest01596,CWE-79,data/benchmark/src/main/java/org/owasp/benchmark/testcode/BenchmarkTest01596.java,54,semgrep,1,single-tool,warning,"Detected a request with potential user-input going into a OutputStream or Writer object. This bypasses any view or template environments, including HTML escaping, which may expose this application to cross-site scripting (XSS) vulnerabilities. Consider using a view technology such as JavaServer Faces (JSFs) which automatically escapes HTML views."
BenchmarkTest01597,CWE-79,data/benchmark/src/main/java/org/owasp/benchmark/testcode/BenchmarkTest01597.java,54,semgrep,1,single-tool,warning,"Detected a request with potential user-input going into a OutputStream or Writer object. This bypasses any view or template environments, including HTML escaping, which may expose this application to cross-site scripting (XSS) vulnerabilities. Consider using a view technology such as JavaServer Faces (JSFs) which automatically escapes HTML views."
BenchmarkTest01598,CWE-79,data/benchmark/src/main/java/org/owasp/benchmark/testcode/BenchmarkTest01598.java,51,semgrep,1,single-tool,warning,"Detected a request with potential user-input going into a OutputStream or Writer object. This bypasses any view or template environments, including HTML escaping, which may expose this application to cross-site scripting (XSS) vulnerabilities. Consider using a view technology such as JavaServer Faces (JSFs) which automatically escapes HTML views."
BenchmarkTest01599,CWE-79,data/benchmark/src/main/java/org/owasp/benchmark/testcode/BenchmarkTest01599.java,51,semgrep,1,single-tool,warning,"Detected a request with potential user-input going into a OutputStream or Writer object. This bypasses any view or template environments, including HTML escaping, which may expose this application to cross-site scripting (XSS) vulnerabilities. Consider using a view technology such as JavaServer Faces (JSFs) which automatically escapes HTML views."
BenchmarkTest01600,CWE-78,data/benchmark/src/main/java/org/owasp/benchmark/testcode/BenchmarkTest01600.java,60,semgrep,1,high (same CWE),error,"Detected input from a HTTPServletRequest going into a 'ProcessBuilder' or 'exec' command. This could lead to command injection if variables passed into the exec commands are not properly sanitized. Instead, avoid using these OS commands with user-supplied input, or, if you must use these commands, use a whitelist of specific values."
BenchmarkTest01601,CWE-78,data/benchmark/src/main/java/org/owasp/benchmark/testcode/BenchmarkTest01601.java,60,semgrep,1,high (same CWE),error,"Detected input from a HTTPServletRequest going into a 'ProcessBuilder' or 'exec' command. This could lead to command injection if variables passed into the exec commands are not properly sanitized. Instead, avoid using these OS commands with user-supplied input, or, if you must use these commands, use a whitelist of specific values."
BenchmarkTest01602,CWE-330,data/benchmark/src/main/java/org/owasp/benchmark/testcode/BenchmarkTest01602.java,50,semgrep;sonarqube,2,"medium (same line, different CWE label)",MAJOR;warning,"Detected use of the functions `Math.random()` or `java.util.Random()`. These are both not cryptographically strong random number generators (RNGs). If you are using these RNGs to create passwords or secret tokens, use `java.security.SecureRandom` instead."
BenchmarkTest01603,CWE-330,data/benchmark/src/main/java/org/owasp/benchmark/testcode/BenchmarkTest01603.java,50,semgrep;sonarqube,2,"medium (same line, different CWE label)",MAJOR;warning,"Detected use of the functions `Math.random()` or `java.util.Random()`. These are both not cryptographically strong random number generators (RNGs). If you are using these RNGs to create passwords or secret tokens, use `java.security.SecureRandom` instead."
BenchmarkTest01606,CWE-78,data/benchmark/src/main/java/org/owasp/benchmark/testcode/BenchmarkTest01606.java,59,semgrep,1,single-tool,error,"Detected input from a HTTPServletRequest going into a 'ProcessBuilder' or 'exec' command. This could lead to command injection if variables passed into the exec commands are not properly sanitized. Instead, avoid using these OS commands with user-supplied input, or, if you must use these commands, use a whitelist of specific values."
BenchmarkTest01607,CWE-78,data/benchmark/src/main/java/org/owasp/benchmark/testcode/BenchmarkTest01607.java,71,semgrep,1,single-tool,error,"Detected input from a HTTPServletRequest going into a 'ProcessBuilder' or 'exec' command. This could lead to command injection if variables passed into the exec commands are not properly sanitized. Instead, avoid using these OS commands with user-supplied input, or, if you must use these commands, use a whitelist of specific values."
BenchmarkTest01608,CWE-78,data/benchmark/src/main/java/org/owasp/benchmark/testcode/BenchmarkTest01608.java,59,semgrep,1,single-tool,error,"Detected input from a HTTPServletRequest going into a 'ProcessBuilder' or 'exec' command. This could lead to command injection if variables passed into the exec commands are not properly sanitized. Instead, avoid using these OS commands with user-supplied input, or, if you must use these commands, use a whitelist of specific values."
BenchmarkTest01609,CWE-78,data/benchmark/src/main/java/org/owasp/benchmark/testcode/BenchmarkTest01609.java,60,semgrep,1,single-tool,error,"Detected input from a HTTPServletRequest going into a 'ProcessBuilder' or 'exec' command. This could lead to command injection if variables passed into the exec commands are not properly sanitized. Instead, avoid using these OS commands with user-supplied input, or, if you must use these commands, use a whitelist of specific values."
BenchmarkTest01610,CWE-78,data/benchmark/src/main/java/org/owasp/benchmark/testcode/BenchmarkTest01610.java,60,semgrep,1,single-tool,error,"Detected input from a HTTPServletRequest going into a 'ProcessBuilder' or 'exec' command. This could lead to command injection if variables passed into the exec commands are not properly sanitized. Instead, avoid using these OS commands with user-supplied input, or, if you must use these commands, use a whitelist of specific values."
BenchmarkTest01615,CWE-79,data/benchmark/src/main/java/org/owasp/benchmark/testcode/BenchmarkTest01615.java,53,semgrep,1,single-tool,warning,"Detected a request with potential user-input going into a OutputStream or Writer object. This bypasses any view or template environments, including HTML escaping, which may expose this application to cross-site scripting (XSS) vulnerabilities. Consider using a view technology such as JavaServer Faces (JSFs) which automatically escapes HTML views."
BenchmarkTest01616,CWE-501,data/benchmark/src/main/java/org/owasp/benchmark/testcode/BenchmarkTest01616.java,51,semgrep,1,single-tool,warning,"Detected input from a HTTPServletRequest going into a session command, like `setAttribute`. User input into such a command could lead to an attacker inputting malicious code into your session parameters, blurring the line between what's trusted and untrusted, and therefore leading to a trust boundary violation. This could lead to programmers trusting unvalidated data. Instead, thoroughly sanitize user input before passing it into such function calls."
BenchmarkTest01616,CWE-79,data/benchmark/src/main/java/org/owasp/benchmark/testcode/BenchmarkTest01616.java,53,semgrep,1,single-tool,warning,"Detected a request with potential user-input going into a OutputStream or Writer object. This bypasses any view or template environments, including HTML escaping, which may expose this application to cross-site scripting (XSS) vulnerabilities. Consider using a view technology such as JavaServer Faces (JSFs) which automatically escapes HTML views."
BenchmarkTest01617,CWE-79,data/benchmark/src/main/java/org/owasp/benchmark/testcode/BenchmarkTest01617.java,53,semgrep,1,single-tool,warning,"Detected a request with potential user-input going into a OutputStream or Writer object. This bypasses any view or template environments, including HTML escaping, which may expose this application to cross-site scripting (XSS) vulnerabilities. Consider using a view technology such as JavaServer Faces (JSFs) which automatically escapes HTML views."
BenchmarkTest01618,CWE-501,data/benchmark/src/main/java/org/owasp/benchmark/testcode/BenchmarkTest01618.java,51,semgrep,1,single-tool,warning,"Detected input from a HTTPServletRequest going into a session command, like `setAttribute`. User input into such a command could lead to an attacker inputting malicious code into your session parameters, blurring the line between what's trusted and untrusted, and therefore leading to a trust boundary violation. This could lead to programmers trusting unvalidated data. Instead, thoroughly sanitize user input before passing it into such function calls."
BenchmarkTest01618,CWE-79,data/benchmark/src/main/java/org/owasp/benchmark/testcode/BenchmarkTest01618.java,53,semgrep,1,single-tool,warning,"Detected a request with potential user-input going into a OutputStream or Writer object. This bypasses any view or template environments, including HTML escaping, which may expose this application to cross-site scripting (XSS) vulnerabilities. Consider using a view technology such as JavaServer Faces (JSFs) which automatically escapes HTML views."
BenchmarkTest01619,CWE-501,data/benchmark/src/main/java/org/owasp/benchmark/testcode/BenchmarkTest01619.java,51,semgrep,1,single-tool,warning,"Detected input from a HTTPServletRequest going into a session command, like `setAttribute`. User input into such a command could lead to an attacker inputting malicious code into your session parameters, blurring the line between what's trusted and untrusted, and therefore leading to a trust boundary violation. This could lead to programmers trusting unvalidated data. Instead, thoroughly sanitize user input before passing it into such function calls."
BenchmarkTest01619,CWE-79,data/benchmark/src/main/java/org/owasp/benchmark/testcode/BenchmarkTest01619.java,53,semgrep,1,single-tool,warning,"Detected a request with potential user-input going into a OutputStream or Writer object. This bypasses any view or template environments, including HTML escaping, which may expose this application to cross-site scripting (XSS) vulnerabilities. Consider using a view technology such as JavaServer Faces (JSFs) which automatically escapes HTML views."
BenchmarkTest01620,CWE-89,data/benchmark/src/main/java/org/owasp/benchmark/testcode/BenchmarkTest01620.java,55,semgrep;sonarqube,2,high (same CWE),MAJOR;warning,Detected input from a HTTPServletRequest going into a SQL sink or statement. This could lead to SQL injection if variables in the SQL statement are not properly sanitized. Use parameterized SQL queries or properly sanitize user input instead.
BenchmarkTest01621,CWE-89,data/benchmark/src/main/java/org/owasp/benchmark/testcode/BenchmarkTest01621.java,55,semgrep;sonarqube,2,high (same CWE),MAJOR;warning,Detected input from a HTTPServletRequest going into a SQL sink or statement. This could lead to SQL injection if variables in the SQL statement are not properly sanitized. Use parameterized SQL queries or properly sanitize user input instead.
BenchmarkTest01622,CWE-89,data/benchmark/src/main/java/org/owasp/benchmark/testcode/BenchmarkTest01622.java,55,semgrep;sonarqube,2,high (same CWE),MAJOR;warning,Detected input from a HTTPServletRequest going into a SQL sink or statement. This could lead to SQL injection if variables in the SQL statement are not properly sanitized. Use parameterized SQL queries or properly sanitize user input instead.
BenchmarkTest01623,CWE-89,data/benchmark/src/main/java/org/owasp/benchmark/testcode/BenchmarkTest01623.java,55,semgrep;sonarqube,2,high (same CWE),MAJOR;warning,Detected input from a HTTPServletRequest going into a SQL sink or statement. This could lead to SQL injection if variables in the SQL statement are not properly sanitized. Use parameterized SQL queries or properly sanitize user input instead.
BenchmarkTest01624,CWE-89,data/benchmark/src/main/java/org/owasp/benchmark/testcode/BenchmarkTest01624.java,53,semgrep,1,single-tool,warning,Detected input from a HTTPServletRequest going into a SQL sink or statement. This could lead to SQL injection if variables in the SQL statement are not properly sanitized. Use parameterized SQL queries or properly sanitize user input instead.
BenchmarkTest01625,CWE-89,data/benchmark/src/main/java/org/owasp/benchmark/testcode/BenchmarkTest01625.java,54,semgrep,1,single-tool,warning,Detected input from a HTTPServletRequest going into a SQL sink or statement. This could lead to SQL injection if variables in the SQL statement are not properly sanitized. Use parameterized SQL queries or properly sanitize user input instead.
BenchmarkTest01625,CWE-79,data/benchmark/src/main/java/org/owasp/benchmark/testcode/BenchmarkTest01625.java,57,semgrep,1,single-tool,warning,"Detected a request with potential user-input going into a OutputStream or Writer object. This bypasses any view or template environments, including HTML escaping, which may expose this application to cross-site scripting (XSS) vulnerabilities. Consider using a view technology such as JavaServer Faces (JSFs) which automatically escapes HTML views."
BenchmarkTest01626,CWE-89,data/benchmark/src/main/java/org/owasp/benchmark/testcode/BenchmarkTest01626.java,53,semgrep;sonarqube,2,high (same CWE),MAJOR;warning,Detected input from a HTTPServletRequest going into a SQL sink or statement. This could lead to SQL injection if variables in the SQL statement are not properly sanitized. Use parameterized SQL queries or properly sanitize user input instead.
BenchmarkTest01627,CWE-89,data/benchmark/src/main/java/org/owasp/benchmark/testcode/BenchmarkTest01627.java,55,semgrep;sonarqube,2,high (same CWE),MAJOR;warning,Detected a formatted string in a SQL statement. This could lead to SQL injection if variables in the SQL statement are not properly sanitized. Use a prepared statements (java.sql.PreparedStatement) instead. You can obtain a PreparedStatement using 'connection.prepareStatement'.
BenchmarkTest01628,CWE-89,data/benchmark/src/main/java/org/owasp/benchmark/testcode/BenchmarkTest01628.java,55,semgrep;sonarqube,2,high (same CWE),MAJOR;warning,Detected a formatted string in a SQL statement. This could lead to SQL injection if variables in the SQL statement are not properly sanitized. Use a prepared statements (java.sql.PreparedStatement) instead. You can obtain a PreparedStatement using 'connection.prepareStatement'.
BenchmarkTest01629,CWE-89,data/benchmark/src/main/java/org/owasp/benchmark/testcode/BenchmarkTest01629.java,53,semgrep;sonarqube,2,high (same CWE),MAJOR;warning,Detected input from a HTTPServletRequest going into a SQL sink or statement. This could lead to SQL injection if variables in the SQL statement are not properly sanitized. Use parameterized SQL queries or properly sanitize user input instead.
BenchmarkTest01630,CWE-89,data/benchmark/src/main/java/org/owasp/benchmark/testcode/BenchmarkTest01630.java,53,semgrep;sonarqube,2,high (same CWE),MAJOR;warning,Detected input from a HTTPServletRequest going into a SQL sink or statement. This could lead to SQL injection if variables in the SQL statement are not properly sanitized. Use parameterized SQL queries or properly sanitize user input instead.
BenchmarkTest01631,CWE-89,data/benchmark/src/main/java/org/owasp/benchmark/testcode/BenchmarkTest01631.java,53,semgrep;sonarqube,2,high (same CWE),MAJOR;warning,Detected input from a HTTPServletRequest going into a SQL sink or statement. This could lead to SQL injection if variables in the SQL statement are not properly sanitized. Use parameterized SQL queries or properly sanitize user input instead.
BenchmarkTest01632,CWE-643,data/benchmark/src/main/java/org/owasp/benchmark/testcode/BenchmarkTest01632.java,67,semgrep,1,single-tool,warning,"Detected input from a HTTPServletRequest going into a XPath evaluate or compile command. This could lead to xpath injection if variables passed into the evaluate or compile commands are not properly sanitized. Xpath injection could lead to unauthorized access to sensitive information in XML documents. Instead, thoroughly sanitize user input or use parameterized xpath queries if you can."
BenchmarkTest01632,CWE-79,data/benchmark/src/main/java/org/owasp/benchmark/testcode/BenchmarkTest01632.java,74,semgrep,1,single-tool,warning,"Detected a request with potential user-input going into a OutputStream or Writer object. This bypasses any view or template environments, including HTML escaping, which may expose this application to cross-site scripting (XSS) vulnerabilities. Consider using a view technology such as JavaServer Faces (JSFs) which automatically escapes HTML views."
BenchmarkTest01633,CWE-643,data/benchmark/src/main/java/org/owasp/benchmark/testcode/BenchmarkTest01633.java,65,semgrep,1,single-tool,warning,"Detected input from a HTTPServletRequest going into a XPath evaluate or compile command. This could lead to xpath injection if variables passed into the evaluate or compile commands are not properly sanitized. Xpath injection could lead to unauthorized access to sensitive information in XML documents. Instead, thoroughly sanitize user input or use parameterized xpath queries if you can."
BenchmarkTest01633,CWE-79,data/benchmark/src/main/java/org/owasp/benchmark/testcode/BenchmarkTest01633.java,67,semgrep,1,single-tool,warning,"Detected a request with potential user-input going into a OutputStream or Writer object. This bypasses any view or template environments, including HTML escaping, which may expose this application to cross-site scripting (XSS) vulnerabilities. Consider using a view technology such as JavaServer Faces (JSFs) which automatically escapes HTML views."
BenchmarkTest01634,CWE-326,data/benchmark/src/main/java/org/owasp/benchmark/testcode/BenchmarkTest01634.java,88,semgrep,1,high (same CWE),warning,Triple DES (3DES or DESede) is considered deprecated. AES is the recommended cipher. Upgrade to use AES.
BenchmarkTest01634,CWE-327,owasp-benchmark:data/benchmark/src/main/java/org/owasp/benchmark/testcode/BenchmarkTest01634.java,85,sonarqube,1,high (same CWE),CRITICAL,Use another cipher mode or disable padding.
BenchmarkTest01637,CWE-326,data/benchmark/src/main/java/org/owasp/benchmark/testcode/BenchmarkTest01637.java,86,semgrep,1,high (same CWE),warning,Triple DES (3DES or DESede) is considered deprecated. AES is the recommended cipher. Upgrade to use AES.
BenchmarkTest01637,CWE-327,owasp-benchmark:data/benchmark/src/main/java/org/owasp/benchmark/testcode/BenchmarkTest01637.java,84,sonarqube,1,high (same CWE),CRITICAL,Use a strong cipher algorithm.
BenchmarkTest01638,CWE-326,data/benchmark/src/main/java/org/owasp/benchmark/testcode/BenchmarkTest01638.java,83,semgrep;sonarqube,2,"medium (same line, different CWE label)",CRITICAL;warning,DES is considered deprecated. AES is the recommended cipher. Upgrade to use AES. See https://www.nist.gov/news-events/news/2005/06/nist-withdraws-outdated-data-encryption-standard for more information.
BenchmarkTest01639,CWE-326,data/benchmark/src/main/java/org/owasp/benchmark/testcode/BenchmarkTest01639.java,83,semgrep;sonarqube,2,"medium (same line, different CWE label)",CRITICAL;warning,DES is considered deprecated. AES is the recommended cipher. Upgrade to use AES. See https://www.nist.gov/news-events/news/2005/06/nist-withdraws-outdated-data-encryption-standard for more information.
BenchmarkTest01641,CWE-326,data/benchmark/src/main/java/org/owasp/benchmark/testcode/BenchmarkTest01641.java,80,semgrep,1,high (same CWE),warning,Triple DES (3DES or DESede) is considered deprecated. AES is the recommended cipher. Upgrade to use AES.
BenchmarkTest01641,CWE-327,owasp-benchmark:data/benchmark/src/main/java/org/owasp/benchmark/testcode/BenchmarkTest01641.java,77,sonarqube,1,high (same CWE),CRITICAL,Use a secure cipher mode.
BenchmarkTest01642,CWE-22,data/benchmark/src/main/java/org/owasp/benchmark/testcode/BenchmarkTest01642.java,72,semgrep,1,single-tool,error,"Detected a potential path traversal. A malicious actor could control the location of this file, to include going backwards in the directory with '../'. To address this, ensure that user-controlled variables in file paths are sanitized. You may also consider using a utility method such as org.apache.commons.io.FilenameUtils.getName(...) to only retrieve the file name from the path."
BenchmarkTest01643,CWE-22,data/benchmark/src/main/java/org/owasp/benchmark/testcode/BenchmarkTest01643.java,89,semgrep,1,single-tool,error,"Detected a potential path traversal. A malicious actor could control the location of this file, to include going backwards in the directory with '../'. To address this, ensure that user-controlled variables in file paths are sanitized. You may also consider using a utility method such as org.apache.commons.io.FilenameUtils.getName(...) to only retrieve the file name from the path."
BenchmarkTest01644,CWE-22,data/benchmark/src/main/java/org/owasp/benchmark/testcode/BenchmarkTest01644.java,77,semgrep,1,single-tool,error,"Detected a potential path traversal. A malicious actor could control the location of this file, to include going backwards in the directory with '../'. To address this, ensure that user-controlled variables in file paths are sanitized. You may also consider using a utility method such as org.apache.commons.io.FilenameUtils.getName(...) to only retrieve the file name from the path."
BenchmarkTest01645,CWE-22,data/benchmark/src/main/java/org/owasp/benchmark/testcode/BenchmarkTest01645.java,77,semgrep,1,single-tool,error,"Detected a potential path traversal. A malicious actor could control the location of this file, to include going backwards in the directory with '../'. To address this, ensure that user-controlled variables in file paths are sanitized. You may also consider using a utility method such as org.apache.commons.io.FilenameUtils.getName(...) to only retrieve the file name from the path."
BenchmarkTest01646,CWE-22,data/benchmark/src/main/java/org/owasp/benchmark/testcode/BenchmarkTest01646.java,78,semgrep,1,single-tool,error,"Detected a potential path traversal. A malicious actor could control the location of this file, to include going backwards in the directory with '../'. To address this, ensure that user-controlled variables in file paths are sanitized. You may also consider using a utility method such as org.apache.commons.io.FilenameUtils.getName(...) to only retrieve the file name from the path."
BenchmarkTest01646,CWE-22,data/benchmark/src/main/java/org/owasp/benchmark/testcode/BenchmarkTest01646.java,91,semgrep,1,single-tool,error,"Detected a potential path traversal. A malicious actor could control the location of this file, to include going backwards in the directory with '../'. To address this, ensure that user-controlled variables in file paths are sanitized. You may also consider using a utility method such as org.apache.commons.io.FilenameUtils.getName(...) to only retrieve the file name from the path."
BenchmarkTest01647,CWE-22,data/benchmark/src/main/java/org/owasp/benchmark/testcode/BenchmarkTest01647.java,78,semgrep,1,single-tool,error,"Detected a potential path traversal. A malicious actor could control the location of this file, to include going backwards in the directory with '../'. To address this, ensure that user-controlled variables in file paths are sanitized. You may also consider using a utility method such as org.apache.commons.io.FilenameUtils.getName(...) to only retrieve the file name from the path."
BenchmarkTest01647,CWE-22,data/benchmark/src/main/java/org/owasp/benchmark/testcode/BenchmarkTest01647.java,91,semgrep,1,single-tool,error,"Detected a potential path traversal. A malicious actor could control the location of this file, to include going backwards in the directory with '../'. To address this, ensure that user-controlled variables in file paths are sanitized. You may also consider using a utility method such as org.apache.commons.io.FilenameUtils.getName(...) to only retrieve the file name from the path."
BenchmarkTest01648,CWE-330,data/benchmark/src/main/java/org/owasp/benchmark/testcode/BenchmarkTest01648.java,72,semgrep;sonarqube,2,"medium (same line, different CWE label)",MAJOR;warning,"Detected use of the functions `Math.random()` or `java.util.Random()`. These are both not cryptographically strong random number generators (RNGs). If you are using these RNGs to create passwords or secret tokens, use `java.security.SecureRandom` instead."
BenchmarkTest01649,CWE-328,data/benchmark/src/main/java/org/owasp/benchmark/testcode/BenchmarkTest01649.java,73,semgrep;sonarqube,2,"medium (same line, different CWE label)",CRITICAL;warning,"Detected SHA1 hash algorithm which is considered insecure. SHA1 is not collision resistant and is therefore not suitable as a cryptographic signature. Instead, use PBKDF2 for password hashing or SHA256 or SHA512 for other hash function applications."
BenchmarkTest01650,CWE-328,data/benchmark/src/main/java/org/owasp/benchmark/testcode/BenchmarkTest01650.java,73,semgrep;sonarqube,2,"medium (same line, different CWE label)",CRITICAL;warning,"Detected SHA1 hash algorithm which is considered insecure. SHA1 is not collision resistant and is therefore not suitable as a cryptographic signature. Instead, use PBKDF2 for password hashing or SHA256 or SHA512 for other hash function applications."
BenchmarkTest01651,CWE-328,data/benchmark/src/main/java/org/owasp/benchmark/testcode/BenchmarkTest01651.java,73,semgrep;sonarqube,2,"medium (same line, different CWE label)",CRITICAL;warning,"Detected SHA1 hash algorithm which is considered insecure. SHA1 is not collision resistant and is therefore not suitable as a cryptographic signature. Instead, use PBKDF2 for password hashing or SHA256 or SHA512 for other hash function applications."
BenchmarkTest01653,CWE-328,data/benchmark/src/main/java/org/owasp/benchmark/testcode/BenchmarkTest01653.java,73,semgrep;sonarqube,2,"medium (same line, different CWE label)",CRITICAL;warning,Detected MD5 hash algorithm which is considered insecure. MD5 is not collision resistant and is therefore not suitable as a cryptographic signature. Use HMAC instead.
BenchmarkTest01657,CWE-79,data/benchmark/src/main/java/org/owasp/benchmark/testcode/BenchmarkTest01657.java,76,semgrep,1,single-tool,warning,"Detected a request with potential user-input going into a OutputStream or Writer object. This bypasses any view or template environments, including HTML escaping, which may expose this application to cross-site scripting (XSS) vulnerabilities. Consider using a view technology such as JavaServer Faces (JSFs) which automatically escapes HTML views."
BenchmarkTest01658,CWE-79,data/benchmark/src/main/java/org/owasp/benchmark/testcode/BenchmarkTest01658.java,74,semgrep,1,single-tool,warning,"Detected a request with potential user-input going into a OutputStream or Writer object. This bypasses any view or template environments, including HTML escaping, which may expose this application to cross-site scripting (XSS) vulnerabilities. Consider using a view technology such as JavaServer Faces (JSFs) which automatically escapes HTML views."
BenchmarkTest01659,CWE-79,data/benchmark/src/main/java/org/owasp/benchmark/testcode/BenchmarkTest01659.java,73,semgrep,1,single-tool,warning,"Detected a request with potential user-input going into a OutputStream or Writer object. This bypasses any view or template environments, including HTML escaping, which may expose this application to cross-site scripting (XSS) vulnerabilities. Consider using a view technology such as JavaServer Faces (JSFs) which automatically escapes HTML views."
BenchmarkTest01660,CWE-79,data/benchmark/src/main/java/org/owasp/benchmark/testcode/BenchmarkTest01660.java,73,semgrep,1,single-tool,warning,"Detected a request with potential user-input going into a OutputStream or Writer object. This bypasses any view or template environments, including HTML escaping, which may expose this application to cross-site scripting (XSS) vulnerabilities. Consider using a view technology such as JavaServer Faces (JSFs) which automatically escapes HTML views."
BenchmarkTest01661,CWE-79,data/benchmark/src/main/java/org/owasp/benchmark/testcode/BenchmarkTest01661.java,74,semgrep,1,single-tool,warning,"Detected a request with potential user-input going into a OutputStream or Writer object. This bypasses any view or template environments, including HTML escaping, which may expose this application to cross-site scripting (XSS) vulnerabilities. Consider using a view technology such as JavaServer Faces (JSFs) which automatically escapes HTML views."
BenchmarkTest01662,CWE-79,data/benchmark/src/main/java/org/owasp/benchmark/testcode/BenchmarkTest01662.java,74,semgrep,1,single-tool,warning,"Detected a request with potential user-input going into a OutputStream or Writer object. This bypasses any view or template environments, including HTML escaping, which may expose this application to cross-site scripting (XSS) vulnerabilities. Consider using a view technology such as JavaServer Faces (JSFs) which automatically escapes HTML views."
BenchmarkTest01663,CWE-79,data/benchmark/src/main/java/org/owasp/benchmark/testcode/BenchmarkTest01663.java,74,semgrep,1,single-tool,warning,"Detected a request with potential user-input going into a OutputStream or Writer object. This bypasses any view or template environments, including HTML escaping, which may expose this application to cross-site scripting (XSS) vulnerabilities. Consider using a view technology such as JavaServer Faces (JSFs) which automatically escapes HTML views."
BenchmarkTest01664,CWE-79,data/benchmark/src/main/java/org/owasp/benchmark/testcode/BenchmarkTest01664.java,73,semgrep,1,single-tool,warning,"Detected a request with potential user-input going into a OutputStream or Writer object. This bypasses any view or template environments, including HTML escaping, which may expose this application to cross-site scripting (XSS) vulnerabilities. Consider using a view technology such as JavaServer Faces (JSFs) which automatically escapes HTML views."
BenchmarkTest01665,CWE-79,data/benchmark/src/main/java/org/owasp/benchmark/testcode/BenchmarkTest01665.java,73,semgrep,1,single-tool,warning,"Detected a request with potential user-input going into a OutputStream or Writer object. This bypasses any view or template environments, including HTML escaping, which may expose this application to cross-site scripting (XSS) vulnerabilities. Consider using a view technology such as JavaServer Faces (JSFs) which automatically escapes HTML views."
BenchmarkTest01666,CWE-79,data/benchmark/src/main/java/org/owasp/benchmark/testcode/BenchmarkTest01666.java,73,semgrep,1,single-tool,warning,"Detected a request with potential user-input going into a OutputStream or Writer object. This bypasses any view or template environments, including HTML escaping, which may expose this application to cross-site scripting (XSS) vulnerabilities. Consider using a view technology such as JavaServer Faces (JSFs) which automatically escapes HTML views."
BenchmarkTest01667,CWE-79,data/benchmark/src/main/java/org/owasp/benchmark/testcode/BenchmarkTest01667.java,73,semgrep,1,single-tool,warning,"Detected a request with potential user-input going into a OutputStream or Writer object. This bypasses any view or template environments, including HTML escaping, which may expose this application to cross-site scripting (XSS) vulnerabilities. Consider using a view technology such as JavaServer Faces (JSFs) which automatically escapes HTML views."
BenchmarkTest01668,CWE-79,data/benchmark/src/main/java/org/owasp/benchmark/testcode/BenchmarkTest01668.java,73,semgrep,1,single-tool,warning,"Detected a request with potential user-input going into a OutputStream or Writer object. This bypasses any view or template environments, including HTML escaping, which may expose this application to cross-site scripting (XSS) vulnerabilities. Consider using a view technology such as JavaServer Faces (JSFs) which automatically escapes HTML views."
BenchmarkTest01669,CWE-79,data/benchmark/src/main/java/org/owasp/benchmark/testcode/BenchmarkTest01669.java,73,semgrep,1,single-tool,warning,"Detected a request with potential user-input going into a OutputStream or Writer object. This bypasses any view or template environments, including HTML escaping, which may expose this application to cross-site scripting (XSS) vulnerabilities. Consider using a view technology such as JavaServer Faces (JSFs) which automatically escapes HTML views."
BenchmarkTest01670,CWE-79,data/benchmark/src/main/java/org/owasp/benchmark/testcode/BenchmarkTest01670.java,73,semgrep,1,single-tool,warning,"Detected a request with potential user-input going into a OutputStream or Writer object. This bypasses any view or template environments, including HTML escaping, which may expose this application to cross-site scripting (XSS) vulnerabilities. Consider using a view technology such as JavaServer Faces (JSFs) which automatically escapes HTML views."
BenchmarkTest01671,CWE-79,data/benchmark/src/main/java/org/owasp/benchmark/testcode/BenchmarkTest01671.java,73,semgrep,1,single-tool,warning,"Detected a request with potential user-input going into a OutputStream or Writer object. This bypasses any view or template environments, including HTML escaping, which may expose this application to cross-site scripting (XSS) vulnerabilities. Consider using a view technology such as JavaServer Faces (JSFs) which automatically escapes HTML views."
BenchmarkTest01672,CWE-78,data/benchmark/src/main/java/org/owasp/benchmark/testcode/BenchmarkTest01672.java,86,semgrep,1,single-tool,error,A formatted or concatenated string was detected as input to a ProcessBuilder call. This is dangerous if a variable is controlled by user input and could result in a command injection. Ensure your variables are not controlled by users or sufficiently sanitized.
BenchmarkTest01673,CWE-78,data/benchmark/src/main/java/org/owasp/benchmark/testcode/BenchmarkTest01673.java,82,semgrep,1,high (same CWE),error,"Detected input from a HTTPServletRequest going into a 'ProcessBuilder' or 'exec' command. This could lead to command injection if variables passed into the exec commands are not properly sanitized. Instead, avoid using these OS commands with user-supplied input, or, if you must use these commands, use a whitelist of specific values."
BenchmarkTest01674,CWE-78,data/benchmark/src/main/java/org/owasp/benchmark/testcode/BenchmarkTest01674.java,84,semgrep,1,high (same CWE),error,"Detected input from a HTTPServletRequest going into a 'ProcessBuilder' or 'exec' command. This could lead to command injection if variables passed into the exec commands are not properly sanitized. Instead, avoid using these OS commands with user-supplied input, or, if you must use these commands, use a whitelist of specific values."
BenchmarkTest01675,CWE-330,data/benchmark/src/main/java/org/owasp/benchmark/testcode/BenchmarkTest01675.java,73,semgrep;sonarqube,2,"medium (same line, different CWE label)",MAJOR;warning,"Detected use of the functions `Math.random()` or `java.util.Random()`. These are both not cryptographically strong random number generators (RNGs). If you are using these RNGs to create passwords or secret tokens, use `java.security.SecureRandom` instead."
BenchmarkTest01676,CWE-330,data/benchmark/src/main/java/org/owasp/benchmark/testcode/BenchmarkTest01676.java,72,semgrep;sonarqube,2,"medium (same line, different CWE label)",MAJOR;warning,"Detected use of the functions `Math.random()` or `java.util.Random()`. These are both not cryptographically strong random number generators (RNGs). If you are using these RNGs to create passwords or secret tokens, use `java.security.SecureRandom` instead."
BenchmarkTest01677,CWE-330,data/benchmark/src/main/java/org/owasp/benchmark/testcode/BenchmarkTest01677.java,72,semgrep;sonarqube,2,"medium (same line, different CWE label)",MAJOR;warning,"Detected use of the functions `Math.random()` or `java.util.Random()`. These are both not cryptographically strong random number generators (RNGs). If you are using these RNGs to create passwords or secret tokens, use `java.security.SecureRandom` instead."
BenchmarkTest01678,CWE-330,data/benchmark/src/main/java/org/owasp/benchmark/testcode/BenchmarkTest01678.java,72,semgrep;sonarqube,2,"medium (same line, different CWE label)",MAJOR;warning,"Detected use of the functions `Math.random()` or `java.util.Random()`. These are both not cryptographically strong random number generators (RNGs). If you are using these RNGs to create passwords or secret tokens, use `java.security.SecureRandom` instead."
BenchmarkTest01679,CWE-330,data/benchmark/src/main/java/org/owasp/benchmark/testcode/BenchmarkTest01679.java,72,semgrep;sonarqube,2,"medium (same line, different CWE label)",MAJOR;warning,"Detected use of the functions `Math.random()` or `java.util.Random()`. These are both not cryptographically strong random number generators (RNGs). If you are using these RNGs to create passwords or secret tokens, use `java.security.SecureRandom` instead."
BenchmarkTest01680,CWE-330,data/benchmark/src/main/java/org/owasp/benchmark/testcode/BenchmarkTest01680.java,72,semgrep;sonarqube,2,"medium (same line, different CWE label)",MAJOR;warning,"Detected use of the functions `Math.random()` or `java.util.Random()`. These are both not cryptographically strong random number generators (RNGs). If you are using these RNGs to create passwords or secret tokens, use `java.security.SecureRandom` instead."
BenchmarkTest01681,CWE-330,data/benchmark/src/main/java/org/owasp/benchmark/testcode/BenchmarkTest01681.java,72,semgrep;sonarqube,2,"medium (same line, different CWE label)",MAJOR;warning,"Detected use of the functions `Math.random()` or `java.util.Random()`. These are both not cryptographically strong random number generators (RNGs). If you are using these RNGs to create passwords or secret tokens, use `java.security.SecureRandom` instead."
BenchmarkTest01682,CWE-614,data/benchmark/src/main/java/org/owasp/benchmark/testcode/BenchmarkTest01682.java,89,semgrep,1,single-tool,warning,A cookie was detected without setting the 'secure' flag. The 'secure' flag for cookies prevents the client from transmitting the cookie over insecure channels such as HTTP. Set the 'secure' flag by calling 'cookie.setSecure(true);'
BenchmarkTest01683,CWE-614,data/benchmark/src/main/java/org/owasp/benchmark/testcode/BenchmarkTest01683.java,89,semgrep,1,single-tool,warning,A cookie was detected without setting the 'secure' flag. The 'secure' flag for cookies prevents the client from transmitting the cookie over insecure channels such as HTTP. Set the 'secure' flag by calling 'cookie.setSecure(true);'
BenchmarkTest01685,CWE-78,data/benchmark/src/main/java/org/owasp/benchmark/testcode/BenchmarkTest01685.java,95,semgrep,1,single-tool,error,"Detected input from a HTTPServletRequest going into a 'ProcessBuilder' or 'exec' command. This could lead to command injection if variables passed into the exec commands are not properly sanitized. Instead, avoid using these OS commands with user-supplied input, or, if you must use these commands, use a whitelist of specific values."
BenchmarkTest01686,CWE-78,data/benchmark/src/main/java/org/owasp/benchmark/testcode/BenchmarkTest01686.java,81,semgrep,1,single-tool,error,"Detected input from a HTTPServletRequest going into a 'ProcessBuilder' or 'exec' command. This could lead to command injection if variables passed into the exec commands are not properly sanitized. Instead, avoid using these OS commands with user-supplied input, or, if you must use these commands, use a whitelist of specific values."
BenchmarkTest01687,CWE-78,data/benchmark/src/main/java/org/owasp/benchmark/testcode/BenchmarkTest01687.java,95,semgrep,1,single-tool,error,"Detected input from a HTTPServletRequest going into a 'ProcessBuilder' or 'exec' command. This could lead to command injection if variables passed into the exec commands are not properly sanitized. Instead, avoid using these OS commands with user-supplied input, or, if you must use these commands, use a whitelist of specific values."
BenchmarkTest01688,CWE-78,data/benchmark/src/main/java/org/owasp/benchmark/testcode/BenchmarkTest01688.java,82,semgrep,1,single-tool,error,"Detected input from a HTTPServletRequest going into a 'ProcessBuilder' or 'exec' command. This could lead to command injection if variables passed into the exec commands are not properly sanitized. Instead, avoid using these OS commands with user-supplied input, or, if you must use these commands, use a whitelist of specific values."
BenchmarkTest01689,CWE-78,data/benchmark/src/main/java/org/owasp/benchmark/testcode/BenchmarkTest01689.java,82,semgrep,1,single-tool,error,"Detected input from a HTTPServletRequest going into a 'ProcessBuilder' or 'exec' command. This could lead to command injection if variables passed into the exec commands are not properly sanitized. Instead, avoid using these OS commands with user-supplied input, or, if you must use these commands, use a whitelist of specific values."
BenchmarkTest01690,CWE-78,data/benchmark/src/main/java/org/owasp/benchmark/testcode/BenchmarkTest01690.java,80,semgrep,1,single-tool,error,"Detected input from a HTTPServletRequest going into a 'ProcessBuilder' or 'exec' command. This could lead to command injection if variables passed into the exec commands are not properly sanitized. Instead, avoid using these OS commands with user-supplied input, or, if you must use these commands, use a whitelist of specific values."
BenchmarkTest01691,CWE-78,data/benchmark/src/main/java/org/owasp/benchmark/testcode/BenchmarkTest01691.java,80,semgrep,1,single-tool,error,"Detected input from a HTTPServletRequest going into a 'ProcessBuilder' or 'exec' command. This could lead to command injection if variables passed into the exec commands are not properly sanitized. Instead, avoid using these OS commands with user-supplied input, or, if you must use these commands, use a whitelist of specific values."
BenchmarkTest01692,CWE-78,data/benchmark/src/main/java/org/owasp/benchmark/testcode/BenchmarkTest01692.java,82,semgrep,1,single-tool,error,"Detected input from a HTTPServletRequest going into a 'ProcessBuilder' or 'exec' command. This could lead to command injection if variables passed into the exec commands are not properly sanitized. Instead, avoid using these OS commands with user-supplied input, or, if you must use these commands, use a whitelist of specific values."
BenchmarkTest01693,CWE-78,data/benchmark/src/main/java/org/owasp/benchmark/testcode/BenchmarkTest01693.java,82,semgrep,1,single-tool,error,"Detected input from a HTTPServletRequest going into a 'ProcessBuilder' or 'exec' command. This could lead to command injection if variables passed into the exec commands are not properly sanitized. Instead, avoid using these OS commands with user-supplied input, or, if you must use these commands, use a whitelist of specific values."
BenchmarkTest01708,CWE-79,data/benchmark/src/main/java/org/owasp/benchmark/testcode/BenchmarkTest01708.java,75,semgrep,1,single-tool,warning,"Detected a request with potential user-input going into a OutputStream or Writer object. This bypasses any view or template environments, including HTML escaping, which may expose this application to cross-site scripting (XSS) vulnerabilities. Consider using a view technology such as JavaServer Faces (JSFs) which automatically escapes HTML views."
BenchmarkTest01709,CWE-501,data/benchmark/src/main/java/org/owasp/benchmark/testcode/BenchmarkTest01709.java,73,semgrep,1,single-tool,warning,"Detected input from a HTTPServletRequest going into a session command, like `setAttribute`. User input into such a command could lead to an attacker inputting malicious code into your session parameters, blurring the line between what's trusted and untrusted, and therefore leading to a trust boundary violation. This could lead to programmers trusting unvalidated data. Instead, thoroughly sanitize user input before passing it into such function calls."
BenchmarkTest01709,CWE-79,data/benchmark/src/main/java/org/owasp/benchmark/testcode/BenchmarkTest01709.java,75,semgrep,1,single-tool,warning,"Detected a request with potential user-input going into a OutputStream or Writer object. This bypasses any view or template environments, including HTML escaping, which may expose this application to cross-site scripting (XSS) vulnerabilities. Consider using a view technology such as JavaServer Faces (JSFs) which automatically escapes HTML views."
BenchmarkTest01710,CWE-501,data/benchmark/src/main/java/org/owasp/benchmark/testcode/BenchmarkTest01710.java,73,semgrep,1,single-tool,warning,"Detected input from a HTTPServletRequest going into a session command, like `setAttribute`. User input into such a command could lead to an attacker inputting malicious code into your session parameters, blurring the line between what's trusted and untrusted, and therefore leading to a trust boundary violation. This could lead to programmers trusting unvalidated data. Instead, thoroughly sanitize user input before passing it into such function calls."
BenchmarkTest01710,CWE-79,data/benchmark/src/main/java/org/owasp/benchmark/testcode/BenchmarkTest01710.java,75,semgrep,1,single-tool,warning,"Detected a request with potential user-input going into a OutputStream or Writer object. This bypasses any view or template environments, including HTML escaping, which may expose this application to cross-site scripting (XSS) vulnerabilities. Consider using a view technology such as JavaServer Faces (JSFs) which automatically escapes HTML views."
BenchmarkTest01711,CWE-501,data/benchmark/src/main/java/org/owasp/benchmark/testcode/BenchmarkTest01711.java,73,semgrep,1,single-tool,warning,"Detected input from a HTTPServletRequest going into a session command, like `setAttribute`. User input into such a command could lead to an attacker inputting malicious code into your session parameters, blurring the line between what's trusted and untrusted, and therefore leading to a trust boundary violation. This could lead to programmers trusting unvalidated data. Instead, thoroughly sanitize user input before passing it into such function calls."
BenchmarkTest01711,CWE-79,data/benchmark/src/main/java/org/owasp/benchmark/testcode/BenchmarkTest01711.java,75,semgrep,1,single-tool,warning,"Detected a request with potential user-input going into a OutputStream or Writer object. This bypasses any view or template environments, including HTML escaping, which may expose this application to cross-site scripting (XSS) vulnerabilities. Consider using a view technology such as JavaServer Faces (JSFs) which automatically escapes HTML views."
BenchmarkTest01712,CWE-89,data/benchmark/src/main/java/org/owasp/benchmark/testcode/BenchmarkTest01712.java,77,semgrep;sonarqube,2,high (same CWE),MAJOR;warning,Detected input from a HTTPServletRequest going into a SQL sink or statement. This could lead to SQL injection if variables in the SQL statement are not properly sanitized. Use parameterized SQL queries or properly sanitize user input instead.
BenchmarkTest01713,CWE-89,data/benchmark/src/main/java/org/owasp/benchmark/testcode/BenchmarkTest01713.java,77,semgrep;sonarqube,2,high (same CWE),MAJOR;warning,Detected input from a HTTPServletRequest going into a SQL sink or statement. This could lead to SQL injection if variables in the SQL statement are not properly sanitized. Use parameterized SQL queries or properly sanitize user input instead.
BenchmarkTest01714,CWE-89,data/benchmark/src/main/java/org/owasp/benchmark/testcode/BenchmarkTest01714.java,77,semgrep;sonarqube,2,high (same CWE),MAJOR;warning,Detected input from a HTTPServletRequest going into a SQL sink or statement. This could lead to SQL injection if variables in the SQL statement are not properly sanitized. Use parameterized SQL queries or properly sanitize user input instead.
BenchmarkTest01715,CWE-89,data/benchmark/src/main/java/org/owasp/benchmark/testcode/BenchmarkTest01715.java,77,semgrep;sonarqube,2,high (same CWE),MAJOR;warning,Detected input from a HTTPServletRequest going into a SQL sink or statement. This could lead to SQL injection if variables in the SQL statement are not properly sanitized. Use parameterized SQL queries or properly sanitize user input instead.
BenchmarkTest01716,CWE-89,data/benchmark/src/main/java/org/owasp/benchmark/testcode/BenchmarkTest01716.java,77,semgrep;sonarqube,2,high (same CWE),MAJOR;warning,Detected input from a HTTPServletRequest going into a SQL sink or statement. This could lead to SQL injection if variables in the SQL statement are not properly sanitized. Use parameterized SQL queries or properly sanitize user input instead.
BenchmarkTest01717,CWE-89,data/benchmark/src/main/java/org/owasp/benchmark/testcode/BenchmarkTest01717.java,77,semgrep;sonarqube,2,high (same CWE),MAJOR;warning,Detected input from a HTTPServletRequest going into a SQL sink or statement. This could lead to SQL injection if variables in the SQL statement are not properly sanitized. Use parameterized SQL queries or properly sanitize user input instead.
BenchmarkTest01718,CWE-89,data/benchmark/src/main/java/org/owasp/benchmark/testcode/BenchmarkTest01718.java,77,semgrep;sonarqube,2,high (same CWE),MAJOR;warning,Detected input from a HTTPServletRequest going into a SQL sink or statement. This could lead to SQL injection if variables in the SQL statement are not properly sanitized. Use parameterized SQL queries or properly sanitize user input instead.
BenchmarkTest01719,CWE-89,data/benchmark/src/main/java/org/owasp/benchmark/testcode/BenchmarkTest01719.java,77,semgrep;sonarqube,2,high (same CWE),MAJOR;warning,Detected input from a HTTPServletRequest going into a SQL sink or statement. This could lead to SQL injection if variables in the SQL statement are not properly sanitized. Use parameterized SQL queries or properly sanitize user input instead.
BenchmarkTest01720,CWE-89,data/benchmark/src/main/java/org/owasp/benchmark/testcode/BenchmarkTest01720.java,75,semgrep,1,single-tool,warning,Detected input from a HTTPServletRequest going into a SQL sink or statement. This could lead to SQL injection if variables in the SQL statement are not properly sanitized. Use parameterized SQL queries or properly sanitize user input instead.
BenchmarkTest01721,CWE-89,data/benchmark/src/main/java/org/owasp/benchmark/testcode/BenchmarkTest01721.java,74,semgrep,1,single-tool,warning,Detected input from a HTTPServletRequest going into a SQL sink or statement. This could lead to SQL injection if variables in the SQL statement are not properly sanitized. Use parameterized SQL queries or properly sanitize user input instead.
BenchmarkTest01722,CWE-89,data/benchmark/src/main/java/org/owasp/benchmark/testcode/BenchmarkTest01722.java,74,semgrep,1,single-tool,warning,Detected input from a HTTPServletRequest going into a SQL sink or statement. This could lead to SQL injection if variables in the SQL statement are not properly sanitized. Use parameterized SQL queries or properly sanitize user input instead.
BenchmarkTest01723,CWE-89,data/benchmark/src/main/java/org/owasp/benchmark/testcode/BenchmarkTest01723.java,77,semgrep,1,single-tool,warning,Detected input from a HTTPServletRequest going into a SQL sink or statement. This could lead to SQL injection if variables in the SQL statement are not properly sanitized. Use parameterized SQL queries or properly sanitize user input instead.
BenchmarkTest01723,CWE-79,data/benchmark/src/main/java/org/owasp/benchmark/testcode/BenchmarkTest01723.java,80,semgrep,1,single-tool,warning,"Detected a request with potential user-input going into a OutputStream or Writer object. This bypasses any view or template environments, including HTML escaping, which may expose this application to cross-site scripting (XSS) vulnerabilities. Consider using a view technology such as JavaServer Faces (JSFs) which automatically escapes HTML views."
BenchmarkTest01724,CWE-89,data/benchmark/src/main/java/org/owasp/benchmark/testcode/BenchmarkTest01724.java,75,semgrep,1,single-tool,warning,Detected input from a HTTPServletRequest going into a SQL sink or statement. This could lead to SQL injection if variables in the SQL statement are not properly sanitized. Use parameterized SQL queries or properly sanitize user input instead.
BenchmarkTest01725,CWE-89,data/benchmark/src/main/java/org/owasp/benchmark/testcode/BenchmarkTest01725.java,75,semgrep,1,single-tool,warning,Detected input from a HTTPServletRequest going into a SQL sink or statement. This could lead to SQL injection if variables in the SQL statement are not properly sanitized. Use parameterized SQL queries or properly sanitize user input instead.
BenchmarkTest01726,CWE-89,data/benchmark/src/main/java/org/owasp/benchmark/testcode/BenchmarkTest01726.java,74,semgrep,1,single-tool,warning,Detected input from a HTTPServletRequest going into a SQL sink or statement. This could lead to SQL injection if variables in the SQL statement are not properly sanitized. Use parameterized SQL queries or properly sanitize user input instead.
BenchmarkTest01727,CWE-89,data/benchmark/src/main/java/org/owasp/benchmark/testcode/BenchmarkTest01727.java,75,semgrep,1,single-tool,warning,Detected input from a HTTPServletRequest going into a SQL sink or statement. This could lead to SQL injection if variables in the SQL statement are not properly sanitized. Use parameterized SQL queries or properly sanitize user input instead.
BenchmarkTest01728,CWE-89,data/benchmark/src/main/java/org/owasp/benchmark/testcode/BenchmarkTest01728.java,75,semgrep;sonarqube,2,high (same CWE),MAJOR;warning,Detected input from a HTTPServletRequest going into a SQL sink or statement. This could lead to SQL injection if variables in the SQL statement are not properly sanitized. Use parameterized SQL queries or properly sanitize user input instead.
BenchmarkTest01729,CWE-89,data/benchmark/src/main/java/org/owasp/benchmark/testcode/BenchmarkTest01729.java,75,semgrep;sonarqube,2,high (same CWE),MAJOR;warning,Detected input from a HTTPServletRequest going into a SQL sink or statement. This could lead to SQL injection if variables in the SQL statement are not properly sanitized. Use parameterized SQL queries or properly sanitize user input instead.
BenchmarkTest01730,CWE-89,data/benchmark/src/main/java/org/owasp/benchmark/testcode/BenchmarkTest01730.java,77,semgrep;sonarqube,2,high (same CWE),MAJOR;warning,Detected a formatted string in a SQL statement. This could lead to SQL injection if variables in the SQL statement are not properly sanitized. Use a prepared statements (java.sql.PreparedStatement) instead. You can obtain a PreparedStatement using 'connection.prepareStatement'.
BenchmarkTest01731,CWE-89,data/benchmark/src/main/java/org/owasp/benchmark/testcode/BenchmarkTest01731.java,77,semgrep;sonarqube,2,high (same CWE),MAJOR;warning,Detected a formatted string in a SQL statement. This could lead to SQL injection if variables in the SQL statement are not properly sanitized. Use a prepared statements (java.sql.PreparedStatement) instead. You can obtain a PreparedStatement using 'connection.prepareStatement'.
BenchmarkTest01732,CWE-89,data/benchmark/src/main/java/org/owasp/benchmark/testcode/BenchmarkTest01732.java,75,semgrep;sonarqube,2,high (same CWE),MAJOR;warning,Detected input from a HTTPServletRequest going into a SQL sink or statement. This could lead to SQL injection if variables in the SQL statement are not properly sanitized. Use parameterized SQL queries or properly sanitize user input instead.
BenchmarkTest01733,CWE-89,data/benchmark/src/main/java/org/owasp/benchmark/testcode/BenchmarkTest01733.java,75,semgrep;sonarqube,2,high (same CWE),MAJOR;warning,Detected input from a HTTPServletRequest going into a SQL sink or statement. This could lead to SQL injection if variables in the SQL statement are not properly sanitized. Use parameterized SQL queries or properly sanitize user input instead.
BenchmarkTest01734,CWE-643,data/benchmark/src/main/java/org/owasp/benchmark/testcode/BenchmarkTest01734.java,89,semgrep,1,single-tool,warning,"Detected input from a HTTPServletRequest going into a XPath evaluate or compile command. This could lead to xpath injection if variables passed into the evaluate or compile commands are not properly sanitized. Xpath injection could lead to unauthorized access to sensitive information in XML documents. Instead, thoroughly sanitize user input or use parameterized xpath queries if you can."
BenchmarkTest01734,CWE-79,data/benchmark/src/main/java/org/owasp/benchmark/testcode/BenchmarkTest01734.java,96,semgrep,1,single-tool,warning,"Detected a request with potential user-input going into a OutputStream or Writer object. This bypasses any view or template environments, including HTML escaping, which may expose this application to cross-site scripting (XSS) vulnerabilities. Consider using a view technology such as JavaServer Faces (JSFs) which automatically escapes HTML views."
BenchmarkTest01735,CWE-643,data/benchmark/src/main/java/org/owasp/benchmark/testcode/BenchmarkTest01735.java,89,semgrep,1,single-tool,warning,"Detected input from a HTTPServletRequest going into a XPath evaluate or compile command. This could lead to xpath injection if variables passed into the evaluate or compile commands are not properly sanitized. Xpath injection could lead to unauthorized access to sensitive information in XML documents. Instead, thoroughly sanitize user input or use parameterized xpath queries if you can."
BenchmarkTest01735,CWE-79,data/benchmark/src/main/java/org/owasp/benchmark/testcode/BenchmarkTest01735.java,96,semgrep,1,single-tool,warning,"Detected a request with potential user-input going into a OutputStream or Writer object. This bypasses any view or template environments, including HTML escaping, which may expose this application to cross-site scripting (XSS) vulnerabilities. Consider using a view technology such as JavaServer Faces (JSFs) which automatically escapes HTML views."
BenchmarkTest01736,CWE-643,data/benchmark/src/main/java/org/owasp/benchmark/testcode/BenchmarkTest01736.java,87,semgrep,1,single-tool,warning,"Detected input from a HTTPServletRequest going into a XPath evaluate or compile command. This could lead to xpath injection if variables passed into the evaluate or compile commands are not properly sanitized. Xpath injection could lead to unauthorized access to sensitive information in XML documents. Instead, thoroughly sanitize user input or use parameterized xpath queries if you can."
BenchmarkTest01736,CWE-79,data/benchmark/src/main/java/org/owasp/benchmark/testcode/BenchmarkTest01736.java,89,semgrep,1,single-tool,warning,"Detected a request with potential user-input going into a OutputStream or Writer object. This bypasses any view or template environments, including HTML escaping, which may expose this application to cross-site scripting (XSS) vulnerabilities. Consider using a view technology such as JavaServer Faces (JSFs) which automatically escapes HTML views."
BenchmarkTest01740,CWE-326,data/benchmark/src/main/java/org/owasp/benchmark/testcode/BenchmarkTest01740.java,57,semgrep,1,high (same CWE),warning,Triple DES (3DES or DESede) is considered deprecated. AES is the recommended cipher. Upgrade to use AES.
BenchmarkTest01740,CWE-327,owasp-benchmark:data/benchmark/src/main/java/org/owasp/benchmark/testcode/BenchmarkTest01740.java,54,sonarqube,1,high (same CWE),CRITICAL,Use a secure cipher mode.
BenchmarkTest01741,CWE-326,data/benchmark/src/main/java/org/owasp/benchmark/testcode/BenchmarkTest01741.java,57,semgrep,1,high (same CWE),warning,Triple DES (3DES or DESede) is considered deprecated. AES is the recommended cipher. Upgrade to use AES.
BenchmarkTest01741,CWE-327,owasp-benchmark:data/benchmark/src/main/java/org/owasp/benchmark/testcode/BenchmarkTest01741.java,54,sonarqube,1,high (same CWE),CRITICAL,Use a secure cipher mode.
BenchmarkTest01742,CWE-326,data/benchmark/src/main/java/org/owasp/benchmark/testcode/BenchmarkTest01742.java,57,semgrep,1,high (same CWE),warning,Triple DES (3DES or DESede) is considered deprecated. AES is the recommended cipher. Upgrade to use AES.
BenchmarkTest01742,CWE-327,owasp-benchmark:data/benchmark/src/main/java/org/owasp/benchmark/testcode/BenchmarkTest01742.java,54,sonarqube,1,high (same CWE),CRITICAL,Use a secure cipher mode.
BenchmarkTest01743,CWE-90,data/benchmark/src/main/java/org/owasp/benchmark/testcode/BenchmarkTest01743.java,60,semgrep,1,single-tool,warning,"Detected input from a HTTPServletRequest going into an LDAP query. This could lead to LDAP injection if the input is not properly sanitized, which could result in attackers modifying objects in the LDAP tree structure. Ensure data passed to an LDAP query is not controllable or properly sanitize the data."
BenchmarkTest01744,CWE-22,data/benchmark/src/main/java/org/owasp/benchmark/testcode/BenchmarkTest01744.java,49,semgrep,1,single-tool,error,"Detected a potential path traversal. A malicious actor could control the location of this file, to include going backwards in the directory with '../'. To address this, ensure that user-controlled variables in file paths are sanitized. You may also consider using a utility method such as org.apache.commons.io.FilenameUtils.getName(...) to only retrieve the file name from the path."
BenchmarkTest01745,CWE-22,data/benchmark/src/main/java/org/owasp/benchmark/testcode/BenchmarkTest01745.java,49,semgrep,1,single-tool,error,"Detected a potential path traversal. A malicious actor could control the location of this file, to include going backwards in the directory with '../'. To address this, ensure that user-controlled variables in file paths are sanitized. You may also consider using a utility method such as org.apache.commons.io.FilenameUtils.getName(...) to only retrieve the file name from the path."
BenchmarkTest01746,CWE-22,data/benchmark/src/main/java/org/owasp/benchmark/testcode/BenchmarkTest01746.java,66,semgrep,1,single-tool,error,"Detected a potential path traversal. A malicious actor could control the location of this file, to include going backwards in the directory with '../'. To address this, ensure that user-controlled variables in file paths are sanitized. You may also consider using a utility method such as org.apache.commons.io.FilenameUtils.getName(...) to only retrieve the file name from the path."
BenchmarkTest01747,CWE-22,data/benchmark/src/main/java/org/owasp/benchmark/testcode/BenchmarkTest01747.java,69,semgrep,1,single-tool,error,"Detected a potential path traversal. A malicious actor could control the location of this file, to include going backwards in the directory with '../'. To address this, ensure that user-controlled variables in file paths are sanitized. You may also consider using a utility method such as org.apache.commons.io.FilenameUtils.getName(...) to only retrieve the file name from the path."
BenchmarkTest01748,CWE-22,data/benchmark/src/main/java/org/owasp/benchmark/testcode/BenchmarkTest01748.java,54,semgrep,1,single-tool,error,"Detected a potential path traversal. A malicious actor could control the location of this file, to include going backwards in the directory with '../'. To address this, ensure that user-controlled variables in file paths are sanitized. You may also consider using a utility method such as org.apache.commons.io.FilenameUtils.getName(...) to only retrieve the file name from the path."
BenchmarkTest01749,CWE-22,data/benchmark/src/main/java/org/owasp/benchmark/testcode/BenchmarkTest01749.java,54,semgrep,1,single-tool,error,"Detected a potential path traversal. A malicious actor could control the location of this file, to include going backwards in the directory with '../'. To address this, ensure that user-controlled variables in file paths are sanitized. You may also consider using a utility method such as org.apache.commons.io.FilenameUtils.getName(...) to only retrieve the file name from the path."
BenchmarkTest01750,CWE-22,data/benchmark/src/main/java/org/owasp/benchmark/testcode/BenchmarkTest01750.java,54,semgrep,1,single-tool,error,"Detected a potential path traversal. A malicious actor could control the location of this file, to include going backwards in the directory with '../'. To address this, ensure that user-controlled variables in file paths are sanitized. You may also consider using a utility method such as org.apache.commons.io.FilenameUtils.getName(...) to only retrieve the file name from the path."
BenchmarkTest01751,CWE-22,data/benchmark/src/main/java/org/owasp/benchmark/testcode/BenchmarkTest01751.java,55,semgrep,1,single-tool,error,"Detected a potential path traversal. A malicious actor could control the location of this file, to include going backwards in the directory with '../'. To address this, ensure that user-controlled variables in file paths are sanitized. You may also consider using a utility method such as org.apache.commons.io.FilenameUtils.getName(...) to only retrieve the file name from the path."
BenchmarkTest01751,CWE-22,data/benchmark/src/main/java/org/owasp/benchmark/testcode/BenchmarkTest01751.java,68,semgrep,1,single-tool,error,"Detected a potential path traversal. A malicious actor could control the location of this file, to include going backwards in the directory with '../'. To address this, ensure that user-controlled variables in file paths are sanitized. You may also consider using a utility method such as org.apache.commons.io.FilenameUtils.getName(...) to only retrieve the file name from the path."
BenchmarkTest01752,CWE-22,data/benchmark/src/main/java/org/owasp/benchmark/testcode/BenchmarkTest01752.java,60,semgrep,1,single-tool,error,"Detected a potential path traversal. A malicious actor could control the location of this file, to include going backwards in the directory with '../'. To address this, ensure that user-controlled variables in file paths are sanitized. You may also consider using a utility method such as org.apache.commons.io.FilenameUtils.getName(...) to only retrieve the file name from the path."
BenchmarkTest01753,CWE-90,data/benchmark/src/main/java/org/owasp/benchmark/testcode/BenchmarkTest01753.java,63,semgrep,1,single-tool,warning,"Detected input from a HTTPServletRequest going into an LDAP query. This could lead to LDAP injection if the input is not properly sanitized, which could result in attackers modifying objects in the LDAP tree structure. Ensure data passed to an LDAP query is not controllable or properly sanitize the data."
BenchmarkTest01754,CWE-90,data/benchmark/src/main/java/org/owasp/benchmark/testcode/BenchmarkTest01754.java,63,semgrep,1,single-tool,warning,"Detected input from a HTTPServletRequest going into an LDAP query. This could lead to LDAP injection if the input is not properly sanitized, which could result in attackers modifying objects in the LDAP tree structure. Ensure data passed to an LDAP query is not controllable or properly sanitize the data."
BenchmarkTest01755,CWE-90,data/benchmark/src/main/java/org/owasp/benchmark/testcode/BenchmarkTest01755.java,62,semgrep,1,single-tool,warning,"Detected input from a HTTPServletRequest going into an LDAP query. This could lead to LDAP injection if the input is not properly sanitized, which could result in attackers modifying objects in the LDAP tree structure. Ensure data passed to an LDAP query is not controllable or properly sanitize the data."
BenchmarkTest01756,CWE-90,data/benchmark/src/main/java/org/owasp/benchmark/testcode/BenchmarkTest01756.java,62,semgrep,1,single-tool,warning,"Detected input from a HTTPServletRequest going into an LDAP query. This could lead to LDAP injection if the input is not properly sanitized, which could result in attackers modifying objects in the LDAP tree structure. Ensure data passed to an LDAP query is not controllable or properly sanitize the data."
BenchmarkTest01757,CWE-328,data/benchmark/src/main/java/org/owasp/benchmark/testcode/BenchmarkTest01757.java,55,semgrep;sonarqube,2,"medium (same line, different CWE label)",CRITICAL;warning,"Detected SHA1 hash algorithm which is considered insecure. SHA1 is not collision resistant and is therefore not suitable as a cryptographic signature. Instead, use PBKDF2 for password hashing or SHA256 or SHA512 for other hash function applications."
BenchmarkTest01757,CWE-1240,owasp-benchmark:data/benchmark/src/main/java/org/owasp/benchmark/testcode/BenchmarkTest01757.java,57,sonarqube,1,single-tool,CRITICAL,Make sure this weak hash algorithm is not used in a sensitive context here.
BenchmarkTest01761,CWE-328,data/benchmark/src/main/java/org/owasp/benchmark/testcode/BenchmarkTest01761.java,50,semgrep;sonarqube,2,"medium (same line, different CWE label)",CRITICAL;warning,"Detected SHA1 hash algorithm which is considered insecure. SHA1 is not collision resistant and is therefore not suitable as a cryptographic signature. Instead, use PBKDF2 for password hashing or SHA256 or SHA512 for other hash function applications."
BenchmarkTest01778,CWE-78,data/benchmark/src/main/java/org/owasp/benchmark/testcode/BenchmarkTest01778.java,63,semgrep,1,single-tool,error,A formatted or concatenated string was detected as input to a ProcessBuilder call. This is dangerous if a variable is controlled by user input and could result in a command injection. Ensure your variables are not controlled by users or sufficiently sanitized.
BenchmarkTest01779,CWE-78,data/benchmark/src/main/java/org/owasp/benchmark/testcode/BenchmarkTest01779.java,63,semgrep,1,single-tool,error,A formatted or concatenated string was detected as input to a ProcessBuilder call. This is dangerous if a variable is controlled by user input and could result in a command injection. Ensure your variables are not controlled by users or sufficiently sanitized.
BenchmarkTest01780,CWE-78,data/benchmark/src/main/java/org/owasp/benchmark/testcode/BenchmarkTest01780.java,61,semgrep,1,high (same CWE),error,"Detected input from a HTTPServletRequest going into a 'ProcessBuilder' or 'exec' command. This could lead to command injection if variables passed into the exec commands are not properly sanitized. Instead, avoid using these OS commands with user-supplied input, or, if you must use these commands, use a whitelist of specific values."
BenchmarkTest01781,CWE-330,data/benchmark/src/main/java/org/owasp/benchmark/testcode/BenchmarkTest01781.java,49,semgrep;sonarqube,2,"medium (same line, different CWE label)",MAJOR;warning,"Detected use of the functions `Math.random()` or `java.util.Random()`. These are both not cryptographically strong random number generators (RNGs). If you are using these RNGs to create passwords or secret tokens, use `java.security.SecureRandom` instead."
BenchmarkTest01782,CWE-330,data/benchmark/src/main/java/org/owasp/benchmark/testcode/BenchmarkTest01782.java,49,semgrep;sonarqube,2,"medium (same line, different CWE label)",MAJOR;warning,"Detected use of the functions `Math.random()` or `java.util.Random()`. These are both not cryptographically strong random number generators (RNGs). If you are using these RNGs to create passwords or secret tokens, use `java.security.SecureRandom` instead."
BenchmarkTest01783,CWE-330,data/benchmark/src/main/java/org/owasp/benchmark/testcode/BenchmarkTest01783.java,49,semgrep;sonarqube,2,"medium (same line, different CWE label)",MAJOR;warning,"Detected use of the functions `Math.random()` or `java.util.Random()`. These are both not cryptographically strong random number generators (RNGs). If you are using these RNGs to create passwords or secret tokens, use `java.security.SecureRandom` instead."
BenchmarkTest01784,CWE-330,data/benchmark/src/main/java/org/owasp/benchmark/testcode/BenchmarkTest01784.java,49,semgrep;sonarqube,2,"medium (same line, different CWE label)",MAJOR;warning,"Detected use of the functions `Math.random()` or `java.util.Random()`. These are both not cryptographically strong random number generators (RNGs). If you are using these RNGs to create passwords or secret tokens, use `java.security.SecureRandom` instead."
BenchmarkTest01785,CWE-330,data/benchmark/src/main/java/org/owasp/benchmark/testcode/BenchmarkTest01785.java,49,semgrep;sonarqube,2,"medium (same line, different CWE label)",MAJOR;warning,"Detected use of the functions `Math.random()` or `java.util.Random()`. These are both not cryptographically strong random number generators (RNGs). If you are using these RNGs to create passwords or secret tokens, use `java.security.SecureRandom` instead."
BenchmarkTest01786,CWE-330,data/benchmark/src/main/java/org/owasp/benchmark/testcode/BenchmarkTest01786.java,49,semgrep;sonarqube,2,"medium (same line, different CWE label)",MAJOR;warning,"Detected use of the functions `Math.random()` or `java.util.Random()`. These are both not cryptographically strong random number generators (RNGs). If you are using these RNGs to create passwords or secret tokens, use `java.security.SecureRandom` instead."
BenchmarkTest01787,CWE-330,data/benchmark/src/main/java/org/owasp/benchmark/testcode/BenchmarkTest01787.java,49,semgrep;sonarqube,2,"medium (same line, different CWE label)",MAJOR;warning,"Detected use of the functions `Math.random()` or `java.util.Random()`. These are both not cryptographically strong random number generators (RNGs). If you are using these RNGs to create passwords or secret tokens, use `java.security.SecureRandom` instead."
BenchmarkTest01788,CWE-330,data/benchmark/src/main/java/org/owasp/benchmark/testcode/BenchmarkTest01788.java,49,semgrep;sonarqube,2,"medium (same line, different CWE label)",MAJOR;warning,"Detected use of the functions `Math.random()` or `java.util.Random()`. These are both not cryptographically strong random number generators (RNGs). If you are using these RNGs to create passwords or secret tokens, use `java.security.SecureRandom` instead."
BenchmarkTest01789,CWE-614,data/benchmark/src/main/java/org/owasp/benchmark/testcode/BenchmarkTest01789.java,66,semgrep,1,single-tool,warning,A cookie was detected without setting the 'secure' flag. The 'secure' flag for cookies prevents the client from transmitting the cookie over insecure channels such as HTTP. Set the 'secure' flag by calling 'cookie.setSecure(true);'
BenchmarkTest01791,CWE-78,data/benchmark/src/main/java/org/owasp/benchmark/testcode/BenchmarkTest01791.java,58,semgrep,1,single-tool,error,"Detected input from a HTTPServletRequest going into a 'ProcessBuilder' or 'exec' command. This could lead to command injection if variables passed into the exec commands are not properly sanitized. Instead, avoid using these OS commands with user-supplied input, or, if you must use these commands, use a whitelist of specific values."
BenchmarkTest01792,CWE-78,data/benchmark/src/main/java/org/owasp/benchmark/testcode/BenchmarkTest01792.java,72,semgrep,1,single-tool,error,"Detected input from a HTTPServletRequest going into a 'ProcessBuilder' or 'exec' command. This could lead to command injection if variables passed into the exec commands are not properly sanitized. Instead, avoid using these OS commands with user-supplied input, or, if you must use these commands, use a whitelist of specific values."
BenchmarkTest01793,CWE-78,data/benchmark/src/main/java/org/owasp/benchmark/testcode/BenchmarkTest01793.java,58,semgrep,1,single-tool,error,"Detected input from a HTTPServletRequest going into a 'ProcessBuilder' or 'exec' command. This could lead to command injection if variables passed into the exec commands are not properly sanitized. Instead, avoid using these OS commands with user-supplied input, or, if you must use these commands, use a whitelist of specific values."
BenchmarkTest01794,CWE-78,data/benchmark/src/main/java/org/owasp/benchmark/testcode/BenchmarkTest01794.java,72,semgrep,1,single-tool,error,"Detected input from a HTTPServletRequest going into a 'ProcessBuilder' or 'exec' command. This could lead to command injection if variables passed into the exec commands are not properly sanitized. Instead, avoid using these OS commands with user-supplied input, or, if you must use these commands, use a whitelist of specific values."
BenchmarkTest01795,CWE-78,data/benchmark/src/main/java/org/owasp/benchmark/testcode/BenchmarkTest01795.java,58,semgrep,1,single-tool,error,"Detected input from a HTTPServletRequest going into a 'ProcessBuilder' or 'exec' command. This could lead to command injection if variables passed into the exec commands are not properly sanitized. Instead, avoid using these OS commands with user-supplied input, or, if you must use these commands, use a whitelist of specific values."
BenchmarkTest01796,CWE-78,data/benchmark/src/main/java/org/owasp/benchmark/testcode/BenchmarkTest01796.java,58,semgrep,1,single-tool,error,"Detected input from a HTTPServletRequest going into a 'ProcessBuilder' or 'exec' command. This could lead to command injection if variables passed into the exec commands are not properly sanitized. Instead, avoid using these OS commands with user-supplied input, or, if you must use these commands, use a whitelist of specific values."
BenchmarkTest01815,CWE-89,data/benchmark/src/main/java/org/owasp/benchmark/testcode/BenchmarkTest01815.java,54,semgrep;sonarqube,2,high (same CWE),MAJOR;warning,Detected a formatted string in a SQL statement. This could lead to SQL injection if variables in the SQL statement are not properly sanitized. Use a prepared statements (java.sql.PreparedStatement) instead. You can obtain a PreparedStatement using 'connection.prepareStatement'.
BenchmarkTest01816,CWE-89,data/benchmark/src/main/java/org/owasp/benchmark/testcode/BenchmarkTest01816.java,54,semgrep;sonarqube,2,high (same CWE),MAJOR;warning,Detected a formatted string in a SQL statement. This could lead to SQL injection if variables in the SQL statement are not properly sanitized. Use a prepared statements (java.sql.PreparedStatement) instead. You can obtain a PreparedStatement using 'connection.prepareStatement'.
BenchmarkTest01817,CWE-89,data/benchmark/src/main/java/org/owasp/benchmark/testcode/BenchmarkTest01817.java,54,semgrep;sonarqube,2,high (same CWE),MAJOR;warning,Detected a formatted string in a SQL statement. This could lead to SQL injection if variables in the SQL statement are not properly sanitized. Use a prepared statements (java.sql.PreparedStatement) instead. You can obtain a PreparedStatement using 'connection.prepareStatement'.
BenchmarkTest01818,CWE-89,data/benchmark/src/main/java/org/owasp/benchmark/testcode/BenchmarkTest01818.java,54,semgrep;sonarqube,2,high (same CWE),MAJOR;warning,Detected a formatted string in a SQL statement. This could lead to SQL injection if variables in the SQL statement are not properly sanitized. Use a prepared statements (java.sql.PreparedStatement) instead. You can obtain a PreparedStatement using 'connection.prepareStatement'.
BenchmarkTest01819,CWE-89,data/benchmark/src/main/java/org/owasp/benchmark/testcode/BenchmarkTest01819.java,54,semgrep;sonarqube,2,high (same CWE),MAJOR;warning,Detected a formatted string in a SQL statement. This could lead to SQL injection if variables in the SQL statement are not properly sanitized. Use a prepared statements (java.sql.PreparedStatement) instead. You can obtain a PreparedStatement using 'connection.prepareStatement'.
BenchmarkTest01820,CWE-89,data/benchmark/src/main/java/org/owasp/benchmark/testcode/BenchmarkTest01820.java,54,semgrep;sonarqube,2,high (same CWE),MAJOR;warning,Detected a formatted string in a SQL statement. This could lead to SQL injection if variables in the SQL statement are not properly sanitized. Use a prepared statements (java.sql.PreparedStatement) instead. You can obtain a PreparedStatement using 'connection.prepareStatement'.
BenchmarkTest01822,CWE-326,data/benchmark/src/main/java/org/owasp/benchmark/testcode/BenchmarkTest01822.java,84,semgrep,1,high (same CWE),warning,Triple DES (3DES or DESede) is considered deprecated. AES is the recommended cipher. Upgrade to use AES.
BenchmarkTest01822,CWE-327,owasp-benchmark:data/benchmark/src/main/java/org/owasp/benchmark/testcode/BenchmarkTest01822.java,81,sonarqube,1,high (same CWE),CRITICAL,Use another cipher mode or disable padding.
BenchmarkTest01823,CWE-326,data/benchmark/src/main/java/org/owasp/benchmark/testcode/BenchmarkTest01823.java,84,semgrep,1,high (same CWE),warning,Triple DES (3DES or DESede) is considered deprecated. AES is the recommended cipher. Upgrade to use AES.
BenchmarkTest01823,CWE-327,owasp-benchmark:data/benchmark/src/main/java/org/owasp/benchmark/testcode/BenchmarkTest01823.java,81,sonarqube,1,high (same CWE),CRITICAL,Use a strong cipher algorithm.
BenchmarkTest01829,CWE-326,data/benchmark/src/main/java/org/owasp/benchmark/testcode/BenchmarkTest01829.java,76,semgrep,1,high (same CWE),warning,Triple DES (3DES or DESede) is considered deprecated. AES is the recommended cipher. Upgrade to use AES.
BenchmarkTest01829,CWE-327,owasp-benchmark:data/benchmark/src/main/java/org/owasp/benchmark/testcode/BenchmarkTest01829.java,73,sonarqube,1,high (same CWE),CRITICAL,Use a strong cipher algorithm.
BenchmarkTest01830,CWE-326,data/benchmark/src/main/java/org/owasp/benchmark/testcode/BenchmarkTest01830.java,76,semgrep,1,high (same CWE),warning,Triple DES (3DES or DESede) is considered deprecated. AES is the recommended cipher. Upgrade to use AES.
BenchmarkTest01830,CWE-327,owasp-benchmark:data/benchmark/src/main/java/org/owasp/benchmark/testcode/BenchmarkTest01830.java,73,sonarqube,1,high (same CWE),CRITICAL,Use a strong cipher algorithm.
BenchmarkTest01831,CWE-90,data/benchmark/src/main/java/org/owasp/benchmark/testcode/BenchmarkTest01831.java,79,semgrep,1,single-tool,warning,"Detected input from a HTTPServletRequest going into an LDAP query. This could lead to LDAP injection if the input is not properly sanitized, which could result in attackers modifying objects in the LDAP tree structure. Ensure data passed to an LDAP query is not controllable or properly sanitize the data."
BenchmarkTest01832,CWE-90,data/benchmark/src/main/java/org/owasp/benchmark/testcode/BenchmarkTest01832.java,79,semgrep,1,single-tool,warning,"Detected input from a HTTPServletRequest going into an LDAP query. This could lead to LDAP injection if the input is not properly sanitized, which could result in attackers modifying objects in the LDAP tree structure. Ensure data passed to an LDAP query is not controllable or properly sanitize the data."
BenchmarkTest01833,CWE-22,data/benchmark/src/main/java/org/owasp/benchmark/testcode/BenchmarkTest01833.java,68,semgrep,1,single-tool,error,"Detected a potential path traversal. A malicious actor could control the location of this file, to include going backwards in the directory with '../'. To address this, ensure that user-controlled variables in file paths are sanitized. You may also consider using a utility method such as org.apache.commons.io.FilenameUtils.getName(...) to only retrieve the file name from the path."
BenchmarkTest01834,CWE-22,data/benchmark/src/main/java/org/owasp/benchmark/testcode/BenchmarkTest01834.java,68,semgrep,1,single-tool,error,"Detected a potential path traversal. A malicious actor could control the location of this file, to include going backwards in the directory with '../'. To address this, ensure that user-controlled variables in file paths are sanitized. You may also consider using a utility method such as org.apache.commons.io.FilenameUtils.getName(...) to only retrieve the file name from the path."
BenchmarkTest01835,CWE-22,data/benchmark/src/main/java/org/owasp/benchmark/testcode/BenchmarkTest01835.java,68,semgrep,1,single-tool,error,"Detected a potential path traversal. A malicious actor could control the location of this file, to include going backwards in the directory with '../'. To address this, ensure that user-controlled variables in file paths are sanitized. You may also consider using a utility method such as org.apache.commons.io.FilenameUtils.getName(...) to only retrieve the file name from the path."
BenchmarkTest01836,CWE-22,data/benchmark/src/main/java/org/owasp/benchmark/testcode/BenchmarkTest01836.java,85,semgrep,1,single-tool,error,"Detected a potential path traversal. A malicious actor could control the location of this file, to include going backwards in the directory with '../'. To address this, ensure that user-controlled variables in file paths are sanitized. You may also consider using a utility method such as org.apache.commons.io.FilenameUtils.getName(...) to only retrieve the file name from the path."
BenchmarkTest01837,CWE-22,data/benchmark/src/main/java/org/owasp/benchmark/testcode/BenchmarkTest01837.java,88,semgrep,1,single-tool,error,"Detected a potential path traversal. A malicious actor could control the location of this file, to include going backwards in the directory with '../'. To address this, ensure that user-controlled variables in file paths are sanitized. You may also consider using a utility method such as org.apache.commons.io.FilenameUtils.getName(...) to only retrieve the file name from the path."
BenchmarkTest01838,CWE-22,data/benchmark/src/main/java/org/owasp/benchmark/testcode/BenchmarkTest01838.java,73,semgrep,1,single-tool,error,"Detected a potential path traversal. A malicious actor could control the location of this file, to include going backwards in the directory with '../'. To address this, ensure that user-controlled variables in file paths are sanitized. You may also consider using a utility method such as org.apache.commons.io.FilenameUtils.getName(...) to only retrieve the file name from the path."
BenchmarkTest01839,CWE-22,data/benchmark/src/main/java/org/owasp/benchmark/testcode/BenchmarkTest01839.java,74,semgrep,1,single-tool,error,"Detected a potential path traversal. A malicious actor could control the location of this file, to include going backwards in the directory with '../'. To address this, ensure that user-controlled variables in file paths are sanitized. You may also consider using a utility method such as org.apache.commons.io.FilenameUtils.getName(...) to only retrieve the file name from the path."
BenchmarkTest01839,CWE-22,data/benchmark/src/main/java/org/owasp/benchmark/testcode/BenchmarkTest01839.java,87,semgrep,1,single-tool,error,"Detected a potential path traversal. A malicious actor could control the location of this file, to include going backwards in the directory with '../'. To address this, ensure that user-controlled variables in file paths are sanitized. You may also consider using a utility method such as org.apache.commons.io.FilenameUtils.getName(...) to only retrieve the file name from the path."
BenchmarkTest01840,CWE-22,data/benchmark/src/main/java/org/owasp/benchmark/testcode/BenchmarkTest01840.java,74,semgrep,1,single-tool,error,"Detected a potential path traversal. A malicious actor could control the location of this file, to include going backwards in the directory with '../'. To address this, ensure that user-controlled variables in file paths are sanitized. You may also consider using a utility method such as org.apache.commons.io.FilenameUtils.getName(...) to only retrieve the file name from the path."
BenchmarkTest01840,CWE-22,data/benchmark/src/main/java/org/owasp/benchmark/testcode/BenchmarkTest01840.java,87,semgrep,1,single-tool,error,"Detected a potential path traversal. A malicious actor could control the location of this file, to include going backwards in the directory with '../'. To address this, ensure that user-controlled variables in file paths are sanitized. You may also consider using a utility method such as org.apache.commons.io.FilenameUtils.getName(...) to only retrieve the file name from the path."
BenchmarkTest01841,CWE-22,data/benchmark/src/main/java/org/owasp/benchmark/testcode/BenchmarkTest01841.java,79,semgrep,1,single-tool,error,"Detected a potential path traversal. A malicious actor could control the location of this file, to include going backwards in the directory with '../'. To address this, ensure that user-controlled variables in file paths are sanitized. You may also consider using a utility method such as org.apache.commons.io.FilenameUtils.getName(...) to only retrieve the file name from the path."
BenchmarkTest01842,CWE-330,data/benchmark/src/main/java/org/owasp/benchmark/testcode/BenchmarkTest01842.java,68,semgrep;sonarqube,2,"medium (same line, different CWE label)",MAJOR;warning,"Detected use of the functions `Math.random()` or `java.util.Random()`. These are both not cryptographically strong random number generators (RNGs). If you are using these RNGs to create passwords or secret tokens, use `java.security.SecureRandom` instead."
BenchmarkTest01843,CWE-330,data/benchmark/src/main/java/org/owasp/benchmark/testcode/BenchmarkTest01843.java,68,semgrep;sonarqube,2,"medium (same line, different CWE label)",MAJOR;warning,"Detected use of the functions `Math.random()` or `java.util.Random()`. These are both not cryptographically strong random number generators (RNGs). If you are using these RNGs to create passwords or secret tokens, use `java.security.SecureRandom` instead."
BenchmarkTest01844,CWE-328,data/benchmark/src/main/java/org/owasp/benchmark/testcode/BenchmarkTest01844.java,74,semgrep;sonarqube,2,"medium (same line, different CWE label)",CRITICAL;warning,"Detected SHA1 hash algorithm which is considered insecure. SHA1 is not collision resistant and is therefore not suitable as a cryptographic signature. Instead, use PBKDF2 for password hashing or SHA256 or SHA512 for other hash function applications."
BenchmarkTest01844,CWE-1240,owasp-benchmark:data/benchmark/src/main/java/org/owasp/benchmark/testcode/BenchmarkTest01844.java,76,sonarqube,1,single-tool,CRITICAL,Make sure this weak hash algorithm is not used in a sensitive context here.
BenchmarkTest01845,CWE-328,data/benchmark/src/main/java/org/owasp/benchmark/testcode/BenchmarkTest01845.java,74,semgrep;sonarqube,2,"medium (same line, different CWE label)",CRITICAL;warning,"Detected SHA1 hash algorithm which is considered insecure. SHA1 is not collision resistant and is therefore not suitable as a cryptographic signature. Instead, use PBKDF2 for password hashing or SHA256 or SHA512 for other hash function applications."
BenchmarkTest01845,CWE-1240,owasp-benchmark:data/benchmark/src/main/java/org/owasp/benchmark/testcode/BenchmarkTest01845.java,76,sonarqube,1,single-tool,CRITICAL,Make sure this weak hash algorithm is not used in a sensitive context here.
BenchmarkTest01846,CWE-328,data/benchmark/src/main/java/org/owasp/benchmark/testcode/BenchmarkTest01846.java,74,semgrep;sonarqube,2,"medium (same line, different CWE label)",CRITICAL;warning,"Detected SHA1 hash algorithm which is considered insecure. SHA1 is not collision resistant and is therefore not suitable as a cryptographic signature. Instead, use PBKDF2 for password hashing or SHA256 or SHA512 for other hash function applications."
BenchmarkTest01846,CWE-1240,owasp-benchmark:data/benchmark/src/main/java/org/owasp/benchmark/testcode/BenchmarkTest01846.java,76,sonarqube,1,single-tool,CRITICAL,Make sure this weak hash algorithm is not used in a sensitive context here.
BenchmarkTest01850,CWE-78,data/benchmark/src/main/java/org/owasp/benchmark/testcode/BenchmarkTest01850.java,78,semgrep,1,high (same CWE),error,"Detected input from a HTTPServletRequest going into a 'ProcessBuilder' or 'exec' command. This could lead to command injection if variables passed into the exec commands are not properly sanitized. Instead, avoid using these OS commands with user-supplied input, or, if you must use these commands, use a whitelist of specific values."
BenchmarkTest01851,CWE-78,data/benchmark/src/main/java/org/owasp/benchmark/testcode/BenchmarkTest01851.java,78,semgrep,1,high (same CWE),error,"Detected input from a HTTPServletRequest going into a 'ProcessBuilder' or 'exec' command. This could lead to command injection if variables passed into the exec commands are not properly sanitized. Instead, avoid using these OS commands with user-supplied input, or, if you must use these commands, use a whitelist of specific values."
BenchmarkTest01852,CWE-78,data/benchmark/src/main/java/org/owasp/benchmark/testcode/BenchmarkTest01852.java,80,semgrep,1,high (same CWE),error,"Detected input from a HTTPServletRequest going into a 'ProcessBuilder' or 'exec' command. This could lead to command injection if variables passed into the exec commands are not properly sanitized. Instead, avoid using these OS commands with user-supplied input, or, if you must use these commands, use a whitelist of specific values."
BenchmarkTest01853,CWE-330,data/benchmark/src/main/java/org/owasp/benchmark/testcode/BenchmarkTest01853.java,69,semgrep;sonarqube,2,"medium (same line, different CWE label)",MAJOR;warning,"Detected use of the functions `Math.random()` or `java.util.Random()`. These are both not cryptographically strong random number generators (RNGs). If you are using these RNGs to create passwords or secret tokens, use `java.security.SecureRandom` instead."
BenchmarkTest01854,CWE-330,data/benchmark/src/main/java/org/owasp/benchmark/testcode/BenchmarkTest01854.java,68,semgrep;sonarqube,2,"medium (same line, different CWE label)",MAJOR;warning,"Detected use of the functions `Math.random()` or `java.util.Random()`. These are both not cryptographically strong random number generators (RNGs). If you are using these RNGs to create passwords or secret tokens, use `java.security.SecureRandom` instead."
BenchmarkTest01855,CWE-330,data/benchmark/src/main/java/org/owasp/benchmark/testcode/BenchmarkTest01855.java,68,semgrep;sonarqube,2,"medium (same line, different CWE label)",MAJOR;warning,"Detected use of the functions `Math.random()` or `java.util.Random()`. These are both not cryptographically strong random number generators (RNGs). If you are using these RNGs to create passwords or secret tokens, use `java.security.SecureRandom` instead."
BenchmarkTest01856,CWE-330,data/benchmark/src/main/java/org/owasp/benchmark/testcode/BenchmarkTest01856.java,68,semgrep;sonarqube,2,"medium (same line, different CWE label)",MAJOR;warning,"Detected use of the functions `Math.random()` or `java.util.Random()`. These are both not cryptographically strong random number generators (RNGs). If you are using these RNGs to create passwords or secret tokens, use `java.security.SecureRandom` instead."
BenchmarkTest01857,CWE-330,data/benchmark/src/main/java/org/owasp/benchmark/testcode/BenchmarkTest01857.java,68,semgrep;sonarqube,2,"medium (same line, different CWE label)",MAJOR;warning,"Detected use of the functions `Math.random()` or `java.util.Random()`. These are both not cryptographically strong random number generators (RNGs). If you are using these RNGs to create passwords or secret tokens, use `java.security.SecureRandom` instead."
BenchmarkTest01858,CWE-330,data/benchmark/src/main/java/org/owasp/benchmark/testcode/BenchmarkTest01858.java,68,semgrep;sonarqube,2,"medium (same line, different CWE label)",MAJOR;warning,"Detected use of the functions `Math.random()` or `java.util.Random()`. These are both not cryptographically strong random number generators (RNGs). If you are using these RNGs to create passwords or secret tokens, use `java.security.SecureRandom` instead."
BenchmarkTest01859,CWE-330,data/benchmark/src/main/java/org/owasp/benchmark/testcode/BenchmarkTest01859.java,68,semgrep;sonarqube,2,"medium (same line, different CWE label)",MAJOR;warning,"Detected use of the functions `Math.random()` or `java.util.Random()`. These are both not cryptographically strong random number generators (RNGs). If you are using these RNGs to create passwords or secret tokens, use `java.security.SecureRandom` instead."
BenchmarkTest01860,CWE-330,data/benchmark/src/main/java/org/owasp/benchmark/testcode/BenchmarkTest01860.java,68,semgrep;sonarqube,2,"medium (same line, different CWE label)",MAJOR;warning,"Detected use of the functions `Math.random()` or `java.util.Random()`. These are both not cryptographically strong random number generators (RNGs). If you are using these RNGs to create passwords or secret tokens, use `java.security.SecureRandom` instead."
BenchmarkTest01861,CWE-614,data/benchmark/src/main/java/org/owasp/benchmark/testcode/BenchmarkTest01861.java,85,semgrep,1,single-tool,warning,A cookie was detected without setting the 'secure' flag. The 'secure' flag for cookies prevents the client from transmitting the cookie over insecure channels such as HTTP. Set the 'secure' flag by calling 'cookie.setSecure(true);'
BenchmarkTest01864,CWE-78,data/benchmark/src/main/java/org/owasp/benchmark/testcode/BenchmarkTest01864.java,78,semgrep,1,single-tool,error,"Detected input from a HTTPServletRequest going into a 'ProcessBuilder' or 'exec' command. This could lead to command injection if variables passed into the exec commands are not properly sanitized. Instead, avoid using these OS commands with user-supplied input, or, if you must use these commands, use a whitelist of specific values."
BenchmarkTest01865,CWE-78,data/benchmark/src/main/java/org/owasp/benchmark/testcode/BenchmarkTest01865.java,78,semgrep,1,single-tool,error,"Detected input from a HTTPServletRequest going into a 'ProcessBuilder' or 'exec' command. This could lead to command injection if variables passed into the exec commands are not properly sanitized. Instead, avoid using these OS commands with user-supplied input, or, if you must use these commands, use a whitelist of specific values."
BenchmarkTest01872,CWE-79,data/benchmark/src/main/java/org/owasp/benchmark/testcode/BenchmarkTest01872.java,71,semgrep,1,single-tool,warning,"Detected a request with potential user-input going into a OutputStream or Writer object. This bypasses any view or template environments, including HTML escaping, which may expose this application to cross-site scripting (XSS) vulnerabilities. Consider using a view technology such as JavaServer Faces (JSFs) which automatically escapes HTML views."
BenchmarkTest01873,CWE-501,data/benchmark/src/main/java/org/owasp/benchmark/testcode/BenchmarkTest01873.java,69,semgrep,1,single-tool,warning,"Detected input from a HTTPServletRequest going into a session command, like `setAttribute`. User input into such a command could lead to an attacker inputting malicious code into your session parameters, blurring the line between what's trusted and untrusted, and therefore leading to a trust boundary violation. This could lead to programmers trusting unvalidated data. Instead, thoroughly sanitize user input before passing it into such function calls."
BenchmarkTest01873,CWE-79,data/benchmark/src/main/java/org/owasp/benchmark/testcode/BenchmarkTest01873.java,71,semgrep,1,single-tool,warning,"Detected a request with potential user-input going into a OutputStream or Writer object. This bypasses any view or template environments, including HTML escaping, which may expose this application to cross-site scripting (XSS) vulnerabilities. Consider using a view technology such as JavaServer Faces (JSFs) which automatically escapes HTML views."
BenchmarkTest01874,CWE-79,data/benchmark/src/main/java/org/owasp/benchmark/testcode/BenchmarkTest01874.java,71,semgrep,1,single-tool,warning,"Detected a request with potential user-input going into a OutputStream or Writer object. This bypasses any view or template environments, including HTML escaping, which may expose this application to cross-site scripting (XSS) vulnerabilities. Consider using a view technology such as JavaServer Faces (JSFs) which automatically escapes HTML views."
BenchmarkTest01875,CWE-79,data/benchmark/src/main/java/org/owasp/benchmark/testcode/BenchmarkTest01875.java,71,semgrep,1,single-tool,warning,"Detected a request with potential user-input going into a OutputStream or Writer object. This bypasses any view or template environments, including HTML escaping, which may expose this application to cross-site scripting (XSS) vulnerabilities. Consider using a view technology such as JavaServer Faces (JSFs) which automatically escapes HTML views."
BenchmarkTest01876,CWE-501,data/benchmark/src/main/java/org/owasp/benchmark/testcode/BenchmarkTest01876.java,69,semgrep,1,single-tool,warning,"Detected input from a HTTPServletRequest going into a session command, like `setAttribute`. User input into such a command could lead to an attacker inputting malicious code into your session parameters, blurring the line between what's trusted and untrusted, and therefore leading to a trust boundary violation. This could lead to programmers trusting unvalidated data. Instead, thoroughly sanitize user input before passing it into such function calls."
BenchmarkTest01876,CWE-79,data/benchmark/src/main/java/org/owasp/benchmark/testcode/BenchmarkTest01876.java,71,semgrep,1,single-tool,warning,"Detected a request with potential user-input going into a OutputStream or Writer object. This bypasses any view or template environments, including HTML escaping, which may expose this application to cross-site scripting (XSS) vulnerabilities. Consider using a view technology such as JavaServer Faces (JSFs) which automatically escapes HTML views."
BenchmarkTest01877,CWE-89,data/benchmark/src/main/java/org/owasp/benchmark/testcode/BenchmarkTest01877.java,74,semgrep;sonarqube,2,high (same CWE),MAJOR;warning,Detected input from a HTTPServletRequest going into a SQL sink or statement. This could lead to SQL injection if variables in the SQL statement are not properly sanitized. Use parameterized SQL queries or properly sanitize user input instead.
BenchmarkTest01878,CWE-89,data/benchmark/src/main/java/org/owasp/benchmark/testcode/BenchmarkTest01878.java,73,semgrep;sonarqube,2,high (same CWE),MAJOR;warning,Detected input from a HTTPServletRequest going into a SQL sink or statement. This could lead to SQL injection if variables in the SQL statement are not properly sanitized. Use parameterized SQL queries or properly sanitize user input instead.
BenchmarkTest01879,CWE-89,data/benchmark/src/main/java/org/owasp/benchmark/testcode/BenchmarkTest01879.java,73,semgrep;sonarqube,2,high (same CWE),MAJOR;warning,Detected input from a HTTPServletRequest going into a SQL sink or statement. This could lead to SQL injection if variables in the SQL statement are not properly sanitized. Use parameterized SQL queries or properly sanitize user input instead.
BenchmarkTest01880,CWE-89,data/benchmark/src/main/java/org/owasp/benchmark/testcode/BenchmarkTest01880.java,73,semgrep;sonarqube,2,high (same CWE),MAJOR;warning,Detected input from a HTTPServletRequest going into a SQL sink or statement. This could lead to SQL injection if variables in the SQL statement are not properly sanitized. Use parameterized SQL queries or properly sanitize user input instead.
BenchmarkTest01881,CWE-89,data/benchmark/src/main/java/org/owasp/benchmark/testcode/BenchmarkTest01881.java,71,semgrep,1,single-tool,warning,Detected input from a HTTPServletRequest going into a SQL sink or statement. This could lead to SQL injection if variables in the SQL statement are not properly sanitized. Use parameterized SQL queries or properly sanitize user input instead.
BenchmarkTest01882,CWE-89,data/benchmark/src/main/java/org/owasp/benchmark/testcode/BenchmarkTest01882.java,70,semgrep,1,single-tool,warning,Detected input from a HTTPServletRequest going into a SQL sink or statement. This could lead to SQL injection if variables in the SQL statement are not properly sanitized. Use parameterized SQL queries or properly sanitize user input instead.
BenchmarkTest01883,CWE-89,data/benchmark/src/main/java/org/owasp/benchmark/testcode/BenchmarkTest01883.java,70,semgrep,1,single-tool,warning,Detected input from a HTTPServletRequest going into a SQL sink or statement. This could lead to SQL injection if variables in the SQL statement are not properly sanitized. Use parameterized SQL queries or properly sanitize user input instead.
BenchmarkTest01884,CWE-89,data/benchmark/src/main/java/org/owasp/benchmark/testcode/BenchmarkTest01884.java,71,semgrep,1,single-tool,warning,Detected input from a HTTPServletRequest going into a SQL sink or statement. This could lead to SQL injection if variables in the SQL statement are not properly sanitized. Use parameterized SQL queries or properly sanitize user input instead.
BenchmarkTest01885,CWE-89,data/benchmark/src/main/java/org/owasp/benchmark/testcode/BenchmarkTest01885.java,73,semgrep;sonarqube,2,high (same CWE),MAJOR;warning,Detected a formatted string in a SQL statement. This could lead to SQL injection if variables in the SQL statement are not properly sanitized. Use a prepared statements (java.sql.PreparedStatement) instead. You can obtain a PreparedStatement using 'connection.prepareStatement'.
BenchmarkTest01886,CWE-89,data/benchmark/src/main/java/org/owasp/benchmark/testcode/BenchmarkTest01886.java,73,semgrep;sonarqube,2,high (same CWE),MAJOR;warning,Detected a formatted string in a SQL statement. This could lead to SQL injection if variables in the SQL statement are not properly sanitized. Use a prepared statements (java.sql.PreparedStatement) instead. You can obtain a PreparedStatement using 'connection.prepareStatement'.
BenchmarkTest01887,CWE-89,data/benchmark/src/main/java/org/owasp/benchmark/testcode/BenchmarkTest01887.java,71,semgrep;sonarqube,2,high (same CWE),MAJOR;warning,Detected input from a HTTPServletRequest going into a SQL sink or statement. This could lead to SQL injection if variables in the SQL statement are not properly sanitized. Use parameterized SQL queries or properly sanitize user input instead.
BenchmarkTest01888,CWE-89,data/benchmark/src/main/java/org/owasp/benchmark/testcode/BenchmarkTest01888.java,71,semgrep;sonarqube,2,high (same CWE),MAJOR;warning,Detected input from a HTTPServletRequest going into a SQL sink or statement. This could lead to SQL injection if variables in the SQL statement are not properly sanitized. Use parameterized SQL queries or properly sanitize user input instead.
BenchmarkTest01889,CWE-89,data/benchmark/src/main/java/org/owasp/benchmark/testcode/BenchmarkTest01889.java,71,semgrep;sonarqube,2,high (same CWE),MAJOR;warning,Detected input from a HTTPServletRequest going into a SQL sink or statement. This could lead to SQL injection if variables in the SQL statement are not properly sanitized. Use parameterized SQL queries or properly sanitize user input instead.
BenchmarkTest01890,CWE-89,data/benchmark/src/main/java/org/owasp/benchmark/testcode/BenchmarkTest01890.java,71,semgrep;sonarqube,2,high (same CWE),MAJOR;warning,Detected input from a HTTPServletRequest going into a SQL sink or statement. This could lead to SQL injection if variables in the SQL statement are not properly sanitized. Use parameterized SQL queries or properly sanitize user input instead.
BenchmarkTest01891,CWE-89,data/benchmark/src/main/java/org/owasp/benchmark/testcode/BenchmarkTest01891.java,71,semgrep;sonarqube,2,high (same CWE),MAJOR;warning,Detected input from a HTTPServletRequest going into a SQL sink or statement. This could lead to SQL injection if variables in the SQL statement are not properly sanitized. Use parameterized SQL queries or properly sanitize user input instead.
BenchmarkTest01892,CWE-643,data/benchmark/src/main/java/org/owasp/benchmark/testcode/BenchmarkTest01892.java,85,semgrep,1,single-tool,warning,"Detected input from a HTTPServletRequest going into a XPath evaluate or compile command. This could lead to xpath injection if variables passed into the evaluate or compile commands are not properly sanitized. Xpath injection could lead to unauthorized access to sensitive information in XML documents. Instead, thoroughly sanitize user input or use parameterized xpath queries if you can."
BenchmarkTest01892,CWE-79,data/benchmark/src/main/java/org/owasp/benchmark/testcode/BenchmarkTest01892.java,92,semgrep,1,single-tool,warning,"Detected a request with potential user-input going into a OutputStream or Writer object. This bypasses any view or template environments, including HTML escaping, which may expose this application to cross-site scripting (XSS) vulnerabilities. Consider using a view technology such as JavaServer Faces (JSFs) which automatically escapes HTML views."
BenchmarkTest01893,CWE-643,data/benchmark/src/main/java/org/owasp/benchmark/testcode/BenchmarkTest01893.java,85,semgrep,1,single-tool,warning,"Detected input from a HTTPServletRequest going into a XPath evaluate or compile command. This could lead to xpath injection if variables passed into the evaluate or compile commands are not properly sanitized. Xpath injection could lead to unauthorized access to sensitive information in XML documents. Instead, thoroughly sanitize user input or use parameterized xpath queries if you can."
BenchmarkTest01893,CWE-79,data/benchmark/src/main/java/org/owasp/benchmark/testcode/BenchmarkTest01893.java,92,semgrep,1,single-tool,warning,"Detected a request with potential user-input going into a OutputStream or Writer object. This bypasses any view or template environments, including HTML escaping, which may expose this application to cross-site scripting (XSS) vulnerabilities. Consider using a view technology such as JavaServer Faces (JSFs) which automatically escapes HTML views."
BenchmarkTest01894,CWE-643,data/benchmark/src/main/java/org/owasp/benchmark/testcode/BenchmarkTest01894.java,83,semgrep,1,single-tool,warning,"Detected input from a HTTPServletRequest going into a XPath evaluate or compile command. This could lead to xpath injection if variables passed into the evaluate or compile commands are not properly sanitized. Xpath injection could lead to unauthorized access to sensitive information in XML documents. Instead, thoroughly sanitize user input or use parameterized xpath queries if you can."
BenchmarkTest01894,CWE-79,data/benchmark/src/main/java/org/owasp/benchmark/testcode/BenchmarkTest01894.java,85,semgrep,1,single-tool,warning,"Detected a request with potential user-input going into a OutputStream or Writer object. This bypasses any view or template environments, including HTML escaping, which may expose this application to cross-site scripting (XSS) vulnerabilities. Consider using a view technology such as JavaServer Faces (JSFs) which automatically escapes HTML views."
BenchmarkTest01895,CWE-326,data/benchmark/src/main/java/org/owasp/benchmark/testcode/BenchmarkTest01895.java,67,semgrep,1,high (same CWE),warning,Triple DES (3DES or DESede) is considered deprecated. AES is the recommended cipher. Upgrade to use AES.
BenchmarkTest01895,CWE-327,owasp-benchmark:data/benchmark/src/main/java/org/owasp/benchmark/testcode/BenchmarkTest01895.java,65,sonarqube,1,high (same CWE),CRITICAL,Use another cipher mode or disable padding.
BenchmarkTest01897,CWE-326,data/benchmark/src/main/java/org/owasp/benchmark/testcode/BenchmarkTest01897.java,64,semgrep;sonarqube,2,"medium (same line, different CWE label)",CRITICAL;warning,DES is considered deprecated. AES is the recommended cipher. Upgrade to use AES. See https://www.nist.gov/news-events/news/2005/06/nist-withdraws-outdated-data-encryption-standard for more information.
BenchmarkTest01898,CWE-326,data/benchmark/src/main/java/org/owasp/benchmark/testcode/BenchmarkTest01898.java,64,semgrep;sonarqube,2,"medium (same line, different CWE label)",CRITICAL;warning,DES is considered deprecated. AES is the recommended cipher. Upgrade to use AES. See https://www.nist.gov/news-events/news/2005/06/nist-withdraws-outdated-data-encryption-standard for more information.
BenchmarkTest01900,CWE-326,data/benchmark/src/main/java/org/owasp/benchmark/testcode/BenchmarkTest01900.java,61,semgrep,1,high (same CWE),warning,Triple DES (3DES or DESede) is considered deprecated. AES is the recommended cipher. Upgrade to use AES.
BenchmarkTest01900,CWE-327,owasp-benchmark:data/benchmark/src/main/java/org/owasp/benchmark/testcode/BenchmarkTest01900.java,58,sonarqube,1,high (same CWE),CRITICAL,Use a strong cipher algorithm.
BenchmarkTest01902,CWE-90,data/benchmark/src/main/java/org/owasp/benchmark/testcode/BenchmarkTest01902.java,63,semgrep,1,single-tool,warning,"Detected input from a HTTPServletRequest going into an LDAP query. This could lead to LDAP injection if the input is not properly sanitized, which could result in attackers modifying objects in the LDAP tree structure. Ensure data passed to an LDAP query is not controllable or properly sanitize the data."
BenchmarkTest01903,CWE-90,data/benchmark/src/main/java/org/owasp/benchmark/testcode/BenchmarkTest01903.java,63,semgrep,1,single-tool,warning,"Detected input from a HTTPServletRequest going into an LDAP query. This could lead to LDAP injection if the input is not properly sanitized, which could result in attackers modifying objects in the LDAP tree structure. Ensure data passed to an LDAP query is not controllable or properly sanitize the data."
BenchmarkTest01904,CWE-22,data/benchmark/src/main/java/org/owasp/benchmark/testcode/BenchmarkTest01904.java,53,semgrep,1,single-tool,error,"Detected a potential path traversal. A malicious actor could control the location of this file, to include going backwards in the directory with '../'. To address this, ensure that user-controlled variables in file paths are sanitized. You may also consider using a utility method such as org.apache.commons.io.FilenameUtils.getName(...) to only retrieve the file name from the path."
BenchmarkTest01905,CWE-22,data/benchmark/src/main/java/org/owasp/benchmark/testcode/BenchmarkTest01905.java,58,semgrep,1,single-tool,error,"Detected a potential path traversal. A malicious actor could control the location of this file, to include going backwards in the directory with '../'. To address this, ensure that user-controlled variables in file paths are sanitized. You may also consider using a utility method such as org.apache.commons.io.FilenameUtils.getName(...) to only retrieve the file name from the path."
BenchmarkTest01906,CWE-22,data/benchmark/src/main/java/org/owasp/benchmark/testcode/BenchmarkTest01906.java,59,semgrep,1,single-tool,error,"Detected a potential path traversal. A malicious actor could control the location of this file, to include going backwards in the directory with '../'. To address this, ensure that user-controlled variables in file paths are sanitized. You may also consider using a utility method such as org.apache.commons.io.FilenameUtils.getName(...) to only retrieve the file name from the path."
BenchmarkTest01906,CWE-22,data/benchmark/src/main/java/org/owasp/benchmark/testcode/BenchmarkTest01906.java,72,semgrep,1,single-tool,error,"Detected a potential path traversal. A malicious actor could control the location of this file, to include going backwards in the directory with '../'. To address this, ensure that user-controlled variables in file paths are sanitized. You may also consider using a utility method such as org.apache.commons.io.FilenameUtils.getName(...) to only retrieve the file name from the path."
BenchmarkTest01907,CWE-22,data/benchmark/src/main/java/org/owasp/benchmark/testcode/BenchmarkTest01907.java,59,semgrep,1,single-tool,error,"Detected a potential path traversal. A malicious actor could control the location of this file, to include going backwards in the directory with '../'. To address this, ensure that user-controlled variables in file paths are sanitized. You may also consider using a utility method such as org.apache.commons.io.FilenameUtils.getName(...) to only retrieve the file name from the path."
BenchmarkTest01907,CWE-22,data/benchmark/src/main/java/org/owasp/benchmark/testcode/BenchmarkTest01907.java,72,semgrep,1,single-tool,error,"Detected a potential path traversal. A malicious actor could control the location of this file, to include going backwards in the directory with '../'. To address this, ensure that user-controlled variables in file paths are sanitized. You may also consider using a utility method such as org.apache.commons.io.FilenameUtils.getName(...) to only retrieve the file name from the path."
BenchmarkTest01909,CWE-90,data/benchmark/src/main/java/org/owasp/benchmark/testcode/BenchmarkTest01909.java,66,semgrep,1,single-tool,warning,"Detected input from a HTTPServletRequest going into an LDAP query. This could lead to LDAP injection if the input is not properly sanitized, which could result in attackers modifying objects in the LDAP tree structure. Ensure data passed to an LDAP query is not controllable or properly sanitize the data."
BenchmarkTest01910,CWE-330,data/benchmark/src/main/java/org/owasp/benchmark/testcode/BenchmarkTest01910.java,53,semgrep;sonarqube,2,"medium (same line, different CWE label)",MAJOR;warning,"Detected use of the functions `Math.random()` or `java.util.Random()`. These are both not cryptographically strong random number generators (RNGs). If you are using these RNGs to create passwords or secret tokens, use `java.security.SecureRandom` instead."
BenchmarkTest01911,CWE-328,data/benchmark/src/main/java/org/owasp/benchmark/testcode/BenchmarkTest01911.java,59,semgrep;sonarqube,2,"medium (same line, different CWE label)",CRITICAL;warning,"Detected SHA1 hash algorithm which is considered insecure. SHA1 is not collision resistant and is therefore not suitable as a cryptographic signature. Instead, use PBKDF2 for password hashing or SHA256 or SHA512 for other hash function applications."
BenchmarkTest01911,CWE-1240,owasp-benchmark:data/benchmark/src/main/java/org/owasp/benchmark/testcode/BenchmarkTest01911.java,61,sonarqube,1,single-tool,CRITICAL,Make sure this weak hash algorithm is not used in a sensitive context here.
BenchmarkTest01914,CWE-79,data/benchmark/src/main/java/org/owasp/benchmark/testcode/BenchmarkTest01914.java,57,semgrep,1,single-tool,warning,"Detected a request with potential user-input going into a OutputStream or Writer object. This bypasses any view or template environments, including HTML escaping, which may expose this application to cross-site scripting (XSS) vulnerabilities. Consider using a view technology such as JavaServer Faces (JSFs) which automatically escapes HTML views."
BenchmarkTest01915,CWE-79,data/benchmark/src/main/java/org/owasp/benchmark/testcode/BenchmarkTest01915.java,55,semgrep,1,single-tool,warning,"Detected a request with potential user-input going into a OutputStream or Writer object. This bypasses any view or template environments, including HTML escaping, which may expose this application to cross-site scripting (XSS) vulnerabilities. Consider using a view technology such as JavaServer Faces (JSFs) which automatically escapes HTML views."
BenchmarkTest01916,CWE-79,data/benchmark/src/main/java/org/owasp/benchmark/testcode/BenchmarkTest01916.java,54,semgrep,1,single-tool,warning,"Detected a request with potential user-input going into a OutputStream or Writer object. This bypasses any view or template environments, including HTML escaping, which may expose this application to cross-site scripting (XSS) vulnerabilities. Consider using a view technology such as JavaServer Faces (JSFs) which automatically escapes HTML views."
BenchmarkTest01917,CWE-79,data/benchmark/src/main/java/org/owasp/benchmark/testcode/BenchmarkTest01917.java,54,semgrep,1,single-tool,warning,"Detected a request with potential user-input going into a OutputStream or Writer object. This bypasses any view or template environments, including HTML escaping, which may expose this application to cross-site scripting (XSS) vulnerabilities. Consider using a view technology such as JavaServer Faces (JSFs) which automatically escapes HTML views."
BenchmarkTest01918,CWE-79,data/benchmark/src/main/java/org/owasp/benchmark/testcode/BenchmarkTest01918.java,55,semgrep,1,single-tool,warning,"Detected a request with potential user-input going into a OutputStream or Writer object. This bypasses any view or template environments, including HTML escaping, which may expose this application to cross-site scripting (XSS) vulnerabilities. Consider using a view technology such as JavaServer Faces (JSFs) which automatically escapes HTML views."
BenchmarkTest01919,CWE-79,data/benchmark/src/main/java/org/owasp/benchmark/testcode/BenchmarkTest01919.java,55,semgrep,1,single-tool,warning,"Detected a request with potential user-input going into a OutputStream or Writer object. This bypasses any view or template environments, including HTML escaping, which may expose this application to cross-site scripting (XSS) vulnerabilities. Consider using a view technology such as JavaServer Faces (JSFs) which automatically escapes HTML views."
BenchmarkTest01920,CWE-79,data/benchmark/src/main/java/org/owasp/benchmark/testcode/BenchmarkTest01920.java,55,semgrep,1,single-tool,warning,"Detected a request with potential user-input going into a OutputStream or Writer object. This bypasses any view or template environments, including HTML escaping, which may expose this application to cross-site scripting (XSS) vulnerabilities. Consider using a view technology such as JavaServer Faces (JSFs) which automatically escapes HTML views."
BenchmarkTest01921,CWE-79,data/benchmark/src/main/java/org/owasp/benchmark/testcode/BenchmarkTest01921.java,55,semgrep,1,single-tool,warning,"Detected a request with potential user-input going into a OutputStream or Writer object. This bypasses any view or template environments, including HTML escaping, which may expose this application to cross-site scripting (XSS) vulnerabilities. Consider using a view technology such as JavaServer Faces (JSFs) which automatically escapes HTML views."
BenchmarkTest01922,CWE-79,data/benchmark/src/main/java/org/owasp/benchmark/testcode/BenchmarkTest01922.java,55,semgrep,1,single-tool,warning,"Detected a request with potential user-input going into a OutputStream or Writer object. This bypasses any view or template environments, including HTML escaping, which may expose this application to cross-site scripting (XSS) vulnerabilities. Consider using a view technology such as JavaServer Faces (JSFs) which automatically escapes HTML views."
BenchmarkTest01923,CWE-79,data/benchmark/src/main/java/org/owasp/benchmark/testcode/BenchmarkTest01923.java,55,semgrep,1,single-tool,warning,"Detected a request with potential user-input going into a OutputStream or Writer object. This bypasses any view or template environments, including HTML escaping, which may expose this application to cross-site scripting (XSS) vulnerabilities. Consider using a view technology such as JavaServer Faces (JSFs) which automatically escapes HTML views."
BenchmarkTest01924,CWE-79,data/benchmark/src/main/java/org/owasp/benchmark/testcode/BenchmarkTest01924.java,55,semgrep,1,single-tool,warning,"Detected a request with potential user-input going into a OutputStream or Writer object. This bypasses any view or template environments, including HTML escaping, which may expose this application to cross-site scripting (XSS) vulnerabilities. Consider using a view technology such as JavaServer Faces (JSFs) which automatically escapes HTML views."
BenchmarkTest01925,CWE-79,data/benchmark/src/main/java/org/owasp/benchmark/testcode/BenchmarkTest01925.java,54,semgrep,1,single-tool,warning,"Detected a request with potential user-input going into a OutputStream or Writer object. This bypasses any view or template environments, including HTML escaping, which may expose this application to cross-site scripting (XSS) vulnerabilities. Consider using a view technology such as JavaServer Faces (JSFs) which automatically escapes HTML views."
BenchmarkTest01926,CWE-79,data/benchmark/src/main/java/org/owasp/benchmark/testcode/BenchmarkTest01926.java,54,semgrep,1,single-tool,warning,"Detected a request with potential user-input going into a OutputStream or Writer object. This bypasses any view or template environments, including HTML escaping, which may expose this application to cross-site scripting (XSS) vulnerabilities. Consider using a view technology such as JavaServer Faces (JSFs) which automatically escapes HTML views."
BenchmarkTest01927,CWE-79,data/benchmark/src/main/java/org/owasp/benchmark/testcode/BenchmarkTest01927.java,54,semgrep,1,single-tool,warning,"Detected a request with potential user-input going into a OutputStream or Writer object. This bypasses any view or template environments, including HTML escaping, which may expose this application to cross-site scripting (XSS) vulnerabilities. Consider using a view technology such as JavaServer Faces (JSFs) which automatically escapes HTML views."
BenchmarkTest01928,CWE-78,data/benchmark/src/main/java/org/owasp/benchmark/testcode/BenchmarkTest01928.java,63,semgrep,1,high (same CWE),error,"Detected input from a HTTPServletRequest going into a 'ProcessBuilder' or 'exec' command. This could lead to command injection if variables passed into the exec commands are not properly sanitized. Instead, avoid using these OS commands with user-supplied input, or, if you must use these commands, use a whitelist of specific values."
BenchmarkTest01929,CWE-78,data/benchmark/src/main/java/org/owasp/benchmark/testcode/BenchmarkTest01929.java,65,semgrep,1,high (same CWE),error,"Detected input from a HTTPServletRequest going into a 'ProcessBuilder' or 'exec' command. This could lead to command injection if variables passed into the exec commands are not properly sanitized. Instead, avoid using these OS commands with user-supplied input, or, if you must use these commands, use a whitelist of specific values."
BenchmarkTest01930,CWE-330,data/benchmark/src/main/java/org/owasp/benchmark/testcode/BenchmarkTest01930.java,53,semgrep;sonarqube,2,"medium (same line, different CWE label)",MAJOR;warning,"Detected use of the functions `Math.random()` or `java.util.Random()`. These are both not cryptographically strong random number generators (RNGs). If you are using these RNGs to create passwords or secret tokens, use `java.security.SecureRandom` instead."
BenchmarkTest01931,CWE-330,data/benchmark/src/main/java/org/owasp/benchmark/testcode/BenchmarkTest01931.java,53,semgrep;sonarqube,2,"medium (same line, different CWE label)",MAJOR;warning,"Detected use of the functions `Math.random()` or `java.util.Random()`. These are both not cryptographically strong random number generators (RNGs). If you are using these RNGs to create passwords or secret tokens, use `java.security.SecureRandom` instead."
BenchmarkTest01932,CWE-330,data/benchmark/src/main/java/org/owasp/benchmark/testcode/BenchmarkTest01932.java,53,semgrep;sonarqube,2,"medium (same line, different CWE label)",MAJOR;warning,"Detected use of the functions `Math.random()` or `java.util.Random()`. These are both not cryptographically strong random number generators (RNGs). If you are using these RNGs to create passwords or secret tokens, use `java.security.SecureRandom` instead."
BenchmarkTest01933,CWE-330,data/benchmark/src/main/java/org/owasp/benchmark/testcode/BenchmarkTest01933.java,53,semgrep;sonarqube,2,"medium (same line, different CWE label)",MAJOR;warning,"Detected use of the functions `Math.random()` or `java.util.Random()`. These are both not cryptographically strong random number generators (RNGs). If you are using these RNGs to create passwords or secret tokens, use `java.security.SecureRandom` instead."
BenchmarkTest01934,CWE-330,data/benchmark/src/main/java/org/owasp/benchmark/testcode/BenchmarkTest01934.java,53,semgrep;sonarqube,2,"medium (same line, different CWE label)",MAJOR;warning,"Detected use of the functions `Math.random()` or `java.util.Random()`. These are both not cryptographically strong random number generators (RNGs). If you are using these RNGs to create passwords or secret tokens, use `java.security.SecureRandom` instead."
BenchmarkTest01936,CWE-78,data/benchmark/src/main/java/org/owasp/benchmark/testcode/BenchmarkTest01936.java,62,semgrep,1,single-tool,error,"Detected input from a HTTPServletRequest going into a 'ProcessBuilder' or 'exec' command. This could lead to command injection if variables passed into the exec commands are not properly sanitized. Instead, avoid using these OS commands with user-supplied input, or, if you must use these commands, use a whitelist of specific values."
BenchmarkTest01937,CWE-78,data/benchmark/src/main/java/org/owasp/benchmark/testcode/BenchmarkTest01937.java,62,semgrep,1,single-tool,error,"Detected input from a HTTPServletRequest going into a 'ProcessBuilder' or 'exec' command. This could lead to command injection if variables passed into the exec commands are not properly sanitized. Instead, avoid using these OS commands with user-supplied input, or, if you must use these commands, use a whitelist of specific values."
BenchmarkTest01938,CWE-78,data/benchmark/src/main/java/org/owasp/benchmark/testcode/BenchmarkTest01938.java,76,semgrep,1,single-tool,error,"Detected input from a HTTPServletRequest going into a 'ProcessBuilder' or 'exec' command. This could lead to command injection if variables passed into the exec commands are not properly sanitized. Instead, avoid using these OS commands with user-supplied input, or, if you must use these commands, use a whitelist of specific values."
BenchmarkTest01939,CWE-78,data/benchmark/src/main/java/org/owasp/benchmark/testcode/BenchmarkTest01939.java,62,semgrep,1,single-tool,error,"Detected input from a HTTPServletRequest going into a 'ProcessBuilder' or 'exec' command. This could lead to command injection if variables passed into the exec commands are not properly sanitized. Instead, avoid using these OS commands with user-supplied input, or, if you must use these commands, use a whitelist of specific values."
BenchmarkTest01940,CWE-78,data/benchmark/src/main/java/org/owasp/benchmark/testcode/BenchmarkTest01940.java,63,semgrep,1,single-tool,error,"Detected input from a HTTPServletRequest going into a 'ProcessBuilder' or 'exec' command. This could lead to command injection if variables passed into the exec commands are not properly sanitized. Instead, avoid using these OS commands with user-supplied input, or, if you must use these commands, use a whitelist of specific values."
BenchmarkTest01941,CWE-78,data/benchmark/src/main/java/org/owasp/benchmark/testcode/BenchmarkTest01941.java,61,semgrep,1,single-tool,error,"Detected input from a HTTPServletRequest going into a 'ProcessBuilder' or 'exec' command. This could lead to command injection if variables passed into the exec commands are not properly sanitized. Instead, avoid using these OS commands with user-supplied input, or, if you must use these commands, use a whitelist of specific values."
BenchmarkTest01942,CWE-78,data/benchmark/src/main/java/org/owasp/benchmark/testcode/BenchmarkTest01942.java,63,semgrep,1,single-tool,error,"Detected input from a HTTPServletRequest going into a 'ProcessBuilder' or 'exec' command. This could lead to command injection if variables passed into the exec commands are not properly sanitized. Instead, avoid using these OS commands with user-supplied input, or, if you must use these commands, use a whitelist of specific values."
BenchmarkTest01943,CWE-78,data/benchmark/src/main/java/org/owasp/benchmark/testcode/BenchmarkTest01943.java,63,semgrep,1,single-tool,error,"Detected input from a HTTPServletRequest going into a 'ProcessBuilder' or 'exec' command. This could lead to command injection if variables passed into the exec commands are not properly sanitized. Instead, avoid using these OS commands with user-supplied input, or, if you must use these commands, use a whitelist of specific values."
BenchmarkTest01944,CWE-78,data/benchmark/src/main/java/org/owasp/benchmark/testcode/BenchmarkTest01944.java,63,semgrep,1,single-tool,error,"Detected input from a HTTPServletRequest going into a 'ProcessBuilder' or 'exec' command. This could lead to command injection if variables passed into the exec commands are not properly sanitized. Instead, avoid using these OS commands with user-supplied input, or, if you must use these commands, use a whitelist of specific values."
BenchmarkTest01955,CWE-79,data/benchmark/src/main/java/org/owasp/benchmark/testcode/BenchmarkTest01955.java,56,semgrep,1,single-tool,warning,"Detected a request with potential user-input going into a OutputStream or Writer object. This bypasses any view or template environments, including HTML escaping, which may expose this application to cross-site scripting (XSS) vulnerabilities. Consider using a view technology such as JavaServer Faces (JSFs) which automatically escapes HTML views."
BenchmarkTest01956,CWE-79,data/benchmark/src/main/java/org/owasp/benchmark/testcode/BenchmarkTest01956.java,56,semgrep,1,single-tool,warning,"Detected a request with potential user-input going into a OutputStream or Writer object. This bypasses any view or template environments, including HTML escaping, which may expose this application to cross-site scripting (XSS) vulnerabilities. Consider using a view technology such as JavaServer Faces (JSFs) which automatically escapes HTML views."
BenchmarkTest01957,CWE-79,data/benchmark/src/main/java/org/owasp/benchmark/testcode/BenchmarkTest01957.java,56,semgrep,1,single-tool,warning,"Detected a request with potential user-input going into a OutputStream or Writer object. This bypasses any view or template environments, including HTML escaping, which may expose this application to cross-site scripting (XSS) vulnerabilities. Consider using a view technology such as JavaServer Faces (JSFs) which automatically escapes HTML views."
BenchmarkTest01958,CWE-501,data/benchmark/src/main/java/org/owasp/benchmark/testcode/BenchmarkTest01958.java,54,semgrep,1,single-tool,warning,"Detected input from a HTTPServletRequest going into a session command, like `setAttribute`. User input into such a command could lead to an attacker inputting malicious code into your session parameters, blurring the line between what's trusted and untrusted, and therefore leading to a trust boundary violation. This could lead to programmers trusting unvalidated data. Instead, thoroughly sanitize user input before passing it into such function calls."
BenchmarkTest01958,CWE-79,data/benchmark/src/main/java/org/owasp/benchmark/testcode/BenchmarkTest01958.java,56,semgrep,1,single-tool,warning,"Detected a request with potential user-input going into a OutputStream or Writer object. This bypasses any view or template environments, including HTML escaping, which may expose this application to cross-site scripting (XSS) vulnerabilities. Consider using a view technology such as JavaServer Faces (JSFs) which automatically escapes HTML views."
BenchmarkTest01959,CWE-501,data/benchmark/src/main/java/org/owasp/benchmark/testcode/BenchmarkTest01959.java,54,semgrep,1,single-tool,warning,"Detected input from a HTTPServletRequest going into a session command, like `setAttribute`. User input into such a command could lead to an attacker inputting malicious code into your session parameters, blurring the line between what's trusted and untrusted, and therefore leading to a trust boundary violation. This could lead to programmers trusting unvalidated data. Instead, thoroughly sanitize user input before passing it into such function calls."
BenchmarkTest01959,CWE-79,data/benchmark/src/main/java/org/owasp/benchmark/testcode/BenchmarkTest01959.java,56,semgrep,1,single-tool,warning,"Detected a request with potential user-input going into a OutputStream or Writer object. This bypasses any view or template environments, including HTML escaping, which may expose this application to cross-site scripting (XSS) vulnerabilities. Consider using a view technology such as JavaServer Faces (JSFs) which automatically escapes HTML views."
BenchmarkTest01960,CWE-501,data/benchmark/src/main/java/org/owasp/benchmark/testcode/BenchmarkTest01960.java,54,semgrep,1,single-tool,warning,"Detected input from a HTTPServletRequest going into a session command, like `setAttribute`. User input into such a command could lead to an attacker inputting malicious code into your session parameters, blurring the line between what's trusted and untrusted, and therefore leading to a trust boundary violation. This could lead to programmers trusting unvalidated data. Instead, thoroughly sanitize user input before passing it into such function calls."
BenchmarkTest01960,CWE-79,data/benchmark/src/main/java/org/owasp/benchmark/testcode/BenchmarkTest01960.java,56,semgrep,1,single-tool,warning,"Detected a request with potential user-input going into a OutputStream or Writer object. This bypasses any view or template environments, including HTML escaping, which may expose this application to cross-site scripting (XSS) vulnerabilities. Consider using a view technology such as JavaServer Faces (JSFs) which automatically escapes HTML views."
BenchmarkTest01961,CWE-89,data/benchmark/src/main/java/org/owasp/benchmark/testcode/BenchmarkTest01961.java,58,semgrep;sonarqube,2,high (same CWE),MAJOR;warning,Detected input from a HTTPServletRequest going into a SQL sink or statement. This could lead to SQL injection if variables in the SQL statement are not properly sanitized. Use parameterized SQL queries or properly sanitize user input instead.
BenchmarkTest01962,CWE-89,data/benchmark/src/main/java/org/owasp/benchmark/testcode/BenchmarkTest01962.java,58,semgrep;sonarqube,2,high (same CWE),MAJOR;warning,Detected input from a HTTPServletRequest going into a SQL sink or statement. This could lead to SQL injection if variables in the SQL statement are not properly sanitized. Use parameterized SQL queries or properly sanitize user input instead.
BenchmarkTest01963,CWE-89,data/benchmark/src/main/java/org/owasp/benchmark/testcode/BenchmarkTest01963.java,56,semgrep,1,single-tool,warning,Detected input from a HTTPServletRequest going into a SQL sink or statement. This could lead to SQL injection if variables in the SQL statement are not properly sanitized. Use parameterized SQL queries or properly sanitize user input instead.
BenchmarkTest01964,CWE-89,data/benchmark/src/main/java/org/owasp/benchmark/testcode/BenchmarkTest01964.java,55,semgrep,1,single-tool,warning,Detected input from a HTTPServletRequest going into a SQL sink or statement. This could lead to SQL injection if variables in the SQL statement are not properly sanitized. Use parameterized SQL queries or properly sanitize user input instead.
BenchmarkTest01965,CWE-89,data/benchmark/src/main/java/org/owasp/benchmark/testcode/BenchmarkTest01965.java,57,semgrep,1,single-tool,warning,Detected input from a HTTPServletRequest going into a SQL sink or statement. This could lead to SQL injection if variables in the SQL statement are not properly sanitized. Use parameterized SQL queries or properly sanitize user input instead.
BenchmarkTest01965,CWE-79,data/benchmark/src/main/java/org/owasp/benchmark/testcode/BenchmarkTest01965.java,60,semgrep,1,single-tool,warning,"Detected a request with potential user-input going into a OutputStream or Writer object. This bypasses any view or template environments, including HTML escaping, which may expose this application to cross-site scripting (XSS) vulnerabilities. Consider using a view technology such as JavaServer Faces (JSFs) which automatically escapes HTML views."
BenchmarkTest01966,CWE-89,data/benchmark/src/main/java/org/owasp/benchmark/testcode/BenchmarkTest01966.java,56,semgrep,1,single-tool,warning,Detected input from a HTTPServletRequest going into a SQL sink or statement. This could lead to SQL injection if variables in the SQL statement are not properly sanitized. Use parameterized SQL queries or properly sanitize user input instead.
BenchmarkTest01967,CWE-89,data/benchmark/src/main/java/org/owasp/benchmark/testcode/BenchmarkTest01967.java,56,semgrep,1,single-tool,warning,Detected input from a HTTPServletRequest going into a SQL sink or statement. This could lead to SQL injection if variables in the SQL statement are not properly sanitized. Use parameterized SQL queries or properly sanitize user input instead.
BenchmarkTest01968,CWE-89,data/benchmark/src/main/java/org/owasp/benchmark/testcode/BenchmarkTest01968.java,56,semgrep,1,single-tool,warning,Detected input from a HTTPServletRequest going into a SQL sink or statement. This could lead to SQL injection if variables in the SQL statement are not properly sanitized. Use parameterized SQL queries or properly sanitize user input instead.
BenchmarkTest01969,CWE-89,data/benchmark/src/main/java/org/owasp/benchmark/testcode/BenchmarkTest01969.java,56,semgrep;sonarqube,2,high (same CWE),MAJOR;warning,Detected input from a HTTPServletRequest going into a SQL sink or statement. This could lead to SQL injection if variables in the SQL statement are not properly sanitized. Use parameterized SQL queries or properly sanitize user input instead.
BenchmarkTest01970,CWE-89,data/benchmark/src/main/java/org/owasp/benchmark/testcode/BenchmarkTest01970.java,56,semgrep;sonarqube,2,high (same CWE),MAJOR;warning,Detected input from a HTTPServletRequest going into a SQL sink or statement. This could lead to SQL injection if variables in the SQL statement are not properly sanitized. Use parameterized SQL queries or properly sanitize user input instead.
BenchmarkTest01971,CWE-89,data/benchmark/src/main/java/org/owasp/benchmark/testcode/BenchmarkTest01971.java,58,semgrep;sonarqube,2,high (same CWE),MAJOR;warning,Detected a formatted string in a SQL statement. This could lead to SQL injection if variables in the SQL statement are not properly sanitized. Use a prepared statements (java.sql.PreparedStatement) instead. You can obtain a PreparedStatement using 'connection.prepareStatement'.
BenchmarkTest01972,CWE-89,data/benchmark/src/main/java/org/owasp/benchmark/testcode/BenchmarkTest01972.java,58,semgrep;sonarqube,2,high (same CWE),MAJOR;warning,Detected a formatted string in a SQL statement. This could lead to SQL injection if variables in the SQL statement are not properly sanitized. Use a prepared statements (java.sql.PreparedStatement) instead. You can obtain a PreparedStatement using 'connection.prepareStatement'.
BenchmarkTest01973,CWE-89,data/benchmark/src/main/java/org/owasp/benchmark/testcode/BenchmarkTest01973.java,56,semgrep;sonarqube,2,high (same CWE),MAJOR;warning,Detected input from a HTTPServletRequest going into a SQL sink or statement. This could lead to SQL injection if variables in the SQL statement are not properly sanitized. Use parameterized SQL queries or properly sanitize user input instead.
BenchmarkTest01974,CWE-643,data/benchmark/src/main/java/org/owasp/benchmark/testcode/BenchmarkTest01974.java,70,semgrep,1,single-tool,warning,"Detected input from a HTTPServletRequest going into a XPath evaluate or compile command. This could lead to xpath injection if variables passed into the evaluate or compile commands are not properly sanitized. Xpath injection could lead to unauthorized access to sensitive information in XML documents. Instead, thoroughly sanitize user input or use parameterized xpath queries if you can."
BenchmarkTest01974,CWE-79,data/benchmark/src/main/java/org/owasp/benchmark/testcode/BenchmarkTest01974.java,77,semgrep,1,single-tool,warning,"Detected a request with potential user-input going into a OutputStream or Writer object. This bypasses any view or template environments, including HTML escaping, which may expose this application to cross-site scripting (XSS) vulnerabilities. Consider using a view technology such as JavaServer Faces (JSFs) which automatically escapes HTML views."
BenchmarkTest01978,CWE-326,data/benchmark/src/main/java/org/owasp/benchmark/testcode/BenchmarkTest01978.java,74,semgrep;sonarqube,2,"medium (same line, different CWE label)",CRITICAL;warning,DES is considered deprecated. AES is the recommended cipher. Upgrade to use AES. See https://www.nist.gov/news-events/news/2005/06/nist-withdraws-outdated-data-encryption-standard for more information.
BenchmarkTest01980,CWE-326,data/benchmark/src/main/java/org/owasp/benchmark/testcode/BenchmarkTest01980.java,71,semgrep,1,high (same CWE),warning,Triple DES (3DES or DESede) is considered deprecated. AES is the recommended cipher. Upgrade to use AES.
BenchmarkTest01980,CWE-327,owasp-benchmark:data/benchmark/src/main/java/org/owasp/benchmark/testcode/BenchmarkTest01980.java,68,sonarqube,1,high (same CWE),CRITICAL,Use a secure cipher mode.
BenchmarkTest01981,CWE-326,data/benchmark/src/main/java/org/owasp/benchmark/testcode/BenchmarkTest01981.java,71,semgrep,1,high (same CWE),warning,Triple DES (3DES or DESede) is considered deprecated. AES is the recommended cipher. Upgrade to use AES.
BenchmarkTest01981,CWE-327,owasp-benchmark:data/benchmark/src/main/java/org/owasp/benchmark/testcode/BenchmarkTest01981.java,68,sonarqube,1,high (same CWE),CRITICAL,Use a strong cipher algorithm.
BenchmarkTest01983,CWE-22,data/benchmark/src/main/java/org/owasp/benchmark/testcode/BenchmarkTest01983.java,63,semgrep,1,single-tool,error,"Detected a potential path traversal. A malicious actor could control the location of this file, to include going backwards in the directory with '../'. To address this, ensure that user-controlled variables in file paths are sanitized. You may also consider using a utility method such as org.apache.commons.io.FilenameUtils.getName(...) to only retrieve the file name from the path."
BenchmarkTest01984,CWE-22,data/benchmark/src/main/java/org/owasp/benchmark/testcode/BenchmarkTest01984.java,63,semgrep,1,single-tool,error,"Detected a potential path traversal. A malicious actor could control the location of this file, to include going backwards in the directory with '../'. To address this, ensure that user-controlled variables in file paths are sanitized. You may also consider using a utility method such as org.apache.commons.io.FilenameUtils.getName(...) to only retrieve the file name from the path."
BenchmarkTest01985,CWE-22,data/benchmark/src/main/java/org/owasp/benchmark/testcode/BenchmarkTest01985.java,63,semgrep,1,single-tool,error,"Detected a potential path traversal. A malicious actor could control the location of this file, to include going backwards in the directory with '../'. To address this, ensure that user-controlled variables in file paths are sanitized. You may also consider using a utility method such as org.apache.commons.io.FilenameUtils.getName(...) to only retrieve the file name from the path."
BenchmarkTest01986,CWE-22,data/benchmark/src/main/java/org/owasp/benchmark/testcode/BenchmarkTest01986.java,83,semgrep,1,single-tool,error,"Detected a potential path traversal. A malicious actor could control the location of this file, to include going backwards in the directory with '../'. To address this, ensure that user-controlled variables in file paths are sanitized. You may also consider using a utility method such as org.apache.commons.io.FilenameUtils.getName(...) to only retrieve the file name from the path."
BenchmarkTest01987,CWE-22,data/benchmark/src/main/java/org/owasp/benchmark/testcode/BenchmarkTest01987.java,83,semgrep,1,single-tool,error,"Detected a potential path traversal. A malicious actor could control the location of this file, to include going backwards in the directory with '../'. To address this, ensure that user-controlled variables in file paths are sanitized. You may also consider using a utility method such as org.apache.commons.io.FilenameUtils.getName(...) to only retrieve the file name from the path."
BenchmarkTest01988,CWE-22,data/benchmark/src/main/java/org/owasp/benchmark/testcode/BenchmarkTest01988.java,68,semgrep,1,single-tool,error,"Detected a potential path traversal. A malicious actor could control the location of this file, to include going backwards in the directory with '../'. To address this, ensure that user-controlled variables in file paths are sanitized. You may also consider using a utility method such as org.apache.commons.io.FilenameUtils.getName(...) to only retrieve the file name from the path."
BenchmarkTest01989,CWE-22,data/benchmark/src/main/java/org/owasp/benchmark/testcode/BenchmarkTest01989.java,69,semgrep,1,single-tool,error,"Detected a potential path traversal. A malicious actor could control the location of this file, to include going backwards in the directory with '../'. To address this, ensure that user-controlled variables in file paths are sanitized. You may also consider using a utility method such as org.apache.commons.io.FilenameUtils.getName(...) to only retrieve the file name from the path."
BenchmarkTest01989,CWE-22,data/benchmark/src/main/java/org/owasp/benchmark/testcode/BenchmarkTest01989.java,82,semgrep,1,single-tool,error,"Detected a potential path traversal. A malicious actor could control the location of this file, to include going backwards in the directory with '../'. To address this, ensure that user-controlled variables in file paths are sanitized. You may also consider using a utility method such as org.apache.commons.io.FilenameUtils.getName(...) to only retrieve the file name from the path."
BenchmarkTest01990,CWE-22,data/benchmark/src/main/java/org/owasp/benchmark/testcode/BenchmarkTest01990.java,69,semgrep,1,single-tool,error,"Detected a potential path traversal. A malicious actor could control the location of this file, to include going backwards in the directory with '../'. To address this, ensure that user-controlled variables in file paths are sanitized. You may also consider using a utility method such as org.apache.commons.io.FilenameUtils.getName(...) to only retrieve the file name from the path."
BenchmarkTest01990,CWE-22,data/benchmark/src/main/java/org/owasp/benchmark/testcode/BenchmarkTest01990.java,82,semgrep,1,single-tool,error,"Detected a potential path traversal. A malicious actor could control the location of this file, to include going backwards in the directory with '../'. To address this, ensure that user-controlled variables in file paths are sanitized. You may also consider using a utility method such as org.apache.commons.io.FilenameUtils.getName(...) to only retrieve the file name from the path."
BenchmarkTest01992,CWE-330,data/benchmark/src/main/java/org/owasp/benchmark/testcode/BenchmarkTest01992.java,63,semgrep;sonarqube,2,"medium (same line, different CWE label)",MAJOR;warning,"Detected use of the functions `Math.random()` or `java.util.Random()`. These are both not cryptographically strong random number generators (RNGs). If you are using these RNGs to create passwords or secret tokens, use `java.security.SecureRandom` instead."
BenchmarkTest01999,CWE-330,data/benchmark/src/main/java/org/owasp/benchmark/testcode/BenchmarkTest01999.java,64,semgrep;sonarqube,2,"medium (same line, different CWE label)",MAJOR;warning,"Detected use of the functions `Math.random()` or `java.util.Random()`. These are both not cryptographically strong random number generators (RNGs). If you are using these RNGs to create passwords or secret tokens, use `java.security.SecureRandom` instead."
BenchmarkTest02000,CWE-330,data/benchmark/src/main/java/org/owasp/benchmark/testcode/BenchmarkTest02000.java,64,semgrep;sonarqube,2,"medium (same line, different CWE label)",MAJOR;warning,"Detected use of the functions `Math.random()` or `java.util.Random()`. These are both not cryptographically strong random number generators (RNGs). If you are using these RNGs to create passwords or secret tokens, use `java.security.SecureRandom` instead."
BenchmarkTest02001,CWE-330,data/benchmark/src/main/java/org/owasp/benchmark/testcode/BenchmarkTest02001.java,63,semgrep;sonarqube,2,"medium (same line, different CWE label)",MAJOR;warning,"Detected use of the functions `Math.random()` or `java.util.Random()`. These are both not cryptographically strong random number generators (RNGs). If you are using these RNGs to create passwords or secret tokens, use `java.security.SecureRandom` instead."
BenchmarkTest02002,CWE-330,data/benchmark/src/main/java/org/owasp/benchmark/testcode/BenchmarkTest02002.java,63,semgrep;sonarqube,2,"medium (same line, different CWE label)",MAJOR;warning,"Detected use of the functions `Math.random()` or `java.util.Random()`. These are both not cryptographically strong random number generators (RNGs). If you are using these RNGs to create passwords or secret tokens, use `java.security.SecureRandom` instead."
BenchmarkTest02003,CWE-330,data/benchmark/src/main/java/org/owasp/benchmark/testcode/BenchmarkTest02003.java,63,semgrep;sonarqube,2,"medium (same line, different CWE label)",MAJOR;warning,"Detected use of the functions `Math.random()` or `java.util.Random()`. These are both not cryptographically strong random number generators (RNGs). If you are using these RNGs to create passwords or secret tokens, use `java.security.SecureRandom` instead."
BenchmarkTest02004,CWE-330,data/benchmark/src/main/java/org/owasp/benchmark/testcode/BenchmarkTest02004.java,63,semgrep;sonarqube,2,"medium (same line, different CWE label)",MAJOR;warning,"Detected use of the functions `Math.random()` or `java.util.Random()`. These are both not cryptographically strong random number generators (RNGs). If you are using these RNGs to create passwords or secret tokens, use `java.security.SecureRandom` instead."
BenchmarkTest02005,CWE-614,data/benchmark/src/main/java/org/owasp/benchmark/testcode/BenchmarkTest02005.java,80,semgrep,1,single-tool,warning,A cookie was detected without setting the 'secure' flag. The 'secure' flag for cookies prevents the client from transmitting the cookie over insecure channels such as HTTP. Set the 'secure' flag by calling 'cookie.setSecure(true);'
BenchmarkTest02015,CWE-79,data/benchmark/src/main/java/org/owasp/benchmark/testcode/BenchmarkTest02015.java,66,semgrep,1,single-tool,warning,"Detected a request with potential user-input going into a OutputStream or Writer object. This bypasses any view or template environments, including HTML escaping, which may expose this application to cross-site scripting (XSS) vulnerabilities. Consider using a view technology such as JavaServer Faces (JSFs) which automatically escapes HTML views."
BenchmarkTest02016,CWE-501,data/benchmark/src/main/java/org/owasp/benchmark/testcode/BenchmarkTest02016.java,64,semgrep,1,single-tool,warning,"Detected input from a HTTPServletRequest going into a session command, like `setAttribute`. User input into such a command could lead to an attacker inputting malicious code into your session parameters, blurring the line between what's trusted and untrusted, and therefore leading to a trust boundary violation. This could lead to programmers trusting unvalidated data. Instead, thoroughly sanitize user input before passing it into such function calls."
BenchmarkTest02016,CWE-79,data/benchmark/src/main/java/org/owasp/benchmark/testcode/BenchmarkTest02016.java,66,semgrep,1,single-tool,warning,"Detected a request with potential user-input going into a OutputStream or Writer object. This bypasses any view or template environments, including HTML escaping, which may expose this application to cross-site scripting (XSS) vulnerabilities. Consider using a view technology such as JavaServer Faces (JSFs) which automatically escapes HTML views."
BenchmarkTest02017,CWE-326,data/benchmark/src/main/java/org/owasp/benchmark/testcode/BenchmarkTest02017.java,71,semgrep,1,high (same CWE),warning,Triple DES (3DES or DESede) is considered deprecated. AES is the recommended cipher. Upgrade to use AES.
BenchmarkTest02017,CWE-327,owasp-benchmark:data/benchmark/src/main/java/org/owasp/benchmark/testcode/BenchmarkTest02017.java,68,sonarqube,1,high (same CWE),CRITICAL,Use a strong cipher algorithm.
BenchmarkTest02018,CWE-326,data/benchmark/src/main/java/org/owasp/benchmark/testcode/BenchmarkTest02018.java,71,semgrep,1,high (same CWE),warning,Triple DES (3DES or DESede) is considered deprecated. AES is the recommended cipher. Upgrade to use AES.
BenchmarkTest02018,CWE-327,owasp-benchmark:data/benchmark/src/main/java/org/owasp/benchmark/testcode/BenchmarkTest02018.java,68,sonarqube,1,high (same CWE),CRITICAL,Use a strong cipher algorithm.
BenchmarkTest02019,CWE-326,data/benchmark/src/main/java/org/owasp/benchmark/testcode/BenchmarkTest02019.java,71,semgrep,1,high (same CWE),warning,Triple DES (3DES or DESede) is considered deprecated. AES is the recommended cipher. Upgrade to use AES.
BenchmarkTest02019,CWE-327,owasp-benchmark:data/benchmark/src/main/java/org/owasp/benchmark/testcode/BenchmarkTest02019.java,68,sonarqube,1,high (same CWE),CRITICAL,Use a strong cipher algorithm.
BenchmarkTest02020,CWE-326,data/benchmark/src/main/java/org/owasp/benchmark/testcode/BenchmarkTest02020.java,69,semgrep,1,high (same CWE),warning,Triple DES (3DES or DESede) is considered deprecated. AES is the recommended cipher. Upgrade to use AES.
BenchmarkTest02020,CWE-327,owasp-benchmark:data/benchmark/src/main/java/org/owasp/benchmark/testcode/BenchmarkTest02020.java,67,sonarqube,1,high (same CWE),CRITICAL,Use another cipher mode or disable padding.
BenchmarkTest02022,CWE-326,data/benchmark/src/main/java/org/owasp/benchmark/testcode/BenchmarkTest02022.java,63,semgrep,1,high (same CWE),warning,Triple DES (3DES or DESede) is considered deprecated. AES is the recommended cipher. Upgrade to use AES.
BenchmarkTest02022,CWE-327,owasp-benchmark:data/benchmark/src/main/java/org/owasp/benchmark/testcode/BenchmarkTest02022.java,60,sonarqube,1,high (same CWE),CRITICAL,Use a strong cipher algorithm.
BenchmarkTest02023,CWE-326,data/benchmark/src/main/java/org/owasp/benchmark/testcode/BenchmarkTest02023.java,63,semgrep,1,high (same CWE),warning,Triple DES (3DES or DESede) is considered deprecated. AES is the recommended cipher. Upgrade to use AES.
BenchmarkTest02023,CWE-327,owasp-benchmark:data/benchmark/src/main/java/org/owasp/benchmark/testcode/BenchmarkTest02023.java,60,sonarqube,1,high (same CWE),CRITICAL,Use a secure cipher mode.
BenchmarkTest02025,CWE-90,data/benchmark/src/main/java/org/owasp/benchmark/testcode/BenchmarkTest02025.java,65,semgrep,1,single-tool,warning,"Detected input from a HTTPServletRequest going into an LDAP query. This could lead to LDAP injection if the input is not properly sanitized, which could result in attackers modifying objects in the LDAP tree structure. Ensure data passed to an LDAP query is not controllable or properly sanitize the data."
BenchmarkTest02026,CWE-22,data/benchmark/src/main/java/org/owasp/benchmark/testcode/BenchmarkTest02026.java,55,semgrep,1,single-tool,error,"Detected a potential path traversal. A malicious actor could control the location of this file, to include going backwards in the directory with '../'. To address this, ensure that user-controlled variables in file paths are sanitized. You may also consider using a utility method such as org.apache.commons.io.FilenameUtils.getName(...) to only retrieve the file name from the path."
BenchmarkTest02027,CWE-22,data/benchmark/src/main/java/org/owasp/benchmark/testcode/BenchmarkTest02027.java,55,semgrep,1,single-tool,error,"Detected a potential path traversal. A malicious actor could control the location of this file, to include going backwards in the directory with '../'. To address this, ensure that user-controlled variables in file paths are sanitized. You may also consider using a utility method such as org.apache.commons.io.FilenameUtils.getName(...) to only retrieve the file name from the path."
BenchmarkTest02028,CWE-22,data/benchmark/src/main/java/org/owasp/benchmark/testcode/BenchmarkTest02028.java,55,semgrep,1,single-tool,error,"Detected a potential path traversal. A malicious actor could control the location of this file, to include going backwards in the directory with '../'. To address this, ensure that user-controlled variables in file paths are sanitized. You may also consider using a utility method such as org.apache.commons.io.FilenameUtils.getName(...) to only retrieve the file name from the path."
BenchmarkTest02029,CWE-22,data/benchmark/src/main/java/org/owasp/benchmark/testcode/BenchmarkTest02029.java,55,semgrep,1,single-tool,error,"Detected a potential path traversal. A malicious actor could control the location of this file, to include going backwards in the directory with '../'. To address this, ensure that user-controlled variables in file paths are sanitized. You may also consider using a utility method such as org.apache.commons.io.FilenameUtils.getName(...) to only retrieve the file name from the path."
BenchmarkTest02030,CWE-22,data/benchmark/src/main/java/org/owasp/benchmark/testcode/BenchmarkTest02030.java,75,semgrep,1,single-tool,error,"Detected a potential path traversal. A malicious actor could control the location of this file, to include going backwards in the directory with '../'. To address this, ensure that user-controlled variables in file paths are sanitized. You may also consider using a utility method such as org.apache.commons.io.FilenameUtils.getName(...) to only retrieve the file name from the path."
BenchmarkTest02031,CWE-22,data/benchmark/src/main/java/org/owasp/benchmark/testcode/BenchmarkTest02031.java,60,semgrep,1,single-tool,error,"Detected a potential path traversal. A malicious actor could control the location of this file, to include going backwards in the directory with '../'. To address this, ensure that user-controlled variables in file paths are sanitized. You may also consider using a utility method such as org.apache.commons.io.FilenameUtils.getName(...) to only retrieve the file name from the path."
BenchmarkTest02032,CWE-22,data/benchmark/src/main/java/org/owasp/benchmark/testcode/BenchmarkTest02032.java,60,semgrep,1,single-tool,error,"Detected a potential path traversal. A malicious actor could control the location of this file, to include going backwards in the directory with '../'. To address this, ensure that user-controlled variables in file paths are sanitized. You may also consider using a utility method such as org.apache.commons.io.FilenameUtils.getName(...) to only retrieve the file name from the path."
BenchmarkTest02033,CWE-22,data/benchmark/src/main/java/org/owasp/benchmark/testcode/BenchmarkTest02033.java,61,semgrep,1,single-tool,error,"Detected a potential path traversal. A malicious actor could control the location of this file, to include going backwards in the directory with '../'. To address this, ensure that user-controlled variables in file paths are sanitized. You may also consider using a utility method such as org.apache.commons.io.FilenameUtils.getName(...) to only retrieve the file name from the path."
BenchmarkTest02033,CWE-22,data/benchmark/src/main/java/org/owasp/benchmark/testcode/BenchmarkTest02033.java,74,semgrep,1,single-tool,error,"Detected a potential path traversal. A malicious actor could control the location of this file, to include going backwards in the directory with '../'. To address this, ensure that user-controlled variables in file paths are sanitized. You may also consider using a utility method such as org.apache.commons.io.FilenameUtils.getName(...) to only retrieve the file name from the path."
BenchmarkTest02034,CWE-22,data/benchmark/src/main/java/org/owasp/benchmark/testcode/BenchmarkTest02034.java,66,semgrep,1,single-tool,error,"Detected a potential path traversal. A malicious actor could control the location of this file, to include going backwards in the directory with '../'. To address this, ensure that user-controlled variables in file paths are sanitized. You may also consider using a utility method such as org.apache.commons.io.FilenameUtils.getName(...) to only retrieve the file name from the path."
BenchmarkTest02036,CWE-90,data/benchmark/src/main/java/org/owasp/benchmark/testcode/BenchmarkTest02036.java,69,semgrep,1,single-tool,warning,"Detected input from a HTTPServletRequest going into an LDAP query. This could lead to LDAP injection if the input is not properly sanitized, which could result in attackers modifying objects in the LDAP tree structure. Ensure data passed to an LDAP query is not controllable or properly sanitize the data."
BenchmarkTest02037,CWE-90,data/benchmark/src/main/java/org/owasp/benchmark/testcode/BenchmarkTest02037.java,69,semgrep,1,single-tool,warning,"Detected input from a HTTPServletRequest going into an LDAP query. This could lead to LDAP injection if the input is not properly sanitized, which could result in attackers modifying objects in the LDAP tree structure. Ensure data passed to an LDAP query is not controllable or properly sanitize the data."
BenchmarkTest02038,CWE-330,data/benchmark/src/main/java/org/owasp/benchmark/testcode/BenchmarkTest02038.java,55,semgrep;sonarqube,2,"medium (same line, different CWE label)",MAJOR;warning,"Detected use of the functions `Math.random()` or `java.util.Random()`. These are both not cryptographically strong random number generators (RNGs). If you are using these RNGs to create passwords or secret tokens, use `java.security.SecureRandom` instead."
BenchmarkTest02039,CWE-330,data/benchmark/src/main/java/org/owasp/benchmark/testcode/BenchmarkTest02039.java,55,semgrep;sonarqube,2,"medium (same line, different CWE label)",MAJOR;warning,"Detected use of the functions `Math.random()` or `java.util.Random()`. These are both not cryptographically strong random number generators (RNGs). If you are using these RNGs to create passwords or secret tokens, use `java.security.SecureRandom` instead."
BenchmarkTest02040,CWE-330,data/benchmark/src/main/java/org/owasp/benchmark/testcode/BenchmarkTest02040.java,55,semgrep;sonarqube,2,"medium (same line, different CWE label)",MAJOR;warning,"Detected use of the functions `Math.random()` or `java.util.Random()`. These are both not cryptographically strong random number generators (RNGs). If you are using these RNGs to create passwords or secret tokens, use `java.security.SecureRandom` instead."
BenchmarkTest02042,CWE-328,data/benchmark/src/main/java/org/owasp/benchmark/testcode/BenchmarkTest02042.java,56,semgrep;sonarqube,2,"medium (same line, different CWE label)",CRITICAL;warning,"Detected SHA1 hash algorithm which is considered insecure. SHA1 is not collision resistant and is therefore not suitable as a cryptographic signature. Instead, use PBKDF2 for password hashing or SHA256 or SHA512 for other hash function applications."
BenchmarkTest02045,CWE-79,data/benchmark/src/main/java/org/owasp/benchmark/testcode/BenchmarkTest02045.java,59,semgrep,1,single-tool,warning,"Detected a request with potential user-input going into a OutputStream or Writer object. This bypasses any view or template environments, including HTML escaping, which may expose this application to cross-site scripting (XSS) vulnerabilities. Consider using a view technology such as JavaServer Faces (JSFs) which automatically escapes HTML views."
BenchmarkTest02046,CWE-79,data/benchmark/src/main/java/org/owasp/benchmark/testcode/BenchmarkTest02046.java,56,semgrep,1,single-tool,warning,"Detected a request with potential user-input going into a OutputStream or Writer object. This bypasses any view or template environments, including HTML escaping, which may expose this application to cross-site scripting (XSS) vulnerabilities. Consider using a view technology such as JavaServer Faces (JSFs) which automatically escapes HTML views."
BenchmarkTest02047,CWE-79,data/benchmark/src/main/java/org/owasp/benchmark/testcode/BenchmarkTest02047.java,56,semgrep,1,single-tool,warning,"Detected a request with potential user-input going into a OutputStream or Writer object. This bypasses any view or template environments, including HTML escaping, which may expose this application to cross-site scripting (XSS) vulnerabilities. Consider using a view technology such as JavaServer Faces (JSFs) which automatically escapes HTML views."
BenchmarkTest02048,CWE-79,data/benchmark/src/main/java/org/owasp/benchmark/testcode/BenchmarkTest02048.java,57,semgrep,1,single-tool,warning,"Detected a request with potential user-input going into a OutputStream or Writer object. This bypasses any view or template environments, including HTML escaping, which may expose this application to cross-site scripting (XSS) vulnerabilities. Consider using a view technology such as JavaServer Faces (JSFs) which automatically escapes HTML views."
BenchmarkTest02049,CWE-79,data/benchmark/src/main/java/org/owasp/benchmark/testcode/BenchmarkTest02049.java,57,semgrep,1,single-tool,warning,"Detected a request with potential user-input going into a OutputStream or Writer object. This bypasses any view or template environments, including HTML escaping, which may expose this application to cross-site scripting (XSS) vulnerabilities. Consider using a view technology such as JavaServer Faces (JSFs) which automatically escapes HTML views."
BenchmarkTest02050,CWE-79,data/benchmark/src/main/java/org/owasp/benchmark/testcode/BenchmarkTest02050.java,57,semgrep,1,single-tool,warning,"Detected a request with potential user-input going into a OutputStream or Writer object. This bypasses any view or template environments, including HTML escaping, which may expose this application to cross-site scripting (XSS) vulnerabilities. Consider using a view technology such as JavaServer Faces (JSFs) which automatically escapes HTML views."
BenchmarkTest02051,CWE-79,data/benchmark/src/main/java/org/owasp/benchmark/testcode/BenchmarkTest02051.java,57,semgrep,1,single-tool,warning,"Detected a request with potential user-input going into a OutputStream or Writer object. This bypasses any view or template environments, including HTML escaping, which may expose this application to cross-site scripting (XSS) vulnerabilities. Consider using a view technology such as JavaServer Faces (JSFs) which automatically escapes HTML views."
BenchmarkTest02052,CWE-79,data/benchmark/src/main/java/org/owasp/benchmark/testcode/BenchmarkTest02052.java,57,semgrep,1,single-tool,warning,"Detected a request with potential user-input going into a OutputStream or Writer object. This bypasses any view or template environments, including HTML escaping, which may expose this application to cross-site scripting (XSS) vulnerabilities. Consider using a view technology such as JavaServer Faces (JSFs) which automatically escapes HTML views."
BenchmarkTest02053,CWE-79,data/benchmark/src/main/java/org/owasp/benchmark/testcode/BenchmarkTest02053.java,57,semgrep,1,single-tool,warning,"Detected a request with potential user-input going into a OutputStream or Writer object. This bypasses any view or template environments, including HTML escaping, which may expose this application to cross-site scripting (XSS) vulnerabilities. Consider using a view technology such as JavaServer Faces (JSFs) which automatically escapes HTML views."
BenchmarkTest02054,CWE-79,data/benchmark/src/main/java/org/owasp/benchmark/testcode/BenchmarkTest02054.java,57,semgrep,1,single-tool,warning,"Detected a request with potential user-input going into a OutputStream or Writer object. This bypasses any view or template environments, including HTML escaping, which may expose this application to cross-site scripting (XSS) vulnerabilities. Consider using a view technology such as JavaServer Faces (JSFs) which automatically escapes HTML views."
BenchmarkTest02055,CWE-79,data/benchmark/src/main/java/org/owasp/benchmark/testcode/BenchmarkTest02055.java,56,semgrep,1,single-tool,warning,"Detected a request with potential user-input going into a OutputStream or Writer object. This bypasses any view or template environments, including HTML escaping, which may expose this application to cross-site scripting (XSS) vulnerabilities. Consider using a view technology such as JavaServer Faces (JSFs) which automatically escapes HTML views."
BenchmarkTest02056,CWE-79,data/benchmark/src/main/java/org/owasp/benchmark/testcode/BenchmarkTest02056.java,56,semgrep,1,single-tool,warning,"Detected a request with potential user-input going into a OutputStream or Writer object. This bypasses any view or template environments, including HTML escaping, which may expose this application to cross-site scripting (XSS) vulnerabilities. Consider using a view technology such as JavaServer Faces (JSFs) which automatically escapes HTML views."
BenchmarkTest02057,CWE-79,data/benchmark/src/main/java/org/owasp/benchmark/testcode/BenchmarkTest02057.java,59,semgrep,1,single-tool,warning,"Detected a request with potential user-input going into a OutputStream or Writer object. This bypasses any view or template environments, including HTML escaping, which may expose this application to cross-site scripting (XSS) vulnerabilities. Consider using a view technology such as JavaServer Faces (JSFs) which automatically escapes HTML views."
BenchmarkTest02058,CWE-78,data/benchmark/src/main/java/org/owasp/benchmark/testcode/BenchmarkTest02058.java,65,semgrep,1,high (same CWE),error,"Detected input from a HTTPServletRequest going into a 'ProcessBuilder' or 'exec' command. This could lead to command injection if variables passed into the exec commands are not properly sanitized. Instead, avoid using these OS commands with user-supplied input, or, if you must use these commands, use a whitelist of specific values."
BenchmarkTest02059,CWE-78,data/benchmark/src/main/java/org/owasp/benchmark/testcode/BenchmarkTest02059.java,67,semgrep,1,high (same CWE),error,"Detected input from a HTTPServletRequest going into a 'ProcessBuilder' or 'exec' command. This could lead to command injection if variables passed into the exec commands are not properly sanitized. Instead, avoid using these OS commands with user-supplied input, or, if you must use these commands, use a whitelist of specific values."
BenchmarkTest02060,CWE-330,data/benchmark/src/main/java/org/owasp/benchmark/testcode/BenchmarkTest02060.java,55,semgrep;sonarqube,2,"medium (same line, different CWE label)",MAJOR;warning,"Detected use of the functions `Math.random()` or `java.util.Random()`. These are both not cryptographically strong random number generators (RNGs). If you are using these RNGs to create passwords or secret tokens, use `java.security.SecureRandom` instead."
BenchmarkTest02061,CWE-330,data/benchmark/src/main/java/org/owasp/benchmark/testcode/BenchmarkTest02061.java,55,semgrep;sonarqube,2,"medium (same line, different CWE label)",MAJOR;warning,"Detected use of the functions `Math.random()` or `java.util.Random()`. These are both not cryptographically strong random number generators (RNGs). If you are using these RNGs to create passwords or secret tokens, use `java.security.SecureRandom` instead."
BenchmarkTest02062,CWE-330,data/benchmark/src/main/java/org/owasp/benchmark/testcode/BenchmarkTest02062.java,55,semgrep;sonarqube,2,"medium (same line, different CWE label)",MAJOR;warning,"Detected use of the functions `Math.random()` or `java.util.Random()`. These are both not cryptographically strong random number generators (RNGs). If you are using these RNGs to create passwords or secret tokens, use `java.security.SecureRandom` instead."
BenchmarkTest02063,CWE-330,data/benchmark/src/main/java/org/owasp/benchmark/testcode/BenchmarkTest02063.java,55,semgrep;sonarqube,2,"medium (same line, different CWE label)",MAJOR;warning,"Detected use of the functions `Math.random()` or `java.util.Random()`. These are both not cryptographically strong random number generators (RNGs). If you are using these RNGs to create passwords or secret tokens, use `java.security.SecureRandom` instead."
BenchmarkTest02067,CWE-78,data/benchmark/src/main/java/org/owasp/benchmark/testcode/BenchmarkTest02067.java,78,semgrep,1,single-tool,error,"Detected input from a HTTPServletRequest going into a 'ProcessBuilder' or 'exec' command. This could lead to command injection if variables passed into the exec commands are not properly sanitized. Instead, avoid using these OS commands with user-supplied input, or, if you must use these commands, use a whitelist of specific values."
BenchmarkTest02068,CWE-78,data/benchmark/src/main/java/org/owasp/benchmark/testcode/BenchmarkTest02068.java,64,semgrep,1,single-tool,error,"Detected input from a HTTPServletRequest going into a 'ProcessBuilder' or 'exec' command. This could lead to command injection if variables passed into the exec commands are not properly sanitized. Instead, avoid using these OS commands with user-supplied input, or, if you must use these commands, use a whitelist of specific values."
BenchmarkTest02069,CWE-78,data/benchmark/src/main/java/org/owasp/benchmark/testcode/BenchmarkTest02069.java,65,semgrep,1,single-tool,error,"Detected input from a HTTPServletRequest going into a 'ProcessBuilder' or 'exec' command. This could lead to command injection if variables passed into the exec commands are not properly sanitized. Instead, avoid using these OS commands with user-supplied input, or, if you must use these commands, use a whitelist of specific values."
BenchmarkTest02070,CWE-78,data/benchmark/src/main/java/org/owasp/benchmark/testcode/BenchmarkTest02070.java,61,semgrep,1,single-tool,error,"Detected input from a HTTPServletRequest going into a 'ProcessBuilder' or 'exec' command. This could lead to command injection if variables passed into the exec commands are not properly sanitized. Instead, avoid using these OS commands with user-supplied input, or, if you must use these commands, use a whitelist of specific values."
BenchmarkTest02084,CWE-501,data/benchmark/src/main/java/org/owasp/benchmark/testcode/BenchmarkTest02084.java,56,semgrep,1,single-tool,warning,"Detected input from a HTTPServletRequest going into a session command, like `setAttribute`. User input into such a command could lead to an attacker inputting malicious code into your session parameters, blurring the line between what's trusted and untrusted, and therefore leading to a trust boundary violation. This could lead to programmers trusting unvalidated data. Instead, thoroughly sanitize user input before passing it into such function calls."
BenchmarkTest02084,CWE-79,data/benchmark/src/main/java/org/owasp/benchmark/testcode/BenchmarkTest02084.java,58,semgrep,1,single-tool,warning,"Detected a request with potential user-input going into a OutputStream or Writer object. This bypasses any view or template environments, including HTML escaping, which may expose this application to cross-site scripting (XSS) vulnerabilities. Consider using a view technology such as JavaServer Faces (JSFs) which automatically escapes HTML views."
BenchmarkTest02085,CWE-501,data/benchmark/src/main/java/org/owasp/benchmark/testcode/BenchmarkTest02085.java,56,semgrep,1,single-tool,warning,"Detected input from a HTTPServletRequest going into a session command, like `setAttribute`. User input into such a command could lead to an attacker inputting malicious code into your session parameters, blurring the line between what's trusted and untrusted, and therefore leading to a trust boundary violation. This could lead to programmers trusting unvalidated data. Instead, thoroughly sanitize user input before passing it into such function calls."
BenchmarkTest02085,CWE-79,data/benchmark/src/main/java/org/owasp/benchmark/testcode/BenchmarkTest02085.java,58,semgrep,1,single-tool,warning,"Detected a request with potential user-input going into a OutputStream or Writer object. This bypasses any view or template environments, including HTML escaping, which may expose this application to cross-site scripting (XSS) vulnerabilities. Consider using a view technology such as JavaServer Faces (JSFs) which automatically escapes HTML views."
BenchmarkTest02086,CWE-501,data/benchmark/src/main/java/org/owasp/benchmark/testcode/BenchmarkTest02086.java,56,semgrep,1,single-tool,warning,"Detected input from a HTTPServletRequest going into a session command, like `setAttribute`. User input into such a command could lead to an attacker inputting malicious code into your session parameters, blurring the line between what's trusted and untrusted, and therefore leading to a trust boundary violation. This could lead to programmers trusting unvalidated data. Instead, thoroughly sanitize user input before passing it into such function calls."
BenchmarkTest02086,CWE-79,data/benchmark/src/main/java/org/owasp/benchmark/testcode/BenchmarkTest02086.java,58,semgrep,1,single-tool,warning,"Detected a request with potential user-input going into a OutputStream or Writer object. This bypasses any view or template environments, including HTML escaping, which may expose this application to cross-site scripting (XSS) vulnerabilities. Consider using a view technology such as JavaServer Faces (JSFs) which automatically escapes HTML views."
BenchmarkTest02087,CWE-89,data/benchmark/src/main/java/org/owasp/benchmark/testcode/BenchmarkTest02087.java,60,semgrep;sonarqube,2,high (same CWE),MAJOR;warning,Detected input from a HTTPServletRequest going into a SQL sink or statement. This could lead to SQL injection if variables in the SQL statement are not properly sanitized. Use parameterized SQL queries or properly sanitize user input instead.
BenchmarkTest02088,CWE-89,data/benchmark/src/main/java/org/owasp/benchmark/testcode/BenchmarkTest02088.java,60,semgrep;sonarqube,2,high (same CWE),MAJOR;warning,Detected input from a HTTPServletRequest going into a SQL sink or statement. This could lead to SQL injection if variables in the SQL statement are not properly sanitized. Use parameterized SQL queries or properly sanitize user input instead.
BenchmarkTest02089,CWE-89,data/benchmark/src/main/java/org/owasp/benchmark/testcode/BenchmarkTest02089.java,60,semgrep;sonarqube,2,high (same CWE),MAJOR;warning,Detected input from a HTTPServletRequest going into a SQL sink or statement. This could lead to SQL injection if variables in the SQL statement are not properly sanitized. Use parameterized SQL queries or properly sanitize user input instead.
BenchmarkTest02090,CWE-89,data/benchmark/src/main/java/org/owasp/benchmark/testcode/BenchmarkTest02090.java,58,semgrep,1,single-tool,warning,Detected input from a HTTPServletRequest going into a SQL sink or statement. This could lead to SQL injection if variables in the SQL statement are not properly sanitized. Use parameterized SQL queries or properly sanitize user input instead.
BenchmarkTest02091,CWE-89,data/benchmark/src/main/java/org/owasp/benchmark/testcode/BenchmarkTest02091.java,57,semgrep,1,single-tool,warning,Detected input from a HTTPServletRequest going into a SQL sink or statement. This could lead to SQL injection if variables in the SQL statement are not properly sanitized. Use parameterized SQL queries or properly sanitize user input instead.
BenchmarkTest02092,CWE-89,data/benchmark/src/main/java/org/owasp/benchmark/testcode/BenchmarkTest02092.java,60,semgrep;sonarqube,2,high (same CWE),MAJOR;warning,Detected a formatted string in a SQL statement. This could lead to SQL injection if variables in the SQL statement are not properly sanitized. Use a prepared statements (java.sql.PreparedStatement) instead. You can obtain a PreparedStatement using 'connection.prepareStatement'.
BenchmarkTest02093,CWE-89,data/benchmark/src/main/java/org/owasp/benchmark/testcode/BenchmarkTest02093.java,60,semgrep;sonarqube,2,high (same CWE),MAJOR;warning,Detected a formatted string in a SQL statement. This could lead to SQL injection if variables in the SQL statement are not properly sanitized. Use a prepared statements (java.sql.PreparedStatement) instead. You can obtain a PreparedStatement using 'connection.prepareStatement'.
BenchmarkTest02094,CWE-89,data/benchmark/src/main/java/org/owasp/benchmark/testcode/BenchmarkTest02094.java,60,semgrep;sonarqube,2,high (same CWE),MAJOR;warning,Detected a formatted string in a SQL statement. This could lead to SQL injection if variables in the SQL statement are not properly sanitized. Use a prepared statements (java.sql.PreparedStatement) instead. You can obtain a PreparedStatement using 'connection.prepareStatement'.
BenchmarkTest02095,CWE-89,data/benchmark/src/main/java/org/owasp/benchmark/testcode/BenchmarkTest02095.java,60,semgrep;sonarqube,2,high (same CWE),MAJOR;warning,Detected a formatted string in a SQL statement. This could lead to SQL injection if variables in the SQL statement are not properly sanitized. Use a prepared statements (java.sql.PreparedStatement) instead. You can obtain a PreparedStatement using 'connection.prepareStatement'.
BenchmarkTest02096,CWE-89,data/benchmark/src/main/java/org/owasp/benchmark/testcode/BenchmarkTest02096.java,60,semgrep;sonarqube,2,high (same CWE),MAJOR;warning,Detected a formatted string in a SQL statement. This could lead to SQL injection if variables in the SQL statement are not properly sanitized. Use a prepared statements (java.sql.PreparedStatement) instead. You can obtain a PreparedStatement using 'connection.prepareStatement'.
BenchmarkTest02097,CWE-89,data/benchmark/src/main/java/org/owasp/benchmark/testcode/BenchmarkTest02097.java,58,semgrep;sonarqube,2,high (same CWE),MAJOR;warning,Detected input from a HTTPServletRequest going into a SQL sink or statement. This could lead to SQL injection if variables in the SQL statement are not properly sanitized. Use parameterized SQL queries or properly sanitize user input instead.
BenchmarkTest02098,CWE-89,data/benchmark/src/main/java/org/owasp/benchmark/testcode/BenchmarkTest02098.java,58,semgrep;sonarqube,2,high (same CWE),MAJOR;warning,Detected input from a HTTPServletRequest going into a SQL sink or statement. This could lead to SQL injection if variables in the SQL statement are not properly sanitized. Use parameterized SQL queries or properly sanitize user input instead.
BenchmarkTest02099,CWE-89,data/benchmark/src/main/java/org/owasp/benchmark/testcode/BenchmarkTest02099.java,58,semgrep;sonarqube,2,high (same CWE),MAJOR;warning,Detected input from a HTTPServletRequest going into a SQL sink or statement. This could lead to SQL injection if variables in the SQL statement are not properly sanitized. Use parameterized SQL queries or properly sanitize user input instead.
BenchmarkTest02100,CWE-643,data/benchmark/src/main/java/org/owasp/benchmark/testcode/BenchmarkTest02100.java,72,semgrep,1,single-tool,warning,"Detected input from a HTTPServletRequest going into a XPath evaluate or compile command. This could lead to xpath injection if variables passed into the evaluate or compile commands are not properly sanitized. Xpath injection could lead to unauthorized access to sensitive information in XML documents. Instead, thoroughly sanitize user input or use parameterized xpath queries if you can."
BenchmarkTest02100,CWE-79,data/benchmark/src/main/java/org/owasp/benchmark/testcode/BenchmarkTest02100.java,79,semgrep,1,single-tool,warning,"Detected a request with potential user-input going into a OutputStream or Writer object. This bypasses any view or template environments, including HTML escaping, which may expose this application to cross-site scripting (XSS) vulnerabilities. Consider using a view technology such as JavaServer Faces (JSFs) which automatically escapes HTML views."
BenchmarkTest02101,CWE-326,data/benchmark/src/main/java/org/owasp/benchmark/testcode/BenchmarkTest02101.java,62,semgrep,1,high (same CWE),warning,Triple DES (3DES or DESede) is considered deprecated. AES is the recommended cipher. Upgrade to use AES.
BenchmarkTest02101,CWE-327,owasp-benchmark:data/benchmark/src/main/java/org/owasp/benchmark/testcode/BenchmarkTest02101.java,60,sonarqube,1,high (same CWE),CRITICAL,Use another cipher mode or disable padding.
BenchmarkTest02104,CWE-90,data/benchmark/src/main/java/org/owasp/benchmark/testcode/BenchmarkTest02104.java,59,semgrep,1,single-tool,warning,"Detected input from a HTTPServletRequest going into an LDAP query. This could lead to LDAP injection if the input is not properly sanitized, which could result in attackers modifying objects in the LDAP tree structure. Ensure data passed to an LDAP query is not controllable or properly sanitize the data."
BenchmarkTest02105,CWE-22,data/benchmark/src/main/java/org/owasp/benchmark/testcode/BenchmarkTest02105.java,48,semgrep,1,single-tool,error,"Detected a potential path traversal. A malicious actor could control the location of this file, to include going backwards in the directory with '../'. To address this, ensure that user-controlled variables in file paths are sanitized. You may also consider using a utility method such as org.apache.commons.io.FilenameUtils.getName(...) to only retrieve the file name from the path."
BenchmarkTest02106,CWE-22,data/benchmark/src/main/java/org/owasp/benchmark/testcode/BenchmarkTest02106.java,48,semgrep,1,single-tool,error,"Detected a potential path traversal. A malicious actor could control the location of this file, to include going backwards in the directory with '../'. To address this, ensure that user-controlled variables in file paths are sanitized. You may also consider using a utility method such as org.apache.commons.io.FilenameUtils.getName(...) to only retrieve the file name from the path."
BenchmarkTest02107,CWE-22,data/benchmark/src/main/java/org/owasp/benchmark/testcode/BenchmarkTest02107.java,48,semgrep,1,single-tool,error,"Detected a potential path traversal. A malicious actor could control the location of this file, to include going backwards in the directory with '../'. To address this, ensure that user-controlled variables in file paths are sanitized. You may also consider using a utility method such as org.apache.commons.io.FilenameUtils.getName(...) to only retrieve the file name from the path."
BenchmarkTest02108,CWE-22,data/benchmark/src/main/java/org/owasp/benchmark/testcode/BenchmarkTest02108.java,54,semgrep,1,single-tool,error,"Detected a potential path traversal. A malicious actor could control the location of this file, to include going backwards in the directory with '../'. To address this, ensure that user-controlled variables in file paths are sanitized. You may also consider using a utility method such as org.apache.commons.io.FilenameUtils.getName(...) to only retrieve the file name from the path."
BenchmarkTest02108,CWE-22,data/benchmark/src/main/java/org/owasp/benchmark/testcode/BenchmarkTest02108.java,67,semgrep,1,single-tool,error,"Detected a potential path traversal. A malicious actor could control the location of this file, to include going backwards in the directory with '../'. To address this, ensure that user-controlled variables in file paths are sanitized. You may also consider using a utility method such as org.apache.commons.io.FilenameUtils.getName(...) to only retrieve the file name from the path."
BenchmarkTest02109,CWE-22,data/benchmark/src/main/java/org/owasp/benchmark/testcode/BenchmarkTest02109.java,54,semgrep,1,single-tool,error,"Detected a potential path traversal. A malicious actor could control the location of this file, to include going backwards in the directory with '../'. To address this, ensure that user-controlled variables in file paths are sanitized. You may also consider using a utility method such as org.apache.commons.io.FilenameUtils.getName(...) to only retrieve the file name from the path."
BenchmarkTest02109,CWE-22,data/benchmark/src/main/java/org/owasp/benchmark/testcode/BenchmarkTest02109.java,67,semgrep,1,single-tool,error,"Detected a potential path traversal. A malicious actor could control the location of this file, to include going backwards in the directory with '../'. To address this, ensure that user-controlled variables in file paths are sanitized. You may also consider using a utility method such as org.apache.commons.io.FilenameUtils.getName(...) to only retrieve the file name from the path."
BenchmarkTest02110,CWE-22,data/benchmark/src/main/java/org/owasp/benchmark/testcode/BenchmarkTest02110.java,54,semgrep,1,single-tool,error,"Detected a potential path traversal. A malicious actor could control the location of this file, to include going backwards in the directory with '../'. To address this, ensure that user-controlled variables in file paths are sanitized. You may also consider using a utility method such as org.apache.commons.io.FilenameUtils.getName(...) to only retrieve the file name from the path."
BenchmarkTest02110,CWE-22,data/benchmark/src/main/java/org/owasp/benchmark/testcode/BenchmarkTest02110.java,67,semgrep,1,single-tool,error,"Detected a potential path traversal. A malicious actor could control the location of this file, to include going backwards in the directory with '../'. To address this, ensure that user-controlled variables in file paths are sanitized. You may also consider using a utility method such as org.apache.commons.io.FilenameUtils.getName(...) to only retrieve the file name from the path."
BenchmarkTest02111,CWE-22,data/benchmark/src/main/java/org/owasp/benchmark/testcode/BenchmarkTest02111.java,59,semgrep,1,single-tool,error,"Detected a potential path traversal. A malicious actor could control the location of this file, to include going backwards in the directory with '../'. To address this, ensure that user-controlled variables in file paths are sanitized. You may also consider using a utility method such as org.apache.commons.io.FilenameUtils.getName(...) to only retrieve the file name from the path."
BenchmarkTest02112,CWE-22,data/benchmark/src/main/java/org/owasp/benchmark/testcode/BenchmarkTest02112.java,54,semgrep,1,single-tool,error,"Detected a potential path traversal. A malicious actor could control the location of this file, to include going backwards in the directory with '../'. To address this, ensure that user-controlled variables in file paths are sanitized. You may also consider using a utility method such as org.apache.commons.io.FilenameUtils.getName(...) to only retrieve the file name from the path."
BenchmarkTest02112,CWE-22,data/benchmark/src/main/java/org/owasp/benchmark/testcode/BenchmarkTest02112.java,67,semgrep,1,single-tool,error,"Detected a potential path traversal. A malicious actor could control the location of this file, to include going backwards in the directory with '../'. To address this, ensure that user-controlled variables in file paths are sanitized. You may also consider using a utility method such as org.apache.commons.io.FilenameUtils.getName(...) to only retrieve the file name from the path."
BenchmarkTest02114,CWE-90,data/benchmark/src/main/java/org/owasp/benchmark/testcode/BenchmarkTest02114.java,62,semgrep,1,single-tool,warning,"Detected input from a HTTPServletRequest going into an LDAP query. This could lead to LDAP injection if the input is not properly sanitized, which could result in attackers modifying objects in the LDAP tree structure. Ensure data passed to an LDAP query is not controllable or properly sanitize the data."
BenchmarkTest02115,CWE-90,data/benchmark/src/main/java/org/owasp/benchmark/testcode/BenchmarkTest02115.java,62,semgrep,1,single-tool,warning,"Detected input from a HTTPServletRequest going into an LDAP query. This could lead to LDAP injection if the input is not properly sanitized, which could result in attackers modifying objects in the LDAP tree structure. Ensure data passed to an LDAP query is not controllable or properly sanitize the data."
BenchmarkTest02116,CWE-90,data/benchmark/src/main/java/org/owasp/benchmark/testcode/BenchmarkTest02116.java,61,semgrep,1,single-tool,warning,"Detected input from a HTTPServletRequest going into an LDAP query. This could lead to LDAP injection if the input is not properly sanitized, which could result in attackers modifying objects in the LDAP tree structure. Ensure data passed to an LDAP query is not controllable or properly sanitize the data."
BenchmarkTest02117,CWE-330,data/benchmark/src/main/java/org/owasp/benchmark/testcode/BenchmarkTest02117.java,48,semgrep;sonarqube,2,"medium (same line, different CWE label)",MAJOR;warning,"Detected use of the functions `Math.random()` or `java.util.Random()`. These are both not cryptographically strong random number generators (RNGs). If you are using these RNGs to create passwords or secret tokens, use `java.security.SecureRandom` instead."
BenchmarkTest02118,CWE-328,data/benchmark/src/main/java/org/owasp/benchmark/testcode/BenchmarkTest02118.java,54,semgrep;sonarqube,2,"medium (same line, different CWE label)",CRITICAL;warning,"Detected SHA1 hash algorithm which is considered insecure. SHA1 is not collision resistant and is therefore not suitable as a cryptographic signature. Instead, use PBKDF2 for password hashing or SHA256 or SHA512 for other hash function applications."
BenchmarkTest02118,CWE-1240,owasp-benchmark:data/benchmark/src/main/java/org/owasp/benchmark/testcode/BenchmarkTest02118.java,56,sonarqube,1,single-tool,CRITICAL,Make sure this weak hash algorithm is not used in a sensitive context here.
BenchmarkTest02122,CWE-79,data/benchmark/src/main/java/org/owasp/benchmark/testcode/BenchmarkTest02122.java,52,semgrep,1,single-tool,warning,"Detected a request with potential user-input going into a OutputStream or Writer object. This bypasses any view or template environments, including HTML escaping, which may expose this application to cross-site scripting (XSS) vulnerabilities. Consider using a view technology such as JavaServer Faces (JSFs) which automatically escapes HTML views."
BenchmarkTest02123,CWE-79,data/benchmark/src/main/java/org/owasp/benchmark/testcode/BenchmarkTest02123.java,50,semgrep,1,single-tool,warning,"Detected a request with potential user-input going into a OutputStream or Writer object. This bypasses any view or template environments, including HTML escaping, which may expose this application to cross-site scripting (XSS) vulnerabilities. Consider using a view technology such as JavaServer Faces (JSFs) which automatically escapes HTML views."
BenchmarkTest02124,CWE-79,data/benchmark/src/main/java/org/owasp/benchmark/testcode/BenchmarkTest02124.java,49,semgrep,1,single-tool,warning,"Detected a request with potential user-input going into a OutputStream or Writer object. This bypasses any view or template environments, including HTML escaping, which may expose this application to cross-site scripting (XSS) vulnerabilities. Consider using a view technology such as JavaServer Faces (JSFs) which automatically escapes HTML views."
BenchmarkTest02125,CWE-79,data/benchmark/src/main/java/org/owasp/benchmark/testcode/BenchmarkTest02125.java,49,semgrep,1,single-tool,warning,"Detected a request with potential user-input going into a OutputStream or Writer object. This bypasses any view or template environments, including HTML escaping, which may expose this application to cross-site scripting (XSS) vulnerabilities. Consider using a view technology such as JavaServer Faces (JSFs) which automatically escapes HTML views."
BenchmarkTest02126,CWE-79,data/benchmark/src/main/java/org/owasp/benchmark/testcode/BenchmarkTest02126.java,49,semgrep,1,single-tool,warning,"Detected a request with potential user-input going into a OutputStream or Writer object. This bypasses any view or template environments, including HTML escaping, which may expose this application to cross-site scripting (XSS) vulnerabilities. Consider using a view technology such as JavaServer Faces (JSFs) which automatically escapes HTML views."
BenchmarkTest02127,CWE-79,data/benchmark/src/main/java/org/owasp/benchmark/testcode/BenchmarkTest02127.java,49,semgrep,1,single-tool,warning,"Detected a request with potential user-input going into a OutputStream or Writer object. This bypasses any view or template environments, including HTML escaping, which may expose this application to cross-site scripting (XSS) vulnerabilities. Consider using a view technology such as JavaServer Faces (JSFs) which automatically escapes HTML views."
BenchmarkTest02128,CWE-79,data/benchmark/src/main/java/org/owasp/benchmark/testcode/BenchmarkTest02128.java,49,semgrep,1,single-tool,warning,"Detected a request with potential user-input going into a OutputStream or Writer object. This bypasses any view or template environments, including HTML escaping, which may expose this application to cross-site scripting (XSS) vulnerabilities. Consider using a view technology such as JavaServer Faces (JSFs) which automatically escapes HTML views."
BenchmarkTest02129,CWE-79,data/benchmark/src/main/java/org/owasp/benchmark/testcode/BenchmarkTest02129.java,50,semgrep,1,single-tool,warning,"Detected a request with potential user-input going into a OutputStream or Writer object. This bypasses any view or template environments, including HTML escaping, which may expose this application to cross-site scripting (XSS) vulnerabilities. Consider using a view technology such as JavaServer Faces (JSFs) which automatically escapes HTML views."
BenchmarkTest02130,CWE-79,data/benchmark/src/main/java/org/owasp/benchmark/testcode/BenchmarkTest02130.java,50,semgrep,1,single-tool,warning,"Detected a request with potential user-input going into a OutputStream or Writer object. This bypasses any view or template environments, including HTML escaping, which may expose this application to cross-site scripting (XSS) vulnerabilities. Consider using a view technology such as JavaServer Faces (JSFs) which automatically escapes HTML views."
BenchmarkTest02131,CWE-79,data/benchmark/src/main/java/org/owasp/benchmark/testcode/BenchmarkTest02131.java,50,semgrep,1,single-tool,warning,"Detected a request with potential user-input going into a OutputStream or Writer object. This bypasses any view or template environments, including HTML escaping, which may expose this application to cross-site scripting (XSS) vulnerabilities. Consider using a view technology such as JavaServer Faces (JSFs) which automatically escapes HTML views."
BenchmarkTest02132,CWE-79,data/benchmark/src/main/java/org/owasp/benchmark/testcode/BenchmarkTest02132.java,49,semgrep,1,single-tool,warning,"Detected a request with potential user-input going into a OutputStream or Writer object. This bypasses any view or template environments, including HTML escaping, which may expose this application to cross-site scripting (XSS) vulnerabilities. Consider using a view technology such as JavaServer Faces (JSFs) which automatically escapes HTML views."
BenchmarkTest02133,CWE-79,data/benchmark/src/main/java/org/owasp/benchmark/testcode/BenchmarkTest02133.java,49,semgrep,1,single-tool,warning,"Detected a request with potential user-input going into a OutputStream or Writer object. This bypasses any view or template environments, including HTML escaping, which may expose this application to cross-site scripting (XSS) vulnerabilities. Consider using a view technology such as JavaServer Faces (JSFs) which automatically escapes HTML views."
BenchmarkTest02134,CWE-79,data/benchmark/src/main/java/org/owasp/benchmark/testcode/BenchmarkTest02134.java,49,semgrep,1,single-tool,warning,"Detected a request with potential user-input going into a OutputStream or Writer object. This bypasses any view or template environments, including HTML escaping, which may expose this application to cross-site scripting (XSS) vulnerabilities. Consider using a view technology such as JavaServer Faces (JSFs) which automatically escapes HTML views."
BenchmarkTest02135,CWE-79,data/benchmark/src/main/java/org/owasp/benchmark/testcode/BenchmarkTest02135.java,49,semgrep,1,single-tool,warning,"Detected a request with potential user-input going into a OutputStream or Writer object. This bypasses any view or template environments, including HTML escaping, which may expose this application to cross-site scripting (XSS) vulnerabilities. Consider using a view technology such as JavaServer Faces (JSFs) which automatically escapes HTML views."
BenchmarkTest02136,CWE-79,data/benchmark/src/main/java/org/owasp/benchmark/testcode/BenchmarkTest02136.java,52,semgrep,1,single-tool,warning,"Detected a request with potential user-input going into a OutputStream or Writer object. This bypasses any view or template environments, including HTML escaping, which may expose this application to cross-site scripting (XSS) vulnerabilities. Consider using a view technology such as JavaServer Faces (JSFs) which automatically escapes HTML views."
BenchmarkTest02137,CWE-78,data/benchmark/src/main/java/org/owasp/benchmark/testcode/BenchmarkTest02137.java,58,semgrep,1,high (same CWE),error,"Detected input from a HTTPServletRequest going into a 'ProcessBuilder' or 'exec' command. This could lead to command injection if variables passed into the exec commands are not properly sanitized. Instead, avoid using these OS commands with user-supplied input, or, if you must use these commands, use a whitelist of specific values."
BenchmarkTest02138,CWE-330,data/benchmark/src/main/java/org/owasp/benchmark/testcode/BenchmarkTest02138.java,49,semgrep;sonarqube,2,"medium (same line, different CWE label)",MAJOR;warning,"Detected use of the functions `Math.random()` or `java.util.Random()`. These are both not cryptographically strong random number generators (RNGs). If you are using these RNGs to create passwords or secret tokens, use `java.security.SecureRandom` instead."
BenchmarkTest02139,CWE-330,data/benchmark/src/main/java/org/owasp/benchmark/testcode/BenchmarkTest02139.java,48,semgrep;sonarqube,2,"medium (same line, different CWE label)",MAJOR;warning,"Detected use of the functions `Math.random()` or `java.util.Random()`. These are both not cryptographically strong random number generators (RNGs). If you are using these RNGs to create passwords or secret tokens, use `java.security.SecureRandom` instead."
BenchmarkTest02140,CWE-330,data/benchmark/src/main/java/org/owasp/benchmark/testcode/BenchmarkTest02140.java,48,semgrep;sonarqube,2,"medium (same line, different CWE label)",MAJOR;warning,"Detected use of the functions `Math.random()` or `java.util.Random()`. These are both not cryptographically strong random number generators (RNGs). If you are using these RNGs to create passwords or secret tokens, use `java.security.SecureRandom` instead."
BenchmarkTest02141,CWE-330,data/benchmark/src/main/java/org/owasp/benchmark/testcode/BenchmarkTest02141.java,48,semgrep;sonarqube,2,"medium (same line, different CWE label)",MAJOR;warning,"Detected use of the functions `Math.random()` or `java.util.Random()`. These are both not cryptographically strong random number generators (RNGs). If you are using these RNGs to create passwords or secret tokens, use `java.security.SecureRandom` instead."
BenchmarkTest02142,CWE-614,data/benchmark/src/main/java/org/owasp/benchmark/testcode/BenchmarkTest02142.java,65,semgrep,1,single-tool,warning,A cookie was detected without setting the 'secure' flag. The 'secure' flag for cookies prevents the client from transmitting the cookie over insecure channels such as HTTP. Set the 'secure' flag by calling 'cookie.setSecure(true);'
BenchmarkTest02145,CWE-79,data/benchmark/src/main/java/org/owasp/benchmark/testcode/BenchmarkTest02145.java,49,semgrep,1,single-tool,warning,"Detected a request with potential user-input going into a OutputStream or Writer object. This bypasses any view or template environments, including HTML escaping, which may expose this application to cross-site scripting (XSS) vulnerabilities. Consider using a view technology such as JavaServer Faces (JSFs) which automatically escapes HTML views."
BenchmarkTest02146,CWE-78,data/benchmark/src/main/java/org/owasp/benchmark/testcode/BenchmarkTest02146.java,57,semgrep,1,single-tool,error,"Detected input from a HTTPServletRequest going into a 'ProcessBuilder' or 'exec' command. This could lead to command injection if variables passed into the exec commands are not properly sanitized. Instead, avoid using these OS commands with user-supplied input, or, if you must use these commands, use a whitelist of specific values."
BenchmarkTest02147,CWE-78,data/benchmark/src/main/java/org/owasp/benchmark/testcode/BenchmarkTest02147.java,57,semgrep,1,single-tool,error,"Detected input from a HTTPServletRequest going into a 'ProcessBuilder' or 'exec' command. This could lead to command injection if variables passed into the exec commands are not properly sanitized. Instead, avoid using these OS commands with user-supplied input, or, if you must use these commands, use a whitelist of specific values."
BenchmarkTest02148,CWE-78,data/benchmark/src/main/java/org/owasp/benchmark/testcode/BenchmarkTest02148.java,71,semgrep,1,single-tool,error,"Detected input from a HTTPServletRequest going into a 'ProcessBuilder' or 'exec' command. This could lead to command injection if variables passed into the exec commands are not properly sanitized. Instead, avoid using these OS commands with user-supplied input, or, if you must use these commands, use a whitelist of specific values."
BenchmarkTest02149,CWE-78,data/benchmark/src/main/java/org/owasp/benchmark/testcode/BenchmarkTest02149.java,71,semgrep,1,single-tool,error,"Detected input from a HTTPServletRequest going into a 'ProcessBuilder' or 'exec' command. This could lead to command injection if variables passed into the exec commands are not properly sanitized. Instead, avoid using these OS commands with user-supplied input, or, if you must use these commands, use a whitelist of specific values."
BenchmarkTest02150,CWE-78,data/benchmark/src/main/java/org/owasp/benchmark/testcode/BenchmarkTest02150.java,71,semgrep,1,single-tool,error,"Detected input from a HTTPServletRequest going into a 'ProcessBuilder' or 'exec' command. This could lead to command injection if variables passed into the exec commands are not properly sanitized. Instead, avoid using these OS commands with user-supplied input, or, if you must use these commands, use a whitelist of specific values."
BenchmarkTest02151,CWE-78,data/benchmark/src/main/java/org/owasp/benchmark/testcode/BenchmarkTest02151.java,71,semgrep,1,single-tool,error,"Detected input from a HTTPServletRequest going into a 'ProcessBuilder' or 'exec' command. This could lead to command injection if variables passed into the exec commands are not properly sanitized. Instead, avoid using these OS commands with user-supplied input, or, if you must use these commands, use a whitelist of specific values."
BenchmarkTest02152,CWE-78,data/benchmark/src/main/java/org/owasp/benchmark/testcode/BenchmarkTest02152.java,71,semgrep,1,single-tool,error,"Detected input from a HTTPServletRequest going into a 'ProcessBuilder' or 'exec' command. This could lead to command injection if variables passed into the exec commands are not properly sanitized. Instead, avoid using these OS commands with user-supplied input, or, if you must use these commands, use a whitelist of specific values."
BenchmarkTest02153,CWE-78,data/benchmark/src/main/java/org/owasp/benchmark/testcode/BenchmarkTest02153.java,57,semgrep,1,single-tool,error,"Detected input from a HTTPServletRequest going into a 'ProcessBuilder' or 'exec' command. This could lead to command injection if variables passed into the exec commands are not properly sanitized. Instead, avoid using these OS commands with user-supplied input, or, if you must use these commands, use a whitelist of specific values."
BenchmarkTest02154,CWE-78,data/benchmark/src/main/java/org/owasp/benchmark/testcode/BenchmarkTest02154.java,58,semgrep,1,single-tool,error,"Detected input from a HTTPServletRequest going into a 'ProcessBuilder' or 'exec' command. This could lead to command injection if variables passed into the exec commands are not properly sanitized. Instead, avoid using these OS commands with user-supplied input, or, if you must use these commands, use a whitelist of specific values."
BenchmarkTest02155,CWE-78,data/benchmark/src/main/java/org/owasp/benchmark/testcode/BenchmarkTest02155.java,54,semgrep,1,single-tool,error,"Detected input from a HTTPServletRequest going into a 'ProcessBuilder' or 'exec' command. This could lead to command injection if variables passed into the exec commands are not properly sanitized. Instead, avoid using these OS commands with user-supplied input, or, if you must use these commands, use a whitelist of specific values."
BenchmarkTest02156,CWE-78,data/benchmark/src/main/java/org/owasp/benchmark/testcode/BenchmarkTest02156.java,54,semgrep,1,single-tool,error,"Detected input from a HTTPServletRequest going into a 'ProcessBuilder' or 'exec' command. This could lead to command injection if variables passed into the exec commands are not properly sanitized. Instead, avoid using these OS commands with user-supplied input, or, if you must use these commands, use a whitelist of specific values."
BenchmarkTest02165,CWE-79,data/benchmark/src/main/java/org/owasp/benchmark/testcode/BenchmarkTest02165.java,51,semgrep,1,single-tool,warning,"Detected a request with potential user-input going into a OutputStream or Writer object. This bypasses any view or template environments, including HTML escaping, which may expose this application to cross-site scripting (XSS) vulnerabilities. Consider using a view technology such as JavaServer Faces (JSFs) which automatically escapes HTML views."
BenchmarkTest02166,CWE-501,data/benchmark/src/main/java/org/owasp/benchmark/testcode/BenchmarkTest02166.java,49,semgrep,1,single-tool,warning,"Detected input from a HTTPServletRequest going into a session command, like `setAttribute`. User input into such a command could lead to an attacker inputting malicious code into your session parameters, blurring the line between what's trusted and untrusted, and therefore leading to a trust boundary violation. This could lead to programmers trusting unvalidated data. Instead, thoroughly sanitize user input before passing it into such function calls."
BenchmarkTest02166,CWE-79,data/benchmark/src/main/java/org/owasp/benchmark/testcode/BenchmarkTest02166.java,51,semgrep,1,single-tool,warning,"Detected a request with potential user-input going into a OutputStream or Writer object. This bypasses any view or template environments, including HTML escaping, which may expose this application to cross-site scripting (XSS) vulnerabilities. Consider using a view technology such as JavaServer Faces (JSFs) which automatically escapes HTML views."
BenchmarkTest02167,CWE-501,data/benchmark/src/main/java/org/owasp/benchmark/testcode/BenchmarkTest02167.java,49,semgrep,1,single-tool,warning,"Detected input from a HTTPServletRequest going into a session command, like `setAttribute`. User input into such a command could lead to an attacker inputting malicious code into your session parameters, blurring the line between what's trusted and untrusted, and therefore leading to a trust boundary violation. This could lead to programmers trusting unvalidated data. Instead, thoroughly sanitize user input before passing it into such function calls."
BenchmarkTest02167,CWE-79,data/benchmark/src/main/java/org/owasp/benchmark/testcode/BenchmarkTest02167.java,51,semgrep,1,single-tool,warning,"Detected a request with potential user-input going into a OutputStream or Writer object. This bypasses any view or template environments, including HTML escaping, which may expose this application to cross-site scripting (XSS) vulnerabilities. Consider using a view technology such as JavaServer Faces (JSFs) which automatically escapes HTML views."
BenchmarkTest02168,CWE-501,data/benchmark/src/main/java/org/owasp/benchmark/testcode/BenchmarkTest02168.java,49,semgrep,1,single-tool,warning,"Detected input from a HTTPServletRequest going into a session command, like `setAttribute`. User input into such a command could lead to an attacker inputting malicious code into your session parameters, blurring the line between what's trusted and untrusted, and therefore leading to a trust boundary violation. This could lead to programmers trusting unvalidated data. Instead, thoroughly sanitize user input before passing it into such function calls."
BenchmarkTest02168,CWE-79,data/benchmark/src/main/java/org/owasp/benchmark/testcode/BenchmarkTest02168.java,51,semgrep,1,single-tool,warning,"Detected a request with potential user-input going into a OutputStream or Writer object. This bypasses any view or template environments, including HTML escaping, which may expose this application to cross-site scripting (XSS) vulnerabilities. Consider using a view technology such as JavaServer Faces (JSFs) which automatically escapes HTML views."
BenchmarkTest02169,CWE-89,data/benchmark/src/main/java/org/owasp/benchmark/testcode/BenchmarkTest02169.java,53,semgrep;sonarqube,2,high (same CWE),MAJOR;warning,Detected input from a HTTPServletRequest going into a SQL sink or statement. This could lead to SQL injection if variables in the SQL statement are not properly sanitized. Use parameterized SQL queries or properly sanitize user input instead.
BenchmarkTest02170,CWE-89,data/benchmark/src/main/java/org/owasp/benchmark/testcode/BenchmarkTest02170.java,53,semgrep;sonarqube,2,high (same CWE),MAJOR;warning,Detected input from a HTTPServletRequest going into a SQL sink or statement. This could lead to SQL injection if variables in the SQL statement are not properly sanitized. Use parameterized SQL queries or properly sanitize user input instead.
BenchmarkTest02171,CWE-89,data/benchmark/src/main/java/org/owasp/benchmark/testcode/BenchmarkTest02171.java,53,semgrep;sonarqube,2,high (same CWE),MAJOR;warning,Detected input from a HTTPServletRequest going into a SQL sink or statement. This could lead to SQL injection if variables in the SQL statement are not properly sanitized. Use parameterized SQL queries or properly sanitize user input instead.
BenchmarkTest02172,CWE-89,data/benchmark/src/main/java/org/owasp/benchmark/testcode/BenchmarkTest02172.java,53,semgrep;sonarqube,2,high (same CWE),MAJOR;warning,Detected input from a HTTPServletRequest going into a SQL sink or statement. This could lead to SQL injection if variables in the SQL statement are not properly sanitized. Use parameterized SQL queries or properly sanitize user input instead.
BenchmarkTest02173,CWE-89,data/benchmark/src/main/java/org/owasp/benchmark/testcode/BenchmarkTest02173.java,53,semgrep;sonarqube,2,high (same CWE),MAJOR;warning,Detected input from a HTTPServletRequest going into a SQL sink or statement. This could lead to SQL injection if variables in the SQL statement are not properly sanitized. Use parameterized SQL queries or properly sanitize user input instead.
BenchmarkTest02174,CWE-89,data/benchmark/src/main/java/org/owasp/benchmark/testcode/BenchmarkTest02174.java,51,semgrep,1,single-tool,warning,Detected input from a HTTPServletRequest going into a SQL sink or statement. This could lead to SQL injection if variables in the SQL statement are not properly sanitized. Use parameterized SQL queries or properly sanitize user input instead.
BenchmarkTest02175,CWE-89,data/benchmark/src/main/java/org/owasp/benchmark/testcode/BenchmarkTest02175.java,51,semgrep,1,single-tool,warning,Detected input from a HTTPServletRequest going into a SQL sink or statement. This could lead to SQL injection if variables in the SQL statement are not properly sanitized. Use parameterized SQL queries or properly sanitize user input instead.
BenchmarkTest02176,CWE-89,data/benchmark/src/main/java/org/owasp/benchmark/testcode/BenchmarkTest02176.java,51,semgrep,1,single-tool,warning,Detected input from a HTTPServletRequest going into a SQL sink or statement. This could lead to SQL injection if variables in the SQL statement are not properly sanitized. Use parameterized SQL queries or properly sanitize user input instead.
BenchmarkTest02177,CWE-89,data/benchmark/src/main/java/org/owasp/benchmark/testcode/BenchmarkTest02177.java,50,semgrep,1,single-tool,warning,Detected input from a HTTPServletRequest going into a SQL sink or statement. This could lead to SQL injection if variables in the SQL statement are not properly sanitized. Use parameterized SQL queries or properly sanitize user input instead.
BenchmarkTest02178,CWE-89,data/benchmark/src/main/java/org/owasp/benchmark/testcode/BenchmarkTest02178.java,51,semgrep,1,single-tool,warning,Detected input from a HTTPServletRequest going into a SQL sink or statement. This could lead to SQL injection if variables in the SQL statement are not properly sanitized. Use parameterized SQL queries or properly sanitize user input instead.
BenchmarkTest02179,CWE-89,data/benchmark/src/main/java/org/owasp/benchmark/testcode/BenchmarkTest02179.java,52,semgrep,1,single-tool,warning,Detected input from a HTTPServletRequest going into a SQL sink or statement. This could lead to SQL injection if variables in the SQL statement are not properly sanitized. Use parameterized SQL queries or properly sanitize user input instead.
BenchmarkTest02179,CWE-79,data/benchmark/src/main/java/org/owasp/benchmark/testcode/BenchmarkTest02179.java,55,semgrep,1,single-tool,warning,"Detected a request with potential user-input going into a OutputStream or Writer object. This bypasses any view or template environments, including HTML escaping, which may expose this application to cross-site scripting (XSS) vulnerabilities. Consider using a view technology such as JavaServer Faces (JSFs) which automatically escapes HTML views."
BenchmarkTest02180,CWE-89,data/benchmark/src/main/java/org/owasp/benchmark/testcode/BenchmarkTest02180.java,52,semgrep,1,single-tool,warning,Detected input from a HTTPServletRequest going into a SQL sink or statement. This could lead to SQL injection if variables in the SQL statement are not properly sanitized. Use parameterized SQL queries or properly sanitize user input instead.
BenchmarkTest02180,CWE-79,data/benchmark/src/main/java/org/owasp/benchmark/testcode/BenchmarkTest02180.java,55,semgrep,1,single-tool,warning,"Detected a request with potential user-input going into a OutputStream or Writer object. This bypasses any view or template environments, including HTML escaping, which may expose this application to cross-site scripting (XSS) vulnerabilities. Consider using a view technology such as JavaServer Faces (JSFs) which automatically escapes HTML views."
BenchmarkTest02181,CWE-89,data/benchmark/src/main/java/org/owasp/benchmark/testcode/BenchmarkTest02181.java,51,semgrep,1,single-tool,warning,Detected input from a HTTPServletRequest going into a SQL sink or statement. This could lead to SQL injection if variables in the SQL statement are not properly sanitized. Use parameterized SQL queries or properly sanitize user input instead.
BenchmarkTest02182,CWE-89,data/benchmark/src/main/java/org/owasp/benchmark/testcode/BenchmarkTest02182.java,51,semgrep,1,single-tool,warning,Detected input from a HTTPServletRequest going into a SQL sink or statement. This could lead to SQL injection if variables in the SQL statement are not properly sanitized. Use parameterized SQL queries or properly sanitize user input instead.
BenchmarkTest02183,CWE-89,data/benchmark/src/main/java/org/owasp/benchmark/testcode/BenchmarkTest02183.java,51,semgrep,1,single-tool,warning,Detected input from a HTTPServletRequest going into a SQL sink or statement. This could lead to SQL injection if variables in the SQL statement are not properly sanitized. Use parameterized SQL queries or properly sanitize user input instead.
BenchmarkTest02184,CWE-89,data/benchmark/src/main/java/org/owasp/benchmark/testcode/BenchmarkTest02184.java,50,semgrep,1,single-tool,warning,Detected input from a HTTPServletRequest going into a SQL sink or statement. This could lead to SQL injection if variables in the SQL statement are not properly sanitized. Use parameterized SQL queries or properly sanitize user input instead.
BenchmarkTest02185,CWE-89,data/benchmark/src/main/java/org/owasp/benchmark/testcode/BenchmarkTest02185.java,51,semgrep;sonarqube,2,high (same CWE),MAJOR;warning,Detected input from a HTTPServletRequest going into a SQL sink or statement. This could lead to SQL injection if variables in the SQL statement are not properly sanitized. Use parameterized SQL queries or properly sanitize user input instead.
BenchmarkTest02186,CWE-89,data/benchmark/src/main/java/org/owasp/benchmark/testcode/BenchmarkTest02186.java,53,semgrep;sonarqube,2,high (same CWE),MAJOR;warning,Detected a formatted string in a SQL statement. This could lead to SQL injection if variables in the SQL statement are not properly sanitized. Use a prepared statements (java.sql.PreparedStatement) instead. You can obtain a PreparedStatement using 'connection.prepareStatement'.
BenchmarkTest02187,CWE-89,data/benchmark/src/main/java/org/owasp/benchmark/testcode/BenchmarkTest02187.java,53,semgrep;sonarqube,2,high (same CWE),MAJOR;warning,Detected a formatted string in a SQL statement. This could lead to SQL injection if variables in the SQL statement are not properly sanitized. Use a prepared statements (java.sql.PreparedStatement) instead. You can obtain a PreparedStatement using 'connection.prepareStatement'.
BenchmarkTest02188,CWE-89,data/benchmark/src/main/java/org/owasp/benchmark/testcode/BenchmarkTest02188.java,51,semgrep;sonarqube,2,high (same CWE),MAJOR;warning,Detected input from a HTTPServletRequest going into a SQL sink or statement. This could lead to SQL injection if variables in the SQL statement are not properly sanitized. Use parameterized SQL queries or properly sanitize user input instead.
BenchmarkTest02189,CWE-643,data/benchmark/src/main/java/org/owasp/benchmark/testcode/BenchmarkTest02189.java,65,semgrep,1,single-tool,warning,"Detected input from a HTTPServletRequest going into a XPath evaluate or compile command. This could lead to xpath injection if variables passed into the evaluate or compile commands are not properly sanitized. Xpath injection could lead to unauthorized access to sensitive information in XML documents. Instead, thoroughly sanitize user input or use parameterized xpath queries if you can."
BenchmarkTest02189,CWE-79,data/benchmark/src/main/java/org/owasp/benchmark/testcode/BenchmarkTest02189.java,72,semgrep,1,single-tool,warning,"Detected a request with potential user-input going into a OutputStream or Writer object. This bypasses any view or template environments, including HTML escaping, which may expose this application to cross-site scripting (XSS) vulnerabilities. Consider using a view technology such as JavaServer Faces (JSFs) which automatically escapes HTML views."
BenchmarkTest02192,CWE-326,data/benchmark/src/main/java/org/owasp/benchmark/testcode/BenchmarkTest02192.java,66,semgrep,1,high (same CWE),warning,Triple DES (3DES or DESede) is considered deprecated. AES is the recommended cipher. Upgrade to use AES.
BenchmarkTest02192,CWE-327,owasp-benchmark:data/benchmark/src/main/java/org/owasp/benchmark/testcode/BenchmarkTest02192.java,64,sonarqube,1,high (same CWE),CRITICAL,Use a strong cipher algorithm.
BenchmarkTest02193,CWE-326,data/benchmark/src/main/java/org/owasp/benchmark/testcode/BenchmarkTest02193.java,66,semgrep,1,high (same CWE),warning,Triple DES (3DES or DESede) is considered deprecated. AES is the recommended cipher. Upgrade to use AES.
BenchmarkTest02193,CWE-327,owasp-benchmark:data/benchmark/src/main/java/org/owasp/benchmark/testcode/BenchmarkTest02193.java,64,sonarqube,1,high (same CWE),CRITICAL,Use a strong cipher algorithm.
BenchmarkTest02194,CWE-326,data/benchmark/src/main/java/org/owasp/benchmark/testcode/BenchmarkTest02194.java,63,semgrep;sonarqube,2,"medium (same line, different CWE label)",CRITICAL;warning,DES is considered deprecated. AES is the recommended cipher. Upgrade to use AES. See https://www.nist.gov/news-events/news/2005/06/nist-withdraws-outdated-data-encryption-standard for more information.
BenchmarkTest02195,CWE-326,data/benchmark/src/main/java/org/owasp/benchmark/testcode/BenchmarkTest02195.java,63,semgrep;sonarqube,2,"medium (same line, different CWE label)",CRITICAL;warning,DES is considered deprecated. AES is the recommended cipher. Upgrade to use AES. See https://www.nist.gov/news-events/news/2005/06/nist-withdraws-outdated-data-encryption-standard for more information.
BenchmarkTest02196,CWE-90,data/benchmark/src/main/java/org/owasp/benchmark/testcode/BenchmarkTest02196.java,62,semgrep,1,single-tool,warning,"Detected input from a HTTPServletRequest going into an LDAP query. This could lead to LDAP injection if the input is not properly sanitized, which could result in attackers modifying objects in the LDAP tree structure. Ensure data passed to an LDAP query is not controllable or properly sanitize the data."
BenchmarkTest02197,CWE-22,data/benchmark/src/main/java/org/owasp/benchmark/testcode/BenchmarkTest02197.java,52,semgrep,1,single-tool,error,"Detected a potential path traversal. A malicious actor could control the location of this file, to include going backwards in the directory with '../'. To address this, ensure that user-controlled variables in file paths are sanitized. You may also consider using a utility method such as org.apache.commons.io.FilenameUtils.getName(...) to only retrieve the file name from the path."
BenchmarkTest02198,CWE-22,data/benchmark/src/main/java/org/owasp/benchmark/testcode/BenchmarkTest02198.java,52,semgrep,1,single-tool,error,"Detected a potential path traversal. A malicious actor could control the location of this file, to include going backwards in the directory with '../'. To address this, ensure that user-controlled variables in file paths are sanitized. You may also consider using a utility method such as org.apache.commons.io.FilenameUtils.getName(...) to only retrieve the file name from the path."
BenchmarkTest02199,CWE-22,data/benchmark/src/main/java/org/owasp/benchmark/testcode/BenchmarkTest02199.java,52,semgrep,1,single-tool,error,"Detected a potential path traversal. A malicious actor could control the location of this file, to include going backwards in the directory with '../'. To address this, ensure that user-controlled variables in file paths are sanitized. You may also consider using a utility method such as org.apache.commons.io.FilenameUtils.getName(...) to only retrieve the file name from the path."
BenchmarkTest02200,CWE-22,data/benchmark/src/main/java/org/owasp/benchmark/testcode/BenchmarkTest02200.java,52,semgrep,1,single-tool,error,"Detected a potential path traversal. A malicious actor could control the location of this file, to include going backwards in the directory with '../'. To address this, ensure that user-controlled variables in file paths are sanitized. You may also consider using a utility method such as org.apache.commons.io.FilenameUtils.getName(...) to only retrieve the file name from the path."
BenchmarkTest02201,CWE-22,data/benchmark/src/main/java/org/owasp/benchmark/testcode/BenchmarkTest02201.java,57,semgrep,1,single-tool,error,"Detected a potential path traversal. A malicious actor could control the location of this file, to include going backwards in the directory with '../'. To address this, ensure that user-controlled variables in file paths are sanitized. You may also consider using a utility method such as org.apache.commons.io.FilenameUtils.getName(...) to only retrieve the file name from the path."
BenchmarkTest02202,CWE-22,data/benchmark/src/main/java/org/owasp/benchmark/testcode/BenchmarkTest02202.java,58,semgrep,1,single-tool,error,"Detected a potential path traversal. A malicious actor could control the location of this file, to include going backwards in the directory with '../'. To address this, ensure that user-controlled variables in file paths are sanitized. You may also consider using a utility method such as org.apache.commons.io.FilenameUtils.getName(...) to only retrieve the file name from the path."
BenchmarkTest02202,CWE-22,data/benchmark/src/main/java/org/owasp/benchmark/testcode/BenchmarkTest02202.java,71,semgrep,1,single-tool,error,"Detected a potential path traversal. A malicious actor could control the location of this file, to include going backwards in the directory with '../'. To address this, ensure that user-controlled variables in file paths are sanitized. You may also consider using a utility method such as org.apache.commons.io.FilenameUtils.getName(...) to only retrieve the file name from the path."
BenchmarkTest02203,CWE-22,data/benchmark/src/main/java/org/owasp/benchmark/testcode/BenchmarkTest02203.java,58,semgrep,1,single-tool,error,"Detected a potential path traversal. A malicious actor could control the location of this file, to include going backwards in the directory with '../'. To address this, ensure that user-controlled variables in file paths are sanitized. You may also consider using a utility method such as org.apache.commons.io.FilenameUtils.getName(...) to only retrieve the file name from the path."
BenchmarkTest02203,CWE-22,data/benchmark/src/main/java/org/owasp/benchmark/testcode/BenchmarkTest02203.java,71,semgrep,1,single-tool,error,"Detected a potential path traversal. A malicious actor could control the location of this file, to include going backwards in the directory with '../'. To address this, ensure that user-controlled variables in file paths are sanitized. You may also consider using a utility method such as org.apache.commons.io.FilenameUtils.getName(...) to only retrieve the file name from the path."
BenchmarkTest02204,CWE-22,data/benchmark/src/main/java/org/owasp/benchmark/testcode/BenchmarkTest02204.java,63,semgrep,1,single-tool,error,"Detected a potential path traversal. A malicious actor could control the location of this file, to include going backwards in the directory with '../'. To address this, ensure that user-controlled variables in file paths are sanitized. You may also consider using a utility method such as org.apache.commons.io.FilenameUtils.getName(...) to only retrieve the file name from the path."
BenchmarkTest02205,CWE-22,data/benchmark/src/main/java/org/owasp/benchmark/testcode/BenchmarkTest02205.java,58,semgrep,1,single-tool,error,"Detected a potential path traversal. A malicious actor could control the location of this file, to include going backwards in the directory with '../'. To address this, ensure that user-controlled variables in file paths are sanitized. You may also consider using a utility method such as org.apache.commons.io.FilenameUtils.getName(...) to only retrieve the file name from the path."
BenchmarkTest02205,CWE-22,data/benchmark/src/main/java/org/owasp/benchmark/testcode/BenchmarkTest02205.java,71,semgrep,1,single-tool,error,"Detected a potential path traversal. A malicious actor could control the location of this file, to include going backwards in the directory with '../'. To address this, ensure that user-controlled variables in file paths are sanitized. You may also consider using a utility method such as org.apache.commons.io.FilenameUtils.getName(...) to only retrieve the file name from the path."
BenchmarkTest02208,CWE-90,data/benchmark/src/main/java/org/owasp/benchmark/testcode/BenchmarkTest02208.java,66,semgrep,1,single-tool,warning,"Detected input from a HTTPServletRequest going into an LDAP query. This could lead to LDAP injection if the input is not properly sanitized, which could result in attackers modifying objects in the LDAP tree structure. Ensure data passed to an LDAP query is not controllable or properly sanitize the data."
BenchmarkTest02209,CWE-330,data/benchmark/src/main/java/org/owasp/benchmark/testcode/BenchmarkTest02209.java,52,semgrep;sonarqube,2,"medium (same line, different CWE label)",MAJOR;warning,"Detected use of the functions `Math.random()` or `java.util.Random()`. These are both not cryptographically strong random number generators (RNGs). If you are using these RNGs to create passwords or secret tokens, use `java.security.SecureRandom` instead."
BenchmarkTest02211,CWE-328,data/benchmark/src/main/java/org/owasp/benchmark/testcode/BenchmarkTest02211.java,53,semgrep;sonarqube,2,"medium (same line, different CWE label)",CRITICAL;warning,"Detected SHA1 hash algorithm which is considered insecure. SHA1 is not collision resistant and is therefore not suitable as a cryptographic signature. Instead, use PBKDF2 for password hashing or SHA256 or SHA512 for other hash function applications."
BenchmarkTest02212,CWE-328,data/benchmark/src/main/java/org/owasp/benchmark/testcode/BenchmarkTest02212.java,53,semgrep;sonarqube,2,"medium (same line, different CWE label)",CRITICAL;warning,"Detected SHA1 hash algorithm which is considered insecure. SHA1 is not collision resistant and is therefore not suitable as a cryptographic signature. Instead, use PBKDF2 for password hashing or SHA256 or SHA512 for other hash function applications."
BenchmarkTest02213,CWE-328,data/benchmark/src/main/java/org/owasp/benchmark/testcode/BenchmarkTest02213.java,53,semgrep;sonarqube,2,"medium (same line, different CWE label)",CRITICAL;warning,"Detected SHA1 hash algorithm which is considered insecure. SHA1 is not collision resistant and is therefore not suitable as a cryptographic signature. Instead, use PBKDF2 for password hashing or SHA256 or SHA512 for other hash function applications."
BenchmarkTest02217,CWE-328,data/benchmark/src/main/java/org/owasp/benchmark/testcode/BenchmarkTest02217.java,53,semgrep;sonarqube,2,"medium (same line, different CWE label)",CRITICAL;warning,Detected MD5 hash algorithm which is considered insecure. MD5 is not collision resistant and is therefore not suitable as a cryptographic signature. Use HMAC instead.
BenchmarkTest02221,CWE-79,data/benchmark/src/main/java/org/owasp/benchmark/testcode/BenchmarkTest02221.java,56,semgrep,1,single-tool,warning,"Detected a request with potential user-input going into a OutputStream or Writer object. This bypasses any view or template environments, including HTML escaping, which may expose this application to cross-site scripting (XSS) vulnerabilities. Consider using a view technology such as JavaServer Faces (JSFs) which automatically escapes HTML views."
BenchmarkTest02222,CWE-79,data/benchmark/src/main/java/org/owasp/benchmark/testcode/BenchmarkTest02222.java,54,semgrep,1,single-tool,warning,"Detected a request with potential user-input going into a OutputStream or Writer object. This bypasses any view or template environments, including HTML escaping, which may expose this application to cross-site scripting (XSS) vulnerabilities. Consider using a view technology such as JavaServer Faces (JSFs) which automatically escapes HTML views."
BenchmarkTest02223,CWE-79,data/benchmark/src/main/java/org/owasp/benchmark/testcode/BenchmarkTest02223.java,54,semgrep,1,single-tool,warning,"Detected a request with potential user-input going into a OutputStream or Writer object. This bypasses any view or template environments, including HTML escaping, which may expose this application to cross-site scripting (XSS) vulnerabilities. Consider using a view technology such as JavaServer Faces (JSFs) which automatically escapes HTML views."
BenchmarkTest02224,CWE-79,data/benchmark/src/main/java/org/owasp/benchmark/testcode/BenchmarkTest02224.java,54,semgrep,1,single-tool,warning,"Detected a request with potential user-input going into a OutputStream or Writer object. This bypasses any view or template environments, including HTML escaping, which may expose this application to cross-site scripting (XSS) vulnerabilities. Consider using a view technology such as JavaServer Faces (JSFs) which automatically escapes HTML views."
BenchmarkTest02225,CWE-79,data/benchmark/src/main/java/org/owasp/benchmark/testcode/BenchmarkTest02225.java,54,semgrep,1,single-tool,warning,"Detected a request with potential user-input going into a OutputStream or Writer object. This bypasses any view or template environments, including HTML escaping, which may expose this application to cross-site scripting (XSS) vulnerabilities. Consider using a view technology such as JavaServer Faces (JSFs) which automatically escapes HTML views."
BenchmarkTest02226,CWE-79,data/benchmark/src/main/java/org/owasp/benchmark/testcode/BenchmarkTest02226.java,53,semgrep,1,single-tool,warning,"Detected a request with potential user-input going into a OutputStream or Writer object. This bypasses any view or template environments, including HTML escaping, which may expose this application to cross-site scripting (XSS) vulnerabilities. Consider using a view technology such as JavaServer Faces (JSFs) which automatically escapes HTML views."
BenchmarkTest02227,CWE-79,data/benchmark/src/main/java/org/owasp/benchmark/testcode/BenchmarkTest02227.java,53,semgrep,1,single-tool,warning,"Detected a request with potential user-input going into a OutputStream or Writer object. This bypasses any view or template environments, including HTML escaping, which may expose this application to cross-site scripting (XSS) vulnerabilities. Consider using a view technology such as JavaServer Faces (JSFs) which automatically escapes HTML views."
BenchmarkTest02228,CWE-79,data/benchmark/src/main/java/org/owasp/benchmark/testcode/BenchmarkTest02228.java,53,semgrep,1,single-tool,warning,"Detected a request with potential user-input going into a OutputStream or Writer object. This bypasses any view or template environments, including HTML escaping, which may expose this application to cross-site scripting (XSS) vulnerabilities. Consider using a view technology such as JavaServer Faces (JSFs) which automatically escapes HTML views."
BenchmarkTest02229,CWE-79,data/benchmark/src/main/java/org/owasp/benchmark/testcode/BenchmarkTest02229.java,54,semgrep,1,single-tool,warning,"Detected a request with potential user-input going into a OutputStream or Writer object. This bypasses any view or template environments, including HTML escaping, which may expose this application to cross-site scripting (XSS) vulnerabilities. Consider using a view technology such as JavaServer Faces (JSFs) which automatically escapes HTML views."
BenchmarkTest02230,CWE-79,data/benchmark/src/main/java/org/owasp/benchmark/testcode/BenchmarkTest02230.java,54,semgrep,1,single-tool,warning,"Detected a request with potential user-input going into a OutputStream or Writer object. This bypasses any view or template environments, including HTML escaping, which may expose this application to cross-site scripting (XSS) vulnerabilities. Consider using a view technology such as JavaServer Faces (JSFs) which automatically escapes HTML views."
BenchmarkTest02231,CWE-79,data/benchmark/src/main/java/org/owasp/benchmark/testcode/BenchmarkTest02231.java,54,semgrep,1,single-tool,warning,"Detected a request with potential user-input going into a OutputStream or Writer object. This bypasses any view or template environments, including HTML escaping, which may expose this application to cross-site scripting (XSS) vulnerabilities. Consider using a view technology such as JavaServer Faces (JSFs) which automatically escapes HTML views."
BenchmarkTest02232,CWE-79,data/benchmark/src/main/java/org/owasp/benchmark/testcode/BenchmarkTest02232.java,54,semgrep,1,single-tool,warning,"Detected a request with potential user-input going into a OutputStream or Writer object. This bypasses any view or template environments, including HTML escaping, which may expose this application to cross-site scripting (XSS) vulnerabilities. Consider using a view technology such as JavaServer Faces (JSFs) which automatically escapes HTML views."
BenchmarkTest02233,CWE-79,data/benchmark/src/main/java/org/owasp/benchmark/testcode/BenchmarkTest02233.java,54,semgrep,1,single-tool,warning,"Detected a request with potential user-input going into a OutputStream or Writer object. This bypasses any view or template environments, including HTML escaping, which may expose this application to cross-site scripting (XSS) vulnerabilities. Consider using a view technology such as JavaServer Faces (JSFs) which automatically escapes HTML views."
BenchmarkTest02234,CWE-79,data/benchmark/src/main/java/org/owasp/benchmark/testcode/BenchmarkTest02234.java,54,semgrep,1,single-tool,warning,"Detected a request with potential user-input going into a OutputStream or Writer object. This bypasses any view or template environments, including HTML escaping, which may expose this application to cross-site scripting (XSS) vulnerabilities. Consider using a view technology such as JavaServer Faces (JSFs) which automatically escapes HTML views."
BenchmarkTest02235,CWE-79,data/benchmark/src/main/java/org/owasp/benchmark/testcode/BenchmarkTest02235.java,53,semgrep,1,single-tool,warning,"Detected a request with potential user-input going into a OutputStream or Writer object. This bypasses any view or template environments, including HTML escaping, which may expose this application to cross-site scripting (XSS) vulnerabilities. Consider using a view technology such as JavaServer Faces (JSFs) which automatically escapes HTML views."
BenchmarkTest02236,CWE-79,data/benchmark/src/main/java/org/owasp/benchmark/testcode/BenchmarkTest02236.java,53,semgrep,1,single-tool,warning,"Detected a request with potential user-input going into a OutputStream or Writer object. This bypasses any view or template environments, including HTML escaping, which may expose this application to cross-site scripting (XSS) vulnerabilities. Consider using a view technology such as JavaServer Faces (JSFs) which automatically escapes HTML views."
BenchmarkTest02237,CWE-79,data/benchmark/src/main/java/org/owasp/benchmark/testcode/BenchmarkTest02237.java,53,semgrep,1,single-tool,warning,"Detected a request with potential user-input going into a OutputStream or Writer object. This bypasses any view or template environments, including HTML escaping, which may expose this application to cross-site scripting (XSS) vulnerabilities. Consider using a view technology such as JavaServer Faces (JSFs) which automatically escapes HTML views."
BenchmarkTest02238,CWE-79,data/benchmark/src/main/java/org/owasp/benchmark/testcode/BenchmarkTest02238.java,53,semgrep,1,single-tool,warning,"Detected a request with potential user-input going into a OutputStream or Writer object. This bypasses any view or template environments, including HTML escaping, which may expose this application to cross-site scripting (XSS) vulnerabilities. Consider using a view technology such as JavaServer Faces (JSFs) which automatically escapes HTML views."
BenchmarkTest02239,CWE-79,data/benchmark/src/main/java/org/owasp/benchmark/testcode/BenchmarkTest02239.java,53,semgrep,1,single-tool,warning,"Detected a request with potential user-input going into a OutputStream or Writer object. This bypasses any view or template environments, including HTML escaping, which may expose this application to cross-site scripting (XSS) vulnerabilities. Consider using a view technology such as JavaServer Faces (JSFs) which automatically escapes HTML views."
BenchmarkTest02240,CWE-79,data/benchmark/src/main/java/org/owasp/benchmark/testcode/BenchmarkTest02240.java,53,semgrep,1,single-tool,warning,"Detected a request with potential user-input going into a OutputStream or Writer object. This bypasses any view or template environments, including HTML escaping, which may expose this application to cross-site scripting (XSS) vulnerabilities. Consider using a view technology such as JavaServer Faces (JSFs) which automatically escapes HTML views."
BenchmarkTest02241,CWE-79,data/benchmark/src/main/java/org/owasp/benchmark/testcode/BenchmarkTest02241.java,53,semgrep,1,single-tool,warning,"Detected a request with potential user-input going into a OutputStream or Writer object. This bypasses any view or template environments, including HTML escaping, which may expose this application to cross-site scripting (XSS) vulnerabilities. Consider using a view technology such as JavaServer Faces (JSFs) which automatically escapes HTML views."
BenchmarkTest02242,CWE-78,data/benchmark/src/main/java/org/owasp/benchmark/testcode/BenchmarkTest02242.java,62,semgrep,1,high (same CWE),error,"Detected input from a HTTPServletRequest going into a 'ProcessBuilder' or 'exec' command. This could lead to command injection if variables passed into the exec commands are not properly sanitized. Instead, avoid using these OS commands with user-supplied input, or, if you must use these commands, use a whitelist of specific values."
BenchmarkTest02243,CWE-78,data/benchmark/src/main/java/org/owasp/benchmark/testcode/BenchmarkTest02243.java,62,semgrep,1,high (same CWE),error,"Detected input from a HTTPServletRequest going into a 'ProcessBuilder' or 'exec' command. This could lead to command injection if variables passed into the exec commands are not properly sanitized. Instead, avoid using these OS commands with user-supplied input, or, if you must use these commands, use a whitelist of specific values."
BenchmarkTest02244,CWE-78,data/benchmark/src/main/java/org/owasp/benchmark/testcode/BenchmarkTest02244.java,62,semgrep,1,high (same CWE),error,"Detected input from a HTTPServletRequest going into a 'ProcessBuilder' or 'exec' command. This could lead to command injection if variables passed into the exec commands are not properly sanitized. Instead, avoid using these OS commands with user-supplied input, or, if you must use these commands, use a whitelist of specific values."
BenchmarkTest02245,CWE-330,data/benchmark/src/main/java/org/owasp/benchmark/testcode/BenchmarkTest02245.java,52,semgrep;sonarqube,2,"medium (same line, different CWE label)",MAJOR;warning,"Detected use of the functions `Math.random()` or `java.util.Random()`. These are both not cryptographically strong random number generators (RNGs). If you are using these RNGs to create passwords or secret tokens, use `java.security.SecureRandom` instead."
BenchmarkTest02246,CWE-330,data/benchmark/src/main/java/org/owasp/benchmark/testcode/BenchmarkTest02246.java,52,semgrep;sonarqube,2,"medium (same line, different CWE label)",MAJOR;warning,"Detected use of the functions `Math.random()` or `java.util.Random()`. These are both not cryptographically strong random number generators (RNGs). If you are using these RNGs to create passwords or secret tokens, use `java.security.SecureRandom` instead."
BenchmarkTest02249,CWE-78,data/benchmark/src/main/java/org/owasp/benchmark/testcode/BenchmarkTest02249.java,61,semgrep,1,single-tool,error,"Detected input from a HTTPServletRequest going into a 'ProcessBuilder' or 'exec' command. This could lead to command injection if variables passed into the exec commands are not properly sanitized. Instead, avoid using these OS commands with user-supplied input, or, if you must use these commands, use a whitelist of specific values."
BenchmarkTest02250,CWE-78,data/benchmark/src/main/java/org/owasp/benchmark/testcode/BenchmarkTest02250.java,61,semgrep,1,single-tool,error,"Detected input from a HTTPServletRequest going into a 'ProcessBuilder' or 'exec' command. This could lead to command injection if variables passed into the exec commands are not properly sanitized. Instead, avoid using these OS commands with user-supplied input, or, if you must use these commands, use a whitelist of specific values."
BenchmarkTest02251,CWE-78,data/benchmark/src/main/java/org/owasp/benchmark/testcode/BenchmarkTest02251.java,73,semgrep,1,single-tool,error,"Detected input from a HTTPServletRequest going into a 'ProcessBuilder' or 'exec' command. This could lead to command injection if variables passed into the exec commands are not properly sanitized. Instead, avoid using these OS commands with user-supplied input, or, if you must use these commands, use a whitelist of specific values."
BenchmarkTest02252,CWE-78,data/benchmark/src/main/java/org/owasp/benchmark/testcode/BenchmarkTest02252.java,75,semgrep,1,single-tool,error,"Detected input from a HTTPServletRequest going into a 'ProcessBuilder' or 'exec' command. This could lead to command injection if variables passed into the exec commands are not properly sanitized. Instead, avoid using these OS commands with user-supplied input, or, if you must use these commands, use a whitelist of specific values."
BenchmarkTest02253,CWE-78,data/benchmark/src/main/java/org/owasp/benchmark/testcode/BenchmarkTest02253.java,75,semgrep,1,single-tool,error,"Detected input from a HTTPServletRequest going into a 'ProcessBuilder' or 'exec' command. This could lead to command injection if variables passed into the exec commands are not properly sanitized. Instead, avoid using these OS commands with user-supplied input, or, if you must use these commands, use a whitelist of specific values."
BenchmarkTest02261,CWE-79,data/benchmark/src/main/java/org/owasp/benchmark/testcode/BenchmarkTest02261.java,55,semgrep,1,single-tool,warning,"Detected a request with potential user-input going into a OutputStream or Writer object. This bypasses any view or template environments, including HTML escaping, which may expose this application to cross-site scripting (XSS) vulnerabilities. Consider using a view technology such as JavaServer Faces (JSFs) which automatically escapes HTML views."
BenchmarkTest02262,CWE-501,data/benchmark/src/main/java/org/owasp/benchmark/testcode/BenchmarkTest02262.java,53,semgrep,1,single-tool,warning,"Detected input from a HTTPServletRequest going into a session command, like `setAttribute`. User input into such a command could lead to an attacker inputting malicious code into your session parameters, blurring the line between what's trusted and untrusted, and therefore leading to a trust boundary violation. This could lead to programmers trusting unvalidated data. Instead, thoroughly sanitize user input before passing it into such function calls."
BenchmarkTest02262,CWE-79,data/benchmark/src/main/java/org/owasp/benchmark/testcode/BenchmarkTest02262.java,55,semgrep,1,single-tool,warning,"Detected a request with potential user-input going into a OutputStream or Writer object. This bypasses any view or template environments, including HTML escaping, which may expose this application to cross-site scripting (XSS) vulnerabilities. Consider using a view technology such as JavaServer Faces (JSFs) which automatically escapes HTML views."
BenchmarkTest02263,CWE-79,data/benchmark/src/main/java/org/owasp/benchmark/testcode/BenchmarkTest02263.java,55,semgrep,1,single-tool,warning,"Detected a request with potential user-input going into a OutputStream or Writer object. This bypasses any view or template environments, including HTML escaping, which may expose this application to cross-site scripting (XSS) vulnerabilities. Consider using a view technology such as JavaServer Faces (JSFs) which automatically escapes HTML views."
BenchmarkTest02264,CWE-89,data/benchmark/src/main/java/org/owasp/benchmark/testcode/BenchmarkTest02264.java,57,semgrep;sonarqube,2,high (same CWE),MAJOR;warning,Detected input from a HTTPServletRequest going into a SQL sink or statement. This could lead to SQL injection if variables in the SQL statement are not properly sanitized. Use parameterized SQL queries or properly sanitize user input instead.
BenchmarkTest02265,CWE-89,data/benchmark/src/main/java/org/owasp/benchmark/testcode/BenchmarkTest02265.java,57,semgrep;sonarqube,2,high (same CWE),MAJOR;warning,Detected input from a HTTPServletRequest going into a SQL sink or statement. This could lead to SQL injection if variables in the SQL statement are not properly sanitized. Use parameterized SQL queries or properly sanitize user input instead.
BenchmarkTest02266,CWE-89,data/benchmark/src/main/java/org/owasp/benchmark/testcode/BenchmarkTest02266.java,57,semgrep;sonarqube,2,high (same CWE),MAJOR;warning,Detected input from a HTTPServletRequest going into a SQL sink or statement. This could lead to SQL injection if variables in the SQL statement are not properly sanitized. Use parameterized SQL queries or properly sanitize user input instead.
BenchmarkTest02267,CWE-89,data/benchmark/src/main/java/org/owasp/benchmark/testcode/BenchmarkTest02267.java,57,semgrep;sonarqube,2,high (same CWE),MAJOR;warning,Detected input from a HTTPServletRequest going into a SQL sink or statement. This could lead to SQL injection if variables in the SQL statement are not properly sanitized. Use parameterized SQL queries or properly sanitize user input instead.
BenchmarkTest02268,CWE-89,data/benchmark/src/main/java/org/owasp/benchmark/testcode/BenchmarkTest02268.java,57,semgrep;sonarqube,2,high (same CWE),MAJOR;warning,Detected input from a HTTPServletRequest going into a SQL sink or statement. This could lead to SQL injection if variables in the SQL statement are not properly sanitized. Use parameterized SQL queries or properly sanitize user input instead.
BenchmarkTest02269,CWE-89,data/benchmark/src/main/java/org/owasp/benchmark/testcode/BenchmarkTest02269.java,57,semgrep;sonarqube,2,high (same CWE),MAJOR;warning,Detected input from a HTTPServletRequest going into a SQL sink or statement. This could lead to SQL injection if variables in the SQL statement are not properly sanitized. Use parameterized SQL queries or properly sanitize user input instead.
BenchmarkTest02270,CWE-89,data/benchmark/src/main/java/org/owasp/benchmark/testcode/BenchmarkTest02270.java,57,semgrep;sonarqube,2,high (same CWE),MAJOR;warning,Detected input from a HTTPServletRequest going into a SQL sink or statement. This could lead to SQL injection if variables in the SQL statement are not properly sanitized. Use parameterized SQL queries or properly sanitize user input instead.
BenchmarkTest02271,CWE-89,data/benchmark/src/main/java/org/owasp/benchmark/testcode/BenchmarkTest02271.java,57,semgrep;sonarqube,2,high (same CWE),MAJOR;warning,Detected input from a HTTPServletRequest going into a SQL sink or statement. This could lead to SQL injection if variables in the SQL statement are not properly sanitized. Use parameterized SQL queries or properly sanitize user input instead.
BenchmarkTest02272,CWE-89,data/benchmark/src/main/java/org/owasp/benchmark/testcode/BenchmarkTest02272.java,55,semgrep,1,single-tool,warning,Detected input from a HTTPServletRequest going into a SQL sink or statement. This could lead to SQL injection if variables in the SQL statement are not properly sanitized. Use parameterized SQL queries or properly sanitize user input instead.
BenchmarkTest02273,CWE-89,data/benchmark/src/main/java/org/owasp/benchmark/testcode/BenchmarkTest02273.java,55,semgrep,1,single-tool,warning,Detected input from a HTTPServletRequest going into a SQL sink or statement. This could lead to SQL injection if variables in the SQL statement are not properly sanitized. Use parameterized SQL queries or properly sanitize user input instead.
BenchmarkTest02274,CWE-89,data/benchmark/src/main/java/org/owasp/benchmark/testcode/BenchmarkTest02274.java,54,semgrep,1,single-tool,warning,Detected input from a HTTPServletRequest going into a SQL sink or statement. This could lead to SQL injection if variables in the SQL statement are not properly sanitized. Use parameterized SQL queries or properly sanitize user input instead.
BenchmarkTest02275,CWE-89,data/benchmark/src/main/java/org/owasp/benchmark/testcode/BenchmarkTest02275.java,57,semgrep,1,single-tool,warning,Detected input from a HTTPServletRequest going into a SQL sink or statement. This could lead to SQL injection if variables in the SQL statement are not properly sanitized. Use parameterized SQL queries or properly sanitize user input instead.
BenchmarkTest02275,CWE-79,data/benchmark/src/main/java/org/owasp/benchmark/testcode/BenchmarkTest02275.java,60,semgrep,1,single-tool,warning,"Detected a request with potential user-input going into a OutputStream or Writer object. This bypasses any view or template environments, including HTML escaping, which may expose this application to cross-site scripting (XSS) vulnerabilities. Consider using a view technology such as JavaServer Faces (JSFs) which automatically escapes HTML views."
BenchmarkTest02276,CWE-89,data/benchmark/src/main/java/org/owasp/benchmark/testcode/BenchmarkTest02276.java,57,semgrep,1,single-tool,warning,Detected input from a HTTPServletRequest going into a SQL sink or statement. This could lead to SQL injection if variables in the SQL statement are not properly sanitized. Use parameterized SQL queries or properly sanitize user input instead.
BenchmarkTest02276,CWE-79,data/benchmark/src/main/java/org/owasp/benchmark/testcode/BenchmarkTest02276.java,60,semgrep,1,single-tool,warning,"Detected a request with potential user-input going into a OutputStream or Writer object. This bypasses any view or template environments, including HTML escaping, which may expose this application to cross-site scripting (XSS) vulnerabilities. Consider using a view technology such as JavaServer Faces (JSFs) which automatically escapes HTML views."
BenchmarkTest02277,CWE-89,data/benchmark/src/main/java/org/owasp/benchmark/testcode/BenchmarkTest02277.java,55,semgrep,1,single-tool,warning,Detected input from a HTTPServletRequest going into a SQL sink or statement. This could lead to SQL injection if variables in the SQL statement are not properly sanitized. Use parameterized SQL queries or properly sanitize user input instead.
BenchmarkTest02278,CWE-89,data/benchmark/src/main/java/org/owasp/benchmark/testcode/BenchmarkTest02278.java,56,semgrep,1,single-tool,warning,Detected input from a HTTPServletRequest going into a SQL sink or statement. This could lead to SQL injection if variables in the SQL statement are not properly sanitized. Use parameterized SQL queries or properly sanitize user input instead.
BenchmarkTest02278,CWE-79,data/benchmark/src/main/java/org/owasp/benchmark/testcode/BenchmarkTest02278.java,59,semgrep,1,single-tool,warning,"Detected a request with potential user-input going into a OutputStream or Writer object. This bypasses any view or template environments, including HTML escaping, which may expose this application to cross-site scripting (XSS) vulnerabilities. Consider using a view technology such as JavaServer Faces (JSFs) which automatically escapes HTML views."
BenchmarkTest02279,CWE-89,data/benchmark/src/main/java/org/owasp/benchmark/testcode/BenchmarkTest02279.java,56,semgrep,1,single-tool,warning,Detected input from a HTTPServletRequest going into a SQL sink or statement. This could lead to SQL injection if variables in the SQL statement are not properly sanitized. Use parameterized SQL queries or properly sanitize user input instead.
BenchmarkTest02279,CWE-79,data/benchmark/src/main/java/org/owasp/benchmark/testcode/BenchmarkTest02279.java,59,semgrep,1,single-tool,warning,"Detected a request with potential user-input going into a OutputStream or Writer object. This bypasses any view or template environments, including HTML escaping, which may expose this application to cross-site scripting (XSS) vulnerabilities. Consider using a view technology such as JavaServer Faces (JSFs) which automatically escapes HTML views."
BenchmarkTest02280,CWE-89,data/benchmark/src/main/java/org/owasp/benchmark/testcode/BenchmarkTest02280.java,56,semgrep,1,single-tool,warning,Detected input from a HTTPServletRequest going into a SQL sink or statement. This could lead to SQL injection if variables in the SQL statement are not properly sanitized. Use parameterized SQL queries or properly sanitize user input instead.
BenchmarkTest02280,CWE-79,data/benchmark/src/main/java/org/owasp/benchmark/testcode/BenchmarkTest02280.java,59,semgrep,1,single-tool,warning,"Detected a request with potential user-input going into a OutputStream or Writer object. This bypasses any view or template environments, including HTML escaping, which may expose this application to cross-site scripting (XSS) vulnerabilities. Consider using a view technology such as JavaServer Faces (JSFs) which automatically escapes HTML views."
BenchmarkTest02281,CWE-89,data/benchmark/src/main/java/org/owasp/benchmark/testcode/BenchmarkTest02281.java,55,semgrep,1,single-tool,warning,Detected input from a HTTPServletRequest going into a SQL sink or statement. This could lead to SQL injection if variables in the SQL statement are not properly sanitized. Use parameterized SQL queries or properly sanitize user input instead.
BenchmarkTest02282,CWE-89,data/benchmark/src/main/java/org/owasp/benchmark/testcode/BenchmarkTest02282.java,55,semgrep,1,single-tool,warning,Detected input from a HTTPServletRequest going into a SQL sink or statement. This could lead to SQL injection if variables in the SQL statement are not properly sanitized. Use parameterized SQL queries or properly sanitize user input instead.
BenchmarkTest02283,CWE-89,data/benchmark/src/main/java/org/owasp/benchmark/testcode/BenchmarkTest02283.java,57,semgrep;sonarqube,2,high (same CWE),MAJOR;warning,Detected a formatted string in a SQL statement. This could lead to SQL injection if variables in the SQL statement are not properly sanitized. Use a prepared statements (java.sql.PreparedStatement) instead. You can obtain a PreparedStatement using 'connection.prepareStatement'.
BenchmarkTest02284,CWE-89,data/benchmark/src/main/java/org/owasp/benchmark/testcode/BenchmarkTest02284.java,57,semgrep;sonarqube,2,high (same CWE),MAJOR;warning,Detected a formatted string in a SQL statement. This could lead to SQL injection if variables in the SQL statement are not properly sanitized. Use a prepared statements (java.sql.PreparedStatement) instead. You can obtain a PreparedStatement using 'connection.prepareStatement'.
BenchmarkTest02285,CWE-89,data/benchmark/src/main/java/org/owasp/benchmark/testcode/BenchmarkTest02285.java,57,semgrep;sonarqube,2,high (same CWE),MAJOR;warning,Detected a formatted string in a SQL statement. This could lead to SQL injection if variables in the SQL statement are not properly sanitized. Use a prepared statements (java.sql.PreparedStatement) instead. You can obtain a PreparedStatement using 'connection.prepareStatement'.
BenchmarkTest02286,CWE-89,data/benchmark/src/main/java/org/owasp/benchmark/testcode/BenchmarkTest02286.java,55,semgrep;sonarqube,2,high (same CWE),MAJOR;warning,Detected input from a HTTPServletRequest going into a SQL sink or statement. This could lead to SQL injection if variables in the SQL statement are not properly sanitized. Use parameterized SQL queries or properly sanitize user input instead.
BenchmarkTest02287,CWE-89,data/benchmark/src/main/java/org/owasp/benchmark/testcode/BenchmarkTest02287.java,55,semgrep;sonarqube,2,high (same CWE),MAJOR;warning,Detected input from a HTTPServletRequest going into a SQL sink or statement. This could lead to SQL injection if variables in the SQL statement are not properly sanitized. Use parameterized SQL queries or properly sanitize user input instead.
BenchmarkTest02288,CWE-89,data/benchmark/src/main/java/org/owasp/benchmark/testcode/BenchmarkTest02288.java,55,semgrep;sonarqube,2,high (same CWE),MAJOR;warning,Detected input from a HTTPServletRequest going into a SQL sink or statement. This could lead to SQL injection if variables in the SQL statement are not properly sanitized. Use parameterized SQL queries or properly sanitize user input instead.
BenchmarkTest02290,CWE-326,data/benchmark/src/main/java/org/owasp/benchmark/testcode/BenchmarkTest02290.java,76,semgrep,1,high (same CWE),warning,Triple DES (3DES or DESede) is considered deprecated. AES is the recommended cipher. Upgrade to use AES.
BenchmarkTest02290,CWE-327,owasp-benchmark:data/benchmark/src/main/java/org/owasp/benchmark/testcode/BenchmarkTest02290.java,74,sonarqube,1,high (same CWE),CRITICAL,Use another cipher mode or disable padding.
BenchmarkTest02291,CWE-326,data/benchmark/src/main/java/org/owasp/benchmark/testcode/BenchmarkTest02291.java,76,semgrep,1,high (same CWE),warning,Triple DES (3DES or DESede) is considered deprecated. AES is the recommended cipher. Upgrade to use AES.
BenchmarkTest02291,CWE-327,owasp-benchmark:data/benchmark/src/main/java/org/owasp/benchmark/testcode/BenchmarkTest02291.java,74,sonarqube,1,high (same CWE),CRITICAL,Use another cipher mode or disable padding.
BenchmarkTest02292,CWE-326,data/benchmark/src/main/java/org/owasp/benchmark/testcode/BenchmarkTest02292.java,76,semgrep,1,high (same CWE),warning,Triple DES (3DES or DESede) is considered deprecated. AES is the recommended cipher. Upgrade to use AES.
BenchmarkTest02292,CWE-327,owasp-benchmark:data/benchmark/src/main/java/org/owasp/benchmark/testcode/BenchmarkTest02292.java,74,sonarqube,1,high (same CWE),CRITICAL,Use another cipher mode or disable padding.
BenchmarkTest02293,CWE-326,data/benchmark/src/main/java/org/owasp/benchmark/testcode/BenchmarkTest02293.java,73,semgrep;sonarqube,2,"medium (same line, different CWE label)",CRITICAL;warning,DES is considered deprecated. AES is the recommended cipher. Upgrade to use AES. See https://www.nist.gov/news-events/news/2005/06/nist-withdraws-outdated-data-encryption-standard for more information.
BenchmarkTest02294,CWE-326,data/benchmark/src/main/java/org/owasp/benchmark/testcode/BenchmarkTest02294.java,73,semgrep;sonarqube,2,"medium (same line, different CWE label)",CRITICAL;warning,DES is considered deprecated. AES is the recommended cipher. Upgrade to use AES. See https://www.nist.gov/news-events/news/2005/06/nist-withdraws-outdated-data-encryption-standard for more information.
BenchmarkTest02295,CWE-326,data/benchmark/src/main/java/org/owasp/benchmark/testcode/BenchmarkTest02295.java,73,semgrep;sonarqube,2,"medium (same line, different CWE label)",CRITICAL;warning,DES is considered deprecated. AES is the recommended cipher. Upgrade to use AES. See https://www.nist.gov/news-events/news/2005/06/nist-withdraws-outdated-data-encryption-standard for more information.
BenchmarkTest02299,CWE-90,data/benchmark/src/main/java/org/owasp/benchmark/testcode/BenchmarkTest02299.java,72,semgrep,1,single-tool,warning,"Detected input from a HTTPServletRequest going into an LDAP query. This could lead to LDAP injection if the input is not properly sanitized, which could result in attackers modifying objects in the LDAP tree structure. Ensure data passed to an LDAP query is not controllable or properly sanitize the data."
BenchmarkTest02300,CWE-22,data/benchmark/src/main/java/org/owasp/benchmark/testcode/BenchmarkTest02300.java,62,semgrep,1,single-tool,error,"Detected a potential path traversal. A malicious actor could control the location of this file, to include going backwards in the directory with '../'. To address this, ensure that user-controlled variables in file paths are sanitized. You may also consider using a utility method such as org.apache.commons.io.FilenameUtils.getName(...) to only retrieve the file name from the path."
BenchmarkTest02301,CWE-22,data/benchmark/src/main/java/org/owasp/benchmark/testcode/BenchmarkTest02301.java,62,semgrep,1,single-tool,error,"Detected a potential path traversal. A malicious actor could control the location of this file, to include going backwards in the directory with '../'. To address this, ensure that user-controlled variables in file paths are sanitized. You may also consider using a utility method such as org.apache.commons.io.FilenameUtils.getName(...) to only retrieve the file name from the path."
BenchmarkTest02302,CWE-22,data/benchmark/src/main/java/org/owasp/benchmark/testcode/BenchmarkTest02302.java,62,semgrep,1,single-tool,error,"Detected a potential path traversal. A malicious actor could control the location of this file, to include going backwards in the directory with '../'. To address this, ensure that user-controlled variables in file paths are sanitized. You may also consider using a utility method such as org.apache.commons.io.FilenameUtils.getName(...) to only retrieve the file name from the path."
BenchmarkTest02303,CWE-22,data/benchmark/src/main/java/org/owasp/benchmark/testcode/BenchmarkTest02303.java,67,semgrep,1,single-tool,error,"Detected a potential path traversal. A malicious actor could control the location of this file, to include going backwards in the directory with '../'. To address this, ensure that user-controlled variables in file paths are sanitized. You may also consider using a utility method such as org.apache.commons.io.FilenameUtils.getName(...) to only retrieve the file name from the path."
BenchmarkTest02304,CWE-22,data/benchmark/src/main/java/org/owasp/benchmark/testcode/BenchmarkTest02304.java,67,semgrep,1,single-tool,error,"Detected a potential path traversal. A malicious actor could control the location of this file, to include going backwards in the directory with '../'. To address this, ensure that user-controlled variables in file paths are sanitized. You may also consider using a utility method such as org.apache.commons.io.FilenameUtils.getName(...) to only retrieve the file name from the path."
BenchmarkTest02305,CWE-90,data/benchmark/src/main/java/org/owasp/benchmark/testcode/BenchmarkTest02305.java,76,semgrep,1,single-tool,warning,"Detected input from a HTTPServletRequest going into an LDAP query. This could lead to LDAP injection if the input is not properly sanitized, which could result in attackers modifying objects in the LDAP tree structure. Ensure data passed to an LDAP query is not controllable or properly sanitize the data."
BenchmarkTest02306,CWE-90,data/benchmark/src/main/java/org/owasp/benchmark/testcode/BenchmarkTest02306.java,75,semgrep,1,single-tool,warning,"Detected input from a HTTPServletRequest going into an LDAP query. This could lead to LDAP injection if the input is not properly sanitized, which could result in attackers modifying objects in the LDAP tree structure. Ensure data passed to an LDAP query is not controllable or properly sanitize the data."
BenchmarkTest02307,CWE-328,data/benchmark/src/main/java/org/owasp/benchmark/testcode/BenchmarkTest02307.java,68,semgrep;sonarqube,2,"medium (same line, different CWE label)",CRITICAL;warning,"Detected SHA1 hash algorithm which is considered insecure. SHA1 is not collision resistant and is therefore not suitable as a cryptographic signature. Instead, use PBKDF2 for password hashing or SHA256 or SHA512 for other hash function applications."
BenchmarkTest02307,CWE-1240,owasp-benchmark:data/benchmark/src/main/java/org/owasp/benchmark/testcode/BenchmarkTest02307.java,70,sonarqube,1,single-tool,CRITICAL,Make sure this weak hash algorithm is not used in a sensitive context here.
BenchmarkTest02308,CWE-328,data/benchmark/src/main/java/org/owasp/benchmark/testcode/BenchmarkTest02308.java,63,semgrep;sonarqube,2,"medium (same line, different CWE label)",CRITICAL;warning,"Detected SHA1 hash algorithm which is considered insecure. SHA1 is not collision resistant and is therefore not suitable as a cryptographic signature. Instead, use PBKDF2 for password hashing or SHA256 or SHA512 for other hash function applications."
BenchmarkTest02311,CWE-328,data/benchmark/src/main/java/org/owasp/benchmark/testcode/BenchmarkTest02311.java,63,semgrep;sonarqube,2,"medium (same line, different CWE label)",CRITICAL;warning,Detected MD5 hash algorithm which is considered insecure. MD5 is not collision resistant and is therefore not suitable as a cryptographic signature. Use HMAC instead.
BenchmarkTest02313,CWE-79,data/benchmark/src/main/java/org/owasp/benchmark/testcode/BenchmarkTest02313.java,66,semgrep,1,single-tool,warning,"Detected a request with potential user-input going into a OutputStream or Writer object. This bypasses any view or template environments, including HTML escaping, which may expose this application to cross-site scripting (XSS) vulnerabilities. Consider using a view technology such as JavaServer Faces (JSFs) which automatically escapes HTML views."
BenchmarkTest02314,CWE-79,data/benchmark/src/main/java/org/owasp/benchmark/testcode/BenchmarkTest02314.java,64,semgrep,1,single-tool,warning,"Detected a request with potential user-input going into a OutputStream or Writer object. This bypasses any view or template environments, including HTML escaping, which may expose this application to cross-site scripting (XSS) vulnerabilities. Consider using a view technology such as JavaServer Faces (JSFs) which automatically escapes HTML views."
BenchmarkTest02315,CWE-79,data/benchmark/src/main/java/org/owasp/benchmark/testcode/BenchmarkTest02315.java,64,semgrep,1,single-tool,warning,"Detected a request with potential user-input going into a OutputStream or Writer object. This bypasses any view or template environments, including HTML escaping, which may expose this application to cross-site scripting (XSS) vulnerabilities. Consider using a view technology such as JavaServer Faces (JSFs) which automatically escapes HTML views."
BenchmarkTest02316,CWE-79,data/benchmark/src/main/java/org/owasp/benchmark/testcode/BenchmarkTest02316.java,64,semgrep,1,single-tool,warning,"Detected a request with potential user-input going into a OutputStream or Writer object. This bypasses any view or template environments, including HTML escaping, which may expose this application to cross-site scripting (XSS) vulnerabilities. Consider using a view technology such as JavaServer Faces (JSFs) which automatically escapes HTML views."
BenchmarkTest02317,CWE-79,data/benchmark/src/main/java/org/owasp/benchmark/testcode/BenchmarkTest02317.java,64,semgrep,1,single-tool,warning,"Detected a request with potential user-input going into a OutputStream or Writer object. This bypasses any view or template environments, including HTML escaping, which may expose this application to cross-site scripting (XSS) vulnerabilities. Consider using a view technology such as JavaServer Faces (JSFs) which automatically escapes HTML views."
BenchmarkTest02318,CWE-79,data/benchmark/src/main/java/org/owasp/benchmark/testcode/BenchmarkTest02318.java,63,semgrep,1,single-tool,warning,"Detected a request with potential user-input going into a OutputStream or Writer object. This bypasses any view or template environments, including HTML escaping, which may expose this application to cross-site scripting (XSS) vulnerabilities. Consider using a view technology such as JavaServer Faces (JSFs) which automatically escapes HTML views."
BenchmarkTest02319,CWE-79,data/benchmark/src/main/java/org/owasp/benchmark/testcode/BenchmarkTest02319.java,63,semgrep,1,single-tool,warning,"Detected a request with potential user-input going into a OutputStream or Writer object. This bypasses any view or template environments, including HTML escaping, which may expose this application to cross-site scripting (XSS) vulnerabilities. Consider using a view technology such as JavaServer Faces (JSFs) which automatically escapes HTML views."
BenchmarkTest02320,CWE-79,data/benchmark/src/main/java/org/owasp/benchmark/testcode/BenchmarkTest02320.java,64,semgrep,1,single-tool,warning,"Detected a request with potential user-input going into a OutputStream or Writer object. This bypasses any view or template environments, including HTML escaping, which may expose this application to cross-site scripting (XSS) vulnerabilities. Consider using a view technology such as JavaServer Faces (JSFs) which automatically escapes HTML views."
BenchmarkTest02321,CWE-79,data/benchmark/src/main/java/org/owasp/benchmark/testcode/BenchmarkTest02321.java,64,semgrep,1,single-tool,warning,"Detected a request with potential user-input going into a OutputStream or Writer object. This bypasses any view or template environments, including HTML escaping, which may expose this application to cross-site scripting (XSS) vulnerabilities. Consider using a view technology such as JavaServer Faces (JSFs) which automatically escapes HTML views."
BenchmarkTest02322,CWE-79,data/benchmark/src/main/java/org/owasp/benchmark/testcode/BenchmarkTest02322.java,64,semgrep,1,single-tool,warning,"Detected a request with potential user-input going into a OutputStream or Writer object. This bypasses any view or template environments, including HTML escaping, which may expose this application to cross-site scripting (XSS) vulnerabilities. Consider using a view technology such as JavaServer Faces (JSFs) which automatically escapes HTML views."
BenchmarkTest02323,CWE-79,data/benchmark/src/main/java/org/owasp/benchmark/testcode/BenchmarkTest02323.java,64,semgrep,1,single-tool,warning,"Detected a request with potential user-input going into a OutputStream or Writer object. This bypasses any view or template environments, including HTML escaping, which may expose this application to cross-site scripting (XSS) vulnerabilities. Consider using a view technology such as JavaServer Faces (JSFs) which automatically escapes HTML views."
BenchmarkTest02324,CWE-79,data/benchmark/src/main/java/org/owasp/benchmark/testcode/BenchmarkTest02324.java,64,semgrep,1,single-tool,warning,"Detected a request with potential user-input going into a OutputStream or Writer object. This bypasses any view or template environments, including HTML escaping, which may expose this application to cross-site scripting (XSS) vulnerabilities. Consider using a view technology such as JavaServer Faces (JSFs) which automatically escapes HTML views."
BenchmarkTest02325,CWE-79,data/benchmark/src/main/java/org/owasp/benchmark/testcode/BenchmarkTest02325.java,63,semgrep,1,single-tool,warning,"Detected a request with potential user-input going into a OutputStream or Writer object. This bypasses any view or template environments, including HTML escaping, which may expose this application to cross-site scripting (XSS) vulnerabilities. Consider using a view technology such as JavaServer Faces (JSFs) which automatically escapes HTML views."
BenchmarkTest02326,CWE-79,data/benchmark/src/main/java/org/owasp/benchmark/testcode/BenchmarkTest02326.java,63,semgrep,1,single-tool,warning,"Detected a request with potential user-input going into a OutputStream or Writer object. This bypasses any view or template environments, including HTML escaping, which may expose this application to cross-site scripting (XSS) vulnerabilities. Consider using a view technology such as JavaServer Faces (JSFs) which automatically escapes HTML views."
BenchmarkTest02327,CWE-79,data/benchmark/src/main/java/org/owasp/benchmark/testcode/BenchmarkTest02327.java,66,semgrep,1,single-tool,warning,"Detected a request with potential user-input going into a OutputStream or Writer object. This bypasses any view or template environments, including HTML escaping, which may expose this application to cross-site scripting (XSS) vulnerabilities. Consider using a view technology such as JavaServer Faces (JSFs) which automatically escapes HTML views."
BenchmarkTest02328,CWE-79,data/benchmark/src/main/java/org/owasp/benchmark/testcode/BenchmarkTest02328.java,66,semgrep,1,single-tool,warning,"Detected a request with potential user-input going into a OutputStream or Writer object. This bypasses any view or template environments, including HTML escaping, which may expose this application to cross-site scripting (XSS) vulnerabilities. Consider using a view technology such as JavaServer Faces (JSFs) which automatically escapes HTML views."
BenchmarkTest02329,CWE-79,data/benchmark/src/main/java/org/owasp/benchmark/testcode/BenchmarkTest02329.java,66,semgrep,1,single-tool,warning,"Detected a request with potential user-input going into a OutputStream or Writer object. This bypasses any view or template environments, including HTML escaping, which may expose this application to cross-site scripting (XSS) vulnerabilities. Consider using a view technology such as JavaServer Faces (JSFs) which automatically escapes HTML views."
BenchmarkTest02330,CWE-79,data/benchmark/src/main/java/org/owasp/benchmark/testcode/BenchmarkTest02330.java,66,semgrep,1,single-tool,warning,"Detected a request with potential user-input going into a OutputStream or Writer object. This bypasses any view or template environments, including HTML escaping, which may expose this application to cross-site scripting (XSS) vulnerabilities. Consider using a view technology such as JavaServer Faces (JSFs) which automatically escapes HTML views."
BenchmarkTest02331,CWE-79,data/benchmark/src/main/java/org/owasp/benchmark/testcode/BenchmarkTest02331.java,63,semgrep,1,single-tool,warning,"Detected a request with potential user-input going into a OutputStream or Writer object. This bypasses any view or template environments, including HTML escaping, which may expose this application to cross-site scripting (XSS) vulnerabilities. Consider using a view technology such as JavaServer Faces (JSFs) which automatically escapes HTML views."
BenchmarkTest02332,CWE-79,data/benchmark/src/main/java/org/owasp/benchmark/testcode/BenchmarkTest02332.java,63,semgrep,1,single-tool,warning,"Detected a request with potential user-input going into a OutputStream or Writer object. This bypasses any view or template environments, including HTML escaping, which may expose this application to cross-site scripting (XSS) vulnerabilities. Consider using a view technology such as JavaServer Faces (JSFs) which automatically escapes HTML views."
BenchmarkTest02333,CWE-78,data/benchmark/src/main/java/org/owasp/benchmark/testcode/BenchmarkTest02333.java,72,semgrep,1,high (same CWE),error,"Detected input from a HTTPServletRequest going into a 'ProcessBuilder' or 'exec' command. This could lead to command injection if variables passed into the exec commands are not properly sanitized. Instead, avoid using these OS commands with user-supplied input, or, if you must use these commands, use a whitelist of specific values."
BenchmarkTest02334,CWE-78,data/benchmark/src/main/java/org/owasp/benchmark/testcode/BenchmarkTest02334.java,72,semgrep,1,high (same CWE),error,"Detected input from a HTTPServletRequest going into a 'ProcessBuilder' or 'exec' command. This could lead to command injection if variables passed into the exec commands are not properly sanitized. Instead, avoid using these OS commands with user-supplied input, or, if you must use these commands, use a whitelist of specific values."
BenchmarkTest02335,CWE-78,data/benchmark/src/main/java/org/owasp/benchmark/testcode/BenchmarkTest02335.java,76,semgrep,1,single-tool,error,A formatted or concatenated string was detected as input to a ProcessBuilder call. This is dangerous if a variable is controlled by user input and could result in a command injection. Ensure your variables are not controlled by users or sufficiently sanitized.
BenchmarkTest02336,CWE-78,data/benchmark/src/main/java/org/owasp/benchmark/testcode/BenchmarkTest02336.java,76,semgrep,1,single-tool,error,A formatted or concatenated string was detected as input to a ProcessBuilder call. This is dangerous if a variable is controlled by user input and could result in a command injection. Ensure your variables are not controlled by users or sufficiently sanitized.
BenchmarkTest02337,CWE-330,data/benchmark/src/main/java/org/owasp/benchmark/testcode/BenchmarkTest02337.java,62,semgrep;sonarqube,2,"medium (same line, different CWE label)",MAJOR;warning,"Detected use of the functions `Math.random()` or `java.util.Random()`. These are both not cryptographically strong random number generators (RNGs). If you are using these RNGs to create passwords or secret tokens, use `java.security.SecureRandom` instead."
BenchmarkTest02338,CWE-330,data/benchmark/src/main/java/org/owasp/benchmark/testcode/BenchmarkTest02338.java,62,semgrep;sonarqube,2,"medium (same line, different CWE label)",MAJOR;warning,"Detected use of the functions `Math.random()` or `java.util.Random()`. These are both not cryptographically strong random number generators (RNGs). If you are using these RNGs to create passwords or secret tokens, use `java.security.SecureRandom` instead."
BenchmarkTest02339,CWE-614,data/benchmark/src/main/java/org/owasp/benchmark/testcode/BenchmarkTest02339.java,79,semgrep,1,single-tool,warning,A cookie was detected without setting the 'secure' flag. The 'secure' flag for cookies prevents the client from transmitting the cookie over insecure channels such as HTTP. Set the 'secure' flag by calling 'cookie.setSecure(true);'
BenchmarkTest02340,CWE-78,data/benchmark/src/main/java/org/owasp/benchmark/testcode/BenchmarkTest02340.java,85,semgrep,1,single-tool,error,"Detected input from a HTTPServletRequest going into a 'ProcessBuilder' or 'exec' command. This could lead to command injection if variables passed into the exec commands are not properly sanitized. Instead, avoid using these OS commands with user-supplied input, or, if you must use these commands, use a whitelist of specific values."
BenchmarkTest02341,CWE-78,data/benchmark/src/main/java/org/owasp/benchmark/testcode/BenchmarkTest02341.java,71,semgrep,1,single-tool,error,"Detected input from a HTTPServletRequest going into a 'ProcessBuilder' or 'exec' command. This could lead to command injection if variables passed into the exec commands are not properly sanitized. Instead, avoid using these OS commands with user-supplied input, or, if you must use these commands, use a whitelist of specific values."
BenchmarkTest02342,CWE-78,data/benchmark/src/main/java/org/owasp/benchmark/testcode/BenchmarkTest02342.java,72,semgrep,1,single-tool,error,"Detected input from a HTTPServletRequest going into a 'ProcessBuilder' or 'exec' command. This could lead to command injection if variables passed into the exec commands are not properly sanitized. Instead, avoid using these OS commands with user-supplied input, or, if you must use these commands, use a whitelist of specific values."
BenchmarkTest02343,CWE-78,data/benchmark/src/main/java/org/owasp/benchmark/testcode/BenchmarkTest02343.java,72,semgrep,1,single-tool,error,"Detected input from a HTTPServletRequest going into a 'ProcessBuilder' or 'exec' command. This could lead to command injection if variables passed into the exec commands are not properly sanitized. Instead, avoid using these OS commands with user-supplied input, or, if you must use these commands, use a whitelist of specific values."
BenchmarkTest02344,CWE-78,data/benchmark/src/main/java/org/owasp/benchmark/testcode/BenchmarkTest02344.java,68,semgrep,1,single-tool,error,"Detected input from a HTTPServletRequest going into a 'ProcessBuilder' or 'exec' command. This could lead to command injection if variables passed into the exec commands are not properly sanitized. Instead, avoid using these OS commands with user-supplied input, or, if you must use these commands, use a whitelist of specific values."
BenchmarkTest02352,CWE-79,data/benchmark/src/main/java/org/owasp/benchmark/testcode/BenchmarkTest02352.java,65,semgrep,1,single-tool,warning,"Detected a request with potential user-input going into a OutputStream or Writer object. This bypasses any view or template environments, including HTML escaping, which may expose this application to cross-site scripting (XSS) vulnerabilities. Consider using a view technology such as JavaServer Faces (JSFs) which automatically escapes HTML views."
BenchmarkTest02353,CWE-89,data/benchmark/src/main/java/org/owasp/benchmark/testcode/BenchmarkTest02353.java,67,semgrep;sonarqube,2,high (same CWE),MAJOR;warning,Detected input from a HTTPServletRequest going into a SQL sink or statement. This could lead to SQL injection if variables in the SQL statement are not properly sanitized. Use parameterized SQL queries or properly sanitize user input instead.
BenchmarkTest02354,CWE-89,data/benchmark/src/main/java/org/owasp/benchmark/testcode/BenchmarkTest02354.java,67,semgrep;sonarqube,2,high (same CWE),MAJOR;warning,Detected input from a HTTPServletRequest going into a SQL sink or statement. This could lead to SQL injection if variables in the SQL statement are not properly sanitized. Use parameterized SQL queries or properly sanitize user input instead.
BenchmarkTest02355,CWE-89,data/benchmark/src/main/java/org/owasp/benchmark/testcode/BenchmarkTest02355.java,67,semgrep;sonarqube,2,high (same CWE),MAJOR;warning,Detected input from a HTTPServletRequest going into a SQL sink or statement. This could lead to SQL injection if variables in the SQL statement are not properly sanitized. Use parameterized SQL queries or properly sanitize user input instead.
BenchmarkTest02356,CWE-89,data/benchmark/src/main/java/org/owasp/benchmark/testcode/BenchmarkTest02356.java,65,semgrep,1,single-tool,warning,Detected input from a HTTPServletRequest going into a SQL sink or statement. This could lead to SQL injection if variables in the SQL statement are not properly sanitized. Use parameterized SQL queries or properly sanitize user input instead.
BenchmarkTest02357,CWE-89,data/benchmark/src/main/java/org/owasp/benchmark/testcode/BenchmarkTest02357.java,64,semgrep,1,single-tool,warning,Detected input from a HTTPServletRequest going into a SQL sink or statement. This could lead to SQL injection if variables in the SQL statement are not properly sanitized. Use parameterized SQL queries or properly sanitize user input instead.
BenchmarkTest02358,CWE-89,data/benchmark/src/main/java/org/owasp/benchmark/testcode/BenchmarkTest02358.java,65,semgrep,1,single-tool,warning,Detected input from a HTTPServletRequest going into a SQL sink or statement. This could lead to SQL injection if variables in the SQL statement are not properly sanitized. Use parameterized SQL queries or properly sanitize user input instead.
BenchmarkTest02359,CWE-89,data/benchmark/src/main/java/org/owasp/benchmark/testcode/BenchmarkTest02359.java,66,semgrep,1,single-tool,warning,Detected input from a HTTPServletRequest going into a SQL sink or statement. This could lead to SQL injection if variables in the SQL statement are not properly sanitized. Use parameterized SQL queries or properly sanitize user input instead.
BenchmarkTest02359,CWE-79,data/benchmark/src/main/java/org/owasp/benchmark/testcode/BenchmarkTest02359.java,69,semgrep,1,single-tool,warning,"Detected a request with potential user-input going into a OutputStream or Writer object. This bypasses any view or template environments, including HTML escaping, which may expose this application to cross-site scripting (XSS) vulnerabilities. Consider using a view technology such as JavaServer Faces (JSFs) which automatically escapes HTML views."
BenchmarkTest02360,CWE-89,data/benchmark/src/main/java/org/owasp/benchmark/testcode/BenchmarkTest02360.java,66,semgrep,1,single-tool,warning,Detected input from a HTTPServletRequest going into a SQL sink or statement. This could lead to SQL injection if variables in the SQL statement are not properly sanitized. Use parameterized SQL queries or properly sanitize user input instead.
BenchmarkTest02360,CWE-79,data/benchmark/src/main/java/org/owasp/benchmark/testcode/BenchmarkTest02360.java,69,semgrep,1,single-tool,warning,"Detected a request with potential user-input going into a OutputStream or Writer object. This bypasses any view or template environments, including HTML escaping, which may expose this application to cross-site scripting (XSS) vulnerabilities. Consider using a view technology such as JavaServer Faces (JSFs) which automatically escapes HTML views."
BenchmarkTest02361,CWE-89,data/benchmark/src/main/java/org/owasp/benchmark/testcode/BenchmarkTest02361.java,65,semgrep,1,single-tool,warning,Detected input from a HTTPServletRequest going into a SQL sink or statement. This could lead to SQL injection if variables in the SQL statement are not properly sanitized. Use parameterized SQL queries or properly sanitize user input instead.
BenchmarkTest02362,CWE-89,data/benchmark/src/main/java/org/owasp/benchmark/testcode/BenchmarkTest02362.java,64,semgrep,1,single-tool,warning,Detected input from a HTTPServletRequest going into a SQL sink or statement. This could lead to SQL injection if variables in the SQL statement are not properly sanitized. Use parameterized SQL queries or properly sanitize user input instead.
BenchmarkTest02363,CWE-89,data/benchmark/src/main/java/org/owasp/benchmark/testcode/BenchmarkTest02363.java,65,semgrep,1,single-tool,warning,Detected input from a HTTPServletRequest going into a SQL sink or statement. This could lead to SQL injection if variables in the SQL statement are not properly sanitized. Use parameterized SQL queries or properly sanitize user input instead.
BenchmarkTest02364,CWE-89,data/benchmark/src/main/java/org/owasp/benchmark/testcode/BenchmarkTest02364.java,67,semgrep;sonarqube,2,high (same CWE),MAJOR;warning,Detected a formatted string in a SQL statement. This could lead to SQL injection if variables in the SQL statement are not properly sanitized. Use a prepared statements (java.sql.PreparedStatement) instead. You can obtain a PreparedStatement using 'connection.prepareStatement'.
BenchmarkTest02365,CWE-89,data/benchmark/src/main/java/org/owasp/benchmark/testcode/BenchmarkTest02365.java,67,semgrep;sonarqube,2,high (same CWE),MAJOR;warning,Detected a formatted string in a SQL statement. This could lead to SQL injection if variables in the SQL statement are not properly sanitized. Use a prepared statements (java.sql.PreparedStatement) instead. You can obtain a PreparedStatement using 'connection.prepareStatement'.
BenchmarkTest02366,CWE-89,data/benchmark/src/main/java/org/owasp/benchmark/testcode/BenchmarkTest02366.java,67,semgrep;sonarqube,2,high (same CWE),MAJOR;warning,Detected a formatted string in a SQL statement. This could lead to SQL injection if variables in the SQL statement are not properly sanitized. Use a prepared statements (java.sql.PreparedStatement) instead. You can obtain a PreparedStatement using 'connection.prepareStatement'.
BenchmarkTest02367,CWE-89,data/benchmark/src/main/java/org/owasp/benchmark/testcode/BenchmarkTest02367.java,67,semgrep;sonarqube,2,high (same CWE),MAJOR;warning,Detected a formatted string in a SQL statement. This could lead to SQL injection if variables in the SQL statement are not properly sanitized. Use a prepared statements (java.sql.PreparedStatement) instead. You can obtain a PreparedStatement using 'connection.prepareStatement'.
BenchmarkTest02368,CWE-89,data/benchmark/src/main/java/org/owasp/benchmark/testcode/BenchmarkTest02368.java,65,semgrep;sonarqube,2,high (same CWE),MAJOR;warning,Detected input from a HTTPServletRequest going into a SQL sink or statement. This could lead to SQL injection if variables in the SQL statement are not properly sanitized. Use parameterized SQL queries or properly sanitize user input instead.
BenchmarkTest02369,CWE-89,data/benchmark/src/main/java/org/owasp/benchmark/testcode/BenchmarkTest02369.java,65,semgrep;sonarqube,2,high (same CWE),MAJOR;warning,Detected input from a HTTPServletRequest going into a SQL sink or statement. This could lead to SQL injection if variables in the SQL statement are not properly sanitized. Use parameterized SQL queries or properly sanitize user input instead.
BenchmarkTest02370,CWE-643,data/benchmark/src/main/java/org/owasp/benchmark/testcode/BenchmarkTest02370.java,79,semgrep,1,single-tool,warning,"Detected input from a HTTPServletRequest going into a XPath evaluate or compile command. This could lead to xpath injection if variables passed into the evaluate or compile commands are not properly sanitized. Xpath injection could lead to unauthorized access to sensitive information in XML documents. Instead, thoroughly sanitize user input or use parameterized xpath queries if you can."
BenchmarkTest02370,CWE-79,data/benchmark/src/main/java/org/owasp/benchmark/testcode/BenchmarkTest02370.java,86,semgrep,1,single-tool,warning,"Detected a request with potential user-input going into a OutputStream or Writer object. This bypasses any view or template environments, including HTML escaping, which may expose this application to cross-site scripting (XSS) vulnerabilities. Consider using a view technology such as JavaServer Faces (JSFs) which automatically escapes HTML views."
BenchmarkTest02373,CWE-326,data/benchmark/src/main/java/org/owasp/benchmark/testcode/BenchmarkTest02373.java,61,semgrep;sonarqube,2,"medium (same line, different CWE label)",CRITICAL;warning,DES is considered deprecated. AES is the recommended cipher. Upgrade to use AES. See https://www.nist.gov/news-events/news/2005/06/nist-withdraws-outdated-data-encryption-standard for more information.
BenchmarkTest02374,CWE-326,data/benchmark/src/main/java/org/owasp/benchmark/testcode/BenchmarkTest02374.java,61,semgrep;sonarqube,2,"medium (same line, different CWE label)",CRITICAL;warning,DES is considered deprecated. AES is the recommended cipher. Upgrade to use AES. See https://www.nist.gov/news-events/news/2005/06/nist-withdraws-outdated-data-encryption-standard for more information.
BenchmarkTest02375,CWE-326,data/benchmark/src/main/java/org/owasp/benchmark/testcode/BenchmarkTest02375.java,58,semgrep,1,high (same CWE),warning,Triple DES (3DES or DESede) is considered deprecated. AES is the recommended cipher. Upgrade to use AES.
BenchmarkTest02375,CWE-327,owasp-benchmark:data/benchmark/src/main/java/org/owasp/benchmark/testcode/BenchmarkTest02375.java,55,sonarqube,1,high (same CWE),CRITICAL,Use a strong cipher algorithm.
BenchmarkTest02376,CWE-90,data/benchmark/src/main/java/org/owasp/benchmark/testcode/BenchmarkTest02376.java,61,semgrep,1,single-tool,warning,"Detected input from a HTTPServletRequest going into an LDAP query. This could lead to LDAP injection if the input is not properly sanitized, which could result in attackers modifying objects in the LDAP tree structure. Ensure data passed to an LDAP query is not controllable or properly sanitize the data."
BenchmarkTest02377,CWE-22,data/benchmark/src/main/java/org/owasp/benchmark/testcode/BenchmarkTest02377.java,50,semgrep,1,single-tool,error,"Detected a potential path traversal. A malicious actor could control the location of this file, to include going backwards in the directory with '../'. To address this, ensure that user-controlled variables in file paths are sanitized. You may also consider using a utility method such as org.apache.commons.io.FilenameUtils.getName(...) to only retrieve the file name from the path."
BenchmarkTest02378,CWE-22,data/benchmark/src/main/java/org/owasp/benchmark/testcode/BenchmarkTest02378.java,67,semgrep,1,single-tool,error,"Detected a potential path traversal. A malicious actor could control the location of this file, to include going backwards in the directory with '../'. To address this, ensure that user-controlled variables in file paths are sanitized. You may also consider using a utility method such as org.apache.commons.io.FilenameUtils.getName(...) to only retrieve the file name from the path."
BenchmarkTest02379,CWE-22,data/benchmark/src/main/java/org/owasp/benchmark/testcode/BenchmarkTest02379.java,70,semgrep,1,single-tool,error,"Detected a potential path traversal. A malicious actor could control the location of this file, to include going backwards in the directory with '../'. To address this, ensure that user-controlled variables in file paths are sanitized. You may also consider using a utility method such as org.apache.commons.io.FilenameUtils.getName(...) to only retrieve the file name from the path."
BenchmarkTest02380,CWE-22,data/benchmark/src/main/java/org/owasp/benchmark/testcode/BenchmarkTest02380.java,56,semgrep,1,single-tool,error,"Detected a potential path traversal. A malicious actor could control the location of this file, to include going backwards in the directory with '../'. To address this, ensure that user-controlled variables in file paths are sanitized. You may also consider using a utility method such as org.apache.commons.io.FilenameUtils.getName(...) to only retrieve the file name from the path."
BenchmarkTest02380,CWE-22,data/benchmark/src/main/java/org/owasp/benchmark/testcode/BenchmarkTest02380.java,69,semgrep,1,single-tool,error,"Detected a potential path traversal. A malicious actor could control the location of this file, to include going backwards in the directory with '../'. To address this, ensure that user-controlled variables in file paths are sanitized. You may also consider using a utility method such as org.apache.commons.io.FilenameUtils.getName(...) to only retrieve the file name from the path."
BenchmarkTest02381,CWE-22,data/benchmark/src/main/java/org/owasp/benchmark/testcode/BenchmarkTest02381.java,61,semgrep,1,single-tool,error,"Detected a potential path traversal. A malicious actor could control the location of this file, to include going backwards in the directory with '../'. To address this, ensure that user-controlled variables in file paths are sanitized. You may also consider using a utility method such as org.apache.commons.io.FilenameUtils.getName(...) to only retrieve the file name from the path."
BenchmarkTest02382,CWE-22,data/benchmark/src/main/java/org/owasp/benchmark/testcode/BenchmarkTest02382.java,56,semgrep,1,single-tool,error,"Detected a potential path traversal. A malicious actor could control the location of this file, to include going backwards in the directory with '../'. To address this, ensure that user-controlled variables in file paths are sanitized. You may also consider using a utility method such as org.apache.commons.io.FilenameUtils.getName(...) to only retrieve the file name from the path."
BenchmarkTest02382,CWE-22,data/benchmark/src/main/java/org/owasp/benchmark/testcode/BenchmarkTest02382.java,69,semgrep,1,single-tool,error,"Detected a potential path traversal. A malicious actor could control the location of this file, to include going backwards in the directory with '../'. To address this, ensure that user-controlled variables in file paths are sanitized. You may also consider using a utility method such as org.apache.commons.io.FilenameUtils.getName(...) to only retrieve the file name from the path."
BenchmarkTest02383,CWE-22,data/benchmark/src/main/java/org/owasp/benchmark/testcode/BenchmarkTest02383.java,56,semgrep,1,single-tool,error,"Detected a potential path traversal. A malicious actor could control the location of this file, to include going backwards in the directory with '../'. To address this, ensure that user-controlled variables in file paths are sanitized. You may also consider using a utility method such as org.apache.commons.io.FilenameUtils.getName(...) to only retrieve the file name from the path."
BenchmarkTest02383,CWE-22,data/benchmark/src/main/java/org/owasp/benchmark/testcode/BenchmarkTest02383.java,69,semgrep,1,single-tool,error,"Detected a potential path traversal. A malicious actor could control the location of this file, to include going backwards in the directory with '../'. To address this, ensure that user-controlled variables in file paths are sanitized. You may also consider using a utility method such as org.apache.commons.io.FilenameUtils.getName(...) to only retrieve the file name from the path."
BenchmarkTest02384,CWE-90,data/benchmark/src/main/java/org/owasp/benchmark/testcode/BenchmarkTest02384.java,63,semgrep,1,single-tool,warning,"Detected input from a HTTPServletRequest going into an LDAP query. This could lead to LDAP injection if the input is not properly sanitized, which could result in attackers modifying objects in the LDAP tree structure. Ensure data passed to an LDAP query is not controllable or properly sanitize the data."
BenchmarkTest02385,CWE-328,data/benchmark/src/main/java/org/owasp/benchmark/testcode/BenchmarkTest02385.java,56,semgrep;sonarqube,2,"medium (same line, different CWE label)",CRITICAL;warning,"Detected SHA1 hash algorithm which is considered insecure. SHA1 is not collision resistant and is therefore not suitable as a cryptographic signature. Instead, use PBKDF2 for password hashing or SHA256 or SHA512 for other hash function applications."
BenchmarkTest02385,CWE-1240,owasp-benchmark:data/benchmark/src/main/java/org/owasp/benchmark/testcode/BenchmarkTest02385.java,58,sonarqube,1,single-tool,CRITICAL,Make sure this weak hash algorithm is not used in a sensitive context here.
BenchmarkTest02386,CWE-328,data/benchmark/src/main/java/org/owasp/benchmark/testcode/BenchmarkTest02386.java,51,semgrep;sonarqube,2,"medium (same line, different CWE label)",CRITICAL;warning,"Detected SHA1 hash algorithm which is considered insecure. SHA1 is not collision resistant and is therefore not suitable as a cryptographic signature. Instead, use PBKDF2 for password hashing or SHA256 or SHA512 for other hash function applications."
BenchmarkTest02387,CWE-328,data/benchmark/src/main/java/org/owasp/benchmark/testcode/BenchmarkTest02387.java,51,semgrep;sonarqube,2,"medium (same line, different CWE label)",CRITICAL;warning,Detected MD5 hash algorithm which is considered insecure. MD5 is not collision resistant and is therefore not suitable as a cryptographic signature. Use HMAC instead.
BenchmarkTest02388,CWE-328,data/benchmark/src/main/java/org/owasp/benchmark/testcode/BenchmarkTest02388.java,51,semgrep;sonarqube,2,"medium (same line, different CWE label)",CRITICAL;warning,Detected MD5 hash algorithm which is considered insecure. MD5 is not collision resistant and is therefore not suitable as a cryptographic signature. Use HMAC instead.
BenchmarkTest02411,CWE-78,data/benchmark/src/main/java/org/owasp/benchmark/testcode/BenchmarkTest02411.java,64,semgrep,1,single-tool,error,A formatted or concatenated string was detected as input to a ProcessBuilder call. This is dangerous if a variable is controlled by user input and could result in a command injection. Ensure your variables are not controlled by users or sufficiently sanitized.
BenchmarkTest02412,CWE-78,data/benchmark/src/main/java/org/owasp/benchmark/testcode/BenchmarkTest02412.java,64,semgrep,1,single-tool,error,A formatted or concatenated string was detected as input to a ProcessBuilder call. This is dangerous if a variable is controlled by user input and could result in a command injection. Ensure your variables are not controlled by users or sufficiently sanitized.
BenchmarkTest02413,CWE-78,data/benchmark/src/main/java/org/owasp/benchmark/testcode/BenchmarkTest02413.java,64,semgrep,1,single-tool,error,A formatted or concatenated string was detected as input to a ProcessBuilder call. This is dangerous if a variable is controlled by user input and could result in a command injection. Ensure your variables are not controlled by users or sufficiently sanitized.
BenchmarkTest02414,CWE-78,data/benchmark/src/main/java/org/owasp/benchmark/testcode/BenchmarkTest02414.java,60,semgrep,1,high (same CWE),error,"Detected input from a HTTPServletRequest going into a 'ProcessBuilder' or 'exec' command. This could lead to command injection if variables passed into the exec commands are not properly sanitized. Instead, avoid using these OS commands with user-supplied input, or, if you must use these commands, use a whitelist of specific values."
BenchmarkTest02415,CWE-330,data/benchmark/src/main/java/org/owasp/benchmark/testcode/BenchmarkTest02415.java,51,semgrep;sonarqube,2,"medium (same line, different CWE label)",MAJOR;warning,"Detected use of the functions `Math.random()` or `java.util.Random()`. These are both not cryptographically strong random number generators (RNGs). If you are using these RNGs to create passwords or secret tokens, use `java.security.SecureRandom` instead."
BenchmarkTest02416,CWE-330,data/benchmark/src/main/java/org/owasp/benchmark/testcode/BenchmarkTest02416.java,50,semgrep;sonarqube,2,"medium (same line, different CWE label)",MAJOR;warning,"Detected use of the functions `Math.random()` or `java.util.Random()`. These are both not cryptographically strong random number generators (RNGs). If you are using these RNGs to create passwords or secret tokens, use `java.security.SecureRandom` instead."
BenchmarkTest02417,CWE-330,data/benchmark/src/main/java/org/owasp/benchmark/testcode/BenchmarkTest02417.java,50,semgrep;sonarqube,2,"medium (same line, different CWE label)",MAJOR;warning,"Detected use of the functions `Math.random()` or `java.util.Random()`. These are both not cryptographically strong random number generators (RNGs). If you are using these RNGs to create passwords or secret tokens, use `java.security.SecureRandom` instead."
BenchmarkTest02418,CWE-330,data/benchmark/src/main/java/org/owasp/benchmark/testcode/BenchmarkTest02418.java,50,semgrep;sonarqube,2,"medium (same line, different CWE label)",MAJOR;warning,"Detected use of the functions `Math.random()` or `java.util.Random()`. These are both not cryptographically strong random number generators (RNGs). If you are using these RNGs to create passwords or secret tokens, use `java.security.SecureRandom` instead."
BenchmarkTest02419,CWE-330,data/benchmark/src/main/java/org/owasp/benchmark/testcode/BenchmarkTest02419.java,50,semgrep;sonarqube,2,"medium (same line, different CWE label)",MAJOR;warning,"Detected use of the functions `Math.random()` or `java.util.Random()`. These are both not cryptographically strong random number generators (RNGs). If you are using these RNGs to create passwords or secret tokens, use `java.security.SecureRandom` instead."
BenchmarkTest02420,CWE-330,data/benchmark/src/main/java/org/owasp/benchmark/testcode/BenchmarkTest02420.java,50,semgrep;sonarqube,2,"medium (same line, different CWE label)",MAJOR;warning,"Detected use of the functions `Math.random()` or `java.util.Random()`. These are both not cryptographically strong random number generators (RNGs). If you are using these RNGs to create passwords or secret tokens, use `java.security.SecureRandom` instead."
BenchmarkTest02421,CWE-330,data/benchmark/src/main/java/org/owasp/benchmark/testcode/BenchmarkTest02421.java,50,semgrep;sonarqube,2,"medium (same line, different CWE label)",MAJOR;warning,"Detected use of the functions `Math.random()` or `java.util.Random()`. These are both not cryptographically strong random number generators (RNGs). If you are using these RNGs to create passwords or secret tokens, use `java.security.SecureRandom` instead."
BenchmarkTest02422,CWE-330,data/benchmark/src/main/java/org/owasp/benchmark/testcode/BenchmarkTest02422.java,50,semgrep;sonarqube,2,"medium (same line, different CWE label)",MAJOR;warning,"Detected use of the functions `Math.random()` or `java.util.Random()`. These are both not cryptographically strong random number generators (RNGs). If you are using these RNGs to create passwords or secret tokens, use `java.security.SecureRandom` instead."
BenchmarkTest02423,CWE-330,data/benchmark/src/main/java/org/owasp/benchmark/testcode/BenchmarkTest02423.java,50,semgrep;sonarqube,2,"medium (same line, different CWE label)",MAJOR;warning,"Detected use of the functions `Math.random()` or `java.util.Random()`. These are both not cryptographically strong random number generators (RNGs). If you are using these RNGs to create passwords or secret tokens, use `java.security.SecureRandom` instead."
BenchmarkTest02424,CWE-330,data/benchmark/src/main/java/org/owasp/benchmark/testcode/BenchmarkTest02424.java,50,semgrep;sonarqube,2,"medium (same line, different CWE label)",MAJOR;warning,"Detected use of the functions `Math.random()` or `java.util.Random()`. These are both not cryptographically strong random number generators (RNGs). If you are using these RNGs to create passwords or secret tokens, use `java.security.SecureRandom` instead."
BenchmarkTest02425,CWE-330,data/benchmark/src/main/java/org/owasp/benchmark/testcode/BenchmarkTest02425.java,50,semgrep;sonarqube,2,"medium (same line, different CWE label)",MAJOR;warning,"Detected use of the functions `Math.random()` or `java.util.Random()`. These are both not cryptographically strong random number generators (RNGs). If you are using these RNGs to create passwords or secret tokens, use `java.security.SecureRandom` instead."
BenchmarkTest02426,CWE-330,data/benchmark/src/main/java/org/owasp/benchmark/testcode/BenchmarkTest02426.java,50,semgrep;sonarqube,2,"medium (same line, different CWE label)",MAJOR;warning,"Detected use of the functions `Math.random()` or `java.util.Random()`. These are both not cryptographically strong random number generators (RNGs). If you are using these RNGs to create passwords or secret tokens, use `java.security.SecureRandom` instead."
BenchmarkTest02427,CWE-614,data/benchmark/src/main/java/org/owasp/benchmark/testcode/BenchmarkTest02427.java,67,semgrep,1,single-tool,warning,A cookie was detected without setting the 'secure' flag. The 'secure' flag for cookies prevents the client from transmitting the cookie over insecure channels such as HTTP. Set the 'secure' flag by calling 'cookie.setSecure(true);'
BenchmarkTest02428,CWE-78,data/benchmark/src/main/java/org/owasp/benchmark/testcode/BenchmarkTest02428.java,59,semgrep,1,single-tool,error,"Detected input from a HTTPServletRequest going into a 'ProcessBuilder' or 'exec' command. This could lead to command injection if variables passed into the exec commands are not properly sanitized. Instead, avoid using these OS commands with user-supplied input, or, if you must use these commands, use a whitelist of specific values."
BenchmarkTest02429,CWE-78,data/benchmark/src/main/java/org/owasp/benchmark/testcode/BenchmarkTest02429.java,71,semgrep,1,single-tool,error,"Detected input from a HTTPServletRequest going into a 'ProcessBuilder' or 'exec' command. This could lead to command injection if variables passed into the exec commands are not properly sanitized. Instead, avoid using these OS commands with user-supplied input, or, if you must use these commands, use a whitelist of specific values."
BenchmarkTest02430,CWE-78,data/benchmark/src/main/java/org/owasp/benchmark/testcode/BenchmarkTest02430.java,73,semgrep,1,single-tool,error,"Detected input from a HTTPServletRequest going into a 'ProcessBuilder' or 'exec' command. This could lead to command injection if variables passed into the exec commands are not properly sanitized. Instead, avoid using these OS commands with user-supplied input, or, if you must use these commands, use a whitelist of specific values."
BenchmarkTest02431,CWE-78,data/benchmark/src/main/java/org/owasp/benchmark/testcode/BenchmarkTest02431.java,59,semgrep,1,single-tool,error,"Detected input from a HTTPServletRequest going into a 'ProcessBuilder' or 'exec' command. This could lead to command injection if variables passed into the exec commands are not properly sanitized. Instead, avoid using these OS commands with user-supplied input, or, if you must use these commands, use a whitelist of specific values."
BenchmarkTest02432,CWE-78,data/benchmark/src/main/java/org/owasp/benchmark/testcode/BenchmarkTest02432.java,73,semgrep,1,single-tool,error,"Detected input from a HTTPServletRequest going into a 'ProcessBuilder' or 'exec' command. This could lead to command injection if variables passed into the exec commands are not properly sanitized. Instead, avoid using these OS commands with user-supplied input, or, if you must use these commands, use a whitelist of specific values."
BenchmarkTest02433,CWE-78,data/benchmark/src/main/java/org/owasp/benchmark/testcode/BenchmarkTest02433.java,73,semgrep,1,single-tool,error,"Detected input from a HTTPServletRequest going into a 'ProcessBuilder' or 'exec' command. This could lead to command injection if variables passed into the exec commands are not properly sanitized. Instead, avoid using these OS commands with user-supplied input, or, if you must use these commands, use a whitelist of specific values."
BenchmarkTest02454,CWE-89,data/benchmark/src/main/java/org/owasp/benchmark/testcode/BenchmarkTest02454.java,55,semgrep;sonarqube,2,high (same CWE),MAJOR;warning,Detected a formatted string in a SQL statement. This could lead to SQL injection if variables in the SQL statement are not properly sanitized. Use a prepared statements (java.sql.PreparedStatement) instead. You can obtain a PreparedStatement using 'connection.prepareStatement'.
BenchmarkTest02455,CWE-89,data/benchmark/src/main/java/org/owasp/benchmark/testcode/BenchmarkTest02455.java,55,semgrep;sonarqube,2,high (same CWE),MAJOR;warning,Detected a formatted string in a SQL statement. This could lead to SQL injection if variables in the SQL statement are not properly sanitized. Use a prepared statements (java.sql.PreparedStatement) instead. You can obtain a PreparedStatement using 'connection.prepareStatement'.
BenchmarkTest02456,CWE-89,data/benchmark/src/main/java/org/owasp/benchmark/testcode/BenchmarkTest02456.java,55,semgrep;sonarqube,2,high (same CWE),MAJOR;warning,Detected a formatted string in a SQL statement. This could lead to SQL injection if variables in the SQL statement are not properly sanitized. Use a prepared statements (java.sql.PreparedStatement) instead. You can obtain a PreparedStatement using 'connection.prepareStatement'.
BenchmarkTest02458,CWE-326,data/benchmark/src/main/java/org/owasp/benchmark/testcode/BenchmarkTest02458.java,66,semgrep,1,high (same CWE),warning,Triple DES (3DES or DESede) is considered deprecated. AES is the recommended cipher. Upgrade to use AES.
BenchmarkTest02458,CWE-327,owasp-benchmark:data/benchmark/src/main/java/org/owasp/benchmark/testcode/BenchmarkTest02458.java,63,sonarqube,1,high (same CWE),CRITICAL,Use a strong cipher algorithm.
BenchmarkTest02462,CWE-22,data/benchmark/src/main/java/org/owasp/benchmark/testcode/BenchmarkTest02462.java,50,semgrep,1,single-tool,error,"Detected a potential path traversal. A malicious actor could control the location of this file, to include going backwards in the directory with '../'. To address this, ensure that user-controlled variables in file paths are sanitized. You may also consider using a utility method such as org.apache.commons.io.FilenameUtils.getName(...) to only retrieve the file name from the path."
BenchmarkTest02463,CWE-22,data/benchmark/src/main/java/org/owasp/benchmark/testcode/BenchmarkTest02463.java,50,semgrep,1,single-tool,error,"Detected a potential path traversal. A malicious actor could control the location of this file, to include going backwards in the directory with '../'. To address this, ensure that user-controlled variables in file paths are sanitized. You may also consider using a utility method such as org.apache.commons.io.FilenameUtils.getName(...) to only retrieve the file name from the path."
BenchmarkTest02464,CWE-22,data/benchmark/src/main/java/org/owasp/benchmark/testcode/BenchmarkTest02464.java,50,semgrep,1,single-tool,error,"Detected a potential path traversal. A malicious actor could control the location of this file, to include going backwards in the directory with '../'. To address this, ensure that user-controlled variables in file paths are sanitized. You may also consider using a utility method such as org.apache.commons.io.FilenameUtils.getName(...) to only retrieve the file name from the path."
BenchmarkTest02465,CWE-22,data/benchmark/src/main/java/org/owasp/benchmark/testcode/BenchmarkTest02465.java,55,semgrep,1,single-tool,error,"Detected a potential path traversal. A malicious actor could control the location of this file, to include going backwards in the directory with '../'. To address this, ensure that user-controlled variables in file paths are sanitized. You may also consider using a utility method such as org.apache.commons.io.FilenameUtils.getName(...) to only retrieve the file name from the path."
BenchmarkTest02466,CWE-22,data/benchmark/src/main/java/org/owasp/benchmark/testcode/BenchmarkTest02466.java,55,semgrep,1,single-tool,error,"Detected a potential path traversal. A malicious actor could control the location of this file, to include going backwards in the directory with '../'. To address this, ensure that user-controlled variables in file paths are sanitized. You may also consider using a utility method such as org.apache.commons.io.FilenameUtils.getName(...) to only retrieve the file name from the path."
BenchmarkTest02467,CWE-22,data/benchmark/src/main/java/org/owasp/benchmark/testcode/BenchmarkTest02467.java,55,semgrep,1,single-tool,error,"Detected a potential path traversal. A malicious actor could control the location of this file, to include going backwards in the directory with '../'. To address this, ensure that user-controlled variables in file paths are sanitized. You may also consider using a utility method such as org.apache.commons.io.FilenameUtils.getName(...) to only retrieve the file name from the path."
BenchmarkTest02468,CWE-22,data/benchmark/src/main/java/org/owasp/benchmark/testcode/BenchmarkTest02468.java,61,semgrep,1,single-tool,error,"Detected a potential path traversal. A malicious actor could control the location of this file, to include going backwards in the directory with '../'. To address this, ensure that user-controlled variables in file paths are sanitized. You may also consider using a utility method such as org.apache.commons.io.FilenameUtils.getName(...) to only retrieve the file name from the path."
BenchmarkTest02469,CWE-22,data/benchmark/src/main/java/org/owasp/benchmark/testcode/BenchmarkTest02469.java,56,semgrep,1,single-tool,error,"Detected a potential path traversal. A malicious actor could control the location of this file, to include going backwards in the directory with '../'. To address this, ensure that user-controlled variables in file paths are sanitized. You may also consider using a utility method such as org.apache.commons.io.FilenameUtils.getName(...) to only retrieve the file name from the path."
BenchmarkTest02469,CWE-22,data/benchmark/src/main/java/org/owasp/benchmark/testcode/BenchmarkTest02469.java,69,semgrep,1,single-tool,error,"Detected a potential path traversal. A malicious actor could control the location of this file, to include going backwards in the directory with '../'. To address this, ensure that user-controlled variables in file paths are sanitized. You may also consider using a utility method such as org.apache.commons.io.FilenameUtils.getName(...) to only retrieve the file name from the path."
BenchmarkTest02470,CWE-22,data/benchmark/src/main/java/org/owasp/benchmark/testcode/BenchmarkTest02470.java,56,semgrep,1,single-tool,error,"Detected a potential path traversal. A malicious actor could control the location of this file, to include going backwards in the directory with '../'. To address this, ensure that user-controlled variables in file paths are sanitized. You may also consider using a utility method such as org.apache.commons.io.FilenameUtils.getName(...) to only retrieve the file name from the path."
BenchmarkTest02470,CWE-22,data/benchmark/src/main/java/org/owasp/benchmark/testcode/BenchmarkTest02470.java,69,semgrep,1,single-tool,error,"Detected a potential path traversal. A malicious actor could control the location of this file, to include going backwards in the directory with '../'. To address this, ensure that user-controlled variables in file paths are sanitized. You may also consider using a utility method such as org.apache.commons.io.FilenameUtils.getName(...) to only retrieve the file name from the path."
BenchmarkTest02472,CWE-90,data/benchmark/src/main/java/org/owasp/benchmark/testcode/BenchmarkTest02472.java,64,semgrep,1,single-tool,warning,"Detected input from a HTTPServletRequest going into an LDAP query. This could lead to LDAP injection if the input is not properly sanitized, which could result in attackers modifying objects in the LDAP tree structure. Ensure data passed to an LDAP query is not controllable or properly sanitize the data."
BenchmarkTest02473,CWE-330,data/benchmark/src/main/java/org/owasp/benchmark/testcode/BenchmarkTest02473.java,50,semgrep;sonarqube,2,"medium (same line, different CWE label)",MAJOR;warning,"Detected use of the functions `Math.random()` or `java.util.Random()`. These are both not cryptographically strong random number generators (RNGs). If you are using these RNGs to create passwords or secret tokens, use `java.security.SecureRandom` instead."
BenchmarkTest02474,CWE-328,data/benchmark/src/main/java/org/owasp/benchmark/testcode/BenchmarkTest02474.java,51,semgrep;sonarqube,2,"medium (same line, different CWE label)",CRITICAL;warning,"Detected SHA1 hash algorithm which is considered insecure. SHA1 is not collision resistant and is therefore not suitable as a cryptographic signature. Instead, use PBKDF2 for password hashing or SHA256 or SHA512 for other hash function applications."
BenchmarkTest02475,CWE-328,data/benchmark/src/main/java/org/owasp/benchmark/testcode/BenchmarkTest02475.java,51,semgrep;sonarqube,2,"medium (same line, different CWE label)",CRITICAL;warning,Detected MD5 hash algorithm which is considered insecure. MD5 is not collision resistant and is therefore not suitable as a cryptographic signature. Use HMAC instead.
BenchmarkTest02476,CWE-328,data/benchmark/src/main/java/org/owasp/benchmark/testcode/BenchmarkTest02476.java,51,semgrep;sonarqube,2,"medium (same line, different CWE label)",CRITICAL;warning,Detected MD5 hash algorithm which is considered insecure. MD5 is not collision resistant and is therefore not suitable as a cryptographic signature. Use HMAC instead.
BenchmarkTest02480,CWE-79,data/benchmark/src/main/java/org/owasp/benchmark/testcode/BenchmarkTest02480.java,51,semgrep,1,single-tool,warning,"Detected a request with potential user-input going into a OutputStream or Writer object. This bypasses any view or template environments, including HTML escaping, which may expose this application to cross-site scripting (XSS) vulnerabilities. Consider using a view technology such as JavaServer Faces (JSFs) which automatically escapes HTML views."
BenchmarkTest02481,CWE-79,data/benchmark/src/main/java/org/owasp/benchmark/testcode/BenchmarkTest02481.java,51,semgrep,1,single-tool,warning,"Detected a request with potential user-input going into a OutputStream or Writer object. This bypasses any view or template environments, including HTML escaping, which may expose this application to cross-site scripting (XSS) vulnerabilities. Consider using a view technology such as JavaServer Faces (JSFs) which automatically escapes HTML views."
BenchmarkTest02482,CWE-79,data/benchmark/src/main/java/org/owasp/benchmark/testcode/BenchmarkTest02482.java,51,semgrep,1,single-tool,warning,"Detected a request with potential user-input going into a OutputStream or Writer object. This bypasses any view or template environments, including HTML escaping, which may expose this application to cross-site scripting (XSS) vulnerabilities. Consider using a view technology such as JavaServer Faces (JSFs) which automatically escapes HTML views."
BenchmarkTest02483,CWE-79,data/benchmark/src/main/java/org/owasp/benchmark/testcode/BenchmarkTest02483.java,51,semgrep,1,single-tool,warning,"Detected a request with potential user-input going into a OutputStream or Writer object. This bypasses any view or template environments, including HTML escaping, which may expose this application to cross-site scripting (XSS) vulnerabilities. Consider using a view technology such as JavaServer Faces (JSFs) which automatically escapes HTML views."
BenchmarkTest02484,CWE-79,data/benchmark/src/main/java/org/owasp/benchmark/testcode/BenchmarkTest02484.java,51,semgrep,1,single-tool,warning,"Detected a request with potential user-input going into a OutputStream or Writer object. This bypasses any view or template environments, including HTML escaping, which may expose this application to cross-site scripting (XSS) vulnerabilities. Consider using a view technology such as JavaServer Faces (JSFs) which automatically escapes HTML views."
BenchmarkTest02485,CWE-79,data/benchmark/src/main/java/org/owasp/benchmark/testcode/BenchmarkTest02485.java,52,semgrep,1,single-tool,warning,"Detected a request with potential user-input going into a OutputStream or Writer object. This bypasses any view or template environments, including HTML escaping, which may expose this application to cross-site scripting (XSS) vulnerabilities. Consider using a view technology such as JavaServer Faces (JSFs) which automatically escapes HTML views."
BenchmarkTest02486,CWE-79,data/benchmark/src/main/java/org/owasp/benchmark/testcode/BenchmarkTest02486.java,52,semgrep,1,single-tool,warning,"Detected a request with potential user-input going into a OutputStream or Writer object. This bypasses any view or template environments, including HTML escaping, which may expose this application to cross-site scripting (XSS) vulnerabilities. Consider using a view technology such as JavaServer Faces (JSFs) which automatically escapes HTML views."
BenchmarkTest02487,CWE-79,data/benchmark/src/main/java/org/owasp/benchmark/testcode/BenchmarkTest02487.java,52,semgrep,1,single-tool,warning,"Detected a request with potential user-input going into a OutputStream or Writer object. This bypasses any view or template environments, including HTML escaping, which may expose this application to cross-site scripting (XSS) vulnerabilities. Consider using a view technology such as JavaServer Faces (JSFs) which automatically escapes HTML views."
BenchmarkTest02488,CWE-79,data/benchmark/src/main/java/org/owasp/benchmark/testcode/BenchmarkTest02488.java,52,semgrep,1,single-tool,warning,"Detected a request with potential user-input going into a OutputStream or Writer object. This bypasses any view or template environments, including HTML escaping, which may expose this application to cross-site scripting (XSS) vulnerabilities. Consider using a view technology such as JavaServer Faces (JSFs) which automatically escapes HTML views."
BenchmarkTest02489,CWE-79,data/benchmark/src/main/java/org/owasp/benchmark/testcode/BenchmarkTest02489.java,52,semgrep,1,single-tool,warning,"Detected a request with potential user-input going into a OutputStream or Writer object. This bypasses any view or template environments, including HTML escaping, which may expose this application to cross-site scripting (XSS) vulnerabilities. Consider using a view technology such as JavaServer Faces (JSFs) which automatically escapes HTML views."
BenchmarkTest02490,CWE-79,data/benchmark/src/main/java/org/owasp/benchmark/testcode/BenchmarkTest02490.java,52,semgrep,1,single-tool,warning,"Detected a request with potential user-input going into a OutputStream or Writer object. This bypasses any view or template environments, including HTML escaping, which may expose this application to cross-site scripting (XSS) vulnerabilities. Consider using a view technology such as JavaServer Faces (JSFs) which automatically escapes HTML views."
BenchmarkTest02491,CWE-79,data/benchmark/src/main/java/org/owasp/benchmark/testcode/BenchmarkTest02491.java,51,semgrep,1,single-tool,warning,"Detected a request with potential user-input going into a OutputStream or Writer object. This bypasses any view or template environments, including HTML escaping, which may expose this application to cross-site scripting (XSS) vulnerabilities. Consider using a view technology such as JavaServer Faces (JSFs) which automatically escapes HTML views."
BenchmarkTest02492,CWE-79,data/benchmark/src/main/java/org/owasp/benchmark/testcode/BenchmarkTest02492.java,51,semgrep,1,single-tool,warning,"Detected a request with potential user-input going into a OutputStream or Writer object. This bypasses any view or template environments, including HTML escaping, which may expose this application to cross-site scripting (XSS) vulnerabilities. Consider using a view technology such as JavaServer Faces (JSFs) which automatically escapes HTML views."
BenchmarkTest02493,CWE-79,data/benchmark/src/main/java/org/owasp/benchmark/testcode/BenchmarkTest02493.java,54,semgrep,1,single-tool,warning,"Detected a request with potential user-input going into a OutputStream or Writer object. This bypasses any view or template environments, including HTML escaping, which may expose this application to cross-site scripting (XSS) vulnerabilities. Consider using a view technology such as JavaServer Faces (JSFs) which automatically escapes HTML views."
BenchmarkTest02494,CWE-79,data/benchmark/src/main/java/org/owasp/benchmark/testcode/BenchmarkTest02494.java,51,semgrep,1,single-tool,warning,"Detected a request with potential user-input going into a OutputStream or Writer object. This bypasses any view or template environments, including HTML escaping, which may expose this application to cross-site scripting (XSS) vulnerabilities. Consider using a view technology such as JavaServer Faces (JSFs) which automatically escapes HTML views."
BenchmarkTest02495,CWE-79,data/benchmark/src/main/java/org/owasp/benchmark/testcode/BenchmarkTest02495.java,54,semgrep,1,single-tool,warning,"Detected a request with potential user-input going into a OutputStream or Writer object. This bypasses any view or template environments, including HTML escaping, which may expose this application to cross-site scripting (XSS) vulnerabilities. Consider using a view technology such as JavaServer Faces (JSFs) which automatically escapes HTML views."
BenchmarkTest02496,CWE-78,data/benchmark/src/main/java/org/owasp/benchmark/testcode/BenchmarkTest02496.java,64,semgrep,1,single-tool,error,A formatted or concatenated string was detected as input to a ProcessBuilder call. This is dangerous if a variable is controlled by user input and could result in a command injection. Ensure your variables are not controlled by users or sufficiently sanitized.
BenchmarkTest02497,CWE-330,data/benchmark/src/main/java/org/owasp/benchmark/testcode/BenchmarkTest02497.java,50,semgrep;sonarqube,2,"medium (same line, different CWE label)",MAJOR;warning,"Detected use of the functions `Math.random()` or `java.util.Random()`. These are both not cryptographically strong random number generators (RNGs). If you are using these RNGs to create passwords or secret tokens, use `java.security.SecureRandom` instead."
BenchmarkTest02498,CWE-330,data/benchmark/src/main/java/org/owasp/benchmark/testcode/BenchmarkTest02498.java,50,semgrep;sonarqube,2,"medium (same line, different CWE label)",MAJOR;warning,"Detected use of the functions `Math.random()` or `java.util.Random()`. These are both not cryptographically strong random number generators (RNGs). If you are using these RNGs to create passwords or secret tokens, use `java.security.SecureRandom` instead."
BenchmarkTest02499,CWE-330,data/benchmark/src/main/java/org/owasp/benchmark/testcode/BenchmarkTest02499.java,50,semgrep;sonarqube,2,"medium (same line, different CWE label)",MAJOR;warning,"Detected use of the functions `Math.random()` or `java.util.Random()`. These are both not cryptographically strong random number generators (RNGs). If you are using these RNGs to create passwords or secret tokens, use `java.security.SecureRandom` instead."
BenchmarkTest02500,CWE-330,data/benchmark/src/main/java/org/owasp/benchmark/testcode/BenchmarkTest02500.java,50,semgrep;sonarqube,2,"medium (same line, different CWE label)",MAJOR;warning,"Detected use of the functions `Math.random()` or `java.util.Random()`. These are both not cryptographically strong random number generators (RNGs). If you are using these RNGs to create passwords or secret tokens, use `java.security.SecureRandom` instead."
BenchmarkTest02501,CWE-330,data/benchmark/src/main/java/org/owasp/benchmark/testcode/BenchmarkTest02501.java,50,semgrep;sonarqube,2,"medium (same line, different CWE label)",MAJOR;warning,"Detected use of the functions `Math.random()` or `java.util.Random()`. These are both not cryptographically strong random number generators (RNGs). If you are using these RNGs to create passwords or secret tokens, use `java.security.SecureRandom` instead."
BenchmarkTest02502,CWE-330,data/benchmark/src/main/java/org/owasp/benchmark/testcode/BenchmarkTest02502.java,50,semgrep;sonarqube,2,"medium (same line, different CWE label)",MAJOR;warning,"Detected use of the functions `Math.random()` or `java.util.Random()`. These are both not cryptographically strong random number generators (RNGs). If you are using these RNGs to create passwords or secret tokens, use `java.security.SecureRandom` instead."
BenchmarkTest02503,CWE-330,data/benchmark/src/main/java/org/owasp/benchmark/testcode/BenchmarkTest02503.java,50,semgrep;sonarqube,2,"medium (same line, different CWE label)",MAJOR;warning,"Detected use of the functions `Math.random()` or `java.util.Random()`. These are both not cryptographically strong random number generators (RNGs). If you are using these RNGs to create passwords or secret tokens, use `java.security.SecureRandom` instead."
BenchmarkTest02504,CWE-330,data/benchmark/src/main/java/org/owasp/benchmark/testcode/BenchmarkTest02504.java,50,semgrep;sonarqube,2,"medium (same line, different CWE label)",MAJOR;warning,"Detected use of the functions `Math.random()` or `java.util.Random()`. These are both not cryptographically strong random number generators (RNGs). If you are using these RNGs to create passwords or secret tokens, use `java.security.SecureRandom` instead."
BenchmarkTest02505,CWE-330,data/benchmark/src/main/java/org/owasp/benchmark/testcode/BenchmarkTest02505.java,50,semgrep;sonarqube,2,"medium (same line, different CWE label)",MAJOR;warning,"Detected use of the functions `Math.random()` or `java.util.Random()`. These are both not cryptographically strong random number generators (RNGs). If you are using these RNGs to create passwords or secret tokens, use `java.security.SecureRandom` instead."
BenchmarkTest02506,CWE-330,data/benchmark/src/main/java/org/owasp/benchmark/testcode/BenchmarkTest02506.java,50,semgrep;sonarqube,2,"medium (same line, different CWE label)",MAJOR;warning,"Detected use of the functions `Math.random()` or `java.util.Random()`. These are both not cryptographically strong random number generators (RNGs). If you are using these RNGs to create passwords or secret tokens, use `java.security.SecureRandom` instead."
BenchmarkTest02507,CWE-614,data/benchmark/src/main/java/org/owasp/benchmark/testcode/BenchmarkTest02507.java,67,semgrep,1,single-tool,warning,A cookie was detected without setting the 'secure' flag. The 'secure' flag for cookies prevents the client from transmitting the cookie over insecure channels such as HTTP. Set the 'secure' flag by calling 'cookie.setSecure(true);'
BenchmarkTest02509,CWE-79,data/benchmark/src/main/java/org/owasp/benchmark/testcode/BenchmarkTest02509.java,51,semgrep,1,single-tool,warning,"Detected a request with potential user-input going into a OutputStream or Writer object. This bypasses any view or template environments, including HTML escaping, which may expose this application to cross-site scripting (XSS) vulnerabilities. Consider using a view technology such as JavaServer Faces (JSFs) which automatically escapes HTML views."
BenchmarkTest02510,CWE-78,data/benchmark/src/main/java/org/owasp/benchmark/testcode/BenchmarkTest02510.java,59,semgrep,1,single-tool,error,"Detected input from a HTTPServletRequest going into a 'ProcessBuilder' or 'exec' command. This could lead to command injection if variables passed into the exec commands are not properly sanitized. Instead, avoid using these OS commands with user-supplied input, or, if you must use these commands, use a whitelist of specific values."
BenchmarkTest02511,CWE-78,data/benchmark/src/main/java/org/owasp/benchmark/testcode/BenchmarkTest02511.java,59,semgrep,1,single-tool,error,"Detected input from a HTTPServletRequest going into a 'ProcessBuilder' or 'exec' command. This could lead to command injection if variables passed into the exec commands are not properly sanitized. Instead, avoid using these OS commands with user-supplied input, or, if you must use these commands, use a whitelist of specific values."
BenchmarkTest02512,CWE-78,data/benchmark/src/main/java/org/owasp/benchmark/testcode/BenchmarkTest02512.java,59,semgrep,1,single-tool,error,"Detected input from a HTTPServletRequest going into a 'ProcessBuilder' or 'exec' command. This could lead to command injection if variables passed into the exec commands are not properly sanitized. Instead, avoid using these OS commands with user-supplied input, or, if you must use these commands, use a whitelist of specific values."
BenchmarkTest02513,CWE-78,data/benchmark/src/main/java/org/owasp/benchmark/testcode/BenchmarkTest02513.java,59,semgrep,1,single-tool,error,"Detected input from a HTTPServletRequest going into a 'ProcessBuilder' or 'exec' command. This could lead to command injection if variables passed into the exec commands are not properly sanitized. Instead, avoid using these OS commands with user-supplied input, or, if you must use these commands, use a whitelist of specific values."
BenchmarkTest02514,CWE-78,data/benchmark/src/main/java/org/owasp/benchmark/testcode/BenchmarkTest02514.java,58,semgrep,1,single-tool,error,"Detected input from a HTTPServletRequest going into a 'ProcessBuilder' or 'exec' command. This could lead to command injection if variables passed into the exec commands are not properly sanitized. Instead, avoid using these OS commands with user-supplied input, or, if you must use these commands, use a whitelist of specific values."
BenchmarkTest02515,CWE-78,data/benchmark/src/main/java/org/owasp/benchmark/testcode/BenchmarkTest02515.java,58,semgrep,1,single-tool,error,"Detected input from a HTTPServletRequest going into a 'ProcessBuilder' or 'exec' command. This could lead to command injection if variables passed into the exec commands are not properly sanitized. Instead, avoid using these OS commands with user-supplied input, or, if you must use these commands, use a whitelist of specific values."
BenchmarkTest02516,CWE-78,data/benchmark/src/main/java/org/owasp/benchmark/testcode/BenchmarkTest02516.java,56,semgrep,1,single-tool,error,"Detected input from a HTTPServletRequest going into a 'ProcessBuilder' or 'exec' command. This could lead to command injection if variables passed into the exec commands are not properly sanitized. Instead, avoid using these OS commands with user-supplied input, or, if you must use these commands, use a whitelist of specific values."
BenchmarkTest02517,CWE-78,data/benchmark/src/main/java/org/owasp/benchmark/testcode/BenchmarkTest02517.java,56,semgrep,1,single-tool,error,"Detected input from a HTTPServletRequest going into a 'ProcessBuilder' or 'exec' command. This could lead to command injection if variables passed into the exec commands are not properly sanitized. Instead, avoid using these OS commands with user-supplied input, or, if you must use these commands, use a whitelist of specific values."
BenchmarkTest02518,CWE-78,data/benchmark/src/main/java/org/owasp/benchmark/testcode/BenchmarkTest02518.java,56,semgrep,1,single-tool,error,"Detected input from a HTTPServletRequest going into a 'ProcessBuilder' or 'exec' command. This could lead to command injection if variables passed into the exec commands are not properly sanitized. Instead, avoid using these OS commands with user-supplied input, or, if you must use these commands, use a whitelist of specific values."
BenchmarkTest02523,CWE-79,data/benchmark/src/main/java/org/owasp/benchmark/testcode/BenchmarkTest02523.java,53,semgrep,1,single-tool,warning,"Detected a request with potential user-input going into a OutputStream or Writer object. This bypasses any view or template environments, including HTML escaping, which may expose this application to cross-site scripting (XSS) vulnerabilities. Consider using a view technology such as JavaServer Faces (JSFs) which automatically escapes HTML views."
BenchmarkTest02524,CWE-501,data/benchmark/src/main/java/org/owasp/benchmark/testcode/BenchmarkTest02524.java,51,semgrep,1,single-tool,warning,"Detected input from a HTTPServletRequest going into a session command, like `setAttribute`. User input into such a command could lead to an attacker inputting malicious code into your session parameters, blurring the line between what's trusted and untrusted, and therefore leading to a trust boundary violation. This could lead to programmers trusting unvalidated data. Instead, thoroughly sanitize user input before passing it into such function calls."
BenchmarkTest02524,CWE-79,data/benchmark/src/main/java/org/owasp/benchmark/testcode/BenchmarkTest02524.java,53,semgrep,1,single-tool,warning,"Detected a request with potential user-input going into a OutputStream or Writer object. This bypasses any view or template environments, including HTML escaping, which may expose this application to cross-site scripting (XSS) vulnerabilities. Consider using a view technology such as JavaServer Faces (JSFs) which automatically escapes HTML views."
BenchmarkTest02525,CWE-501,data/benchmark/src/main/java/org/owasp/benchmark/testcode/BenchmarkTest02525.java,51,semgrep,1,single-tool,warning,"Detected input from a HTTPServletRequest going into a session command, like `setAttribute`. User input into such a command could lead to an attacker inputting malicious code into your session parameters, blurring the line between what's trusted and untrusted, and therefore leading to a trust boundary violation. This could lead to programmers trusting unvalidated data. Instead, thoroughly sanitize user input before passing it into such function calls."
BenchmarkTest02525,CWE-79,data/benchmark/src/main/java/org/owasp/benchmark/testcode/BenchmarkTest02525.java,53,semgrep,1,single-tool,warning,"Detected a request with potential user-input going into a OutputStream or Writer object. This bypasses any view or template environments, including HTML escaping, which may expose this application to cross-site scripting (XSS) vulnerabilities. Consider using a view technology such as JavaServer Faces (JSFs) which automatically escapes HTML views."
BenchmarkTest02526,CWE-501,data/benchmark/src/main/java/org/owasp/benchmark/testcode/BenchmarkTest02526.java,51,semgrep,1,single-tool,warning,"Detected input from a HTTPServletRequest going into a session command, like `setAttribute`. User input into such a command could lead to an attacker inputting malicious code into your session parameters, blurring the line between what's trusted and untrusted, and therefore leading to a trust boundary violation. This could lead to programmers trusting unvalidated data. Instead, thoroughly sanitize user input before passing it into such function calls."
BenchmarkTest02526,CWE-79,data/benchmark/src/main/java/org/owasp/benchmark/testcode/BenchmarkTest02526.java,53,semgrep,1,single-tool,warning,"Detected a request with potential user-input going into a OutputStream or Writer object. This bypasses any view or template environments, including HTML escaping, which may expose this application to cross-site scripting (XSS) vulnerabilities. Consider using a view technology such as JavaServer Faces (JSFs) which automatically escapes HTML views."
BenchmarkTest02527,CWE-79,data/benchmark/src/main/java/org/owasp/benchmark/testcode/BenchmarkTest02527.java,53,semgrep,1,single-tool,warning,"Detected a request with potential user-input going into a OutputStream or Writer object. This bypasses any view or template environments, including HTML escaping, which may expose this application to cross-site scripting (XSS) vulnerabilities. Consider using a view technology such as JavaServer Faces (JSFs) which automatically escapes HTML views."
BenchmarkTest02528,CWE-89,data/benchmark/src/main/java/org/owasp/benchmark/testcode/BenchmarkTest02528.java,55,semgrep;sonarqube,2,high (same CWE),MAJOR;warning,Detected input from a HTTPServletRequest going into a SQL sink or statement. This could lead to SQL injection if variables in the SQL statement are not properly sanitized. Use parameterized SQL queries or properly sanitize user input instead.
BenchmarkTest02529,CWE-89,data/benchmark/src/main/java/org/owasp/benchmark/testcode/BenchmarkTest02529.java,55,semgrep;sonarqube,2,high (same CWE),MAJOR;warning,Detected input from a HTTPServletRequest going into a SQL sink or statement. This could lead to SQL injection if variables in the SQL statement are not properly sanitized. Use parameterized SQL queries or properly sanitize user input instead.
BenchmarkTest02530,CWE-89,data/benchmark/src/main/java/org/owasp/benchmark/testcode/BenchmarkTest02530.java,55,semgrep;sonarqube,2,high (same CWE),MAJOR;warning,Detected input from a HTTPServletRequest going into a SQL sink or statement. This could lead to SQL injection if variables in the SQL statement are not properly sanitized. Use parameterized SQL queries or properly sanitize user input instead.
BenchmarkTest02531,CWE-89,data/benchmark/src/main/java/org/owasp/benchmark/testcode/BenchmarkTest02531.java,55,semgrep;sonarqube,2,high (same CWE),MAJOR;warning,Detected input from a HTTPServletRequest going into a SQL sink or statement. This could lead to SQL injection if variables in the SQL statement are not properly sanitized. Use parameterized SQL queries or properly sanitize user input instead.
BenchmarkTest02532,CWE-89,data/benchmark/src/main/java/org/owasp/benchmark/testcode/BenchmarkTest02532.java,55,semgrep;sonarqube,2,high (same CWE),MAJOR;warning,Detected input from a HTTPServletRequest going into a SQL sink or statement. This could lead to SQL injection if variables in the SQL statement are not properly sanitized. Use parameterized SQL queries or properly sanitize user input instead.
BenchmarkTest02533,CWE-89,data/benchmark/src/main/java/org/owasp/benchmark/testcode/BenchmarkTest02533.java,55,semgrep;sonarqube,2,high (same CWE),MAJOR;warning,Detected input from a HTTPServletRequest going into a SQL sink or statement. This could lead to SQL injection if variables in the SQL statement are not properly sanitized. Use parameterized SQL queries or properly sanitize user input instead.
BenchmarkTest02534,CWE-89,data/benchmark/src/main/java/org/owasp/benchmark/testcode/BenchmarkTest02534.java,55,semgrep;sonarqube,2,high (same CWE),MAJOR;warning,Detected input from a HTTPServletRequest going into a SQL sink or statement. This could lead to SQL injection if variables in the SQL statement are not properly sanitized. Use parameterized SQL queries or properly sanitize user input instead.
BenchmarkTest02535,CWE-89,data/benchmark/src/main/java/org/owasp/benchmark/testcode/BenchmarkTest02535.java,55,semgrep;sonarqube,2,high (same CWE),MAJOR;warning,Detected input from a HTTPServletRequest going into a SQL sink or statement. This could lead to SQL injection if variables in the SQL statement are not properly sanitized. Use parameterized SQL queries or properly sanitize user input instead.
BenchmarkTest02536,CWE-89,data/benchmark/src/main/java/org/owasp/benchmark/testcode/BenchmarkTest02536.java,53,semgrep,1,single-tool,warning,Detected input from a HTTPServletRequest going into a SQL sink or statement. This could lead to SQL injection if variables in the SQL statement are not properly sanitized. Use parameterized SQL queries or properly sanitize user input instead.
BenchmarkTest02537,CWE-89,data/benchmark/src/main/java/org/owasp/benchmark/testcode/BenchmarkTest02537.java,53,semgrep,1,single-tool,warning,Detected input from a HTTPServletRequest going into a SQL sink or statement. This could lead to SQL injection if variables in the SQL statement are not properly sanitized. Use parameterized SQL queries or properly sanitize user input instead.
BenchmarkTest02538,CWE-89,data/benchmark/src/main/java/org/owasp/benchmark/testcode/BenchmarkTest02538.java,53,semgrep,1,single-tool,warning,Detected input from a HTTPServletRequest going into a SQL sink or statement. This could lead to SQL injection if variables in the SQL statement are not properly sanitized. Use parameterized SQL queries or properly sanitize user input instead.
BenchmarkTest02539,CWE-89,data/benchmark/src/main/java/org/owasp/benchmark/testcode/BenchmarkTest02539.java,52,semgrep,1,single-tool,warning,Detected input from a HTTPServletRequest going into a SQL sink or statement. This could lead to SQL injection if variables in the SQL statement are not properly sanitized. Use parameterized SQL queries or properly sanitize user input instead.
BenchmarkTest02540,CWE-89,data/benchmark/src/main/java/org/owasp/benchmark/testcode/BenchmarkTest02540.java,53,semgrep,1,single-tool,warning,Detected input from a HTTPServletRequest going into a SQL sink or statement. This could lead to SQL injection if variables in the SQL statement are not properly sanitized. Use parameterized SQL queries or properly sanitize user input instead.
BenchmarkTest02541,CWE-89,data/benchmark/src/main/java/org/owasp/benchmark/testcode/BenchmarkTest02541.java,53,semgrep;sonarqube,2,high (same CWE),MAJOR;warning,Detected input from a HTTPServletRequest going into a SQL sink or statement. This could lead to SQL injection if variables in the SQL statement are not properly sanitized. Use parameterized SQL queries or properly sanitize user input instead.
BenchmarkTest02542,CWE-89,data/benchmark/src/main/java/org/owasp/benchmark/testcode/BenchmarkTest02542.java,55,semgrep;sonarqube,2,high (same CWE),MAJOR;warning,Detected a formatted string in a SQL statement. This could lead to SQL injection if variables in the SQL statement are not properly sanitized. Use a prepared statements (java.sql.PreparedStatement) instead. You can obtain a PreparedStatement using 'connection.prepareStatement'.
BenchmarkTest02543,CWE-89,data/benchmark/src/main/java/org/owasp/benchmark/testcode/BenchmarkTest02543.java,55,semgrep;sonarqube,2,high (same CWE),MAJOR;warning,Detected a formatted string in a SQL statement. This could lead to SQL injection if variables in the SQL statement are not properly sanitized. Use a prepared statements (java.sql.PreparedStatement) instead. You can obtain a PreparedStatement using 'connection.prepareStatement'.
BenchmarkTest02544,CWE-89,data/benchmark/src/main/java/org/owasp/benchmark/testcode/BenchmarkTest02544.java,55,semgrep;sonarqube,2,high (same CWE),MAJOR;warning,Detected a formatted string in a SQL statement. This could lead to SQL injection if variables in the SQL statement are not properly sanitized. Use a prepared statements (java.sql.PreparedStatement) instead. You can obtain a PreparedStatement using 'connection.prepareStatement'.
BenchmarkTest02545,CWE-89,data/benchmark/src/main/java/org/owasp/benchmark/testcode/BenchmarkTest02545.java,53,semgrep;sonarqube,2,high (same CWE),MAJOR;warning,Detected input from a HTTPServletRequest going into a SQL sink or statement. This could lead to SQL injection if variables in the SQL statement are not properly sanitized. Use parameterized SQL queries or properly sanitize user input instead.
BenchmarkTest02546,CWE-89,data/benchmark/src/main/java/org/owasp/benchmark/testcode/BenchmarkTest02546.java,53,semgrep;sonarqube,2,high (same CWE),MAJOR;warning,Detected input from a HTTPServletRequest going into a SQL sink or statement. This could lead to SQL injection if variables in the SQL statement are not properly sanitized. Use parameterized SQL queries or properly sanitize user input instead.
BenchmarkTest02548,CWE-326,data/benchmark/src/main/java/org/owasp/benchmark/testcode/BenchmarkTest02548.java,86,semgrep,1,high (same CWE),warning,Triple DES (3DES or DESede) is considered deprecated. AES is the recommended cipher. Upgrade to use AES.
BenchmarkTest02548,CWE-327,owasp-benchmark:data/benchmark/src/main/java/org/owasp/benchmark/testcode/BenchmarkTest02548.java,84,sonarqube,1,high (same CWE),CRITICAL,Use another cipher mode or disable padding.
BenchmarkTest02549,CWE-326,data/benchmark/src/main/java/org/owasp/benchmark/testcode/BenchmarkTest02549.java,86,semgrep,1,high (same CWE),warning,Triple DES (3DES or DESede) is considered deprecated. AES is the recommended cipher. Upgrade to use AES.
BenchmarkTest02549,CWE-327,owasp-benchmark:data/benchmark/src/main/java/org/owasp/benchmark/testcode/BenchmarkTest02549.java,84,sonarqube,1,high (same CWE),CRITICAL,Use another cipher mode or disable padding.
BenchmarkTest02550,CWE-326,data/benchmark/src/main/java/org/owasp/benchmark/testcode/BenchmarkTest02550.java,83,semgrep;sonarqube,2,"medium (same line, different CWE label)",CRITICAL;warning,DES is considered deprecated. AES is the recommended cipher. Upgrade to use AES. See https://www.nist.gov/news-events/news/2005/06/nist-withdraws-outdated-data-encryption-standard for more information.
BenchmarkTest02553,CWE-90,data/benchmark/src/main/java/org/owasp/benchmark/testcode/BenchmarkTest02553.java,83,semgrep,1,single-tool,warning,"Detected input from a HTTPServletRequest going into an LDAP query. This could lead to LDAP injection if the input is not properly sanitized, which could result in attackers modifying objects in the LDAP tree structure. Ensure data passed to an LDAP query is not controllable or properly sanitize the data."
BenchmarkTest02554,CWE-22,data/benchmark/src/main/java/org/owasp/benchmark/testcode/BenchmarkTest02554.java,72,semgrep,1,single-tool,error,"Detected a potential path traversal. A malicious actor could control the location of this file, to include going backwards in the directory with '../'. To address this, ensure that user-controlled variables in file paths are sanitized. You may also consider using a utility method such as org.apache.commons.io.FilenameUtils.getName(...) to only retrieve the file name from the path."
BenchmarkTest02555,CWE-22,data/benchmark/src/main/java/org/owasp/benchmark/testcode/BenchmarkTest02555.java,72,semgrep,1,single-tool,error,"Detected a potential path traversal. A malicious actor could control the location of this file, to include going backwards in the directory with '../'. To address this, ensure that user-controlled variables in file paths are sanitized. You may also consider using a utility method such as org.apache.commons.io.FilenameUtils.getName(...) to only retrieve the file name from the path."
BenchmarkTest02556,CWE-22,data/benchmark/src/main/java/org/owasp/benchmark/testcode/BenchmarkTest02556.java,72,semgrep,1,single-tool,error,"Detected a potential path traversal. A malicious actor could control the location of this file, to include going backwards in the directory with '../'. To address this, ensure that user-controlled variables in file paths are sanitized. You may also consider using a utility method such as org.apache.commons.io.FilenameUtils.getName(...) to only retrieve the file name from the path."
BenchmarkTest02557,CWE-22,data/benchmark/src/main/java/org/owasp/benchmark/testcode/BenchmarkTest02557.java,72,semgrep,1,single-tool,error,"Detected a potential path traversal. A malicious actor could control the location of this file, to include going backwards in the directory with '../'. To address this, ensure that user-controlled variables in file paths are sanitized. You may also consider using a utility method such as org.apache.commons.io.FilenameUtils.getName(...) to only retrieve the file name from the path."
BenchmarkTest02558,CWE-22,data/benchmark/src/main/java/org/owasp/benchmark/testcode/BenchmarkTest02558.java,72,semgrep,1,single-tool,error,"Detected a potential path traversal. A malicious actor could control the location of this file, to include going backwards in the directory with '../'. To address this, ensure that user-controlled variables in file paths are sanitized. You may also consider using a utility method such as org.apache.commons.io.FilenameUtils.getName(...) to only retrieve the file name from the path."
BenchmarkTest02559,CWE-22,data/benchmark/src/main/java/org/owasp/benchmark/testcode/BenchmarkTest02559.java,89,semgrep,1,single-tool,error,"Detected a potential path traversal. A malicious actor could control the location of this file, to include going backwards in the directory with '../'. To address this, ensure that user-controlled variables in file paths are sanitized. You may also consider using a utility method such as org.apache.commons.io.FilenameUtils.getName(...) to only retrieve the file name from the path."
BenchmarkTest02560,CWE-22,data/benchmark/src/main/java/org/owasp/benchmark/testcode/BenchmarkTest02560.java,77,semgrep,1,single-tool,error,"Detected a potential path traversal. A malicious actor could control the location of this file, to include going backwards in the directory with '../'. To address this, ensure that user-controlled variables in file paths are sanitized. You may also consider using a utility method such as org.apache.commons.io.FilenameUtils.getName(...) to only retrieve the file name from the path."
BenchmarkTest02561,CWE-22,data/benchmark/src/main/java/org/owasp/benchmark/testcode/BenchmarkTest02561.java,77,semgrep,1,single-tool,error,"Detected a potential path traversal. A malicious actor could control the location of this file, to include going backwards in the directory with '../'. To address this, ensure that user-controlled variables in file paths are sanitized. You may also consider using a utility method such as org.apache.commons.io.FilenameUtils.getName(...) to only retrieve the file name from the path."
BenchmarkTest02562,CWE-22,data/benchmark/src/main/java/org/owasp/benchmark/testcode/BenchmarkTest02562.java,77,semgrep,1,single-tool,error,"Detected a potential path traversal. A malicious actor could control the location of this file, to include going backwards in the directory with '../'. To address this, ensure that user-controlled variables in file paths are sanitized. You may also consider using a utility method such as org.apache.commons.io.FilenameUtils.getName(...) to only retrieve the file name from the path."
BenchmarkTest02563,CWE-22,data/benchmark/src/main/java/org/owasp/benchmark/testcode/BenchmarkTest02563.java,78,semgrep,1,single-tool,error,"Detected a potential path traversal. A malicious actor could control the location of this file, to include going backwards in the directory with '../'. To address this, ensure that user-controlled variables in file paths are sanitized. You may also consider using a utility method such as org.apache.commons.io.FilenameUtils.getName(...) to only retrieve the file name from the path."
BenchmarkTest02563,CWE-22,data/benchmark/src/main/java/org/owasp/benchmark/testcode/BenchmarkTest02563.java,91,semgrep,1,single-tool,error,"Detected a potential path traversal. A malicious actor could control the location of this file, to include going backwards in the directory with '../'. To address this, ensure that user-controlled variables in file paths are sanitized. You may also consider using a utility method such as org.apache.commons.io.FilenameUtils.getName(...) to only retrieve the file name from the path."
BenchmarkTest02564,CWE-22,data/benchmark/src/main/java/org/owasp/benchmark/testcode/BenchmarkTest02564.java,78,semgrep,1,single-tool,error,"Detected a potential path traversal. A malicious actor could control the location of this file, to include going backwards in the directory with '../'. To address this, ensure that user-controlled variables in file paths are sanitized. You may also consider using a utility method such as org.apache.commons.io.FilenameUtils.getName(...) to only retrieve the file name from the path."
BenchmarkTest02564,CWE-22,data/benchmark/src/main/java/org/owasp/benchmark/testcode/BenchmarkTest02564.java,91,semgrep,1,single-tool,error,"Detected a potential path traversal. A malicious actor could control the location of this file, to include going backwards in the directory with '../'. To address this, ensure that user-controlled variables in file paths are sanitized. You may also consider using a utility method such as org.apache.commons.io.FilenameUtils.getName(...) to only retrieve the file name from the path."
BenchmarkTest02565,CWE-22,data/benchmark/src/main/java/org/owasp/benchmark/testcode/BenchmarkTest02565.java,83,semgrep,1,single-tool,error,"Detected a potential path traversal. A malicious actor could control the location of this file, to include going backwards in the directory with '../'. To address this, ensure that user-controlled variables in file paths are sanitized. You may also consider using a utility method such as org.apache.commons.io.FilenameUtils.getName(...) to only retrieve the file name from the path."
BenchmarkTest02566,CWE-22,data/benchmark/src/main/java/org/owasp/benchmark/testcode/BenchmarkTest02566.java,83,semgrep,1,single-tool,error,"Detected a potential path traversal. A malicious actor could control the location of this file, to include going backwards in the directory with '../'. To address this, ensure that user-controlled variables in file paths are sanitized. You may also consider using a utility method such as org.apache.commons.io.FilenameUtils.getName(...) to only retrieve the file name from the path."
BenchmarkTest02567,CWE-22,data/benchmark/src/main/java/org/owasp/benchmark/testcode/BenchmarkTest02567.java,78,semgrep,1,single-tool,error,"Detected a potential path traversal. A malicious actor could control the location of this file, to include going backwards in the directory with '../'. To address this, ensure that user-controlled variables in file paths are sanitized. You may also consider using a utility method such as org.apache.commons.io.FilenameUtils.getName(...) to only retrieve the file name from the path."
BenchmarkTest02567,CWE-22,data/benchmark/src/main/java/org/owasp/benchmark/testcode/BenchmarkTest02567.java,91,semgrep,1,single-tool,error,"Detected a potential path traversal. A malicious actor could control the location of this file, to include going backwards in the directory with '../'. To address this, ensure that user-controlled variables in file paths are sanitized. You may also consider using a utility method such as org.apache.commons.io.FilenameUtils.getName(...) to only retrieve the file name from the path."
BenchmarkTest02568,CWE-22,data/benchmark/src/main/java/org/owasp/benchmark/testcode/BenchmarkTest02568.java,78,semgrep,1,single-tool,error,"Detected a potential path traversal. A malicious actor could control the location of this file, to include going backwards in the directory with '../'. To address this, ensure that user-controlled variables in file paths are sanitized. You may also consider using a utility method such as org.apache.commons.io.FilenameUtils.getName(...) to only retrieve the file name from the path."
BenchmarkTest02568,CWE-22,data/benchmark/src/main/java/org/owasp/benchmark/testcode/BenchmarkTest02568.java,91,semgrep,1,single-tool,error,"Detected a potential path traversal. A malicious actor could control the location of this file, to include going backwards in the directory with '../'. To address this, ensure that user-controlled variables in file paths are sanitized. You may also consider using a utility method such as org.apache.commons.io.FilenameUtils.getName(...) to only retrieve the file name from the path."
BenchmarkTest02569,CWE-22,data/benchmark/src/main/java/org/owasp/benchmark/testcode/BenchmarkTest02569.java,78,semgrep,1,single-tool,error,"Detected a potential path traversal. A malicious actor could control the location of this file, to include going backwards in the directory with '../'. To address this, ensure that user-controlled variables in file paths are sanitized. You may also consider using a utility method such as org.apache.commons.io.FilenameUtils.getName(...) to only retrieve the file name from the path."
BenchmarkTest02569,CWE-22,data/benchmark/src/main/java/org/owasp/benchmark/testcode/BenchmarkTest02569.java,91,semgrep,1,single-tool,error,"Detected a potential path traversal. A malicious actor could control the location of this file, to include going backwards in the directory with '../'. To address this, ensure that user-controlled variables in file paths are sanitized. You may also consider using a utility method such as org.apache.commons.io.FilenameUtils.getName(...) to only retrieve the file name from the path."
BenchmarkTest02571,CWE-90,data/benchmark/src/main/java/org/owasp/benchmark/testcode/BenchmarkTest02571.java,86,semgrep,1,single-tool,warning,"Detected input from a HTTPServletRequest going into an LDAP query. This could lead to LDAP injection if the input is not properly sanitized, which could result in attackers modifying objects in the LDAP tree structure. Ensure data passed to an LDAP query is not controllable or properly sanitize the data."
BenchmarkTest02572,CWE-90,data/benchmark/src/main/java/org/owasp/benchmark/testcode/BenchmarkTest02572.java,85,semgrep,1,single-tool,warning,"Detected input from a HTTPServletRequest going into an LDAP query. This could lead to LDAP injection if the input is not properly sanitized, which could result in attackers modifying objects in the LDAP tree structure. Ensure data passed to an LDAP query is not controllable or properly sanitize the data."
BenchmarkTest02573,CWE-328,data/benchmark/src/main/java/org/owasp/benchmark/testcode/BenchmarkTest02573.java,73,semgrep;sonarqube,2,"medium (same line, different CWE label)",CRITICAL;warning,"Detected SHA1 hash algorithm which is considered insecure. SHA1 is not collision resistant and is therefore not suitable as a cryptographic signature. Instead, use PBKDF2 for password hashing or SHA256 or SHA512 for other hash function applications."
BenchmarkTest02574,CWE-328,data/benchmark/src/main/java/org/owasp/benchmark/testcode/BenchmarkTest02574.java,73,semgrep;sonarqube,2,"medium (same line, different CWE label)",CRITICAL;warning,"Detected SHA1 hash algorithm which is considered insecure. SHA1 is not collision resistant and is therefore not suitable as a cryptographic signature. Instead, use PBKDF2 for password hashing or SHA256 or SHA512 for other hash function applications."
BenchmarkTest02575,CWE-328,data/benchmark/src/main/java/org/owasp/benchmark/testcode/BenchmarkTest02575.java,73,semgrep;sonarqube,2,"medium (same line, different CWE label)",CRITICAL;warning,Detected MD5 hash algorithm which is considered insecure. MD5 is not collision resistant and is therefore not suitable as a cryptographic signature. Use HMAC instead.
BenchmarkTest02578,CWE-79,data/benchmark/src/main/java/org/owasp/benchmark/testcode/BenchmarkTest02578.java,74,semgrep,1,single-tool,warning,"Detected a request with potential user-input going into a OutputStream or Writer object. This bypasses any view or template environments, including HTML escaping, which may expose this application to cross-site scripting (XSS) vulnerabilities. Consider using a view technology such as JavaServer Faces (JSFs) which automatically escapes HTML views."
BenchmarkTest02579,CWE-79,data/benchmark/src/main/java/org/owasp/benchmark/testcode/BenchmarkTest02579.java,74,semgrep,1,single-tool,warning,"Detected a request with potential user-input going into a OutputStream or Writer object. This bypasses any view or template environments, including HTML escaping, which may expose this application to cross-site scripting (XSS) vulnerabilities. Consider using a view technology such as JavaServer Faces (JSFs) which automatically escapes HTML views."
BenchmarkTest02580,CWE-79,data/benchmark/src/main/java/org/owasp/benchmark/testcode/BenchmarkTest02580.java,74,semgrep,1,single-tool,warning,"Detected a request with potential user-input going into a OutputStream or Writer object. This bypasses any view or template environments, including HTML escaping, which may expose this application to cross-site scripting (XSS) vulnerabilities. Consider using a view technology such as JavaServer Faces (JSFs) which automatically escapes HTML views."
BenchmarkTest02581,CWE-79,data/benchmark/src/main/java/org/owasp/benchmark/testcode/BenchmarkTest02581.java,74,semgrep,1,single-tool,warning,"Detected a request with potential user-input going into a OutputStream or Writer object. This bypasses any view or template environments, including HTML escaping, which may expose this application to cross-site scripting (XSS) vulnerabilities. Consider using a view technology such as JavaServer Faces (JSFs) which automatically escapes HTML views."
BenchmarkTest02582,CWE-79,data/benchmark/src/main/java/org/owasp/benchmark/testcode/BenchmarkTest02582.java,73,semgrep,1,single-tool,warning,"Detected a request with potential user-input going into a OutputStream or Writer object. This bypasses any view or template environments, including HTML escaping, which may expose this application to cross-site scripting (XSS) vulnerabilities. Consider using a view technology such as JavaServer Faces (JSFs) which automatically escapes HTML views."
BenchmarkTest02583,CWE-79,data/benchmark/src/main/java/org/owasp/benchmark/testcode/BenchmarkTest02583.java,73,semgrep,1,single-tool,warning,"Detected a request with potential user-input going into a OutputStream or Writer object. This bypasses any view or template environments, including HTML escaping, which may expose this application to cross-site scripting (XSS) vulnerabilities. Consider using a view technology such as JavaServer Faces (JSFs) which automatically escapes HTML views."
BenchmarkTest02584,CWE-79,data/benchmark/src/main/java/org/owasp/benchmark/testcode/BenchmarkTest02584.java,73,semgrep,1,single-tool,warning,"Detected a request with potential user-input going into a OutputStream or Writer object. This bypasses any view or template environments, including HTML escaping, which may expose this application to cross-site scripting (XSS) vulnerabilities. Consider using a view technology such as JavaServer Faces (JSFs) which automatically escapes HTML views."
BenchmarkTest02585,CWE-79,data/benchmark/src/main/java/org/owasp/benchmark/testcode/BenchmarkTest02585.java,73,semgrep,1,single-tool,warning,"Detected a request with potential user-input going into a OutputStream or Writer object. This bypasses any view or template environments, including HTML escaping, which may expose this application to cross-site scripting (XSS) vulnerabilities. Consider using a view technology such as JavaServer Faces (JSFs) which automatically escapes HTML views."
BenchmarkTest02586,CWE-79,data/benchmark/src/main/java/org/owasp/benchmark/testcode/BenchmarkTest02586.java,73,semgrep,1,single-tool,warning,"Detected a request with potential user-input going into a OutputStream or Writer object. This bypasses any view or template environments, including HTML escaping, which may expose this application to cross-site scripting (XSS) vulnerabilities. Consider using a view technology such as JavaServer Faces (JSFs) which automatically escapes HTML views."
BenchmarkTest02587,CWE-79,data/benchmark/src/main/java/org/owasp/benchmark/testcode/BenchmarkTest02587.java,74,semgrep,1,single-tool,warning,"Detected a request with potential user-input going into a OutputStream or Writer object. This bypasses any view or template environments, including HTML escaping, which may expose this application to cross-site scripting (XSS) vulnerabilities. Consider using a view technology such as JavaServer Faces (JSFs) which automatically escapes HTML views."
BenchmarkTest02588,CWE-79,data/benchmark/src/main/java/org/owasp/benchmark/testcode/BenchmarkTest02588.java,74,semgrep,1,single-tool,warning,"Detected a request with potential user-input going into a OutputStream or Writer object. This bypasses any view or template environments, including HTML escaping, which may expose this application to cross-site scripting (XSS) vulnerabilities. Consider using a view technology such as JavaServer Faces (JSFs) which automatically escapes HTML views."
BenchmarkTest02589,CWE-79,data/benchmark/src/main/java/org/owasp/benchmark/testcode/BenchmarkTest02589.java,74,semgrep,1,single-tool,warning,"Detected a request with potential user-input going into a OutputStream or Writer object. This bypasses any view or template environments, including HTML escaping, which may expose this application to cross-site scripting (XSS) vulnerabilities. Consider using a view technology such as JavaServer Faces (JSFs) which automatically escapes HTML views."
BenchmarkTest02590,CWE-79,data/benchmark/src/main/java/org/owasp/benchmark/testcode/BenchmarkTest02590.java,74,semgrep,1,single-tool,warning,"Detected a request with potential user-input going into a OutputStream or Writer object. This bypasses any view or template environments, including HTML escaping, which may expose this application to cross-site scripting (XSS) vulnerabilities. Consider using a view technology such as JavaServer Faces (JSFs) which automatically escapes HTML views."
BenchmarkTest02591,CWE-79,data/benchmark/src/main/java/org/owasp/benchmark/testcode/BenchmarkTest02591.java,74,semgrep,1,single-tool,warning,"Detected a request with potential user-input going into a OutputStream or Writer object. This bypasses any view or template environments, including HTML escaping, which may expose this application to cross-site scripting (XSS) vulnerabilities. Consider using a view technology such as JavaServer Faces (JSFs) which automatically escapes HTML views."
BenchmarkTest02592,CWE-79,data/benchmark/src/main/java/org/owasp/benchmark/testcode/BenchmarkTest02592.java,74,semgrep,1,single-tool,warning,"Detected a request with potential user-input going into a OutputStream or Writer object. This bypasses any view or template environments, including HTML escaping, which may expose this application to cross-site scripting (XSS) vulnerabilities. Consider using a view technology such as JavaServer Faces (JSFs) which automatically escapes HTML views."
BenchmarkTest02593,CWE-79,data/benchmark/src/main/java/org/owasp/benchmark/testcode/BenchmarkTest02593.java,74,semgrep,1,single-tool,warning,"Detected a request with potential user-input going into a OutputStream or Writer object. This bypasses any view or template environments, including HTML escaping, which may expose this application to cross-site scripting (XSS) vulnerabilities. Consider using a view technology such as JavaServer Faces (JSFs) which automatically escapes HTML views."
BenchmarkTest02594,CWE-79,data/benchmark/src/main/java/org/owasp/benchmark/testcode/BenchmarkTest02594.java,73,semgrep,1,single-tool,warning,"Detected a request with potential user-input going into a OutputStream or Writer object. This bypasses any view or template environments, including HTML escaping, which may expose this application to cross-site scripting (XSS) vulnerabilities. Consider using a view technology such as JavaServer Faces (JSFs) which automatically escapes HTML views."
BenchmarkTest02595,CWE-79,data/benchmark/src/main/java/org/owasp/benchmark/testcode/BenchmarkTest02595.java,73,semgrep,1,single-tool,warning,"Detected a request with potential user-input going into a OutputStream or Writer object. This bypasses any view or template environments, including HTML escaping, which may expose this application to cross-site scripting (XSS) vulnerabilities. Consider using a view technology such as JavaServer Faces (JSFs) which automatically escapes HTML views."
BenchmarkTest02596,CWE-79,data/benchmark/src/main/java/org/owasp/benchmark/testcode/BenchmarkTest02596.java,73,semgrep,1,single-tool,warning,"Detected a request with potential user-input going into a OutputStream or Writer object. This bypasses any view or template environments, including HTML escaping, which may expose this application to cross-site scripting (XSS) vulnerabilities. Consider using a view technology such as JavaServer Faces (JSFs) which automatically escapes HTML views."
BenchmarkTest02597,CWE-79,data/benchmark/src/main/java/org/owasp/benchmark/testcode/BenchmarkTest02597.java,73,semgrep,1,single-tool,warning,"Detected a request with potential user-input going into a OutputStream or Writer object. This bypasses any view or template environments, including HTML escaping, which may expose this application to cross-site scripting (XSS) vulnerabilities. Consider using a view technology such as JavaServer Faces (JSFs) which automatically escapes HTML views."
BenchmarkTest02598,CWE-79,data/benchmark/src/main/java/org/owasp/benchmark/testcode/BenchmarkTest02598.java,73,semgrep,1,single-tool,warning,"Detected a request with potential user-input going into a OutputStream or Writer object. This bypasses any view or template environments, including HTML escaping, which may expose this application to cross-site scripting (XSS) vulnerabilities. Consider using a view technology such as JavaServer Faces (JSFs) which automatically escapes HTML views."
BenchmarkTest02599,CWE-79,data/benchmark/src/main/java/org/owasp/benchmark/testcode/BenchmarkTest02599.java,73,semgrep,1,single-tool,warning,"Detected a request with potential user-input going into a OutputStream or Writer object. This bypasses any view or template environments, including HTML escaping, which may expose this application to cross-site scripting (XSS) vulnerabilities. Consider using a view technology such as JavaServer Faces (JSFs) which automatically escapes HTML views."
BenchmarkTest02600,CWE-79,data/benchmark/src/main/java/org/owasp/benchmark/testcode/BenchmarkTest02600.java,76,semgrep,1,single-tool,warning,"Detected a request with potential user-input going into a OutputStream or Writer object. This bypasses any view or template environments, including HTML escaping, which may expose this application to cross-site scripting (XSS) vulnerabilities. Consider using a view technology such as JavaServer Faces (JSFs) which automatically escapes HTML views."
BenchmarkTest02601,CWE-79,data/benchmark/src/main/java/org/owasp/benchmark/testcode/BenchmarkTest02601.java,76,semgrep,1,single-tool,warning,"Detected a request with potential user-input going into a OutputStream or Writer object. This bypasses any view or template environments, including HTML escaping, which may expose this application to cross-site scripting (XSS) vulnerabilities. Consider using a view technology such as JavaServer Faces (JSFs) which automatically escapes HTML views."
BenchmarkTest02602,CWE-330,data/benchmark/src/main/java/org/owasp/benchmark/testcode/BenchmarkTest02602.java,73,semgrep;sonarqube,2,"medium (same line, different CWE label)",MAJOR;warning,"Detected use of the functions `Math.random()` or `java.util.Random()`. These are both not cryptographically strong random number generators (RNGs). If you are using these RNGs to create passwords or secret tokens, use `java.security.SecureRandom` instead."
BenchmarkTest02603,CWE-330,data/benchmark/src/main/java/org/owasp/benchmark/testcode/BenchmarkTest02603.java,73,semgrep;sonarqube,2,"medium (same line, different CWE label)",MAJOR;warning,"Detected use of the functions `Math.random()` or `java.util.Random()`. These are both not cryptographically strong random number generators (RNGs). If you are using these RNGs to create passwords or secret tokens, use `java.security.SecureRandom` instead."
BenchmarkTest02604,CWE-330,data/benchmark/src/main/java/org/owasp/benchmark/testcode/BenchmarkTest02604.java,72,semgrep;sonarqube,2,"medium (same line, different CWE label)",MAJOR;warning,"Detected use of the functions `Math.random()` or `java.util.Random()`. These are both not cryptographically strong random number generators (RNGs). If you are using these RNGs to create passwords or secret tokens, use `java.security.SecureRandom` instead."
BenchmarkTest02605,CWE-330,data/benchmark/src/main/java/org/owasp/benchmark/testcode/BenchmarkTest02605.java,72,semgrep;sonarqube,2,"medium (same line, different CWE label)",MAJOR;warning,"Detected use of the functions `Math.random()` or `java.util.Random()`. These are both not cryptographically strong random number generators (RNGs). If you are using these RNGs to create passwords or secret tokens, use `java.security.SecureRandom` instead."
BenchmarkTest02606,CWE-330,data/benchmark/src/main/java/org/owasp/benchmark/testcode/BenchmarkTest02606.java,72,semgrep;sonarqube,2,"medium (same line, different CWE label)",MAJOR;warning,"Detected use of the functions `Math.random()` or `java.util.Random()`. These are both not cryptographically strong random number generators (RNGs). If you are using these RNGs to create passwords or secret tokens, use `java.security.SecureRandom` instead."
BenchmarkTest02608,CWE-79,data/benchmark/src/main/java/org/owasp/benchmark/testcode/BenchmarkTest02608.java,73,semgrep,1,single-tool,warning,"Detected a request with potential user-input going into a OutputStream or Writer object. This bypasses any view or template environments, including HTML escaping, which may expose this application to cross-site scripting (XSS) vulnerabilities. Consider using a view technology such as JavaServer Faces (JSFs) which automatically escapes HTML views."
BenchmarkTest02609,CWE-79,data/benchmark/src/main/java/org/owasp/benchmark/testcode/BenchmarkTest02609.java,73,semgrep,1,single-tool,warning,"Detected a request with potential user-input going into a OutputStream or Writer object. This bypasses any view or template environments, including HTML escaping, which may expose this application to cross-site scripting (XSS) vulnerabilities. Consider using a view technology such as JavaServer Faces (JSFs) which automatically escapes HTML views."
BenchmarkTest02610,CWE-78,data/benchmark/src/main/java/org/owasp/benchmark/testcode/BenchmarkTest02610.java,95,semgrep,1,single-tool,error,"Detected input from a HTTPServletRequest going into a 'ProcessBuilder' or 'exec' command. This could lead to command injection if variables passed into the exec commands are not properly sanitized. Instead, avoid using these OS commands with user-supplied input, or, if you must use these commands, use a whitelist of specific values."
BenchmarkTest02611,CWE-78,data/benchmark/src/main/java/org/owasp/benchmark/testcode/BenchmarkTest02611.java,95,semgrep,1,single-tool,error,"Detected input from a HTTPServletRequest going into a 'ProcessBuilder' or 'exec' command. This could lead to command injection if variables passed into the exec commands are not properly sanitized. Instead, avoid using these OS commands with user-supplied input, or, if you must use these commands, use a whitelist of specific values."
BenchmarkTest02612,CWE-78,data/benchmark/src/main/java/org/owasp/benchmark/testcode/BenchmarkTest02612.java,81,semgrep,1,single-tool,error,"Detected input from a HTTPServletRequest going into a 'ProcessBuilder' or 'exec' command. This could lead to command injection if variables passed into the exec commands are not properly sanitized. Instead, avoid using these OS commands with user-supplied input, or, if you must use these commands, use a whitelist of specific values."
BenchmarkTest02613,CWE-78,data/benchmark/src/main/java/org/owasp/benchmark/testcode/BenchmarkTest02613.java,78,semgrep,1,single-tool,error,"Detected input from a HTTPServletRequest going into a 'ProcessBuilder' or 'exec' command. This could lead to command injection if variables passed into the exec commands are not properly sanitized. Instead, avoid using these OS commands with user-supplied input, or, if you must use these commands, use a whitelist of specific values."
BenchmarkTest02622,CWE-79,data/benchmark/src/main/java/org/owasp/benchmark/testcode/BenchmarkTest02622.java,75,semgrep,1,single-tool,warning,"Detected a request with potential user-input going into a OutputStream or Writer object. This bypasses any view or template environments, including HTML escaping, which may expose this application to cross-site scripting (XSS) vulnerabilities. Consider using a view technology such as JavaServer Faces (JSFs) which automatically escapes HTML views."
BenchmarkTest02623,CWE-501,data/benchmark/src/main/java/org/owasp/benchmark/testcode/BenchmarkTest02623.java,73,semgrep,1,single-tool,warning,"Detected input from a HTTPServletRequest going into a session command, like `setAttribute`. User input into such a command could lead to an attacker inputting malicious code into your session parameters, blurring the line between what's trusted and untrusted, and therefore leading to a trust boundary violation. This could lead to programmers trusting unvalidated data. Instead, thoroughly sanitize user input before passing it into such function calls."
BenchmarkTest02623,CWE-79,data/benchmark/src/main/java/org/owasp/benchmark/testcode/BenchmarkTest02623.java,75,semgrep,1,single-tool,warning,"Detected a request with potential user-input going into a OutputStream or Writer object. This bypasses any view or template environments, including HTML escaping, which may expose this application to cross-site scripting (XSS) vulnerabilities. Consider using a view technology such as JavaServer Faces (JSFs) which automatically escapes HTML views."
BenchmarkTest02624,CWE-501,data/benchmark/src/main/java/org/owasp/benchmark/testcode/BenchmarkTest02624.java,73,semgrep,1,single-tool,warning,"Detected input from a HTTPServletRequest going into a session command, like `setAttribute`. User input into such a command could lead to an attacker inputting malicious code into your session parameters, blurring the line between what's trusted and untrusted, and therefore leading to a trust boundary violation. This could lead to programmers trusting unvalidated data. Instead, thoroughly sanitize user input before passing it into such function calls."
BenchmarkTest02624,CWE-79,data/benchmark/src/main/java/org/owasp/benchmark/testcode/BenchmarkTest02624.java,75,semgrep,1,single-tool,warning,"Detected a request with potential user-input going into a OutputStream or Writer object. This bypasses any view or template environments, including HTML escaping, which may expose this application to cross-site scripting (XSS) vulnerabilities. Consider using a view technology such as JavaServer Faces (JSFs) which automatically escapes HTML views."
BenchmarkTest02625,CWE-89,data/benchmark/src/main/java/org/owasp/benchmark/testcode/BenchmarkTest02625.java,77,semgrep,1,single-tool,warning,Detected input from a HTTPServletRequest going into a SQL sink or statement. This could lead to SQL injection if variables in the SQL statement are not properly sanitized. Use parameterized SQL queries or properly sanitize user input instead.
BenchmarkTest02626,CWE-89,data/benchmark/src/main/java/org/owasp/benchmark/testcode/BenchmarkTest02626.java,77,semgrep,1,single-tool,warning,Detected input from a HTTPServletRequest going into a SQL sink or statement. This could lead to SQL injection if variables in the SQL statement are not properly sanitized. Use parameterized SQL queries or properly sanitize user input instead.
BenchmarkTest02627,CWE-89,data/benchmark/src/main/java/org/owasp/benchmark/testcode/BenchmarkTest02627.java,77,semgrep,1,single-tool,warning,Detected input from a HTTPServletRequest going into a SQL sink or statement. This could lead to SQL injection if variables in the SQL statement are not properly sanitized. Use parameterized SQL queries or properly sanitize user input instead.
BenchmarkTest02628,CWE-89,data/benchmark/src/main/java/org/owasp/benchmark/testcode/BenchmarkTest02628.java,77,semgrep,1,single-tool,warning,Detected input from a HTTPServletRequest going into a SQL sink or statement. This could lead to SQL injection if variables in the SQL statement are not properly sanitized. Use parameterized SQL queries or properly sanitize user input instead.
BenchmarkTest02629,CWE-89,data/benchmark/src/main/java/org/owasp/benchmark/testcode/BenchmarkTest02629.java,77,semgrep,1,single-tool,warning,Detected input from a HTTPServletRequest going into a SQL sink or statement. This could lead to SQL injection if variables in the SQL statement are not properly sanitized. Use parameterized SQL queries or properly sanitize user input instead.
BenchmarkTest02630,CWE-89,data/benchmark/src/main/java/org/owasp/benchmark/testcode/BenchmarkTest02630.java,77,semgrep,1,single-tool,warning,Detected input from a HTTPServletRequest going into a SQL sink or statement. This could lead to SQL injection if variables in the SQL statement are not properly sanitized. Use parameterized SQL queries or properly sanitize user input instead.
BenchmarkTest02631,CWE-89,data/benchmark/src/main/java/org/owasp/benchmark/testcode/BenchmarkTest02631.java,77,semgrep,1,single-tool,warning,Detected input from a HTTPServletRequest going into a SQL sink or statement. This could lead to SQL injection if variables in the SQL statement are not properly sanitized. Use parameterized SQL queries or properly sanitize user input instead.
BenchmarkTest02632,CWE-89,data/benchmark/src/main/java/org/owasp/benchmark/testcode/BenchmarkTest02632.java,77,semgrep,1,single-tool,warning,Detected input from a HTTPServletRequest going into a SQL sink or statement. This could lead to SQL injection if variables in the SQL statement are not properly sanitized. Use parameterized SQL queries or properly sanitize user input instead.
BenchmarkTest02633,CWE-89,data/benchmark/src/main/java/org/owasp/benchmark/testcode/BenchmarkTest02633.java,77,semgrep,1,single-tool,warning,Detected input from a HTTPServletRequest going into a SQL sink or statement. This could lead to SQL injection if variables in the SQL statement are not properly sanitized. Use parameterized SQL queries or properly sanitize user input instead.
BenchmarkTest02634,CWE-89,data/benchmark/src/main/java/org/owasp/benchmark/testcode/BenchmarkTest02634.java,77,semgrep,1,single-tool,warning,Detected input from a HTTPServletRequest going into a SQL sink or statement. This could lead to SQL injection if variables in the SQL statement are not properly sanitized. Use parameterized SQL queries or properly sanitize user input instead.
BenchmarkTest02635,CWE-89,data/benchmark/src/main/java/org/owasp/benchmark/testcode/BenchmarkTest02635.java,77,semgrep,1,single-tool,warning,Detected input from a HTTPServletRequest going into a SQL sink or statement. This could lead to SQL injection if variables in the SQL statement are not properly sanitized. Use parameterized SQL queries or properly sanitize user input instead.
BenchmarkTest02636,CWE-89,data/benchmark/src/main/java/org/owasp/benchmark/testcode/BenchmarkTest02636.java,77,semgrep,1,single-tool,warning,Detected input from a HTTPServletRequest going into a SQL sink or statement. This could lead to SQL injection if variables in the SQL statement are not properly sanitized. Use parameterized SQL queries or properly sanitize user input instead.
BenchmarkTest02637,CWE-89,data/benchmark/src/main/java/org/owasp/benchmark/testcode/BenchmarkTest02637.java,77,semgrep,1,single-tool,warning,Detected input from a HTTPServletRequest going into a SQL sink or statement. This could lead to SQL injection if variables in the SQL statement are not properly sanitized. Use parameterized SQL queries or properly sanitize user input instead.
BenchmarkTest02638,CWE-89,data/benchmark/src/main/java/org/owasp/benchmark/testcode/BenchmarkTest02638.java,75,semgrep,1,single-tool,warning,Detected input from a HTTPServletRequest going into a SQL sink or statement. This could lead to SQL injection if variables in the SQL statement are not properly sanitized. Use parameterized SQL queries or properly sanitize user input instead.
BenchmarkTest02639,CWE-89,data/benchmark/src/main/java/org/owasp/benchmark/testcode/BenchmarkTest02639.java,75,semgrep,1,single-tool,warning,Detected input from a HTTPServletRequest going into a SQL sink or statement. This could lead to SQL injection if variables in the SQL statement are not properly sanitized. Use parameterized SQL queries or properly sanitize user input instead.
BenchmarkTest02640,CWE-89,data/benchmark/src/main/java/org/owasp/benchmark/testcode/BenchmarkTest02640.java,75,semgrep,1,single-tool,warning,Detected input from a HTTPServletRequest going into a SQL sink or statement. This could lead to SQL injection if variables in the SQL statement are not properly sanitized. Use parameterized SQL queries or properly sanitize user input instead.
BenchmarkTest02641,CWE-89,data/benchmark/src/main/java/org/owasp/benchmark/testcode/BenchmarkTest02641.java,74,semgrep,1,single-tool,warning,Detected input from a HTTPServletRequest going into a SQL sink or statement. This could lead to SQL injection if variables in the SQL statement are not properly sanitized. Use parameterized SQL queries or properly sanitize user input instead.
BenchmarkTest02642,CWE-89,data/benchmark/src/main/java/org/owasp/benchmark/testcode/BenchmarkTest02642.java,75,semgrep,1,single-tool,warning,Detected input from a HTTPServletRequest going into a SQL sink or statement. This could lead to SQL injection if variables in the SQL statement are not properly sanitized. Use parameterized SQL queries or properly sanitize user input instead.
BenchmarkTest02643,CWE-89,data/benchmark/src/main/java/org/owasp/benchmark/testcode/BenchmarkTest02643.java,75,semgrep,1,single-tool,warning,Detected input from a HTTPServletRequest going into a SQL sink or statement. This could lead to SQL injection if variables in the SQL statement are not properly sanitized. Use parameterized SQL queries or properly sanitize user input instead.
BenchmarkTest02644,CWE-89,data/benchmark/src/main/java/org/owasp/benchmark/testcode/BenchmarkTest02644.java,74,semgrep,1,single-tool,warning,Detected input from a HTTPServletRequest going into a SQL sink or statement. This could lead to SQL injection if variables in the SQL statement are not properly sanitized. Use parameterized SQL queries or properly sanitize user input instead.
BenchmarkTest02645,CWE-89,data/benchmark/src/main/java/org/owasp/benchmark/testcode/BenchmarkTest02645.java,74,semgrep,1,single-tool,warning,Detected input from a HTTPServletRequest going into a SQL sink or statement. This could lead to SQL injection if variables in the SQL statement are not properly sanitized. Use parameterized SQL queries or properly sanitize user input instead.
BenchmarkTest02646,CWE-89,data/benchmark/src/main/java/org/owasp/benchmark/testcode/BenchmarkTest02646.java,75,semgrep,1,single-tool,warning,Detected input from a HTTPServletRequest going into a SQL sink or statement. This could lead to SQL injection if variables in the SQL statement are not properly sanitized. Use parameterized SQL queries or properly sanitize user input instead.
BenchmarkTest02647,CWE-89,data/benchmark/src/main/java/org/owasp/benchmark/testcode/BenchmarkTest02647.java,75,semgrep,1,high (same CWE),warning,Detected input from a HTTPServletRequest going into a SQL sink or statement. This could lead to SQL injection if variables in the SQL statement are not properly sanitized. Use parameterized SQL queries or properly sanitize user input instead.
BenchmarkTest02648,CWE-89,data/benchmark/src/main/java/org/owasp/benchmark/testcode/BenchmarkTest02648.java,77,semgrep,1,high (same CWE),warning,Detected a formatted string in a SQL statement. This could lead to SQL injection if variables in the SQL statement are not properly sanitized. Use a prepared statements (java.sql.PreparedStatement) instead. You can obtain a PreparedStatement using 'connection.prepareStatement'.
BenchmarkTest02649,CWE-89,data/benchmark/src/main/java/org/owasp/benchmark/testcode/BenchmarkTest02649.java,77,semgrep,1,high (same CWE),warning,Detected a formatted string in a SQL statement. This could lead to SQL injection if variables in the SQL statement are not properly sanitized. Use a prepared statements (java.sql.PreparedStatement) instead. You can obtain a PreparedStatement using 'connection.prepareStatement'.
BenchmarkTest02650,CWE-89,data/benchmark/src/main/java/org/owasp/benchmark/testcode/BenchmarkTest02650.java,77,semgrep,1,high (same CWE),warning,Detected a formatted string in a SQL statement. This could lead to SQL injection if variables in the SQL statement are not properly sanitized. Use a prepared statements (java.sql.PreparedStatement) instead. You can obtain a PreparedStatement using 'connection.prepareStatement'.
BenchmarkTest02651,CWE-89,data/benchmark/src/main/java/org/owasp/benchmark/testcode/BenchmarkTest02651.java,77,semgrep,1,high (same CWE),warning,Detected a formatted string in a SQL statement. This could lead to SQL injection if variables in the SQL statement are not properly sanitized. Use a prepared statements (java.sql.PreparedStatement) instead. You can obtain a PreparedStatement using 'connection.prepareStatement'.
BenchmarkTest02652,CWE-89,data/benchmark/src/main/java/org/owasp/benchmark/testcode/BenchmarkTest02652.java,77,semgrep,1,high (same CWE),warning,Detected a formatted string in a SQL statement. This could lead to SQL injection if variables in the SQL statement are not properly sanitized. Use a prepared statements (java.sql.PreparedStatement) instead. You can obtain a PreparedStatement using 'connection.prepareStatement'.
BenchmarkTest02653,CWE-89,data/benchmark/src/main/java/org/owasp/benchmark/testcode/BenchmarkTest02653.java,75,semgrep,1,high (same CWE),warning,Detected input from a HTTPServletRequest going into a SQL sink or statement. This could lead to SQL injection if variables in the SQL statement are not properly sanitized. Use parameterized SQL queries or properly sanitize user input instead.
BenchmarkTest02654,CWE-89,data/benchmark/src/main/java/org/owasp/benchmark/testcode/BenchmarkTest02654.java,75,semgrep,1,high (same CWE),warning,Detected input from a HTTPServletRequest going into a SQL sink or statement. This could lead to SQL injection if variables in the SQL statement are not properly sanitized. Use parameterized SQL queries or properly sanitize user input instead.
BenchmarkTest02655,CWE-89,data/benchmark/src/main/java/org/owasp/benchmark/testcode/BenchmarkTest02655.java,75,semgrep,1,high (same CWE),warning,Detected input from a HTTPServletRequest going into a SQL sink or statement. This could lead to SQL injection if variables in the SQL statement are not properly sanitized. Use parameterized SQL queries or properly sanitize user input instead.
BenchmarkTest02656,CWE-89,data/benchmark/src/main/java/org/owasp/benchmark/testcode/BenchmarkTest02656.java,75,semgrep,1,high (same CWE),warning,Detected input from a HTTPServletRequest going into a SQL sink or statement. This could lead to SQL injection if variables in the SQL statement are not properly sanitized. Use parameterized SQL queries or properly sanitize user input instead.
BenchmarkTest02657,CWE-89,data/benchmark/src/main/java/org/owasp/benchmark/testcode/BenchmarkTest02657.java,75,semgrep,1,high (same CWE),warning,Detected input from a HTTPServletRequest going into a SQL sink or statement. This could lead to SQL injection if variables in the SQL statement are not properly sanitized. Use parameterized SQL queries or properly sanitize user input instead.
BenchmarkTest02658,CWE-326,data/benchmark/src/main/java/org/owasp/benchmark/testcode/BenchmarkTest02658.java,65,semgrep,1,high (same CWE),warning,Triple DES (3DES or DESede) is considered deprecated. AES is the recommended cipher. Upgrade to use AES.
BenchmarkTest02660,CWE-326,data/benchmark/src/main/java/org/owasp/benchmark/testcode/BenchmarkTest02660.java,60,semgrep,1,high (same CWE),warning,DES is considered deprecated. AES is the recommended cipher. Upgrade to use AES. See https://www.nist.gov/news-events/news/2005/06/nist-withdraws-outdated-data-encryption-standard for more information.
BenchmarkTest02661,CWE-326,data/benchmark/src/main/java/org/owasp/benchmark/testcode/BenchmarkTest02661.java,60,semgrep,1,high (same CWE),warning,DES is considered deprecated. AES is the recommended cipher. Upgrade to use AES. See https://www.nist.gov/news-events/news/2005/06/nist-withdraws-outdated-data-encryption-standard for more information.
BenchmarkTest02663,CWE-326,data/benchmark/src/main/java/org/owasp/benchmark/testcode/BenchmarkTest02663.java,57,semgrep,1,high (same CWE),warning,Triple DES (3DES or DESede) is considered deprecated. AES is the recommended cipher. Upgrade to use AES.
BenchmarkTest02664,CWE-22,data/benchmark/src/main/java/org/owasp/benchmark/testcode/BenchmarkTest02664.java,49,semgrep,1,single-tool,error,"Detected a potential path traversal. A malicious actor could control the location of this file, to include going backwards in the directory with '../'. To address this, ensure that user-controlled variables in file paths are sanitized. You may also consider using a utility method such as org.apache.commons.io.FilenameUtils.getName(...) to only retrieve the file name from the path."
BenchmarkTest02665,CWE-22,data/benchmark/src/main/java/org/owasp/benchmark/testcode/BenchmarkTest02665.java,54,semgrep,1,single-tool,error,"Detected a potential path traversal. A malicious actor could control the location of this file, to include going backwards in the directory with '../'. To address this, ensure that user-controlled variables in file paths are sanitized. You may also consider using a utility method such as org.apache.commons.io.FilenameUtils.getName(...) to only retrieve the file name from the path."
BenchmarkTest02666,CWE-22,data/benchmark/src/main/java/org/owasp/benchmark/testcode/BenchmarkTest02666.java,54,semgrep,1,single-tool,error,"Detected a potential path traversal. A malicious actor could control the location of this file, to include going backwards in the directory with '../'. To address this, ensure that user-controlled variables in file paths are sanitized. You may also consider using a utility method such as org.apache.commons.io.FilenameUtils.getName(...) to only retrieve the file name from the path."
BenchmarkTest02667,CWE-22,data/benchmark/src/main/java/org/owasp/benchmark/testcode/BenchmarkTest02667.java,54,semgrep,1,single-tool,error,"Detected a potential path traversal. A malicious actor could control the location of this file, to include going backwards in the directory with '../'. To address this, ensure that user-controlled variables in file paths are sanitized. You may also consider using a utility method such as org.apache.commons.io.FilenameUtils.getName(...) to only retrieve the file name from the path."
BenchmarkTest02668,CWE-22,data/benchmark/src/main/java/org/owasp/benchmark/testcode/BenchmarkTest02668.java,55,semgrep,1,single-tool,error,"Detected a potential path traversal. A malicious actor could control the location of this file, to include going backwards in the directory with '../'. To address this, ensure that user-controlled variables in file paths are sanitized. You may also consider using a utility method such as org.apache.commons.io.FilenameUtils.getName(...) to only retrieve the file name from the path."
BenchmarkTest02668,CWE-22,data/benchmark/src/main/java/org/owasp/benchmark/testcode/BenchmarkTest02668.java,68,semgrep,1,single-tool,error,"Detected a potential path traversal. A malicious actor could control the location of this file, to include going backwards in the directory with '../'. To address this, ensure that user-controlled variables in file paths are sanitized. You may also consider using a utility method such as org.apache.commons.io.FilenameUtils.getName(...) to only retrieve the file name from the path."
BenchmarkTest02669,CWE-22,data/benchmark/src/main/java/org/owasp/benchmark/testcode/BenchmarkTest02669.java,55,semgrep,1,single-tool,error,"Detected a potential path traversal. A malicious actor could control the location of this file, to include going backwards in the directory with '../'. To address this, ensure that user-controlled variables in file paths are sanitized. You may also consider using a utility method such as org.apache.commons.io.FilenameUtils.getName(...) to only retrieve the file name from the path."
BenchmarkTest02669,CWE-22,data/benchmark/src/main/java/org/owasp/benchmark/testcode/BenchmarkTest02669.java,68,semgrep,1,single-tool,error,"Detected a potential path traversal. A malicious actor could control the location of this file, to include going backwards in the directory with '../'. To address this, ensure that user-controlled variables in file paths are sanitized. You may also consider using a utility method such as org.apache.commons.io.FilenameUtils.getName(...) to only retrieve the file name from the path."
BenchmarkTest02670,CWE-328,data/benchmark/src/main/java/org/owasp/benchmark/testcode/BenchmarkTest02670.java,55,semgrep,1,high (same CWE),warning,"Detected SHA1 hash algorithm which is considered insecure. SHA1 is not collision resistant and is therefore not suitable as a cryptographic signature. Instead, use PBKDF2 for password hashing or SHA256 or SHA512 for other hash function applications."
BenchmarkTest02671,CWE-328,data/benchmark/src/main/java/org/owasp/benchmark/testcode/BenchmarkTest02671.java,55,semgrep,1,high (same CWE),warning,"Detected SHA1 hash algorithm which is considered insecure. SHA1 is not collision resistant and is therefore not suitable as a cryptographic signature. Instead, use PBKDF2 for password hashing or SHA256 or SHA512 for other hash function applications."
BenchmarkTest02674,CWE-328,data/benchmark/src/main/java/org/owasp/benchmark/testcode/BenchmarkTest02674.java,50,semgrep,1,single-tool,warning,Detected MD5 hash algorithm which is considered insecure. MD5 is not collision resistant and is therefore not suitable as a cryptographic signature. Use HMAC instead.
BenchmarkTest02675,CWE-328,data/benchmark/src/main/java/org/owasp/benchmark/testcode/BenchmarkTest02675.java,50,semgrep,1,single-tool,warning,Detected MD5 hash algorithm which is considered insecure. MD5 is not collision resistant and is therefore not suitable as a cryptographic signature. Use HMAC instead.
BenchmarkTest02697,CWE-78,data/benchmark/src/main/java/org/owasp/benchmark/testcode/BenchmarkTest02697.java,59,semgrep,1,high (same CWE),error,"Detected input from a HTTPServletRequest going into a 'ProcessBuilder' or 'exec' command. This could lead to command injection if variables passed into the exec commands are not properly sanitized. Instead, avoid using these OS commands with user-supplied input, or, if you must use these commands, use a whitelist of specific values."
BenchmarkTest02698,CWE-78,data/benchmark/src/main/java/org/owasp/benchmark/testcode/BenchmarkTest02698.java,59,semgrep,1,high (same CWE),error,"Detected input from a HTTPServletRequest going into a 'ProcessBuilder' or 'exec' command. This could lead to command injection if variables passed into the exec commands are not properly sanitized. Instead, avoid using these OS commands with user-supplied input, or, if you must use these commands, use a whitelist of specific values."
BenchmarkTest02699,CWE-78,data/benchmark/src/main/java/org/owasp/benchmark/testcode/BenchmarkTest02699.java,61,semgrep,1,high (same CWE),error,"Detected input from a HTTPServletRequest going into a 'ProcessBuilder' or 'exec' command. This could lead to command injection if variables passed into the exec commands are not properly sanitized. Instead, avoid using these OS commands with user-supplied input, or, if you must use these commands, use a whitelist of specific values."
BenchmarkTest02700,CWE-330,data/benchmark/src/main/java/org/owasp/benchmark/testcode/BenchmarkTest02700.java,50,semgrep,1,single-tool,warning,"Detected use of the functions `Math.random()` or `java.util.Random()`. These are both not cryptographically strong random number generators (RNGs). If you are using these RNGs to create passwords or secret tokens, use `java.security.SecureRandom` instead."
BenchmarkTest02701,CWE-330,data/benchmark/src/main/java/org/owasp/benchmark/testcode/BenchmarkTest02701.java,50,semgrep,1,single-tool,warning,"Detected use of the functions `Math.random()` or `java.util.Random()`. These are both not cryptographically strong random number generators (RNGs). If you are using these RNGs to create passwords or secret tokens, use `java.security.SecureRandom` instead."
BenchmarkTest02702,CWE-330,data/benchmark/src/main/java/org/owasp/benchmark/testcode/BenchmarkTest02702.java,49,semgrep,1,single-tool,warning,"Detected use of the functions `Math.random()` or `java.util.Random()`. These are both not cryptographically strong random number generators (RNGs). If you are using these RNGs to create passwords or secret tokens, use `java.security.SecureRandom` instead."
BenchmarkTest02703,CWE-330,data/benchmark/src/main/java/org/owasp/benchmark/testcode/BenchmarkTest02703.java,49,semgrep,1,single-tool,warning,"Detected use of the functions `Math.random()` or `java.util.Random()`. These are both not cryptographically strong random number generators (RNGs). If you are using these RNGs to create passwords or secret tokens, use `java.security.SecureRandom` instead."
BenchmarkTest02704,CWE-330,data/benchmark/src/main/java/org/owasp/benchmark/testcode/BenchmarkTest02704.java,49,semgrep,1,single-tool,warning,"Detected use of the functions `Math.random()` or `java.util.Random()`. These are both not cryptographically strong random number generators (RNGs). If you are using these RNGs to create passwords or secret tokens, use `java.security.SecureRandom` instead."
BenchmarkTest02705,CWE-330,data/benchmark/src/main/java/org/owasp/benchmark/testcode/BenchmarkTest02705.java,49,semgrep,1,single-tool,warning,"Detected use of the functions `Math.random()` or `java.util.Random()`. These are both not cryptographically strong random number generators (RNGs). If you are using these RNGs to create passwords or secret tokens, use `java.security.SecureRandom` instead."
BenchmarkTest02706,CWE-330,data/benchmark/src/main/java/org/owasp/benchmark/testcode/BenchmarkTest02706.java,49,semgrep,1,single-tool,warning,"Detected use of the functions `Math.random()` or `java.util.Random()`. These are both not cryptographically strong random number generators (RNGs). If you are using these RNGs to create passwords or secret tokens, use `java.security.SecureRandom` instead."
BenchmarkTest02707,CWE-330,data/benchmark/src/main/java/org/owasp/benchmark/testcode/BenchmarkTest02707.java,49,semgrep,1,single-tool,warning,"Detected use of the functions `Math.random()` or `java.util.Random()`. These are both not cryptographically strong random number generators (RNGs). If you are using these RNGs to create passwords or secret tokens, use `java.security.SecureRandom` instead."
BenchmarkTest02708,CWE-330,data/benchmark/src/main/java/org/owasp/benchmark/testcode/BenchmarkTest02708.java,49,semgrep,1,single-tool,warning,"Detected use of the functions `Math.random()` or `java.util.Random()`. These are both not cryptographically strong random number generators (RNGs). If you are using these RNGs to create passwords or secret tokens, use `java.security.SecureRandom` instead."
BenchmarkTest02709,CWE-614,data/benchmark/src/main/java/org/owasp/benchmark/testcode/BenchmarkTest02709.java,66,semgrep,1,single-tool,warning,A cookie was detected without setting the 'secure' flag. The 'secure' flag for cookies prevents the client from transmitting the cookie over insecure channels such as HTTP. Set the 'secure' flag by calling 'cookie.setSecure(true);'
BenchmarkTest02710,CWE-614,data/benchmark/src/main/java/org/owasp/benchmark/testcode/BenchmarkTest02710.java,66,semgrep,1,single-tool,warning,A cookie was detected without setting the 'secure' flag. The 'secure' flag for cookies prevents the client from transmitting the cookie over insecure channels such as HTTP. Set the 'secure' flag by calling 'cookie.setSecure(true);'
BenchmarkTest02713,CWE-78,data/benchmark/src/main/java/org/owasp/benchmark/testcode/BenchmarkTest02713.java,58,semgrep,1,single-tool,error,"Detected input from a HTTPServletRequest going into a 'ProcessBuilder' or 'exec' command. This could lead to command injection if variables passed into the exec commands are not properly sanitized. Instead, avoid using these OS commands with user-supplied input, or, if you must use these commands, use a whitelist of specific values."
BenchmarkTest02714,CWE-78,data/benchmark/src/main/java/org/owasp/benchmark/testcode/BenchmarkTest02714.java,55,semgrep,1,single-tool,error,"Detected input from a HTTPServletRequest going into a 'ProcessBuilder' or 'exec' command. This could lead to command injection if variables passed into the exec commands are not properly sanitized. Instead, avoid using these OS commands with user-supplied input, or, if you must use these commands, use a whitelist of specific values."
BenchmarkTest02738,CWE-89,data/benchmark/src/main/java/org/owasp/benchmark/testcode/BenchmarkTest02738.java,54,semgrep,1,single-tool,warning,Detected a formatted string in a SQL statement. This could lead to SQL injection if variables in the SQL statement are not properly sanitized. Use a prepared statements (java.sql.PreparedStatement) instead. You can obtain a PreparedStatement using 'connection.prepareStatement'.
BenchmarkTest02739,CWE-89,data/benchmark/src/main/java/org/owasp/benchmark/testcode/BenchmarkTest02739.java,54,semgrep,1,single-tool,warning,Detected a formatted string in a SQL statement. This could lead to SQL injection if variables in the SQL statement are not properly sanitized. Use a prepared statements (java.sql.PreparedStatement) instead. You can obtain a PreparedStatement using 'connection.prepareStatement'.
BenchmarkTest02740,CWE-89,data/benchmark/src/main/java/org/owasp/benchmark/testcode/BenchmarkTest02740.java,54,semgrep,1,single-tool,warning,Detected a formatted string in a SQL statement. This could lead to SQL injection if variables in the SQL statement are not properly sanitized. Use a prepared statements (java.sql.PreparedStatement) instead. You can obtain a PreparedStatement using 'connection.prepareStatement'.
BenchmarkTest00052,CWE-89,owasp-benchmark:data/benchmark/src/main/java/org/owasp/benchmark/testcode/BenchmarkTest00052.java,55,sonarqube,1,single-tool,MAJOR,Make sure using a dynamically formatted SQL query is safe here.
BenchmarkTest00059,CWE-327,owasp-benchmark:data/benchmark/src/main/java/org/owasp/benchmark/testcode/BenchmarkTest00059.java,84,sonarqube,1,single-tool,CRITICAL,Use a secure cipher mode.
BenchmarkTest00100,CWE-89,owasp-benchmark:data/benchmark/src/main/java/org/owasp/benchmark/testcode/BenchmarkTest00100.java,80,sonarqube,1,single-tool,MAJOR,Make sure using a dynamically formatted SQL query is safe here.
BenchmarkTest00101,CWE-89,owasp-benchmark:data/benchmark/src/main/java/org/owasp/benchmark/testcode/BenchmarkTest00101.java,84,sonarqube,1,single-tool,MAJOR,Make sure using a dynamically formatted SQL query is safe here.
BenchmarkTest00127,CWE-327,owasp-benchmark:data/benchmark/src/main/java/org/owasp/benchmark/testcode/BenchmarkTest00127.java,78,sonarqube,1,single-tool,CRITICAL,Use a secure cipher mode.
BenchmarkTest00128,CWE-327,owasp-benchmark:data/benchmark/src/main/java/org/owasp/benchmark/testcode/BenchmarkTest00128.java,73,sonarqube,1,single-tool,CRITICAL,Use a secure cipher mode.
BenchmarkTest00129,CWE-327,owasp-benchmark:data/benchmark/src/main/java/org/owasp/benchmark/testcode/BenchmarkTest00129.java,68,sonarqube,1,single-tool,CRITICAL,Use a secure cipher mode.
BenchmarkTest00130,CWE-327,owasp-benchmark:data/benchmark/src/main/java/org/owasp/benchmark/testcode/BenchmarkTest00130.java,87,sonarqube,1,single-tool,CRITICAL,Use a secure cipher mode.
BenchmarkTest00190,CWE-89,owasp-benchmark:data/benchmark/src/main/java/org/owasp/benchmark/testcode/BenchmarkTest00190.java,70,sonarqube,1,single-tool,MAJOR,Make sure using a dynamically formatted SQL query is safe here.
BenchmarkTest00213,CWE-327,owasp-benchmark:data/benchmark/src/main/java/org/owasp/benchmark/testcode/BenchmarkTest00213.java,88,sonarqube,1,single-tool,CRITICAL,Use a secure cipher mode.
BenchmarkTest00214,CWE-327,owasp-benchmark:data/benchmark/src/main/java/org/owasp/benchmark/testcode/BenchmarkTest00214.java,78,sonarqube,1,single-tool,CRITICAL,Use a secure cipher mode.
BenchmarkTest00330,CWE-89,owasp-benchmark:data/benchmark/src/main/java/org/owasp/benchmark/testcode/BenchmarkTest00330.java,81,sonarqube,1,single-tool,MAJOR,Make sure using a dynamically formatted SQL query is safe here.
BenchmarkTest00331,CWE-89,owasp-benchmark:data/benchmark/src/main/java/org/owasp/benchmark/testcode/BenchmarkTest00331.java,66,sonarqube,1,single-tool,MAJOR,Make sure using a dynamically formatted SQL query is safe here.
BenchmarkTest00332,CWE-89,owasp-benchmark:data/benchmark/src/main/java/org/owasp/benchmark/testcode/BenchmarkTest00332.java,81,sonarqube,1,single-tool,MAJOR,Make sure using a dynamically formatted SQL query is safe here.
BenchmarkTest00334,CWE-89,owasp-benchmark:data/benchmark/src/main/java/org/owasp/benchmark/testcode/BenchmarkTest00334.java,83,sonarqube,1,single-tool,MAJOR,Make sure using a dynamically formatted SQL query is safe here.
BenchmarkTest00357,CWE-327,owasp-benchmark:data/benchmark/src/main/java/org/owasp/benchmark/testcode/BenchmarkTest00357.java,63,sonarqube,1,single-tool,CRITICAL,Use a secure cipher mode.
BenchmarkTest00358,CWE-327,owasp-benchmark:data/benchmark/src/main/java/org/owasp/benchmark/testcode/BenchmarkTest00358.java,64,sonarqube,1,single-tool,CRITICAL,Use a secure cipher mode.
BenchmarkTest00428,CWE-89,owasp-benchmark:data/benchmark/src/main/java/org/owasp/benchmark/testcode/BenchmarkTest00428.java,63,sonarqube,1,single-tool,MAJOR,Make sure using a dynamically formatted SQL query is safe here.
BenchmarkTest00450,CWE-327,owasp-benchmark:data/benchmark/src/main/java/org/owasp/benchmark/testcode/BenchmarkTest00450.java,87,sonarqube,1,single-tool,CRITICAL,Use a secure cipher mode.
BenchmarkTest00451,CWE-327,owasp-benchmark:data/benchmark/src/main/java/org/owasp/benchmark/testcode/BenchmarkTest00451.java,72,sonarqube,1,single-tool,CRITICAL,Use a secure cipher mode.
BenchmarkTest00509,CWE-89,owasp-benchmark:data/benchmark/src/main/java/org/owasp/benchmark/testcode/BenchmarkTest00509.java,65,sonarqube,1,single-tool,MAJOR,Make sure using a dynamically formatted SQL query is safe here.
BenchmarkTest00524,CWE-327,owasp-benchmark:data/benchmark/src/main/java/org/owasp/benchmark/testcode/BenchmarkTest00524.java,97,sonarqube,1,single-tool,CRITICAL,Use a secure cipher mode.
BenchmarkTest00589,CWE-89,owasp-benchmark:data/benchmark/src/main/java/org/owasp/benchmark/testcode/BenchmarkTest00589.java,79,sonarqube,1,single-tool,MAJOR,Make sure using a dynamically formatted SQL query is safe here.
BenchmarkTest00592,CWE-89,owasp-benchmark:data/benchmark/src/main/java/org/owasp/benchmark/testcode/BenchmarkTest00592.java,90,sonarqube,1,single-tool,MAJOR,Make sure using a dynamically formatted SQL query is safe here.
BenchmarkTest00594,CWE-89,owasp-benchmark:data/benchmark/src/main/java/org/owasp/benchmark/testcode/BenchmarkTest00594.java,73,sonarqube,1,single-tool,MAJOR,Make sure using a dynamically formatted SQL query is safe here.
BenchmarkTest00618,CWE-327,owasp-benchmark:data/benchmark/src/main/java/org/owasp/benchmark/testcode/BenchmarkTest00618.java,70,sonarqube,1,single-tool,CRITICAL,Use a secure cipher mode.
BenchmarkTest00672,CWE-89,owasp-benchmark:data/benchmark/src/main/java/org/owasp/benchmark/testcode/BenchmarkTest00672.java,60,sonarqube,1,single-tool,MAJOR,Make sure using a dynamically formatted SQL query is safe here.
BenchmarkTest00673,CWE-89,owasp-benchmark:data/benchmark/src/main/java/org/owasp/benchmark/testcode/BenchmarkTest00673.java,60,sonarqube,1,single-tool,MAJOR,Make sure using a dynamically formatted SQL query is safe here.
BenchmarkTest00674,CWE-89,owasp-benchmark:data/benchmark/src/main/java/org/owasp/benchmark/testcode/BenchmarkTest00674.java,78,sonarqube,1,single-tool,MAJOR,Make sure using a dynamically formatted SQL query is safe here.
BenchmarkTest00675,CWE-89,owasp-benchmark:data/benchmark/src/main/java/org/owasp/benchmark/testcode/BenchmarkTest00675.java,61,sonarqube,1,single-tool,MAJOR,Make sure using a dynamically formatted SQL query is safe here.
BenchmarkTest00676,CWE-89,owasp-benchmark:data/benchmark/src/main/java/org/owasp/benchmark/testcode/BenchmarkTest00676.java,61,sonarqube,1,single-tool,MAJOR,Make sure using a dynamically formatted SQL query is safe here.
BenchmarkTest00760,CWE-89,owasp-benchmark:data/benchmark/src/main/java/org/owasp/benchmark/testcode/BenchmarkTest00760.java,60,sonarqube,1,single-tool,MAJOR,Make sure using a dynamically formatted SQL query is safe here.
BenchmarkTest00837,CWE-89,owasp-benchmark:data/benchmark/src/main/java/org/owasp/benchmark/testcode/BenchmarkTest00837.java,85,sonarqube,1,single-tool,MAJOR,Make sure using a dynamically formatted SQL query is safe here.
BenchmarkTest00924,CWE-89,owasp-benchmark:data/benchmark/src/main/java/org/owasp/benchmark/testcode/BenchmarkTest00924.java,66,sonarqube,1,single-tool,MAJOR,Make sure using a dynamically formatted SQL query is safe here.
BenchmarkTest00925,CWE-89,owasp-benchmark:data/benchmark/src/main/java/org/owasp/benchmark/testcode/BenchmarkTest00925.java,56,sonarqube,1,single-tool,MAJOR,Make sure using a dynamically formatted SQL query is safe here.
BenchmarkTest00926,CWE-89,owasp-benchmark:data/benchmark/src/main/java/org/owasp/benchmark/testcode/BenchmarkTest00926.java,64,sonarqube,1,single-tool,MAJOR,Make sure using a dynamically formatted SQL query is safe here.
BenchmarkTest00927,CWE-89,owasp-benchmark:data/benchmark/src/main/java/org/owasp/benchmark/testcode/BenchmarkTest00927.java,65,sonarqube,1,single-tool,MAJOR,Make sure using a dynamically formatted SQL query is safe here.
BenchmarkTest00928,CWE-89,owasp-benchmark:data/benchmark/src/main/java/org/owasp/benchmark/testcode/BenchmarkTest00928.java,60,sonarqube,1,single-tool,MAJOR,Make sure using a dynamically formatted SQL query is safe here.
BenchmarkTest00929,CWE-89,owasp-benchmark:data/benchmark/src/main/java/org/owasp/benchmark/testcode/BenchmarkTest00929.java,75,sonarqube,1,single-tool,MAJOR,Make sure using a dynamically formatted SQL query is safe here.
BenchmarkTest01021,CWE-327,owasp-benchmark:data/benchmark/src/main/java/org/owasp/benchmark/testcode/BenchmarkTest01021.java,68,sonarqube,1,single-tool,CRITICAL,Use a secure cipher mode.
BenchmarkTest01022,CWE-327,owasp-benchmark:data/benchmark/src/main/java/org/owasp/benchmark/testcode/BenchmarkTest01022.java,68,sonarqube,1,single-tool,CRITICAL,Use a secure cipher mode.
BenchmarkTest01108,CWE-327,owasp-benchmark:data/benchmark/src/main/java/org/owasp/benchmark/testcode/BenchmarkTest01108.java,78,sonarqube,1,single-tool,CRITICAL,Use a secure cipher mode.
BenchmarkTest01153,CWE-327,owasp-benchmark:data/benchmark/src/main/java/org/owasp/benchmark/testcode/BenchmarkTest01153.java,70,sonarqube,1,single-tool,CRITICAL,Use a secure cipher mode.
BenchmarkTest01401,CWE-327,owasp-benchmark:data/benchmark/src/main/java/org/owasp/benchmark/testcode/BenchmarkTest01401.java,77,sonarqube,1,single-tool,CRITICAL,Use a secure cipher mode.
BenchmarkTest01552,CWE-89,owasp-benchmark:data/benchmark/src/main/java/org/owasp/benchmark/testcode/BenchmarkTest01552.java,57,sonarqube,1,single-tool,MAJOR,Make sure using a dynamically formatted SQL query is safe here.
BenchmarkTest01567,CWE-327,owasp-benchmark:data/benchmark/src/main/java/org/owasp/benchmark/testcode/BenchmarkTest01567.java,65,sonarqube,1,single-tool,CRITICAL,Use a secure cipher mode.
BenchmarkTest01803,CWE-89,owasp-benchmark:data/benchmark/src/main/java/org/owasp/benchmark/testcode/BenchmarkTest01803.java,54,sonarqube,1,single-tool,MAJOR,Make sure using a dynamically formatted SQL query is safe here.
BenchmarkTest01804,CWE-89,owasp-benchmark:data/benchmark/src/main/java/org/owasp/benchmark/testcode/BenchmarkTest01804.java,54,sonarqube,1,single-tool,MAJOR,Make sure using a dynamically formatted SQL query is safe here.
BenchmarkTest01805,CWE-89,owasp-benchmark:data/benchmark/src/main/java/org/owasp/benchmark/testcode/BenchmarkTest01805.java,56,sonarqube,1,single-tool,MAJOR,Make sure using a dynamically formatted SQL query is safe here.
BenchmarkTest01901,CWE-327,owasp-benchmark:data/benchmark/src/main/java/org/owasp/benchmark/testcode/BenchmarkTest01901.java,68,sonarqube,1,single-tool,CRITICAL,Use a secure cipher mode.
BenchmarkTest01982,CWE-327,owasp-benchmark:data/benchmark/src/main/java/org/owasp/benchmark/testcode/BenchmarkTest01982.java,78,sonarqube,1,single-tool,CRITICAL,Use a secure cipher mode.
BenchmarkTest02024,CWE-327,owasp-benchmark:data/benchmark/src/main/java/org/owasp/benchmark/testcode/BenchmarkTest02024.java,70,sonarqube,1,single-tool,CRITICAL,Use a secure cipher mode.
BenchmarkTest02103,CWE-327,owasp-benchmark:data/benchmark/src/main/java/org/owasp/benchmark/testcode/BenchmarkTest02103.java,63,sonarqube,1,single-tool,CRITICAL,Use a secure cipher mode.
BenchmarkTest02296,CWE-327,owasp-benchmark:data/benchmark/src/main/java/org/owasp/benchmark/testcode/BenchmarkTest02296.java,77,sonarqube,1,single-tool,CRITICAL,Use a secure cipher mode.
BenchmarkTest02297,CWE-327,owasp-benchmark:data/benchmark/src/main/java/org/owasp/benchmark/testcode/BenchmarkTest02297.java,77,sonarqube,1,single-tool,CRITICAL,Use a secure cipher mode.
BenchmarkTest02298,CWE-327,owasp-benchmark:data/benchmark/src/main/java/org/owasp/benchmark/testcode/BenchmarkTest02298.java,77,sonarqube,1,single-tool,CRITICAL,Use a secure cipher mode.
BenchmarkTest02449,CWE-89,owasp-benchmark:data/benchmark/src/main/java/org/owasp/benchmark/testcode/BenchmarkTest02449.java,57,sonarqube,1,single-tool,MAJOR,Make sure using a dynamically formatted SQL query is safe here.
BenchmarkTest02450,CWE-89,owasp-benchmark:data/benchmark/src/main/java/org/owasp/benchmark/testcode/BenchmarkTest02450.java,56,sonarqube,1,single-tool,MAJOR,Make sure using a dynamically formatted SQL query is safe here.
BenchmarkTest02552,CWE-327,owasp-benchmark:data/benchmark/src/main/java/org/owasp/benchmark/testcode/BenchmarkTest02552.java,87,sonarqube,1,single-tool,CRITICAL,Use a secure cipher mode.
,CVE-2016-10735,file:///home/saroj/devsecops-correlation/data/benchmark/scorecard/content/js/bootstrap.js;file:///home/saroj/devsecops-correlation/data/benchmark/scorecard/content/js/bootstrap.min.js,,dependency-check,1,appears in 2 file(s),warning,"CVE-2016-10735 - In Bootstrap 3.x before 3.4.0 and 4.x-beta before 4.0.0-beta.2, XSS is possible in the data-target attribute, a different vulnerability than CVE-2018-14041."
,CVE-2018-14040,file:///home/saroj/devsecops-correlation/data/benchmark/scorecard/content/js/bootstrap.js;file:///home/saroj/devsecops-correlation/data/benchmark/scorecard/content/js/bootstrap.min.js,,dependency-check,1,appears in 2 file(s),warning,"CVE-2018-14040 - In Bootstrap before 4.1.2, XSS is possible in the collapse data-parent attribute."
,CVE-2018-14042,file:///home/saroj/devsecops-correlation/data/benchmark/scorecard/content/js/bootstrap.js;file:///home/saroj/devsecops-correlation/data/benchmark/scorecard/content/js/bootstrap.min.js,,dependency-check,1,appears in 2 file(s),warning,"CVE-2018-14042 - In Bootstrap before 4.1.2, XSS is possible in the data-container property of tooltip."
,CVE-2018-20676,file:///home/saroj/devsecops-correlation/data/benchmark/scorecard/content/js/bootstrap.js;file:///home/saroj/devsecops-correlation/data/benchmark/scorecard/content/js/bootstrap.min.js,,dependency-check,1,appears in 2 file(s),warning,"CVE-2018-20676 - In Bootstrap before 3.4.0, XSS is possible in the tooltip data-viewport attribute."
,CVE-2018-20677,file:///home/saroj/devsecops-correlation/data/benchmark/scorecard/content/js/bootstrap.js;file:///home/saroj/devsecops-correlation/data/benchmark/scorecard/content/js/bootstrap.min.js,,dependency-check,1,appears in 2 file(s),warning,"CVE-2018-20677 - In Bootstrap before 3.4.0, XSS is possible in the affix configuration target property."
,CVE-2019-8331,file:///home/saroj/devsecops-correlation/data/benchmark/scorecard/content/js/bootstrap.js;file:///home/saroj/devsecops-correlation/data/benchmark/scorecard/content/js/bootstrap.min.js,,dependency-check,1,appears in 2 file(s),warning,"CVE-2019-8331 - In Bootstrap before 3.4.1 and 4.3.x before 4.3.1, XSS is possible in the tooltip or popover data-template attribute."
,CVE-2024-6485,file:///home/saroj/devsecops-correlation/data/benchmark/scorecard/content/js/bootstrap.js;file:///home/saroj/devsecops-correlation/data/benchmark/scorecard/content/js/bootstrap.min.js,,dependency-check,1,appears in 2 file(s),warning,CVE-2024-6485
,Bootstrap before 4.0.0 is end-of-life and no longer maintained.,file:///home/saroj/devsecops-correlation/data/benchmark/scorecard/content/js/bootstrap.js;file:///home/saroj/devsecops-correlation/data/benchmark/scorecard/content/js/bootstrap.min.js,,dependency-check,1,appears in 2 file(s),warning,Bootstrap before 4.0.0 is end-of-life and no longer maintained. - Bootstrap before 4.0.0 is end-of-life and no longer maintained.
,CVE-2015-9251,file:///home/saroj/devsecops-correlation/data/benchmark/src/main/webapp/js/jquery.min.js,,dependency-check,1,appears in 1 file(s),warning,"CVE-2015-9251 - jQuery before 3.0.0 is vulnerable to Cross-site Scripting (XSS) attacks when a cross-domain Ajax request is performed without the dataType option, causing text/javascript responses to be executed."
,CVE-2019-11358,file:///home/saroj/devsecops-correlation/data/benchmark/src/main/webapp/js/jquery.min.js,,dependency-check,1,appears in 1 file(s),warning,"CVE-2019-11358 - jQuery before 3.4.0, as used in Drupal, Backdrop CMS, and other products, mishandles jQuery.extend(true, {}, ...) because of Object.prototype pollution. If an unsanitized source object contained an enumerable __proto__ property, it could extend the native Object.prototype."
,CVE-2020-11022,file:///home/saroj/devsecops-correlation/data/benchmark/src/main/webapp/js/jquery.min.js,,dependency-check,1,appears in 1 file(s),warning,"CVE-2020-11022 - In jQuery starting with 1.12.0 and before 3.5.0, passing HTML from untrusted sources - even after sanitizing it - to one of jQuery's DOM manipulation methods (i.e. .html(), .append(), and others) may execute untrusted code. This problem is patched in jQuery 3.5.0."
,CVE-2020-11023,file:///home/saroj/devsecops-correlation/data/benchmark/src/main/webapp/js/jquery.min.js,,dependency-check,1,appears in 1 file(s),warning,"CVE-2020-11023 - In jQuery versions greater than or equal to 1.0.3 and before 3.5.0, passing HTML containing <option> elements from untrusted sources - even after sanitizing it - to one of jQuery's DOM manipulation methods (i.e. .html(), .append(), and others) may execute untrusted code. This problem is patched in jQuery 3.5.0."
,jquery issue: 11974,file:///home/saroj/devsecops-correlation/data/benchmark/src/main/webapp/js/jquery.min.js,,dependency-check,1,appears in 1 file(s),warning,jquery issue: 11974 - parseHTML() executes scripts in event handlers
,jquery issue: 162,file:///home/saroj/devsecops-correlation/data/benchmark/src/main/webapp/js/jquery.min.js,,dependency-check,1,appears in 1 file(s),warning,jquery issue: 162 - jQuery 1.x and 2.x are End-of-Life and no longer receiving security updates
