test_name,real_vulnerability,cwe,num_tools_agreeing,flagged_by_semgrep,flagged_by_sonar,cwe_historical_precision,message,ml_risk_score,ml_priority,file,line
BenchmarkTest00001,1,CWE-22,1,1,0,0.531,"Detected a potential path traversal. A malicious actor could control the location of this file, to include going backwards in the directory with '../'. To address this, ensure that user-controlled variables in file paths are sanitized. You may also consider using a utility method such as org.apache.commons.io.FilenameUtils.getName(...) to only retrieve the file name from the path.",0.5402428179282152,P3 - Medium (ML Moderate / Needs Review),data/benchmark/src/main/java/org/owasp/benchmark/testcode/BenchmarkTest00001.java,72
BenchmarkTest00002,1,CWE-22,1,1,0,0.531,"Detected a potential path traversal. A malicious actor could control the location of this file, to include going backwards in the directory with '../'. To address this, ensure that user-controlled variables in file paths are sanitized. You may also consider using a utility method such as org.apache.commons.io.FilenameUtils.getName(...) to only retrieve the file name from the path.",0.5372346090670375,P3 - Medium (ML Moderate / Needs Review),data/benchmark/src/main/java/org/owasp/benchmark/testcode/BenchmarkTest00002.java,73
BenchmarkTest00003,1,CWE-328,0,0,0,1.0,,0.24087705674222445,P4 - Low (ML Suppressed / Likely False Alarm),,
BenchmarkTest00004,1,CWE-501,1,1,0,0.7234,"Detected a request with potential user-input going into a OutputStream or Writer object. This bypasses any view or template environments, including HTML escaping, which may expose this application to cross-site scripting (XSS) vulnerabilities. Consider using a view technology such as JavaServer Faces (JSFs) which automatically escapes HTML views.",0.7789605520980689,P2 - High (ML Probable Vulnerability),data/benchmark/src/main/java/org/owasp/benchmark/testcode/BenchmarkTest00004.java,70
BenchmarkTest00005,1,CWE-327,2,1,1,0.9046,DES is considered deprecated. AES is the recommended cipher. Upgrade to use AES. See https://www.nist.gov/news-events/news/2005/06/nist-withdraws-outdated-data-encryption-standard for more information.,0.974080729406824,P1 - Critical (ML High-Confidence Vulnerability),data/benchmark/src/main/java/org/owasp/benchmark/testcode/BenchmarkTest00005.java,63
BenchmarkTest00006,1,CWE-78,1,1,0,0.5177,"Detected input from a HTTPServletRequest going into a 'ProcessBuilder' or 'exec' command. This could lead to command injection if variables passed into the exec commands are not properly sanitized. Instead, avoid using these OS commands with user-supplied input, or, if you must use these commands, use a whitelist of specific values.",0.5683792859920807,P3 - Medium (ML Moderate / Needs Review),data/benchmark/src/main/java/org/owasp/benchmark/testcode/BenchmarkTest00006.java,62
BenchmarkTest00007,1,CWE-78,1,1,0,0.5177,"Detected input from a HTTPServletRequest going into a 'ProcessBuilder' or 'exec' command. This could lead to command injection if variables passed into the exec commands are not properly sanitized. Instead, avoid using these OS commands with user-supplied input, or, if you must use these commands, use a whitelist of specific values.",0.5114755110284748,P3 - Medium (ML Moderate / Needs Review),data/benchmark/src/main/java/org/owasp/benchmark/testcode/BenchmarkTest00007.java,61
BenchmarkTest00008,1,CWE-89,2,1,1,0.5746,Detected input from a HTTPServletRequest going into a SQL sink or statement. This could lead to SQL injection if variables in the SQL statement are not properly sanitized. Use parameterized SQL queries or properly sanitize user input instead.,0.6043967051102129,P3 - Medium (ML Moderate / Needs Review),data/benchmark/src/main/java/org/owasp/benchmark/testcode/BenchmarkTest00008.java,57
BenchmarkTest00009,0,CWE-328,0,0,0,1.0,,0.24087705674222445,P4 - Low (ML Suppressed / Likely False Alarm),,
BenchmarkTest00010,0,CWE-330,0,0,0,1.0,,0.0331840260624013,P4 - Low (ML Suppressed / Likely False Alarm),,
BenchmarkTest00011,1,CWE-22,1,1,0,0.531,"Detected a potential path traversal. A malicious actor could control the location of this file, to include going backwards in the directory with '../'. To address this, ensure that user-controlled variables in file paths are sanitized. You may also consider using a utility method such as org.apache.commons.io.FilenameUtils.getName(...) to only retrieve the file name from the path.",0.5372346090670375,P3 - Medium (ML Moderate / Needs Review),data/benchmark/src/main/java/org/owasp/benchmark/testcode/BenchmarkTest00011.java,54
BenchmarkTest00012,1,CWE-90,1,1,0,0.4815,"Detected input from a HTTPServletRequest going into an LDAP query. This could lead to LDAP injection if the input is not properly sanitized, which could result in attackers modifying objects in the LDAP tree structure. Ensure data passed to an LDAP query is not controllable or properly sanitize the data.",0.5087973542492934,P3 - Medium (ML Moderate / Needs Review),data/benchmark/src/main/java/org/owasp/benchmark/testcode/BenchmarkTest00012.java,68
BenchmarkTest00013,1,CWE-79,1,1,0,0.6516,"Detected a request with potential user-input going into a OutputStream or Writer object. This bypasses any view or template environments, including HTML escaping, which may expose this application to cross-site scripting (XSS) vulnerabilities. Consider using a view technology such as JavaServer Faces (JSFs) which automatically escapes HTML views.",0.6606354491638398,P2 - High (ML Probable Vulnerability),data/benchmark/src/main/java/org/owasp/benchmark/testcode/BenchmarkTest00013.java,56
BenchmarkTest00014,1,CWE-79,1,1,0,0.6516,"Detected a request with potential user-input going into a OutputStream or Writer object. This bypasses any view or template environments, including HTML escaping, which may expose this application to cross-site scripting (XSS) vulnerabilities. Consider using a view technology such as JavaServer Faces (JSFs) which automatically escapes HTML views.",0.6606354491638398,P2 - High (ML Probable Vulnerability),data/benchmark/src/main/java/org/owasp/benchmark/testcode/BenchmarkTest00014.java,56
BenchmarkTest00015,1,CWE-78,1,1,0,0.5177,"Detected input from a HTTPServletRequest going into a 'ProcessBuilder' or 'exec' command. This could lead to command injection if variables passed into the exec commands are not properly sanitized. Instead, avoid using these OS commands with user-supplied input, or, if you must use these commands, use a whitelist of specific values.",0.5683792859920807,P3 - Medium (ML Moderate / Needs Review),data/benchmark/src/main/java/org/owasp/benchmark/testcode/BenchmarkTest00015.java,64
BenchmarkTest00016,0,CWE-614,0,0,0,1.0,,0.10974908684119335,P4 - Low (ML Suppressed / Likely False Alarm),,
BenchmarkTest00017,1,CWE-78,1,1,0,0.5177,"Detected input from a HTTPServletRequest going into a 'ProcessBuilder' or 'exec' command. This could lead to command injection if variables passed into the exec commands are not properly sanitized. Instead, avoid using these OS commands with user-supplied input, or, if you must use these commands, use a whitelist of specific values.",0.5444416118463504,P3 - Medium (ML Moderate / Needs Review),data/benchmark/src/main/java/org/owasp/benchmark/testcode/BenchmarkTest00017.java,63
BenchmarkTest00018,1,CWE-89,2,1,1,0.5746,Detected input from a HTTPServletRequest going into a SQL sink or statement. This could lead to SQL injection if variables in the SQL statement are not properly sanitized. Use parameterized SQL queries or properly sanitize user input instead.,0.6161353418384643,P3 - Medium (ML Moderate / Needs Review),data/benchmark/src/main/java/org/owasp/benchmark/testcode/BenchmarkTest00018.java,57
BenchmarkTest00019,1,CWE-327,1,1,1,0.9046,Triple DES (3DES or DESede) is considered deprecated. AES is the recommended cipher. Upgrade to use AES.,0.957153376753586,P1 - Critical (ML High-Confidence Vulnerability),data/benchmark/src/main/java/org/owasp/benchmark/testcode/BenchmarkTest00019.java,54
BenchmarkTest00020,1,CWE-327,1,1,1,0.9046,Triple DES (3DES or DESede) is considered deprecated. AES is the recommended cipher. Upgrade to use AES.,0.984312041628401,P1 - Critical (ML High-Confidence Vulnerability),data/benchmark/src/main/java/org/owasp/benchmark/testcode/BenchmarkTest00020.java,61
BenchmarkTest00021,1,CWE-90,1,1,0,0.4815,"Detected input from a HTTPServletRequest going into an LDAP query. This could lead to LDAP injection if the input is not properly sanitized, which could result in attackers modifying objects in the LDAP tree structure. Ensure data passed to an LDAP query is not controllable or properly sanitize the data.",0.4485802845284838,P4 - Low (ML Suppressed / Likely False Alarm),data/benchmark/src/main/java/org/owasp/benchmark/testcode/BenchmarkTest00021.java,58
BenchmarkTest00022,0,CWE-328,0,0,0,1.0,,0.25279536684003723,P4 - Low (ML Suppressed / Likely False Alarm),,
BenchmarkTest00023,1,CWE-330,2,1,1,1.0,"Detected use of the functions `Math.random()` or `java.util.Random()`. These are both not cryptographically strong random number generators (RNGs). If you are using these RNGs to create passwords or secret tokens, use `java.security.SecureRandom` instead.",1.0,P1 - Critical (ML High-Confidence Vulnerability),data/benchmark/src/main/java/org/owasp/benchmark/testcode/BenchmarkTest00023.java,47
BenchmarkTest00024,1,CWE-89,2,1,1,0.5746,Detected input from a HTTPServletRequest going into a SQL sink or statement. This could lead to SQL injection if variables in the SQL statement are not properly sanitized. Use parameterized SQL queries or properly sanitize user input instead.,0.6161353418384643,P3 - Medium (ML Moderate / Needs Review),data/benchmark/src/main/java/org/owasp/benchmark/testcode/BenchmarkTest00024.java,52
BenchmarkTest00025,1,CWE-89,1,1,0,0.5746,Detected input from a HTTPServletRequest going into a SQL sink or statement. This could lead to SQL injection if variables in the SQL statement are not properly sanitized. Use parameterized SQL queries or properly sanitize user input instead.,0.6371570818030259,P3 - Medium (ML Moderate / Needs Review),data/benchmark/src/main/java/org/owasp/benchmark/testcode/BenchmarkTest00025.java,51
BenchmarkTest00026,1,CWE-89,1,1,0,0.5746,Detected input from a HTTPServletRequest going into a SQL sink or statement. This could lead to SQL injection if variables in the SQL statement are not properly sanitized. Use parameterized SQL queries or properly sanitize user input instead.,0.63810138505586,P3 - Medium (ML Moderate / Needs Review),data/benchmark/src/main/java/org/owasp/benchmark/testcode/BenchmarkTest00026.java,49
BenchmarkTest00027,1,CWE-89,2,1,1,0.5746,Detected input from a HTTPServletRequest going into a SQL sink or statement. This could lead to SQL injection if variables in the SQL statement are not properly sanitized. Use parameterized SQL queries or properly sanitize user input instead.,0.6043967051102129,P3 - Medium (ML Moderate / Needs Review),data/benchmark/src/main/java/org/owasp/benchmark/testcode/BenchmarkTest00027.java,50
BenchmarkTest00028,1,CWE-22,1,1,0,0.531,"Detected a potential path traversal. A malicious actor could control the location of this file, to include going backwards in the directory with '../'. To address this, ensure that user-controlled variables in file paths are sanitized. You may also consider using a utility method such as org.apache.commons.io.FilenameUtils.getName(...) to only retrieve the file name from the path.",0.5349061735858125,P3 - Medium (ML Moderate / Needs Review),data/benchmark/src/main/java/org/owasp/benchmark/testcode/BenchmarkTest00028.java,57
BenchmarkTest00029,1,CWE-328,0,0,0,1.0,,0.25279536684003723,P4 - Low (ML Suppressed / Likely False Alarm),,
BenchmarkTest00030,1,CWE-79,1,1,0,0.6516,"Detected a request with potential user-input going into a OutputStream or Writer object. This bypasses any view or template environments, including HTML escaping, which may expose this application to cross-site scripting (XSS) vulnerabilities. Consider using a view technology such as JavaServer Faces (JSFs) which automatically escapes HTML views.",0.6221848022643229,P3 - Medium (ML Moderate / Needs Review),data/benchmark/src/main/java/org/owasp/benchmark/testcode/BenchmarkTest00030.java,53
BenchmarkTest00031,1,CWE-501,1,1,0,0.7234,"Detected input from a HTTPServletRequest going into a session command, like `setAttribute`. User input into such a command could lead to an attacker inputting malicious code into your session parameters, blurring the line between what's trusted and untrusted, and therefore leading to a trust boundary violation. This could lead to programmers trusting unvalidated data. Instead, thoroughly sanitize user input before passing it into such function calls.",0.7313191620213231,P2 - High (ML Probable Vulnerability),data/benchmark/src/main/java/org/owasp/benchmark/testcode/BenchmarkTest00031.java,52
BenchmarkTest00032,1,CWE-89,1,1,0,0.5746,Detected input from a HTTPServletRequest going into a SQL sink or statement. This could lead to SQL injection if variables in the SQL statement are not properly sanitized. Use parameterized SQL queries or properly sanitize user input instead.,0.6371570818030259,P3 - Medium (ML Moderate / Needs Review),data/benchmark/src/main/java/org/owasp/benchmark/testcode/BenchmarkTest00032.java,54
BenchmarkTest00033,1,CWE-89,1,1,0,0.5746,Detected input from a HTTPServletRequest going into a SQL sink or statement. This could lead to SQL injection if variables in the SQL statement are not properly sanitized. Use parameterized SQL queries or properly sanitize user input instead.,0.6371570818030259,P3 - Medium (ML Moderate / Needs Review),data/benchmark/src/main/java/org/owasp/benchmark/testcode/BenchmarkTest00033.java,53
BenchmarkTest00034,1,CWE-89,2,1,1,0.5746,Detected a formatted string in a SQL statement. This could lead to SQL injection if variables in the SQL statement are not properly sanitized. Use a prepared statements (java.sql.PreparedStatement) instead. You can obtain a PreparedStatement using 'connection.prepareStatement'.,0.5278626301234679,P3 - Medium (ML Moderate / Needs Review),data/benchmark/src/main/java/org/owasp/benchmark/testcode/BenchmarkTest00034.java,56
BenchmarkTest00035,1,CWE-327,1,1,1,0.9046,Triple DES (3DES or DESede) is considered deprecated. AES is the recommended cipher. Upgrade to use AES.,0.9646666709532539,P1 - Critical (ML High-Confidence Vulnerability),data/benchmark/src/main/java/org/owasp/benchmark/testcode/BenchmarkTest00035.java,69
BenchmarkTest00036,1,CWE-79,1,1,0,0.6516,"Detected a request with potential user-input going into a OutputStream or Writer object. This bypasses any view or template environments, including HTML escaping, which may expose this application to cross-site scripting (XSS) vulnerabilities. Consider using a view technology such as JavaServer Faces (JSFs) which automatically escapes HTML views.",0.6221848022643229,P3 - Medium (ML Moderate / Needs Review),data/benchmark/src/main/java/org/owasp/benchmark/testcode/BenchmarkTest00036.java,65
BenchmarkTest00037,1,CWE-89,2,1,1,0.5746,Detected input from a HTTPServletRequest going into a SQL sink or statement. This could lead to SQL injection if variables in the SQL statement are not properly sanitized. Use parameterized SQL queries or properly sanitize user input instead.,0.6050253134234014,P3 - Medium (ML Moderate / Needs Review),data/benchmark/src/main/java/org/owasp/benchmark/testcode/BenchmarkTest00037.java,66
BenchmarkTest00038,1,CWE-89,1,1,0,0.5746,Detected input from a HTTPServletRequest going into a SQL sink or statement. This could lead to SQL injection if variables in the SQL statement are not properly sanitized. Use parameterized SQL queries or properly sanitize user input instead.,0.6382802301796155,P3 - Medium (ML Moderate / Needs Review),data/benchmark/src/main/java/org/owasp/benchmark/testcode/BenchmarkTest00038.java,63
BenchmarkTest00039,1,CWE-89,1,1,0,0.5746,Detected input from a HTTPServletRequest going into a SQL sink or statement. This could lead to SQL injection if variables in the SQL statement are not properly sanitized. Use parameterized SQL queries or properly sanitize user input instead.,0.6393503814415632,P3 - Medium (ML Moderate / Needs Review),data/benchmark/src/main/java/org/owasp/benchmark/testcode/BenchmarkTest00039.java,64
BenchmarkTest00040,1,CWE-22,1,1,0,0.531,"Detected a potential path traversal. A malicious actor could control the location of this file, to include going backwards in the directory with '../'. To address this, ensure that user-controlled variables in file paths are sanitized. You may also consider using a utility method such as org.apache.commons.io.FilenameUtils.getName(...) to only retrieve the file name from the path.",0.5402428179282152,P3 - Medium (ML Moderate / Needs Review),data/benchmark/src/main/java/org/owasp/benchmark/testcode/BenchmarkTest00040.java,49
BenchmarkTest00041,1,CWE-79,0,0,0,0.6516,,0.2300172252494595,P4 - Low (ML Suppressed / Likely False Alarm),,
BenchmarkTest00042,0,CWE-330,0,0,0,1.0,,0.037636823716155926,P4 - Low (ML Suppressed / Likely False Alarm),,
BenchmarkTest00043,1,CWE-89,2,1,1,0.5746,Detected a formatted string in a SQL statement. This could lead to SQL injection if variables in the SQL statement are not properly sanitized. Use a prepared statements (java.sql.PreparedStatement) instead. You can obtain a PreparedStatement using 'connection.prepareStatement'.,0.4901655263130386,P3 - Medium (ML Moderate / Needs Review),data/benchmark/src/main/java/org/owasp/benchmark/testcode/BenchmarkTest00043.java,54
BenchmarkTest00044,1,CWE-90,1,1,0,0.4815,"Detected input from a HTTPServletRequest going into an LDAP query. This could lead to LDAP injection if the input is not properly sanitized, which could result in attackers modifying objects in the LDAP tree structure. Ensure data passed to an LDAP query is not controllable or properly sanitize the data.",0.4485802845284838,P4 - Low (ML Suppressed / Likely False Alarm),data/benchmark/src/main/java/org/owasp/benchmark/testcode/BenchmarkTest00044.java,59
BenchmarkTest00045,1,CWE-22,1,1,0,0.531,"Detected a potential path traversal. A malicious actor could control the location of this file, to include going backwards in the directory with '../'. To address this, ensure that user-controlled variables in file paths are sanitized. You may also consider using a utility method such as org.apache.commons.io.FilenameUtils.getName(...) to only retrieve the file name from the path.",0.5349061735858125,P3 - Medium (ML Moderate / Needs Review),data/benchmark/src/main/java/org/owasp/benchmark/testcode/BenchmarkTest00045.java,61
BenchmarkTest00046,1,CWE-328,2,1,1,1.0,Detected MD5 hash algorithm which is considered insecure. MD5 is not collision resistant and is therefore not suitable as a cryptographic signature. Use HMAC instead.,1.0,P1 - Critical (ML High-Confidence Vulnerability),data/benchmark/src/main/java/org/owasp/benchmark/testcode/BenchmarkTest00046.java,50
BenchmarkTest00047,1,CWE-79,1,1,0,0.6516,"Detected a request with potential user-input going into a OutputStream or Writer object. This bypasses any view or template environments, including HTML escaping, which may expose this application to cross-site scripting (XSS) vulnerabilities. Consider using a view technology such as JavaServer Faces (JSFs) which automatically escapes HTML views.",0.6606354491638398,P2 - High (ML Probable Vulnerability),data/benchmark/src/main/java/org/owasp/benchmark/testcode/BenchmarkTest00047.java,73
BenchmarkTest00048,1,CWE-79,1,1,0,0.6516,"Detected a request with potential user-input going into a OutputStream or Writer object. This bypasses any view or template environments, including HTML escaping, which may expose this application to cross-site scripting (XSS) vulnerabilities. Consider using a view technology such as JavaServer Faces (JSFs) which automatically escapes HTML views.",0.6447716715602264,P3 - Medium (ML Moderate / Needs Review),data/benchmark/src/main/java/org/owasp/benchmark/testcode/BenchmarkTest00048.java,72
BenchmarkTest00049,1,CWE-79,1,1,0,0.6516,"Detected a request with potential user-input going into a OutputStream or Writer object. This bypasses any view or template environments, including HTML escaping, which may expose this application to cross-site scripting (XSS) vulnerabilities. Consider using a view technology such as JavaServer Faces (JSFs) which automatically escapes HTML views.",0.6221848022643229,P3 - Medium (ML Moderate / Needs Review),data/benchmark/src/main/java/org/owasp/benchmark/testcode/BenchmarkTest00049.java,72
BenchmarkTest00050,1,CWE-327,1,1,1,0.9046,Triple DES (3DES or DESede) is considered deprecated. AES is the recommended cipher. Upgrade to use AES.,0.9646666709532539,P1 - Critical (ML High-Confidence Vulnerability),data/benchmark/src/main/java/org/owasp/benchmark/testcode/BenchmarkTest00050.java,62
BenchmarkTest00051,0,CWE-78,1,1,0,0.5177,"Detected input from a HTTPServletRequest going into a 'ProcessBuilder' or 'exec' command. This could lead to command injection if variables passed into the exec commands are not properly sanitized. Instead, avoid using these OS commands with user-supplied input, or, if you must use these commands, use a whitelist of specific values.",0.5114755110284748,P3 - Medium (ML Moderate / Needs Review),data/benchmark/src/main/java/org/owasp/benchmark/testcode/BenchmarkTest00051.java,60
BenchmarkTest00052,0,CWE-89,1,0,1,0.5746,Make sure using a dynamically formatted SQL query is safe here.,0.3049585907793266,P4 - Low (ML Suppressed / Likely False Alarm),owasp-benchmark:data/benchmark/src/main/java/org/owasp/benchmark/testcode/BenchmarkTest00052.java,55
BenchmarkTest00053,1,CWE-327,1,1,1,0.9046,Triple DES (3DES or DESede) is considered deprecated. AES is the recommended cipher. Upgrade to use AES.,0.957153376753586,P1 - Critical (ML High-Confidence Vulnerability),data/benchmark/src/main/java/org/owasp/benchmark/testcode/BenchmarkTest00053.java,89
BenchmarkTest00054,0,CWE-327,0,0,0,0.9046,,0.09462285501385369,P4 - Low (ML Suppressed / Likely False Alarm),,
BenchmarkTest00055,1,CWE-327,1,1,1,0.9046,Triple DES (3DES or DESede) is considered deprecated. AES is the recommended cipher. Upgrade to use AES.,0.9646666709532539,P1 - Critical (ML High-Confidence Vulnerability),data/benchmark/src/main/java/org/owasp/benchmark/testcode/BenchmarkTest00055.java,82
BenchmarkTest00056,1,CWE-327,1,1,1,0.9046,Triple DES (3DES or DESede) is considered deprecated. AES is the recommended cipher. Upgrade to use AES.,0.984312041628401,P1 - Critical (ML High-Confidence Vulnerability),data/benchmark/src/main/java/org/owasp/benchmark/testcode/BenchmarkTest00056.java,92
BenchmarkTest00057,1,CWE-327,2,1,1,0.9046,DES is considered deprecated. AES is the recommended cipher. Upgrade to use AES. See https://www.nist.gov/news-events/news/2005/06/nist-withdraws-outdated-data-encryption-standard for more information.,0.9640713509849929,P1 - Critical (ML High-Confidence Vulnerability),data/benchmark/src/main/java/org/owasp/benchmark/testcode/BenchmarkTest00057.java,84
BenchmarkTest00058,0,CWE-327,0,0,0,0.9046,,0.09852596288884,P4 - Low (ML Suppressed / Likely False Alarm),,
BenchmarkTest00059,0,CWE-327,1,0,1,0.9046,Use a secure cipher mode.,0.14797288546515752,P4 - Low (ML Suppressed / Likely False Alarm),owasp-benchmark:data/benchmark/src/main/java/org/owasp/benchmark/testcode/BenchmarkTest00059.java,84
BenchmarkTest00060,1,CWE-22,1,1,0,0.531,"Detected a potential path traversal. A malicious actor could control the location of this file, to include going backwards in the directory with '../'. To address this, ensure that user-controlled variables in file paths are sanitized. You may also consider using a utility method such as org.apache.commons.io.FilenameUtils.getName(...) to only retrieve the file name from the path.",0.5394645256012154,P3 - Medium (ML Moderate / Needs Review),data/benchmark/src/main/java/org/owasp/benchmark/testcode/BenchmarkTest00060.java,75
BenchmarkTest00061,1,CWE-22,1,1,0,0.531,"Detected a potential path traversal. A malicious actor could control the location of this file, to include going backwards in the directory with '../'. To address this, ensure that user-controlled variables in file paths are sanitized. You may also consider using a utility method such as org.apache.commons.io.FilenameUtils.getName(...) to only retrieve the file name from the path.",0.5349061735858125,P3 - Medium (ML Moderate / Needs Review),data/benchmark/src/main/java/org/owasp/benchmark/testcode/BenchmarkTest00061.java,75
BenchmarkTest00062,1,CWE-22,0,0,0,0.531,,0.18290078389950165,P4 - Low (ML Suppressed / Likely False Alarm),,
BenchmarkTest00063,0,CWE-22,1,1,0,0.531,"Detected a potential path traversal. A malicious actor could control the location of this file, to include going backwards in the directory with '../'. To address this, ensure that user-controlled variables in file paths are sanitized. You may also consider using a utility method such as org.apache.commons.io.FilenameUtils.getName(...) to only retrieve the file name from the path.",0.5394645256012154,P3 - Medium (ML Moderate / Needs Review),data/benchmark/src/main/java/org/owasp/benchmark/testcode/BenchmarkTest00063.java,78
BenchmarkTest00064,0,CWE-22,1,1,0,0.531,"Detected a potential path traversal. A malicious actor could control the location of this file, to include going backwards in the directory with '../'. To address this, ensure that user-controlled variables in file paths are sanitized. You may also consider using a utility method such as org.apache.commons.io.FilenameUtils.getName(...) to only retrieve the file name from the path.",0.5305215095490278,P3 - Medium (ML Moderate / Needs Review),data/benchmark/src/main/java/org/owasp/benchmark/testcode/BenchmarkTest00064.java,79
BenchmarkTest00065,1,CWE-22,0,0,0,0.531,,0.18989096481216886,P4 - Low (ML Suppressed / Likely False Alarm),,
BenchmarkTest00066,1,CWE-330,2,1,1,1.0,"Detected use of the functions `Math.random()` or `java.util.Random()`. These are both not cryptographically strong random number generators (RNGs). If you are using these RNGs to create passwords or secret tokens, use `java.security.SecureRandom` instead.",1.0,P1 - Critical (ML High-Confidence Vulnerability),data/benchmark/src/main/java/org/owasp/benchmark/testcode/BenchmarkTest00066.java,73
BenchmarkTest00067,1,CWE-330,2,1,1,1.0,"Detected use of the functions `Math.random()` or `java.util.Random()`. These are both not cryptographically strong random number generators (RNGs). If you are using these RNGs to create passwords or secret tokens, use `java.security.SecureRandom` instead.",0.9995454545454545,P1 - Critical (ML High-Confidence Vulnerability),data/benchmark/src/main/java/org/owasp/benchmark/testcode/BenchmarkTest00067.java,89
BenchmarkTest00068,1,CWE-330,2,1,1,1.0,"Detected use of the functions `Math.random()` or `java.util.Random()`. These are both not cryptographically strong random number generators (RNGs). If you are using these RNGs to create passwords or secret tokens, use `java.security.SecureRandom` instead.",1.0,P1 - Critical (ML High-Confidence Vulnerability),data/benchmark/src/main/java/org/owasp/benchmark/testcode/BenchmarkTest00068.java,73
BenchmarkTest00069,0,CWE-328,0,0,0,1.0,,0.24087705674222445,P4 - Low (ML Suppressed / Likely False Alarm),,
BenchmarkTest00070,1,CWE-328,2,1,1,1.0,"Detected SHA1 hash algorithm which is considered insecure. SHA1 is not collision resistant and is therefore not suitable as a cryptographic signature. Instead, use PBKDF2 for password hashing or SHA256 or SHA512 for other hash function applications.",0.9966744996793538,P1 - Critical (ML High-Confidence Vulnerability),data/benchmark/src/main/java/org/owasp/benchmark/testcode/BenchmarkTest00070.java,74
BenchmarkTest00071,1,CWE-328,2,1,1,1.0,"Detected SHA1 hash algorithm which is considered insecure. SHA1 is not collision resistant and is therefore not suitable as a cryptographic signature. Instead, use PBKDF2 for password hashing or SHA256 or SHA512 for other hash function applications.",0.9981800784924265,P1 - Critical (ML High-Confidence Vulnerability),data/benchmark/src/main/java/org/owasp/benchmark/testcode/BenchmarkTest00071.java,74
BenchmarkTest00072,0,CWE-328,0,0,0,1.0,,0.24087705674222445,P4 - Low (ML Suppressed / Likely False Alarm),,
BenchmarkTest00073,1,CWE-328,2,1,1,1.0,Detected MD5 hash algorithm which is considered insecure. MD5 is not collision resistant and is therefore not suitable as a cryptographic signature. Use HMAC instead.,1.0,P1 - Critical (ML High-Confidence Vulnerability),data/benchmark/src/main/java/org/owasp/benchmark/testcode/BenchmarkTest00073.java,88
BenchmarkTest00074,1,CWE-328,0,0,0,1.0,,0.23782332489730076,P4 - Low (ML Suppressed / Likely False Alarm),,
BenchmarkTest00075,0,CWE-328,0,0,0,1.0,,0.26631103688868035,P4 - Low (ML Suppressed / Likely False Alarm),,
BenchmarkTest00076,0,CWE-328,0,0,0,1.0,,0.231920865694142,P4 - Low (ML Suppressed / Likely False Alarm),,
BenchmarkTest00077,1,CWE-78,1,1,0,0.5177,"Detected input from a HTTPServletRequest going into a 'ProcessBuilder' or 'exec' command. This could lead to command injection if variables passed into the exec commands are not properly sanitized. Instead, avoid using these OS commands with user-supplied input, or, if you must use these commands, use a whitelist of specific values.",0.5114755110284748,P3 - Medium (ML Moderate / Needs Review),data/benchmark/src/main/java/org/owasp/benchmark/testcode/BenchmarkTest00077.java,97
BenchmarkTest00078,1,CWE-330,2,1,1,1.0,"Detected use of the functions `Math.random()` or `java.util.Random()`. These are both not cryptographically strong random number generators (RNGs). If you are using these RNGs to create passwords or secret tokens, use `java.security.SecureRandom` instead.",0.9995454545454545,P1 - Critical (ML High-Confidence Vulnerability),data/benchmark/src/main/java/org/owasp/benchmark/testcode/BenchmarkTest00078.java,75
BenchmarkTest00079,1,CWE-330,2,1,1,1.0,"Detected use of the functions `Math.random()` or `java.util.Random()`. These are both not cryptographically strong random number generators (RNGs). If you are using these RNGs to create passwords or secret tokens, use `java.security.SecureRandom` instead.",0.9995641025641026,P1 - Critical (ML High-Confidence Vulnerability),data/benchmark/src/main/java/org/owasp/benchmark/testcode/BenchmarkTest00079.java,73
BenchmarkTest00080,1,CWE-330,2,1,1,1.0,"Detected use of the functions `Math.random()` or `java.util.Random()`. These are both not cryptographically strong random number generators (RNGs). If you are using these RNGs to create passwords or secret tokens, use `java.security.SecureRandom` instead.",1.0,P1 - Critical (ML High-Confidence Vulnerability),data/benchmark/src/main/java/org/owasp/benchmark/testcode/BenchmarkTest00080.java,68
BenchmarkTest00081,1,CWE-330,2,1,1,1.0,"Detected use of the functions `Math.random()` or `java.util.Random()`. These are both not cryptographically strong random number generators (RNGs). If you are using these RNGs to create passwords or secret tokens, use `java.security.SecureRandom` instead.",1.0,P1 - Critical (ML High-Confidence Vulnerability),data/benchmark/src/main/java/org/owasp/benchmark/testcode/BenchmarkTest00081.java,68
BenchmarkTest00082,1,CWE-330,2,1,1,1.0,"Detected use of the functions `Math.random()` or `java.util.Random()`. These are both not cryptographically strong random number generators (RNGs). If you are using these RNGs to create passwords or secret tokens, use `java.security.SecureRandom` instead.",1.0,P1 - Critical (ML High-Confidence Vulnerability),data/benchmark/src/main/java/org/owasp/benchmark/testcode/BenchmarkTest00082.java,69
BenchmarkTest00083,1,CWE-330,2,1,1,1.0,"Detected use of the functions `Math.random()` or `java.util.Random()`. These are both not cryptographically strong random number generators (RNGs). If you are using these RNGs to create passwords or secret tokens, use `java.security.SecureRandom` instead.",1.0,P1 - Critical (ML High-Confidence Vulnerability),data/benchmark/src/main/java/org/owasp/benchmark/testcode/BenchmarkTest00083.java,73
BenchmarkTest00084,1,CWE-330,2,1,1,1.0,"Detected use of the functions `Math.random()` or `java.util.Random()`. These are both not cryptographically strong random number generators (RNGs). If you are using these RNGs to create passwords or secret tokens, use `java.security.SecureRandom` instead.",1.0,P1 - Critical (ML High-Confidence Vulnerability),data/benchmark/src/main/java/org/owasp/benchmark/testcode/BenchmarkTest00084.java,70
BenchmarkTest00085,1,CWE-330,2,1,1,1.0,"Detected use of the functions `Math.random()` or `java.util.Random()`. These are both not cryptographically strong random number generators (RNGs). If you are using these RNGs to create passwords or secret tokens, use `java.security.SecureRandom` instead.",1.0,P1 - Critical (ML High-Confidence Vulnerability),data/benchmark/src/main/java/org/owasp/benchmark/testcode/BenchmarkTest00085.java,73
BenchmarkTest00086,1,CWE-330,2,1,1,1.0,"Detected use of the functions `Math.random()` or `java.util.Random()`. These are both not cryptographically strong random number generators (RNGs). If you are using these RNGs to create passwords or secret tokens, use `java.security.SecureRandom` instead.",0.9995454545454545,P1 - Critical (ML High-Confidence Vulnerability),data/benchmark/src/main/java/org/owasp/benchmark/testcode/BenchmarkTest00086.java,73
BenchmarkTest00087,1,CWE-614,1,1,0,1.0,A cookie was detected without setting the 'secure' flag. The 'secure' flag for cookies prevents the client from transmitting the cookie over insecure channels such as HTTP. Set the 'secure' flag by calling 'cookie.setSecure(true);',0.9627534145944583,P1 - Critical (ML High-Confidence Vulnerability),data/benchmark/src/main/java/org/owasp/benchmark/testcode/BenchmarkTest00087.java,92
BenchmarkTest00088,0,CWE-614,0,0,0,1.0,,0.1144990611140598,P4 - Low (ML Suppressed / Likely False Alarm),,
BenchmarkTest00089,0,CWE-614,0,0,0,1.0,,0.10974908684119335,P4 - Low (ML Suppressed / Likely False Alarm),,
BenchmarkTest00090,0,CWE-78,1,1,0,0.5177,"Detected input from a HTTPServletRequest going into a 'ProcessBuilder' or 'exec' command. This could lead to command injection if variables passed into the exec commands are not properly sanitized. Instead, avoid using these OS commands with user-supplied input, or, if you must use these commands, use a whitelist of specific values.",0.5683792859920807,P3 - Medium (ML Moderate / Needs Review),data/benchmark/src/main/java/org/owasp/benchmark/testcode/BenchmarkTest00090.java,82
BenchmarkTest00091,1,CWE-78,1,1,0,0.5177,"Detected input from a HTTPServletRequest going into a 'ProcessBuilder' or 'exec' command. This could lead to command injection if variables passed into the exec commands are not properly sanitized. Instead, avoid using these OS commands with user-supplied input, or, if you must use these commands, use a whitelist of specific values.",0.5114755110284748,P3 - Medium (ML Moderate / Needs Review),data/benchmark/src/main/java/org/owasp/benchmark/testcode/BenchmarkTest00091.java,77
BenchmarkTest00092,1,CWE-78,1,1,0,0.5177,"Detected input from a HTTPServletRequest going into a 'ProcessBuilder' or 'exec' command. This could lead to command injection if variables passed into the exec commands are not properly sanitized. Instead, avoid using these OS commands with user-supplied input, or, if you must use these commands, use a whitelist of specific values.",0.5114755110284748,P3 - Medium (ML Moderate / Needs Review),data/benchmark/src/main/java/org/owasp/benchmark/testcode/BenchmarkTest00092.java,96
BenchmarkTest00093,0,CWE-78,0,0,0,0.5177,,0.25757145186081115,P4 - Low (ML Suppressed / Likely False Alarm),,
BenchmarkTest00094,0,CWE-330,0,0,0,1.0,,0.0331840260624013,P4 - Low (ML Suppressed / Likely False Alarm),,
BenchmarkTest00095,0,CWE-330,0,0,0,1.0,,0.03391968678800127,P4 - Low (ML Suppressed / Likely False Alarm),,
BenchmarkTest00096,0,CWE-330,0,0,0,1.0,,0.03391968678800127,P4 - Low (ML Suppressed / Likely False Alarm),,
BenchmarkTest00097,0,CWE-501,1,1,0,0.7234,"Detected a request with potential user-input going into a OutputStream or Writer object. This bypasses any view or template environments, including HTML escaping, which may expose this application to cross-site scripting (XSS) vulnerabilities. Consider using a view technology such as JavaServer Faces (JSFs) which automatically escapes HTML views.",0.711595332929724,P2 - High (ML Probable Vulnerability),data/benchmark/src/main/java/org/owasp/benchmark/testcode/BenchmarkTest00097.java,76
BenchmarkTest00098,1,CWE-501,1,1,0,0.7234,"Detected input from a HTTPServletRequest going into a session command, like `setAttribute`. User input into such a command could lead to an attacker inputting malicious code into your session parameters, blurring the line between what's trusted and untrusted, and therefore leading to a trust boundary violation. This could lead to programmers trusting unvalidated data. Instead, thoroughly sanitize user input before passing it into such function calls.",0.6568111284096806,P2 - High (ML Probable Vulnerability),data/benchmark/src/main/java/org/owasp/benchmark/testcode/BenchmarkTest00098.java,69
BenchmarkTest00099,0,CWE-501,0,0,0,0.7234,,0.35188225499567877,P4 - Low (ML Suppressed / Likely False Alarm),,
BenchmarkTest00100,1,CWE-89,1,0,1,0.5746,Make sure using a dynamically formatted SQL query is safe here.,0.27192466062372905,P4 - Low (ML Suppressed / Likely False Alarm),owasp-benchmark:data/benchmark/src/main/java/org/owasp/benchmark/testcode/BenchmarkTest00100.java,80
BenchmarkTest00101,1,CWE-89,1,0,1,0.5746,Make sure using a dynamically formatted SQL query is safe here.,0.27192466062372905,P4 - Low (ML Suppressed / Likely False Alarm),owasp-benchmark:data/benchmark/src/main/java/org/owasp/benchmark/testcode/BenchmarkTest00101.java,84
BenchmarkTest00102,1,CWE-89,1,1,0,0.5746,Detected input from a HTTPServletRequest going into a SQL sink or statement. This could lead to SQL injection if variables in the SQL statement are not properly sanitized. Use parameterized SQL queries or properly sanitize user input instead.,0.6382802301796155,P3 - Medium (ML Moderate / Needs Review),data/benchmark/src/main/java/org/owasp/benchmark/testcode/BenchmarkTest00102.java,73
BenchmarkTest00103,1,CWE-89,1,1,0,0.5746,Detected input from a HTTPServletRequest going into a SQL sink or statement. This could lead to SQL injection if variables in the SQL statement are not properly sanitized. Use parameterized SQL queries or properly sanitize user input instead.,0.6314792486337455,P3 - Medium (ML Moderate / Needs Review),data/benchmark/src/main/java/org/owasp/benchmark/testcode/BenchmarkTest00103.java,76
BenchmarkTest00104,0,CWE-89,1,1,0,0.5746,Detected input from a HTTPServletRequest going into a SQL sink or statement. This could lead to SQL injection if variables in the SQL statement are not properly sanitized. Use parameterized SQL queries or properly sanitize user input instead.,0.6314792486337455,P3 - Medium (ML Moderate / Needs Review),data/benchmark/src/main/java/org/owasp/benchmark/testcode/BenchmarkTest00104.java,76
BenchmarkTest00105,0,CWE-89,2,1,1,0.5746,Detected input from a HTTPServletRequest going into a SQL sink or statement. This could lead to SQL injection if variables in the SQL statement are not properly sanitized. Use parameterized SQL queries or properly sanitize user input instead.,0.6221370751503495,P3 - Medium (ML Moderate / Needs Review),data/benchmark/src/main/java/org/owasp/benchmark/testcode/BenchmarkTest00105.java,76
BenchmarkTest00106,1,CWE-89,2,1,1,0.5746,Detected a formatted string in a SQL statement. This could lead to SQL injection if variables in the SQL statement are not properly sanitized. Use a prepared statements (java.sql.PreparedStatement) instead. You can obtain a PreparedStatement using 'connection.prepareStatement'.,0.5278626301234679,P3 - Medium (ML Moderate / Needs Review),data/benchmark/src/main/java/org/owasp/benchmark/testcode/BenchmarkTest00106.java,83
BenchmarkTest00107,0,CWE-89,2,1,1,0.5746,Detected a formatted string in a SQL statement. This could lead to SQL injection if variables in the SQL statement are not properly sanitized. Use a prepared statements (java.sql.PreparedStatement) instead. You can obtain a PreparedStatement using 'connection.prepareStatement'.,0.5476500971406442,P3 - Medium (ML Moderate / Needs Review),data/benchmark/src/main/java/org/owasp/benchmark/testcode/BenchmarkTest00107.java,94
BenchmarkTest00108,1,CWE-89,2,1,1,0.5746,Detected a formatted string in a SQL statement. This could lead to SQL injection if variables in the SQL statement are not properly sanitized. Use a prepared statements (java.sql.PreparedStatement) instead. You can obtain a PreparedStatement using 'connection.prepareStatement'.,0.5278626301234679,P3 - Medium (ML Moderate / Needs Review),data/benchmark/src/main/java/org/owasp/benchmark/testcode/BenchmarkTest00108.java,92
BenchmarkTest00109,1,CWE-89,2,1,1,0.5746,Detected a formatted string in a SQL statement. This could lead to SQL injection if variables in the SQL statement are not properly sanitized. Use a prepared statements (java.sql.PreparedStatement) instead. You can obtain a PreparedStatement using 'connection.prepareStatement'.,0.490638252758374,P3 - Medium (ML Moderate / Needs Review),data/benchmark/src/main/java/org/owasp/benchmark/testcode/BenchmarkTest00109.java,80
BenchmarkTest00110,0,CWE-89,2,1,1,0.5746,Detected a formatted string in a SQL statement. This could lead to SQL injection if variables in the SQL statement are not properly sanitized. Use a prepared statements (java.sql.PreparedStatement) instead. You can obtain a PreparedStatement using 'connection.prepareStatement'.,0.4901655263130386,P3 - Medium (ML Moderate / Needs Review),data/benchmark/src/main/java/org/owasp/benchmark/testcode/BenchmarkTest00110.java,94
BenchmarkTest00111,1,CWE-89,2,1,1,0.5746,Detected a formatted string in a SQL statement. This could lead to SQL injection if variables in the SQL statement are not properly sanitized. Use a prepared statements (java.sql.PreparedStatement) instead. You can obtain a PreparedStatement using 'connection.prepareStatement'.,0.5476500971406442,P3 - Medium (ML Moderate / Needs Review),data/benchmark/src/main/java/org/owasp/benchmark/testcode/BenchmarkTest00111.java,83
BenchmarkTest00112,1,CWE-89,2,1,1,0.5746,Detected input from a HTTPServletRequest going into a SQL sink or statement. This could lead to SQL injection if variables in the SQL statement are not properly sanitized. Use parameterized SQL queries or properly sanitize user input instead.,0.6221370751503495,P3 - Medium (ML Moderate / Needs Review),data/benchmark/src/main/java/org/owasp/benchmark/testcode/BenchmarkTest00112.java,73
BenchmarkTest00113,0,CWE-89,2,1,1,0.5746,Detected a formatted string in a SQL statement. This could lead to SQL injection if variables in the SQL statement are not properly sanitized. Use a prepared statements (java.sql.PreparedStatement) instead. You can obtain a PreparedStatement using 'connection.prepareStatement'.,0.46739305534568415,P3 - Medium (ML Moderate / Needs Review),data/benchmark/src/main/java/org/owasp/benchmark/testcode/BenchmarkTest00113.java,79
BenchmarkTest00114,0,CWE-89,2,1,1,0.5746,Detected input from a HTTPServletRequest going into a SQL sink or statement. This could lead to SQL injection if variables in the SQL statement are not properly sanitized. Use parameterized SQL queries or properly sanitize user input instead.,0.6315115188114625,P3 - Medium (ML Moderate / Needs Review),data/benchmark/src/main/java/org/owasp/benchmark/testcode/BenchmarkTest00114.java,76
BenchmarkTest00115,1,CWE-89,2,1,1,0.5746,Detected a formatted string in a SQL statement. This could lead to SQL injection if variables in the SQL statement are not properly sanitized. Use a prepared statements (java.sql.PreparedStatement) instead. You can obtain a PreparedStatement using 'connection.prepareStatement'.,0.4901655263130386,P3 - Medium (ML Moderate / Needs Review),data/benchmark/src/main/java/org/owasp/benchmark/testcode/BenchmarkTest00115.java,78
BenchmarkTest00116,0,CWE-643,0,0,0,0.5185,,0.1517839483531927,P4 - Low (ML Suppressed / Likely False Alarm),,
BenchmarkTest00117,0,CWE-643,1,1,0,0.5185,"Detected input from a HTTPServletRequest going into a XPath evaluate or compile command. This could lead to xpath injection if variables passed into the evaluate or compile commands are not properly sanitized. Xpath injection could lead to unauthorized access to sensitive information in XML documents. Instead, thoroughly sanitize user input or use parameterized xpath queries if you can.",0.4922262947505719,P3 - Medium (ML Moderate / Needs Review),data/benchmark/src/main/java/org/owasp/benchmark/testcode/BenchmarkTest00117.java,90
BenchmarkTest00118,0,CWE-643,1,1,0,0.5185,"Detected input from a HTTPServletRequest going into a XPath evaluate or compile command. This could lead to xpath injection if variables passed into the evaluate or compile commands are not properly sanitized. Xpath injection could lead to unauthorized access to sensitive information in XML documents. Instead, thoroughly sanitize user input or use parameterized xpath queries if you can.",0.4922262947505719,P3 - Medium (ML Moderate / Needs Review),data/benchmark/src/main/java/org/owasp/benchmark/testcode/BenchmarkTest00118.java,88
BenchmarkTest00119,1,CWE-327,1,1,1,0.9046,Triple DES (3DES or DESede) is considered deprecated. AES is the recommended cipher. Upgrade to use AES.,0.9646666709532539,P1 - Critical (ML High-Confidence Vulnerability),data/benchmark/src/main/java/org/owasp/benchmark/testcode/BenchmarkTest00119.java,89
BenchmarkTest00120,1,CWE-327,1,1,1,0.9046,Triple DES (3DES or DESede) is considered deprecated. AES is the recommended cipher. Upgrade to use AES.,0.984312041628401,P1 - Critical (ML High-Confidence Vulnerability),data/benchmark/src/main/java/org/owasp/benchmark/testcode/BenchmarkTest00120.java,73
BenchmarkTest00121,0,CWE-327,0,0,0,0.9046,,0.08362763156367758,P4 - Low (ML Suppressed / Likely False Alarm),,
BenchmarkTest00122,0,CWE-327,0,0,0,0.9046,,0.0878973552674785,P4 - Low (ML Suppressed / Likely False Alarm),,
BenchmarkTest00123,1,CWE-327,2,1,1,0.9046,DES is considered deprecated. AES is the recommended cipher. Upgrade to use AES. See https://www.nist.gov/news-events/news/2005/06/nist-withdraws-outdated-data-encryption-standard for more information.,0.974080729406824,P1 - Critical (ML High-Confidence Vulnerability),data/benchmark/src/main/java/org/owasp/benchmark/testcode/BenchmarkTest00123.java,64
BenchmarkTest00124,1,CWE-327,2,1,1,0.9046,DES is considered deprecated. AES is the recommended cipher. Upgrade to use AES. See https://www.nist.gov/news-events/news/2005/06/nist-withdraws-outdated-data-encryption-standard for more information.,0.9640713509849929,P1 - Critical (ML High-Confidence Vulnerability),data/benchmark/src/main/java/org/owasp/benchmark/testcode/BenchmarkTest00124.java,69
BenchmarkTest00125,1,CWE-327,2,1,1,0.9046,DES is considered deprecated. AES is the recommended cipher. Upgrade to use AES. See https://www.nist.gov/news-events/news/2005/06/nist-withdraws-outdated-data-encryption-standard for more information.,0.9895465333843201,P1 - Critical (ML High-Confidence Vulnerability),data/benchmark/src/main/java/org/owasp/benchmark/testcode/BenchmarkTest00125.java,64
BenchmarkTest00126,0,CWE-327,0,0,0,0.9046,,0.09852596288884,P4 - Low (ML Suppressed / Likely False Alarm),,
BenchmarkTest00127,0,CWE-327,1,0,1,0.9046,Use a secure cipher mode.,0.15132858978777353,P4 - Low (ML Suppressed / Likely False Alarm),owasp-benchmark:data/benchmark/src/main/java/org/owasp/benchmark/testcode/BenchmarkTest00127.java,78
BenchmarkTest00128,0,CWE-327,1,0,1,0.9046,Use a secure cipher mode.,0.06644021770388953,P4 - Low (ML Suppressed / Likely False Alarm),owasp-benchmark:data/benchmark/src/main/java/org/owasp/benchmark/testcode/BenchmarkTest00128.java,73
BenchmarkTest00129,0,CWE-327,1,0,1,0.9046,Use a secure cipher mode.,0.1391230575322935,P4 - Low (ML Suppressed / Likely False Alarm),owasp-benchmark:data/benchmark/src/main/java/org/owasp/benchmark/testcode/BenchmarkTest00129.java,68
BenchmarkTest00130,0,CWE-327,1,0,1,0.9046,Use a secure cipher mode.,0.14726906733331507,P4 - Low (ML Suppressed / Likely False Alarm),owasp-benchmark:data/benchmark/src/main/java/org/owasp/benchmark/testcode/BenchmarkTest00130.java,87
BenchmarkTest00131,0,CWE-22,1,1,0,0.531,"Detected a potential path traversal. A malicious actor could control the location of this file, to include going backwards in the directory with '../'. To address this, ensure that user-controlled variables in file paths are sanitized. You may also consider using a utility method such as org.apache.commons.io.FilenameUtils.getName(...) to only retrieve the file name from the path.",0.5402428179282152,P3 - Medium (ML Moderate / Needs Review),data/benchmark/src/main/java/org/owasp/benchmark/testcode/BenchmarkTest00131.java,72
BenchmarkTest00132,0,CWE-22,1,1,0,0.531,"Detected a potential path traversal. A malicious actor could control the location of this file, to include going backwards in the directory with '../'. To address this, ensure that user-controlled variables in file paths are sanitized. You may also consider using a utility method such as org.apache.commons.io.FilenameUtils.getName(...) to only retrieve the file name from the path.",0.5394645256012154,P3 - Medium (ML Moderate / Needs Review),data/benchmark/src/main/java/org/owasp/benchmark/testcode/BenchmarkTest00132.java,77
BenchmarkTest00133,1,CWE-22,1,1,0,0.531,"Detected a potential path traversal. A malicious actor could control the location of this file, to include going backwards in the directory with '../'. To address this, ensure that user-controlled variables in file paths are sanitized. You may also consider using a utility method such as org.apache.commons.io.FilenameUtils.getName(...) to only retrieve the file name from the path.",0.5394645256012154,P3 - Medium (ML Moderate / Needs Review),data/benchmark/src/main/java/org/owasp/benchmark/testcode/BenchmarkTest00133.java,63
BenchmarkTest00134,0,CWE-22,0,0,0,0.531,,0.224123110314026,P4 - Low (ML Suppressed / Likely False Alarm),,
BenchmarkTest00135,0,CWE-22,1,1,0,0.531,"Detected a potential path traversal. A malicious actor could control the location of this file, to include going backwards in the directory with '../'. To address this, ensure that user-controlled variables in file paths are sanitized. You may also consider using a utility method such as org.apache.commons.io.FilenameUtils.getName(...) to only retrieve the file name from the path.",0.5394645256012154,P3 - Medium (ML Moderate / Needs Review),data/benchmark/src/main/java/org/owasp/benchmark/testcode/BenchmarkTest00135.java,83
BenchmarkTest00136,0,CWE-22,1,1,0,0.531,"Detected a potential path traversal. A malicious actor could control the location of this file, to include going backwards in the directory with '../'. To address this, ensure that user-controlled variables in file paths are sanitized. You may also consider using a utility method such as org.apache.commons.io.FilenameUtils.getName(...) to only retrieve the file name from the path.",0.5349061735858125,P3 - Medium (ML Moderate / Needs Review),data/benchmark/src/main/java/org/owasp/benchmark/testcode/BenchmarkTest00136.java,78
BenchmarkTest00137,0,CWE-22,0,0,0,0.531,,0.2141818275976563,P4 - Low (ML Suppressed / Likely False Alarm),,
BenchmarkTest00138,0,CWE-90,1,1,0,0.4815,"Detected input from a HTTPServletRequest going into an LDAP query. This could lead to LDAP injection if the input is not properly sanitized, which could result in attackers modifying objects in the LDAP tree structure. Ensure data passed to an LDAP query is not controllable or properly sanitize the data.",0.4960361627169889,P3 - Medium (ML Moderate / Needs Review),data/benchmark/src/main/java/org/owasp/benchmark/testcode/BenchmarkTest00138.java,72
BenchmarkTest00139,0,CWE-90,0,0,0,0.4815,,0.27677041365940996,P4 - Low (ML Suppressed / Likely False Alarm),,
BenchmarkTest00140,1,CWE-330,2,1,1,1.0,"Detected use of the functions `Math.random()` or `java.util.Random()`. These are both not cryptographically strong random number generators (RNGs). If you are using these RNGs to create passwords or secret tokens, use `java.security.SecureRandom` instead.",1.0,P1 - Critical (ML High-Confidence Vulnerability),data/benchmark/src/main/java/org/owasp/benchmark/testcode/BenchmarkTest00140.java,63
BenchmarkTest00141,1,CWE-328,2,1,1,1.0,"Detected SHA1 hash algorithm which is considered insecure. SHA1 is not collision resistant and is therefore not suitable as a cryptographic signature. Instead, use PBKDF2 for password hashing or SHA256 or SHA512 for other hash function applications.",0.9966744996793538,P1 - Critical (ML High-Confidence Vulnerability),data/benchmark/src/main/java/org/owasp/benchmark/testcode/BenchmarkTest00141.java,64
BenchmarkTest00142,0,CWE-328,0,0,0,1.0,,0.24087705674222445,P4 - Low (ML Suppressed / Likely False Alarm),,
BenchmarkTest00143,1,CWE-328,0,0,0,1.0,,0.23782332489730076,P4 - Low (ML Suppressed / Likely False Alarm),,
BenchmarkTest00144,1,CWE-79,0,0,0,0.6516,,0.2300172252494595,P4 - Low (ML Suppressed / Likely False Alarm),,
BenchmarkTest00145,1,CWE-79,0,0,0,0.6516,,0.278739919364882,P4 - Low (ML Suppressed / Likely False Alarm),,
BenchmarkTest00146,1,CWE-79,1,1,0,0.6516,"Detected a request with potential user-input going into a OutputStream or Writer object. This bypasses any view or template environments, including HTML escaping, which may expose this application to cross-site scripting (XSS) vulnerabilities. Consider using a view technology such as JavaServer Faces (JSFs) which automatically escapes HTML views.",0.6588860833788427,P2 - High (ML Probable Vulnerability),data/benchmark/src/main/java/org/owasp/benchmark/testcode/BenchmarkTest00146.java,59
BenchmarkTest00147,0,CWE-79,0,0,0,0.6516,,0.2300172252494595,P4 - Low (ML Suppressed / Likely False Alarm),,
BenchmarkTest00148,1,CWE-79,1,1,0,0.6516,"Detected a request with potential user-input going into a OutputStream or Writer object. This bypasses any view or template environments, including HTML escaping, which may expose this application to cross-site scripting (XSS) vulnerabilities. Consider using a view technology such as JavaServer Faces (JSFs) which automatically escapes HTML views.",0.6691842611085874,P2 - High (ML Probable Vulnerability),data/benchmark/src/main/java/org/owasp/benchmark/testcode/BenchmarkTest00148.java,60
BenchmarkTest00149,1,CWE-79,1,1,0,0.6516,"Detected a request with potential user-input going into a OutputStream or Writer object. This bypasses any view or template environments, including HTML escaping, which may expose this application to cross-site scripting (XSS) vulnerabilities. Consider using a view technology such as JavaServer Faces (JSFs) which automatically escapes HTML views.",0.6588860833788427,P2 - High (ML Probable Vulnerability),data/benchmark/src/main/java/org/owasp/benchmark/testcode/BenchmarkTest00149.java,56
BenchmarkTest00150,1,CWE-79,1,1,0,0.6516,"Detected a request with potential user-input going into a OutputStream or Writer object. This bypasses any view or template environments, including HTML escaping, which may expose this application to cross-site scripting (XSS) vulnerabilities. Consider using a view technology such as JavaServer Faces (JSFs) which automatically escapes HTML views.",0.6691842611085874,P2 - High (ML Probable Vulnerability),data/benchmark/src/main/java/org/owasp/benchmark/testcode/BenchmarkTest00150.java,60
BenchmarkTest00151,0,CWE-79,0,0,0,0.6516,,0.278739919364882,P4 - Low (ML Suppressed / Likely False Alarm),,
BenchmarkTest00152,1,CWE-79,1,1,0,0.6516,"Detected a request with potential user-input going into a OutputStream or Writer object. This bypasses any view or template environments, including HTML escaping, which may expose this application to cross-site scripting (XSS) vulnerabilities. Consider using a view technology such as JavaServer Faces (JSFs) which automatically escapes HTML views.",0.6447716715602264,P3 - Medium (ML Moderate / Needs Review),data/benchmark/src/main/java/org/owasp/benchmark/testcode/BenchmarkTest00152.java,73
BenchmarkTest00153,1,CWE-79,0,0,0,0.6516,,0.2659189177021378,P4 - Low (ML Suppressed / Likely False Alarm),,
BenchmarkTest00154,1,CWE-79,1,1,0,0.6516,"Detected a request with potential user-input going into a OutputStream or Writer object. This bypasses any view or template environments, including HTML escaping, which may expose this application to cross-site scripting (XSS) vulnerabilities. Consider using a view technology such as JavaServer Faces (JSFs) which automatically escapes HTML views.",0.6691842611085874,P2 - High (ML Probable Vulnerability),data/benchmark/src/main/java/org/owasp/benchmark/testcode/BenchmarkTest00154.java,73
BenchmarkTest00155,1,CWE-79,1,1,0,0.6516,"Detected a request with potential user-input going into a OutputStream or Writer object. This bypasses any view or template environments, including HTML escaping, which may expose this application to cross-site scripting (XSS) vulnerabilities. Consider using a view technology such as JavaServer Faces (JSFs) which automatically escapes HTML views.",0.6606354491638398,P2 - High (ML Probable Vulnerability),data/benchmark/src/main/java/org/owasp/benchmark/testcode/BenchmarkTest00155.java,56
BenchmarkTest00156,1,CWE-79,0,0,0,0.6516,,0.24970671366531938,P4 - Low (ML Suppressed / Likely False Alarm),,
BenchmarkTest00157,1,CWE-79,1,1,0,0.6516,"Detected a request with potential user-input going into a OutputStream or Writer object. This bypasses any view or template environments, including HTML escaping, which may expose this application to cross-site scripting (XSS) vulnerabilities. Consider using a view technology such as JavaServer Faces (JSFs) which automatically escapes HTML views.",0.6606354491638398,P2 - High (ML Probable Vulnerability),data/benchmark/src/main/java/org/owasp/benchmark/testcode/BenchmarkTest00157.java,59
BenchmarkTest00158,0,CWE-78,1,1,0,0.5177,"Detected input from a HTTPServletRequest going into a 'ProcessBuilder' or 'exec' command. This could lead to command injection if variables passed into the exec commands are not properly sanitized. Instead, avoid using these OS commands with user-supplied input, or, if you must use these commands, use a whitelist of specific values.",0.5752195073482003,P3 - Medium (ML Moderate / Needs Review),data/benchmark/src/main/java/org/owasp/benchmark/testcode/BenchmarkTest00158.java,68
BenchmarkTest00159,1,CWE-78,1,1,0,0.5177,"Detected input from a HTTPServletRequest going into a 'ProcessBuilder' or 'exec' command. This could lead to command injection if variables passed into the exec commands are not properly sanitized. Instead, avoid using these OS commands with user-supplied input, or, if you must use these commands, use a whitelist of specific values.",0.5752195073482003,P3 - Medium (ML Moderate / Needs Review),data/benchmark/src/main/java/org/owasp/benchmark/testcode/BenchmarkTest00159.java,67
BenchmarkTest00160,1,CWE-330,2,1,1,1.0,"Detected use of the functions `Math.random()` or `java.util.Random()`. These are both not cryptographically strong random number generators (RNGs). If you are using these RNGs to create passwords or secret tokens, use `java.security.SecureRandom` instead.",0.9995641025641026,P1 - Critical (ML High-Confidence Vulnerability),data/benchmark/src/main/java/org/owasp/benchmark/testcode/BenchmarkTest00160.java,61
BenchmarkTest00161,1,CWE-330,2,1,1,1.0,"Detected use of the functions `Math.random()` or `java.util.Random()`. These are both not cryptographically strong random number generators (RNGs). If you are using these RNGs to create passwords or secret tokens, use `java.security.SecureRandom` instead.",1.0,P1 - Critical (ML High-Confidence Vulnerability),data/benchmark/src/main/java/org/owasp/benchmark/testcode/BenchmarkTest00161.java,59
BenchmarkTest00162,1,CWE-330,2,1,1,1.0,"Detected use of the functions `Math.random()` or `java.util.Random()`. These are both not cryptographically strong random number generators (RNGs). If you are using these RNGs to create passwords or secret tokens, use `java.security.SecureRandom` instead.",0.9995454545454545,P1 - Critical (ML High-Confidence Vulnerability),data/benchmark/src/main/java/org/owasp/benchmark/testcode/BenchmarkTest00162.java,53
BenchmarkTest00163,1,CWE-330,2,1,1,1.0,"Detected use of the functions `Math.random()` or `java.util.Random()`. These are both not cryptographically strong random number generators (RNGs). If you are using these RNGs to create passwords or secret tokens, use `java.security.SecureRandom` instead.",0.9995641025641026,P1 - Critical (ML High-Confidence Vulnerability),data/benchmark/src/main/java/org/owasp/benchmark/testcode/BenchmarkTest00163.java,54
BenchmarkTest00164,1,CWE-330,2,1,1,1.0,"Detected use of the functions `Math.random()` or `java.util.Random()`. These are both not cryptographically strong random number generators (RNGs). If you are using these RNGs to create passwords or secret tokens, use `java.security.SecureRandom` instead.",1.0,P1 - Critical (ML High-Confidence Vulnerability),data/benchmark/src/main/java/org/owasp/benchmark/testcode/BenchmarkTest00164.java,58
BenchmarkTest00165,1,CWE-330,2,1,1,1.0,"Detected use of the functions `Math.random()` or `java.util.Random()`. These are both not cryptographically strong random number generators (RNGs). If you are using these RNGs to create passwords or secret tokens, use `java.security.SecureRandom` instead.",0.9995454545454545,P1 - Critical (ML High-Confidence Vulnerability),data/benchmark/src/main/java/org/owasp/benchmark/testcode/BenchmarkTest00165.java,56
BenchmarkTest00166,1,CWE-330,2,1,1,1.0,"Detected use of the functions `Math.random()` or `java.util.Random()`. These are both not cryptographically strong random number generators (RNGs). If you are using these RNGs to create passwords or secret tokens, use `java.security.SecureRandom` instead.",1.0,P1 - Critical (ML High-Confidence Vulnerability),data/benchmark/src/main/java/org/owasp/benchmark/testcode/BenchmarkTest00166.java,53
BenchmarkTest00167,1,CWE-330,2,1,1,1.0,"Detected use of the functions `Math.random()` or `java.util.Random()`. These are both not cryptographically strong random number generators (RNGs). If you are using these RNGs to create passwords or secret tokens, use `java.security.SecureRandom` instead.",1.0,P1 - Critical (ML High-Confidence Vulnerability),data/benchmark/src/main/java/org/owasp/benchmark/testcode/BenchmarkTest00167.java,60
BenchmarkTest00168,1,CWE-330,2,1,1,1.0,"Detected use of the functions `Math.random()` or `java.util.Random()`. These are both not cryptographically strong random number generators (RNGs). If you are using these RNGs to create passwords or secret tokens, use `java.security.SecureRandom` instead.",0.9995454545454545,P1 - Critical (ML High-Confidence Vulnerability),data/benchmark/src/main/java/org/owasp/benchmark/testcode/BenchmarkTest00168.java,58
BenchmarkTest00169,1,CWE-614,1,1,0,1.0,A cookie was detected without setting the 'secure' flag. The 'secure' flag for cookies prevents the client from transmitting the cookie over insecure channels such as HTTP. Set the 'secure' flag by calling 'cookie.setSecure(true);',0.9125201649560278,P1 - Critical (ML High-Confidence Vulnerability),data/benchmark/src/main/java/org/owasp/benchmark/testcode/BenchmarkTest00169.java,80
BenchmarkTest00170,1,CWE-614,1,1,0,1.0,A cookie was detected without setting the 'secure' flag. The 'secure' flag for cookies prevents the client from transmitting the cookie over insecure channels such as HTTP. Set the 'secure' flag by calling 'cookie.setSecure(true);',0.9328275620907849,P1 - Critical (ML High-Confidence Vulnerability),data/benchmark/src/main/java/org/owasp/benchmark/testcode/BenchmarkTest00170.java,91
BenchmarkTest00171,0,CWE-78,0,0,0,0.5177,,0.23500009792560184,P4 - Low (ML Suppressed / Likely False Alarm),,
BenchmarkTest00172,1,CWE-78,0,0,0,0.5177,,0.24498820896024381,P4 - Low (ML Suppressed / Likely False Alarm),,
BenchmarkTest00173,1,CWE-78,0,0,0,0.5177,,0.2379161695566691,P4 - Low (ML Suppressed / Likely False Alarm),,
BenchmarkTest00174,1,CWE-78,1,1,0,0.5177,"Detected input from a HTTPServletRequest going into a 'ProcessBuilder' or 'exec' command. This could lead to command injection if variables passed into the exec commands are not properly sanitized. Instead, avoid using these OS commands with user-supplied input, or, if you must use these commands, use a whitelist of specific values.",0.5114755110284748,P3 - Medium (ML Moderate / Needs Review),data/benchmark/src/main/java/org/owasp/benchmark/testcode/BenchmarkTest00174.java,63
BenchmarkTest00175,0,CWE-78,0,0,0,0.5177,,0.2929514672781985,P4 - Low (ML Suppressed / Likely False Alarm),,
BenchmarkTest00176,1,CWE-78,1,1,0,0.5177,"Detected input from a HTTPServletRequest going into a 'ProcessBuilder' or 'exec' command. This could lead to command injection if variables passed into the exec commands are not properly sanitized. Instead, avoid using these OS commands with user-supplied input, or, if you must use these commands, use a whitelist of specific values.",0.5752195073482003,P3 - Medium (ML Moderate / Needs Review),data/benchmark/src/main/java/org/owasp/benchmark/testcode/BenchmarkTest00176.java,63
BenchmarkTest00177,0,CWE-78,1,1,0,0.5177,"Detected input from a HTTPServletRequest going into a 'ProcessBuilder' or 'exec' command. This could lead to command injection if variables passed into the exec commands are not properly sanitized. Instead, avoid using these OS commands with user-supplied input, or, if you must use these commands, use a whitelist of specific values.",0.5444416118463504,P3 - Medium (ML Moderate / Needs Review),data/benchmark/src/main/java/org/owasp/benchmark/testcode/BenchmarkTest00177.java,68
BenchmarkTest00178,0,CWE-330,0,0,0,1.0,,0.0331840260624013,P4 - Low (ML Suppressed / Likely False Alarm),,
BenchmarkTest00179,0,CWE-330,0,0,0,1.0,,0.0331840260624013,P4 - Low (ML Suppressed / Likely False Alarm),,
BenchmarkTest00180,0,CWE-330,0,0,0,1.0,,0.03391968678800127,P4 - Low (ML Suppressed / Likely False Alarm),,
BenchmarkTest00181,0,CWE-330,0,0,0,1.0,,0.037636823716155926,P4 - Low (ML Suppressed / Likely False Alarm),,
BenchmarkTest00182,0,CWE-330,0,0,0,1.0,,0.03391968678800127,P4 - Low (ML Suppressed / Likely False Alarm),,
BenchmarkTest00183,0,CWE-330,0,0,0,1.0,,0.037636823716155926,P4 - Low (ML Suppressed / Likely False Alarm),,
BenchmarkTest00184,0,CWE-330,0,0,0,1.0,,0.0331840260624013,P4 - Low (ML Suppressed / Likely False Alarm),,
BenchmarkTest00185,0,CWE-330,0,0,0,1.0,,0.03704436789576919,P4 - Low (ML Suppressed / Likely False Alarm),,
BenchmarkTest00186,0,CWE-330,0,0,0,1.0,,0.037636823716155926,P4 - Low (ML Suppressed / Likely False Alarm),,
BenchmarkTest00187,0,CWE-330,0,0,0,1.0,,0.037636823716155926,P4 - Low (ML Suppressed / Likely False Alarm),,
BenchmarkTest00188,0,CWE-330,0,0,0,1.0,,0.03391968678800127,P4 - Low (ML Suppressed / Likely False Alarm),,
BenchmarkTest00189,0,CWE-501,0,0,0,0.7234,,0.32432943290492355,P4 - Low (ML Suppressed / Likely False Alarm),,
BenchmarkTest00190,0,CWE-89,1,0,1,0.5746,Make sure using a dynamically formatted SQL query is safe here.,0.27192466062372905,P4 - Low (ML Suppressed / Likely False Alarm),owasp-benchmark:data/benchmark/src/main/java/org/owasp/benchmark/testcode/BenchmarkTest00190.java,70
BenchmarkTest00191,0,CWE-89,2,1,1,0.5746,Detected input from a HTTPServletRequest going into a SQL sink or statement. This could lead to SQL injection if variables in the SQL statement are not properly sanitized. Use parameterized SQL queries or properly sanitize user input instead.,0.6043967051102129,P3 - Medium (ML Moderate / Needs Review),data/benchmark/src/main/java/org/owasp/benchmark/testcode/BenchmarkTest00191.java,77
BenchmarkTest00192,1,CWE-89,2,1,1,0.5746,Detected input from a HTTPServletRequest going into a SQL sink or statement. This could lead to SQL injection if variables in the SQL statement are not properly sanitized. Use parameterized SQL queries or properly sanitize user input instead.,0.6050253134234014,P3 - Medium (ML Moderate / Needs Review),data/benchmark/src/main/java/org/owasp/benchmark/testcode/BenchmarkTest00192.java,77
BenchmarkTest00193,1,CWE-89,2,1,1,0.5746,Detected input from a HTTPServletRequest going into a SQL sink or statement. This could lead to SQL injection if variables in the SQL statement are not properly sanitized. Use parameterized SQL queries or properly sanitize user input instead.,0.6315115188114625,P3 - Medium (ML Moderate / Needs Review),data/benchmark/src/main/java/org/owasp/benchmark/testcode/BenchmarkTest00193.java,63
BenchmarkTest00194,1,CWE-89,1,1,0,0.5746,Detected input from a HTTPServletRequest going into a SQL sink or statement. This could lead to SQL injection if variables in the SQL statement are not properly sanitized. Use parameterized SQL queries or properly sanitize user input instead.,0.6371570818030259,P3 - Medium (ML Moderate / Needs Review),data/benchmark/src/main/java/org/owasp/benchmark/testcode/BenchmarkTest00194.java,63
BenchmarkTest00195,1,CWE-89,1,1,0,0.5746,Detected input from a HTTPServletRequest going into a SQL sink or statement. This could lead to SQL injection if variables in the SQL statement are not properly sanitized. Use parameterized SQL queries or properly sanitize user input instead.,0.6314792486337455,P3 - Medium (ML Moderate / Needs Review),data/benchmark/src/main/java/org/owasp/benchmark/testcode/BenchmarkTest00195.java,61
BenchmarkTest00196,1,CWE-89,1,1,0,0.5746,Detected input from a HTTPServletRequest going into a SQL sink or statement. This could lead to SQL injection if variables in the SQL statement are not properly sanitized. Use parameterized SQL queries or properly sanitize user input instead.,0.6393503814415632,P3 - Medium (ML Moderate / Needs Review),data/benchmark/src/main/java/org/owasp/benchmark/testcode/BenchmarkTest00196.java,61
BenchmarkTest00197,0,CWE-89,0,0,0,0.5746,,0.2093850809927966,P4 - Low (ML Suppressed / Likely False Alarm),,
BenchmarkTest00198,1,CWE-89,1,1,0,0.5746,Detected input from a HTTPServletRequest going into a SQL sink or statement. This could lead to SQL injection if variables in the SQL statement are not properly sanitized. Use parameterized SQL queries or properly sanitize user input instead.,0.6314792486337455,P3 - Medium (ML Moderate / Needs Review),data/benchmark/src/main/java/org/owasp/benchmark/testcode/BenchmarkTest00198.java,60
BenchmarkTest00199,1,CWE-89,1,1,0,0.5746,Detected input from a HTTPServletRequest going into a SQL sink or statement. This could lead to SQL injection if variables in the SQL statement are not properly sanitized. Use parameterized SQL queries or properly sanitize user input instead.,0.63810138505586,P3 - Medium (ML Moderate / Needs Review),data/benchmark/src/main/java/org/owasp/benchmark/testcode/BenchmarkTest00199.java,63
BenchmarkTest00200,0,CWE-89,0,0,0,0.5746,,0.21771025903164282,P4 - Low (ML Suppressed / Likely False Alarm),,
BenchmarkTest00201,0,CWE-89,0,0,0,0.5746,,0.22805439478118394,P4 - Low (ML Suppressed / Likely False Alarm),,
BenchmarkTest00202,0,CWE-89,2,1,1,0.5746,Detected a formatted string in a SQL statement. This could lead to SQL injection if variables in the SQL statement are not properly sanitized. Use a prepared statements (java.sql.PreparedStatement) instead. You can obtain a PreparedStatement using 'connection.prepareStatement'.,0.5476500971406442,P3 - Medium (ML Moderate / Needs Review),data/benchmark/src/main/java/org/owasp/benchmark/testcode/BenchmarkTest00202.java,79
BenchmarkTest00203,1,CWE-89,2,1,1,0.5746,Detected input from a HTTPServletRequest going into a SQL sink or statement. This could lead to SQL injection if variables in the SQL statement are not properly sanitized. Use parameterized SQL queries or properly sanitize user input instead.,0.6161353418384643,P3 - Medium (ML Moderate / Needs Review),data/benchmark/src/main/java/org/owasp/benchmark/testcode/BenchmarkTest00203.java,61
BenchmarkTest00204,1,CWE-89,2,1,1,0.5746,Detected input from a HTTPServletRequest going into a SQL sink or statement. This could lead to SQL injection if variables in the SQL statement are not properly sanitized. Use parameterized SQL queries or properly sanitize user input instead.,0.6161353418384643,P3 - Medium (ML Moderate / Needs Review),data/benchmark/src/main/java/org/owasp/benchmark/testcode/BenchmarkTest00204.java,58
BenchmarkTest00205,0,CWE-89,2,1,1,0.5746,Detected a formatted string in a SQL statement. This could lead to SQL injection if variables in the SQL statement are not properly sanitized. Use a prepared statements (java.sql.PreparedStatement) instead. You can obtain a PreparedStatement using 'connection.prepareStatement'.,0.46739305534568415,P3 - Medium (ML Moderate / Needs Review),data/benchmark/src/main/java/org/owasp/benchmark/testcode/BenchmarkTest00205.java,68
BenchmarkTest00206,0,CWE-89,2,1,1,0.5746,Detected a formatted string in a SQL statement. This could lead to SQL injection if variables in the SQL statement are not properly sanitized. Use a prepared statements (java.sql.PreparedStatement) instead. You can obtain a PreparedStatement using 'connection.prepareStatement'.,0.5476500971406442,P3 - Medium (ML Moderate / Needs Review),data/benchmark/src/main/java/org/owasp/benchmark/testcode/BenchmarkTest00206.java,79
BenchmarkTest00207,1,CWE-643,1,1,0,0.5185,"Detected input from a HTTPServletRequest going into a XPath evaluate or compile command. This could lead to xpath injection if variables passed into the evaluate or compile commands are not properly sanitized. Xpath injection could lead to unauthorized access to sensitive information in XML documents. Instead, thoroughly sanitize user input or use parameterized xpath queries if you can.",0.4922262947505719,P3 - Medium (ML Moderate / Needs Review),data/benchmark/src/main/java/org/owasp/benchmark/testcode/BenchmarkTest00207.java,75
BenchmarkTest00208,1,CWE-327,1,1,1,0.9046,Triple DES (3DES or DESede) is considered deprecated. AES is the recommended cipher. Upgrade to use AES.,0.9653792423396194,P1 - Critical (ML High-Confidence Vulnerability),data/benchmark/src/main/java/org/owasp/benchmark/testcode/BenchmarkTest00208.java,82
BenchmarkTest00209,0,CWE-327,0,0,0,0.9046,,0.09852596288884,P4 - Low (ML Suppressed / Likely False Alarm),,
BenchmarkTest00210,1,CWE-327,2,1,1,0.9046,DES is considered deprecated. AES is the recommended cipher. Upgrade to use AES. See https://www.nist.gov/news-events/news/2005/06/nist-withdraws-outdated-data-encryption-standard for more information.,0.9960648555857615,P1 - Critical (ML High-Confidence Vulnerability),data/benchmark/src/main/java/org/owasp/benchmark/testcode/BenchmarkTest00210.java,77
BenchmarkTest00211,0,CWE-327,0,0,0,0.9046,,0.09852596288884,P4 - Low (ML Suppressed / Likely False Alarm),,
BenchmarkTest00212,0,CWE-327,0,0,0,0.9046,,0.09852596288884,P4 - Low (ML Suppressed / Likely False Alarm),,
BenchmarkTest00213,0,CWE-327,1,0,1,0.9046,Use a secure cipher mode.,0.1391230575322935,P4 - Low (ML Suppressed / Likely False Alarm),owasp-benchmark:data/benchmark/src/main/java/org/owasp/benchmark/testcode/BenchmarkTest00213.java,88
BenchmarkTest00214,0,CWE-327,1,0,1,0.9046,Use a secure cipher mode.,0.14797288546515752,P4 - Low (ML Suppressed / Likely False Alarm),owasp-benchmark:data/benchmark/src/main/java/org/owasp/benchmark/testcode/BenchmarkTest00214.java,78
BenchmarkTest00215,1,CWE-22,1,1,0,0.531,"Detected a potential path traversal. A malicious actor could control the location of this file, to include going backwards in the directory with '../'. To address this, ensure that user-controlled variables in file paths are sanitized. You may also consider using a utility method such as org.apache.commons.io.FilenameUtils.getName(...) to only retrieve the file name from the path.",0.5349061735858125,P3 - Medium (ML Moderate / Needs Review),data/benchmark/src/main/java/org/owasp/benchmark/testcode/BenchmarkTest00215.java,63
BenchmarkTest00216,1,CWE-22,1,1,0,0.531,"Detected a potential path traversal. A malicious actor could control the location of this file, to include going backwards in the directory with '../'. To address this, ensure that user-controlled variables in file paths are sanitized. You may also consider using a utility method such as org.apache.commons.io.FilenameUtils.getName(...) to only retrieve the file name from the path.",0.5349061735858125,P3 - Medium (ML Moderate / Needs Review),data/benchmark/src/main/java/org/owasp/benchmark/testcode/BenchmarkTest00216.java,68
BenchmarkTest00217,0,CWE-22,0,0,0,0.531,,0.224123110314026,P4 - Low (ML Suppressed / Likely False Alarm),,
BenchmarkTest00218,1,CWE-22,1,1,0,0.531,"Detected a potential path traversal. A malicious actor could control the location of this file, to include going backwards in the directory with '../'. To address this, ensure that user-controlled variables in file paths are sanitized. You may also consider using a utility method such as org.apache.commons.io.FilenameUtils.getName(...) to only retrieve the file name from the path.",0.5349061735858125,P3 - Medium (ML Moderate / Needs Review),data/benchmark/src/main/java/org/owasp/benchmark/testcode/BenchmarkTest00218.java,102
BenchmarkTest00219,1,CWE-22,1,1,0,0.531,"Detected a potential path traversal. A malicious actor could control the location of this file, to include going backwards in the directory with '../'. To address this, ensure that user-controlled variables in file paths are sanitized. You may also consider using a utility method such as org.apache.commons.io.FilenameUtils.getName(...) to only retrieve the file name from the path.",0.5394645256012154,P3 - Medium (ML Moderate / Needs Review),data/benchmark/src/main/java/org/owasp/benchmark/testcode/BenchmarkTest00219.java,73
BenchmarkTest00220,0,CWE-22,0,0,0,0.531,,0.21923562111917438,P4 - Low (ML Suppressed / Likely False Alarm),,
BenchmarkTest00221,0,CWE-22,1,1,0,0.531,"Detected a potential path traversal. A malicious actor could control the location of this file, to include going backwards in the directory with '../'. To address this, ensure that user-controlled variables in file paths are sanitized. You may also consider using a utility method such as org.apache.commons.io.FilenameUtils.getName(...) to only retrieve the file name from the path.",0.5372346090670375,P3 - Medium (ML Moderate / Needs Review),data/benchmark/src/main/java/org/owasp/benchmark/testcode/BenchmarkTest00221.java,74
BenchmarkTest00222,1,CWE-22,1,1,0,0.531,"Detected a potential path traversal. A malicious actor could control the location of this file, to include going backwards in the directory with '../'. To address this, ensure that user-controlled variables in file paths are sanitized. You may also consider using a utility method such as org.apache.commons.io.FilenameUtils.getName(...) to only retrieve the file name from the path.",0.5305215095490278,P3 - Medium (ML Moderate / Needs Review),data/benchmark/src/main/java/org/owasp/benchmark/testcode/BenchmarkTest00222.java,88
BenchmarkTest00223,1,CWE-328,2,1,1,1.0,"Detected SHA1 hash algorithm which is considered insecure. SHA1 is not collision resistant and is therefore not suitable as a cryptographic signature. Instead, use PBKDF2 for password hashing or SHA256 or SHA512 for other hash function applications.",0.9966744996793538,P1 - Critical (ML High-Confidence Vulnerability),data/benchmark/src/main/java/org/owasp/benchmark/testcode/BenchmarkTest00223.java,74
BenchmarkTest00224,0,CWE-328,0,0,0,1.0,,0.25279536684003723,P4 - Low (ML Suppressed / Likely False Alarm),,
BenchmarkTest00225,0,CWE-328,0,0,0,1.0,,0.24087705674222445,P4 - Low (ML Suppressed / Likely False Alarm),,
BenchmarkTest00226,1,CWE-328,0,0,0,1.0,,0.24087705674222445,P4 - Low (ML Suppressed / Likely False Alarm),,
BenchmarkTest00227,1,CWE-328,0,0,0,1.0,,0.231920865694142,P4 - Low (ML Suppressed / Likely False Alarm),,
BenchmarkTest00228,0,CWE-328,0,0,0,1.0,,0.25279536684003723,P4 - Low (ML Suppressed / Likely False Alarm),,
BenchmarkTest00229,0,CWE-328,0,0,0,1.0,,0.231920865694142,P4 - Low (ML Suppressed / Likely False Alarm),,
BenchmarkTest00230,1,CWE-330,2,1,1,1.0,"Detected use of the functions `Math.random()` or `java.util.Random()`. These are both not cryptographically strong random number generators (RNGs). If you are using these RNGs to create passwords or secret tokens, use `java.security.SecureRandom` instead.",0.9995454545454545,P1 - Critical (ML High-Confidence Vulnerability),data/benchmark/src/main/java/org/owasp/benchmark/testcode/BenchmarkTest00230.java,67
BenchmarkTest00231,1,CWE-330,2,1,1,1.0,"Detected use of the functions `Math.random()` or `java.util.Random()`. These are both not cryptographically strong random number generators (RNGs). If you are using these RNGs to create passwords or secret tokens, use `java.security.SecureRandom` instead.",1.0,P1 - Critical (ML High-Confidence Vulnerability),data/benchmark/src/main/java/org/owasp/benchmark/testcode/BenchmarkTest00231.java,68
BenchmarkTest00232,1,CWE-330,2,1,1,1.0,"Detected use of the functions `Math.random()` or `java.util.Random()`. These are both not cryptographically strong random number generators (RNGs). If you are using these RNGs to create passwords or secret tokens, use `java.security.SecureRandom` instead.",0.9995454545454545,P1 - Critical (ML High-Confidence Vulnerability),data/benchmark/src/main/java/org/owasp/benchmark/testcode/BenchmarkTest00232.java,69
BenchmarkTest00233,1,CWE-330,2,1,1,1.0,"Detected use of the functions `Math.random()` or `java.util.Random()`. These are both not cryptographically strong random number generators (RNGs). If you are using these RNGs to create passwords or secret tokens, use `java.security.SecureRandom` instead.",0.9995454545454545,P1 - Critical (ML High-Confidence Vulnerability),data/benchmark/src/main/java/org/owasp/benchmark/testcode/BenchmarkTest00233.java,65
BenchmarkTest00234,1,CWE-330,2,1,1,1.0,"Detected use of the functions `Math.random()` or `java.util.Random()`. These are both not cryptographically strong random number generators (RNGs). If you are using these RNGs to create passwords or secret tokens, use `java.security.SecureRandom` instead.",1.0,P1 - Critical (ML High-Confidence Vulnerability),data/benchmark/src/main/java/org/owasp/benchmark/testcode/BenchmarkTest00234.java,69
BenchmarkTest00235,1,CWE-330,2,1,1,1.0,"Detected use of the functions `Math.random()` or `java.util.Random()`. These are both not cryptographically strong random number generators (RNGs). If you are using these RNGs to create passwords or secret tokens, use `java.security.SecureRandom` instead.",1.0,P1 - Critical (ML High-Confidence Vulnerability),data/benchmark/src/main/java/org/owasp/benchmark/testcode/BenchmarkTest00235.java,65
BenchmarkTest00236,1,CWE-330,2,1,1,1.0,"Detected use of the functions `Math.random()` or `java.util.Random()`. These are both not cryptographically strong random number generators (RNGs). If you are using these RNGs to create passwords or secret tokens, use `java.security.SecureRandom` instead.",0.9995641025641026,P1 - Critical (ML High-Confidence Vulnerability),data/benchmark/src/main/java/org/owasp/benchmark/testcode/BenchmarkTest00236.java,68
BenchmarkTest00237,1,CWE-330,2,1,1,1.0,"Detected use of the functions `Math.random()` or `java.util.Random()`. These are both not cryptographically strong random number generators (RNGs). If you are using these RNGs to create passwords or secret tokens, use `java.security.SecureRandom` instead.",0.9995641025641026,P1 - Critical (ML High-Confidence Vulnerability),data/benchmark/src/main/java/org/owasp/benchmark/testcode/BenchmarkTest00237.java,82
BenchmarkTest00238,1,CWE-330,2,1,1,1.0,"Detected use of the functions `Math.random()` or `java.util.Random()`. These are both not cryptographically strong random number generators (RNGs). If you are using these RNGs to create passwords or secret tokens, use `java.security.SecureRandom` instead.",0.9995641025641026,P1 - Critical (ML High-Confidence Vulnerability),data/benchmark/src/main/java/org/owasp/benchmark/testcode/BenchmarkTest00238.java,70
BenchmarkTest00239,1,CWE-330,2,1,1,1.0,"Detected use of the functions `Math.random()` or `java.util.Random()`. These are both not cryptographically strong random number generators (RNGs). If you are using these RNGs to create passwords or secret tokens, use `java.security.SecureRandom` instead.",1.0,P1 - Critical (ML High-Confidence Vulnerability),data/benchmark/src/main/java/org/owasp/benchmark/testcode/BenchmarkTest00239.java,83
BenchmarkTest00240,1,CWE-330,2,1,1,1.0,"Detected use of the functions `Math.random()` or `java.util.Random()`. These are both not cryptographically strong random number generators (RNGs). If you are using these RNGs to create passwords or secret tokens, use `java.security.SecureRandom` instead.",1.0,P1 - Critical (ML High-Confidence Vulnerability),data/benchmark/src/main/java/org/owasp/benchmark/testcode/BenchmarkTest00240.java,65
BenchmarkTest00241,1,CWE-614,1,1,0,1.0,A cookie was detected without setting the 'secure' flag. The 'secure' flag for cookies prevents the client from transmitting the cookie over insecure channels such as HTTP. Set the 'secure' flag by calling 'cookie.setSecure(true);',0.9328275620907849,P1 - Critical (ML High-Confidence Vulnerability),data/benchmark/src/main/java/org/owasp/benchmark/testcode/BenchmarkTest00241.java,85
BenchmarkTest00242,0,CWE-614,0,0,0,1.0,,0.1432577520584313,P4 - Low (ML Suppressed / Likely False Alarm),,
BenchmarkTest00243,0,CWE-330,0,0,0,1.0,,0.03704436789576919,P4 - Low (ML Suppressed / Likely False Alarm),,
BenchmarkTest00244,0,CWE-330,0,0,0,1.0,,0.04325014794951732,P4 - Low (ML Suppressed / Likely False Alarm),,
BenchmarkTest00245,0,CWE-330,0,0,0,1.0,,0.037636823716155926,P4 - Low (ML Suppressed / Likely False Alarm),,
BenchmarkTest00246,0,CWE-330,0,0,0,1.0,,0.0331840260624013,P4 - Low (ML Suppressed / Likely False Alarm),,
BenchmarkTest00247,0,CWE-330,0,0,0,1.0,,0.03704436789576919,P4 - Low (ML Suppressed / Likely False Alarm),,
BenchmarkTest00248,0,CWE-330,0,0,0,1.0,,0.03704436789576919,P4 - Low (ML Suppressed / Likely False Alarm),,
BenchmarkTest00249,0,CWE-330,0,0,0,1.0,,0.037636823716155926,P4 - Low (ML Suppressed / Likely False Alarm),,
BenchmarkTest00250,0,CWE-501,1,1,0,0.7234,"Detected a request with potential user-input going into a OutputStream or Writer object. This bypasses any view or template environments, including HTML escaping, which may expose this application to cross-site scripting (XSS) vulnerabilities. Consider using a view technology such as JavaServer Faces (JSFs) which automatically escapes HTML views.",0.7200463899254512,P2 - High (ML Probable Vulnerability),data/benchmark/src/main/java/org/owasp/benchmark/testcode/BenchmarkTest00250.java,85
BenchmarkTest00251,1,CWE-501,1,1,0,0.7234,"Detected input from a HTTPServletRequest going into a session command, like `setAttribute`. User input into such a command could lead to an attacker inputting malicious code into your session parameters, blurring the line between what's trusted and untrusted, and therefore leading to a trust boundary violation. This could lead to programmers trusting unvalidated data. Instead, thoroughly sanitize user input before passing it into such function calls.",0.7068358686904922,P2 - High (ML Probable Vulnerability),data/benchmark/src/main/java/org/owasp/benchmark/testcode/BenchmarkTest00251.java,65
BenchmarkTest00252,0,CWE-501,0,0,0,0.7234,,0.341104770423293,P4 - Low (ML Suppressed / Likely False Alarm),,
BenchmarkTest00253,0,CWE-501,1,1,0,0.7234,"Detected input from a HTTPServletRequest going into a session command, like `setAttribute`. User input into such a command could lead to an attacker inputting malicious code into your session parameters, blurring the line between what's trusted and untrusted, and therefore leading to a trust boundary violation. This could lead to programmers trusting unvalidated data. Instead, thoroughly sanitize user input before passing it into such function calls.",0.7313191620213231,P2 - High (ML Probable Vulnerability),data/benchmark/src/main/java/org/owasp/benchmark/testcode/BenchmarkTest00253.java,83
BenchmarkTest00254,1,CWE-327,1,1,1,0.9046,Triple DES (3DES or DESede) is considered deprecated. AES is the recommended cipher. Upgrade to use AES.,0.984312041628401,P1 - Critical (ML High-Confidence Vulnerability),data/benchmark/src/main/java/org/owasp/benchmark/testcode/BenchmarkTest00254.java,78
BenchmarkTest00255,0,CWE-327,0,0,0,0.9046,,0.09462285501385369,P4 - Low (ML Suppressed / Likely False Alarm),,
BenchmarkTest00256,1,CWE-327,1,1,1,0.9046,Triple DES (3DES or DESede) is considered deprecated. AES is the recommended cipher. Upgrade to use AES.,0.957153376753586,P1 - Critical (ML High-Confidence Vulnerability),data/benchmark/src/main/java/org/owasp/benchmark/testcode/BenchmarkTest00256.java,79
BenchmarkTest00257,1,CWE-327,1,1,1,0.9046,Triple DES (3DES or DESede) is considered deprecated. AES is the recommended cipher. Upgrade to use AES.,0.984312041628401,P1 - Critical (ML High-Confidence Vulnerability),data/benchmark/src/main/java/org/owasp/benchmark/testcode/BenchmarkTest00257.java,70
BenchmarkTest00258,1,CWE-327,1,1,1,0.9046,Triple DES (3DES or DESede) is considered deprecated. AES is the recommended cipher. Upgrade to use AES.,0.9646666709532539,P1 - Critical (ML High-Confidence Vulnerability),data/benchmark/src/main/java/org/owasp/benchmark/testcode/BenchmarkTest00258.java,69
BenchmarkTest00259,0,CWE-327,0,0,0,0.9046,,0.09015572836705343,P4 - Low (ML Suppressed / Likely False Alarm),,
BenchmarkTest00260,0,CWE-327,0,0,0,0.9046,,0.09852596288884,P4 - Low (ML Suppressed / Likely False Alarm),,
BenchmarkTest00261,0,CWE-22,0,0,0,0.531,,0.18989096481216886,P4 - Low (ML Suppressed / Likely False Alarm),,
BenchmarkTest00262,1,CWE-22,1,1,0,0.531,"Detected a potential path traversal. A malicious actor could control the location of this file, to include going backwards in the directory with '../'. To address this, ensure that user-controlled variables in file paths are sanitized. You may also consider using a utility method such as org.apache.commons.io.FilenameUtils.getName(...) to only retrieve the file name from the path.",0.5305215095490278,P3 - Medium (ML Moderate / Needs Review),data/benchmark/src/main/java/org/owasp/benchmark/testcode/BenchmarkTest00262.java,74
BenchmarkTest00263,0,CWE-22,1,1,0,0.531,"Detected a potential path traversal. A malicious actor could control the location of this file, to include going backwards in the directory with '../'. To address this, ensure that user-controlled variables in file paths are sanitized. You may also consider using a utility method such as org.apache.commons.io.FilenameUtils.getName(...) to only retrieve the file name from the path.",0.5394645256012154,P3 - Medium (ML Moderate / Needs Review),data/benchmark/src/main/java/org/owasp/benchmark/testcode/BenchmarkTest00263.java,79
BenchmarkTest00264,1,CWE-22,1,1,0,0.531,"Detected a potential path traversal. A malicious actor could control the location of this file, to include going backwards in the directory with '../'. To address this, ensure that user-controlled variables in file paths are sanitized. You may also consider using a utility method such as org.apache.commons.io.FilenameUtils.getName(...) to only retrieve the file name from the path.",0.5305215095490278,P3 - Medium (ML Moderate / Needs Review),data/benchmark/src/main/java/org/owasp/benchmark/testcode/BenchmarkTest00264.java,65
BenchmarkTest00265,0,CWE-22,0,0,0,0.531,,0.2141818275976563,P4 - Low (ML Suppressed / Likely False Alarm),,
BenchmarkTest00266,1,CWE-328,2,1,1,1.0,"Detected SHA1 hash algorithm which is considered insecure. SHA1 is not collision resistant and is therefore not suitable as a cryptographic signature. Instead, use PBKDF2 for password hashing or SHA256 or SHA512 for other hash function applications.",1.0,P1 - Critical (ML High-Confidence Vulnerability),data/benchmark/src/main/java/org/owasp/benchmark/testcode/BenchmarkTest00266.java,66
BenchmarkTest00267,1,CWE-328,2,1,1,1.0,"Detected SHA1 hash algorithm which is considered insecure. SHA1 is not collision resistant and is therefore not suitable as a cryptographic signature. Instead, use PBKDF2 for password hashing or SHA256 or SHA512 for other hash function applications.",0.9966744996793538,P1 - Critical (ML High-Confidence Vulnerability),data/benchmark/src/main/java/org/owasp/benchmark/testcode/BenchmarkTest00267.java,62
BenchmarkTest00268,1,CWE-328,2,1,1,1.0,"Detected SHA1 hash algorithm which is considered insecure. SHA1 is not collision resistant and is therefore not suitable as a cryptographic signature. Instead, use PBKDF2 for password hashing or SHA256 or SHA512 for other hash function applications.",0.997774524693956,P1 - Critical (ML High-Confidence Vulnerability),data/benchmark/src/main/java/org/owasp/benchmark/testcode/BenchmarkTest00268.java,61
BenchmarkTest00269,1,CWE-328,2,1,1,1.0,"Detected SHA1 hash algorithm which is considered insecure. SHA1 is not collision resistant and is therefore not suitable as a cryptographic signature. Instead, use PBKDF2 for password hashing or SHA256 or SHA512 for other hash function applications.",1.0,P1 - Critical (ML High-Confidence Vulnerability),data/benchmark/src/main/java/org/owasp/benchmark/testcode/BenchmarkTest00269.java,61
BenchmarkTest00270,0,CWE-328,0,0,0,1.0,,0.23782332489730076,P4 - Low (ML Suppressed / Likely False Alarm),,
BenchmarkTest00271,0,CWE-328,0,0,0,1.0,,0.25279536684003723,P4 - Low (ML Suppressed / Likely False Alarm),,
BenchmarkTest00272,1,CWE-328,2,1,1,1.0,Detected MD5 hash algorithm which is considered insecure. MD5 is not collision resistant and is therefore not suitable as a cryptographic signature. Use HMAC instead.,0.997774524693956,P1 - Critical (ML High-Confidence Vulnerability),data/benchmark/src/main/java/org/owasp/benchmark/testcode/BenchmarkTest00272.java,75
BenchmarkTest00273,1,CWE-328,0,0,0,1.0,,0.231920865694142,P4 - Low (ML Suppressed / Likely False Alarm),,
BenchmarkTest00274,1,CWE-328,0,0,0,1.0,,0.26631103688868035,P4 - Low (ML Suppressed / Likely False Alarm),,
BenchmarkTest00275,0,CWE-79,0,0,0,0.6516,,0.24970671366531938,P4 - Low (ML Suppressed / Likely False Alarm),,
BenchmarkTest00276,1,CWE-79,1,1,0,0.6516,"Detected a request with potential user-input going into a OutputStream or Writer object. This bypasses any view or template environments, including HTML escaping, which may expose this application to cross-site scripting (XSS) vulnerabilities. Consider using a view technology such as JavaServer Faces (JSFs) which automatically escapes HTML views.",0.6606354491638398,P2 - High (ML Probable Vulnerability),data/benchmark/src/main/java/org/owasp/benchmark/testcode/BenchmarkTest00276.java,61
BenchmarkTest00277,0,CWE-79,0,0,0,0.6516,,0.24970671366531938,P4 - Low (ML Suppressed / Likely False Alarm),,
BenchmarkTest00278,0,CWE-79,0,0,0,0.6516,,0.278739919364882,P4 - Low (ML Suppressed / Likely False Alarm),,
BenchmarkTest00279,1,CWE-79,0,0,0,0.6516,,0.24970671366531938,P4 - Low (ML Suppressed / Likely False Alarm),,
BenchmarkTest00280,1,CWE-79,1,1,0,0.6516,"Detected a request with potential user-input going into a OutputStream or Writer object. This bypasses any view or template environments, including HTML escaping, which may expose this application to cross-site scripting (XSS) vulnerabilities. Consider using a view technology such as JavaServer Faces (JSFs) which automatically escapes HTML views.",0.6221848022643229,P3 - Medium (ML Moderate / Needs Review),data/benchmark/src/main/java/org/owasp/benchmark/testcode/BenchmarkTest00280.java,75
BenchmarkTest00281,0,CWE-79,1,1,0,0.6516,"Detected a request with potential user-input going into a OutputStream or Writer object. This bypasses any view or template environments, including HTML escaping, which may expose this application to cross-site scripting (XSS) vulnerabilities. Consider using a view technology such as JavaServer Faces (JSFs) which automatically escapes HTML views.",0.6691842611085874,P2 - High (ML Probable Vulnerability),data/benchmark/src/main/java/org/owasp/benchmark/testcode/BenchmarkTest00281.java,62
BenchmarkTest00282,0,CWE-79,0,0,0,0.6516,,0.24970671366531938,P4 - Low (ML Suppressed / Likely False Alarm),,
BenchmarkTest00283,0,CWE-79,0,0,0,0.6516,,0.278739919364882,P4 - Low (ML Suppressed / Likely False Alarm),,
BenchmarkTest00284,1,CWE-79,1,1,0,0.6516,"Detected a request with potential user-input going into a OutputStream or Writer object. This bypasses any view or template environments, including HTML escaping, which may expose this application to cross-site scripting (XSS) vulnerabilities. Consider using a view technology such as JavaServer Faces (JSFs) which automatically escapes HTML views.",0.6588860833788427,P2 - High (ML Probable Vulnerability),data/benchmark/src/main/java/org/owasp/benchmark/testcode/BenchmarkTest00284.java,56
BenchmarkTest00285,0,CWE-79,0,0,0,0.6516,,0.2659189177021378,P4 - Low (ML Suppressed / Likely False Alarm),,
BenchmarkTest00286,0,CWE-79,0,0,0,0.6516,,0.313915809627834,P4 - Low (ML Suppressed / Likely False Alarm),,
BenchmarkTest00287,1,CWE-79,1,1,0,0.6516,"Detected a request with potential user-input going into a OutputStream or Writer object. This bypasses any view or template environments, including HTML escaping, which may expose this application to cross-site scripting (XSS) vulnerabilities. Consider using a view technology such as JavaServer Faces (JSFs) which automatically escapes HTML views.",0.6606354491638398,P2 - High (ML Probable Vulnerability),data/benchmark/src/main/java/org/owasp/benchmark/testcode/BenchmarkTest00287.java,59
BenchmarkTest00288,0,CWE-79,0,0,0,0.6516,,0.313915809627834,P4 - Low (ML Suppressed / Likely False Alarm),,
BenchmarkTest00289,0,CWE-79,0,0,0,0.6516,,0.2659189177021378,P4 - Low (ML Suppressed / Likely False Alarm),,
BenchmarkTest00290,1,CWE-79,1,1,0,0.6516,"Detected a request with potential user-input going into a OutputStream or Writer object. This bypasses any view or template environments, including HTML escaping, which may expose this application to cross-site scripting (XSS) vulnerabilities. Consider using a view technology such as JavaServer Faces (JSFs) which automatically escapes HTML views.",0.6447716715602264,P3 - Medium (ML Moderate / Needs Review),data/benchmark/src/main/java/org/owasp/benchmark/testcode/BenchmarkTest00290.java,57
BenchmarkTest00291,1,CWE-79,1,1,0,0.6516,"Detected a request with potential user-input going into a OutputStream or Writer object. This bypasses any view or template environments, including HTML escaping, which may expose this application to cross-site scripting (XSS) vulnerabilities. Consider using a view technology such as JavaServer Faces (JSFs) which automatically escapes HTML views.",0.6606354491638398,P2 - High (ML Probable Vulnerability),data/benchmark/src/main/java/org/owasp/benchmark/testcode/BenchmarkTest00291.java,59
BenchmarkTest00292,1,CWE-79,1,1,0,0.6516,"Detected a request with potential user-input going into a OutputStream or Writer object. This bypasses any view or template environments, including HTML escaping, which may expose this application to cross-site scripting (XSS) vulnerabilities. Consider using a view technology such as JavaServer Faces (JSFs) which automatically escapes HTML views.",0.6447716715602264,P3 - Medium (ML Moderate / Needs Review),data/benchmark/src/main/java/org/owasp/benchmark/testcode/BenchmarkTest00292.java,62
BenchmarkTest00293,1,CWE-78,1,1,0,0.5177,"Detected input from a HTTPServletRequest going into a 'ProcessBuilder' or 'exec' command. This could lead to command injection if variables passed into the exec commands are not properly sanitized. Instead, avoid using these OS commands with user-supplied input, or, if you must use these commands, use a whitelist of specific values.",0.5752195073482003,P3 - Medium (ML Moderate / Needs Review),data/benchmark/src/main/java/org/owasp/benchmark/testcode/BenchmarkTest00293.java,72
BenchmarkTest00294,1,CWE-78,1,1,0,0.5177,"Detected input from a HTTPServletRequest going into a 'ProcessBuilder' or 'exec' command. This could lead to command injection if variables passed into the exec commands are not properly sanitized. Instead, avoid using these OS commands with user-supplied input, or, if you must use these commands, use a whitelist of specific values.",0.5444416118463504,P3 - Medium (ML Moderate / Needs Review),data/benchmark/src/main/java/org/owasp/benchmark/testcode/BenchmarkTest00294.java,70
BenchmarkTest00295,1,CWE-78,1,1,0,0.5177,"Detected input from a HTTPServletRequest going into a 'ProcessBuilder' or 'exec' command. This could lead to command injection if variables passed into the exec commands are not properly sanitized. Instead, avoid using these OS commands with user-supplied input, or, if you must use these commands, use a whitelist of specific values.",0.5089059229256337,P3 - Medium (ML Moderate / Needs Review),data/benchmark/src/main/java/org/owasp/benchmark/testcode/BenchmarkTest00295.java,72
BenchmarkTest00296,1,CWE-330,2,1,1,1.0,"Detected use of the functions `Math.random()` or `java.util.Random()`. These are both not cryptographically strong random number generators (RNGs). If you are using these RNGs to create passwords or secret tokens, use `java.security.SecureRandom` instead.",1.0,P1 - Critical (ML High-Confidence Vulnerability),data/benchmark/src/main/java/org/owasp/benchmark/testcode/BenchmarkTest00296.java,60
BenchmarkTest00297,1,CWE-330,2,1,1,1.0,"Detected use of the functions `Math.random()` or `java.util.Random()`. These are both not cryptographically strong random number generators (RNGs). If you are using these RNGs to create passwords or secret tokens, use `java.security.SecureRandom` instead.",1.0,P1 - Critical (ML High-Confidence Vulnerability),data/benchmark/src/main/java/org/owasp/benchmark/testcode/BenchmarkTest00297.java,57
BenchmarkTest00298,1,CWE-330,2,1,1,1.0,"Detected use of the functions `Math.random()` or `java.util.Random()`. These are both not cryptographically strong random number generators (RNGs). If you are using these RNGs to create passwords or secret tokens, use `java.security.SecureRandom` instead.",1.0,P1 - Critical (ML High-Confidence Vulnerability),data/benchmark/src/main/java/org/owasp/benchmark/testcode/BenchmarkTest00298.java,60
BenchmarkTest00299,1,CWE-330,2,1,1,1.0,"Detected use of the functions `Math.random()` or `java.util.Random()`. These are both not cryptographically strong random number generators (RNGs). If you are using these RNGs to create passwords or secret tokens, use `java.security.SecureRandom` instead.",0.9995454545454545,P1 - Critical (ML High-Confidence Vulnerability),data/benchmark/src/main/java/org/owasp/benchmark/testcode/BenchmarkTest00299.java,60
BenchmarkTest00300,1,CWE-614,1,1,0,1.0,A cookie was detected without setting the 'secure' flag. The 'secure' flag for cookies prevents the client from transmitting the cookie over insecure channels such as HTTP. Set the 'secure' flag by calling 'cookie.setSecure(true);',0.9125201649560278,P1 - Critical (ML High-Confidence Vulnerability),data/benchmark/src/main/java/org/owasp/benchmark/testcode/BenchmarkTest00300.java,79
BenchmarkTest00301,1,CWE-79,0,0,0,0.6516,,0.24970671366531938,P4 - Low (ML Suppressed / Likely False Alarm),,
BenchmarkTest00302,1,CWE-78,1,1,0,0.5177,"Detected input from a HTTPServletRequest going into a 'ProcessBuilder' or 'exec' command. This could lead to command injection if variables passed into the exec commands are not properly sanitized. Instead, avoid using these OS commands with user-supplied input, or, if you must use these commands, use a whitelist of specific values.",0.5683792859920807,P3 - Medium (ML Moderate / Needs Review),data/benchmark/src/main/java/org/owasp/benchmark/testcode/BenchmarkTest00302.java,69
BenchmarkTest00303,1,CWE-78,1,1,0,0.5177,"Detected input from a HTTPServletRequest going into a 'ProcessBuilder' or 'exec' command. This could lead to command injection if variables passed into the exec commands are not properly sanitized. Instead, avoid using these OS commands with user-supplied input, or, if you must use these commands, use a whitelist of specific values.",0.5444416118463504,P3 - Medium (ML Moderate / Needs Review),data/benchmark/src/main/java/org/owasp/benchmark/testcode/BenchmarkTest00303.java,83
BenchmarkTest00304,1,CWE-78,0,0,0,0.5177,,0.2379161695566691,P4 - Low (ML Suppressed / Likely False Alarm),,
BenchmarkTest00305,0,CWE-78,0,0,0,0.5177,,0.25757145186081115,P4 - Low (ML Suppressed / Likely False Alarm),,
BenchmarkTest00306,1,CWE-78,1,1,0,0.5177,"Detected input from a HTTPServletRequest going into a 'ProcessBuilder' or 'exec' command. This could lead to command injection if variables passed into the exec commands are not properly sanitized. Instead, avoid using these OS commands with user-supplied input, or, if you must use these commands, use a whitelist of specific values.",0.5114755110284748,P3 - Medium (ML Moderate / Needs Review),data/benchmark/src/main/java/org/owasp/benchmark/testcode/BenchmarkTest00306.java,69
BenchmarkTest00307,0,CWE-78,0,0,0,0.5177,,0.2929514672781985,P4 - Low (ML Suppressed / Likely False Alarm),,
BenchmarkTest00308,0,CWE-78,1,1,0,0.5177,"Detected input from a HTTPServletRequest going into a 'ProcessBuilder' or 'exec' command. This could lead to command injection if variables passed into the exec commands are not properly sanitized. Instead, avoid using these OS commands with user-supplied input, or, if you must use these commands, use a whitelist of specific values.",0.5444416118463504,P3 - Medium (ML Moderate / Needs Review),data/benchmark/src/main/java/org/owasp/benchmark/testcode/BenchmarkTest00308.java,70
BenchmarkTest00309,0,CWE-78,0,0,0,0.5177,,0.24498820896024381,P4 - Low (ML Suppressed / Likely False Alarm),,
BenchmarkTest00310,0,CWE-78,1,1,0,0.5177,"Detected input from a HTTPServletRequest going into a 'ProcessBuilder' or 'exec' command. This could lead to command injection if variables passed into the exec commands are not properly sanitized. Instead, avoid using these OS commands with user-supplied input, or, if you must use these commands, use a whitelist of specific values.",0.5444416118463504,P3 - Medium (ML Moderate / Needs Review),data/benchmark/src/main/java/org/owasp/benchmark/testcode/BenchmarkTest00310.java,84
BenchmarkTest00311,1,CWE-78,1,1,0,0.5177,"Detected input from a HTTPServletRequest going into a 'ProcessBuilder' or 'exec' command. This could lead to command injection if variables passed into the exec commands are not properly sanitized. Instead, avoid using these OS commands with user-supplied input, or, if you must use these commands, use a whitelist of specific values.",0.5089059229256337,P3 - Medium (ML Moderate / Needs Review),data/benchmark/src/main/java/org/owasp/benchmark/testcode/BenchmarkTest00311.java,80
BenchmarkTest00312,0,CWE-330,0,0,0,1.0,,0.04325014794951732,P4 - Low (ML Suppressed / Likely False Alarm),,
BenchmarkTest00313,0,CWE-330,0,0,0,1.0,,0.04325014794951732,P4 - Low (ML Suppressed / Likely False Alarm),,
BenchmarkTest00314,0,CWE-330,0,0,0,1.0,,0.03704436789576919,P4 - Low (ML Suppressed / Likely False Alarm),,
BenchmarkTest00315,0,CWE-330,0,0,0,1.0,,0.03391968678800127,P4 - Low (ML Suppressed / Likely False Alarm),,
BenchmarkTest00316,0,CWE-330,0,0,0,1.0,,0.037636823716155926,P4 - Low (ML Suppressed / Likely False Alarm),,
BenchmarkTest00317,0,CWE-330,0,0,0,1.0,,0.0331840260624013,P4 - Low (ML Suppressed / Likely False Alarm),,
BenchmarkTest00318,0,CWE-330,0,0,0,1.0,,0.04325014794951732,P4 - Low (ML Suppressed / Likely False Alarm),,
BenchmarkTest00319,0,CWE-330,0,0,0,1.0,,0.0331840260624013,P4 - Low (ML Suppressed / Likely False Alarm),,
BenchmarkTest00320,0,CWE-330,0,0,0,1.0,,0.0331840260624013,P4 - Low (ML Suppressed / Likely False Alarm),,
BenchmarkTest00321,1,CWE-501,0,0,0,0.7234,,0.3634091879376683,P4 - Low (ML Suppressed / Likely False Alarm),,
BenchmarkTest00322,0,CWE-501,0,0,0,0.7234,,0.35188225499567877,P4 - Low (ML Suppressed / Likely False Alarm),,
BenchmarkTest00323,0,CWE-501,1,1,0,0.7234,"Detected input from a HTTPServletRequest going into a session command, like `setAttribute`. User input into such a command could lead to an attacker inputting malicious code into your session parameters, blurring the line between what's trusted and untrusted, and therefore leading to a trust boundary violation. This could lead to programmers trusting unvalidated data. Instead, thoroughly sanitize user input before passing it into such function calls.",0.7196177864212013,P2 - High (ML Probable Vulnerability),data/benchmark/src/main/java/org/owasp/benchmark/testcode/BenchmarkTest00323.java,61
BenchmarkTest00324,1,CWE-501,1,1,0,0.7234,"Detected input from a HTTPServletRequest going into a session command, like `setAttribute`. User input into such a command could lead to an attacker inputting malicious code into your session parameters, blurring the line between what's trusted and untrusted, and therefore leading to a trust boundary violation. This could lead to programmers trusting unvalidated data. Instead, thoroughly sanitize user input before passing it into such function calls.",0.7068358686904922,P2 - High (ML Probable Vulnerability),data/benchmark/src/main/java/org/owasp/benchmark/testcode/BenchmarkTest00324.java,56
BenchmarkTest00325,1,CWE-501,1,1,0,0.7234,"Detected input from a HTTPServletRequest going into a session command, like `setAttribute`. User input into such a command could lead to an attacker inputting malicious code into your session parameters, blurring the line between what's trusted and untrusted, and therefore leading to a trust boundary violation. This could lead to programmers trusting unvalidated data. Instead, thoroughly sanitize user input before passing it into such function calls.",0.6568111284096806,P2 - High (ML Probable Vulnerability),data/benchmark/src/main/java/org/owasp/benchmark/testcode/BenchmarkTest00325.java,56
BenchmarkTest00326,1,CWE-501,1,1,0,0.7234,"Detected a request with potential user-input going into a OutputStream or Writer object. This bypasses any view or template environments, including HTML escaping, which may expose this application to cross-site scripting (XSS) vulnerabilities. Consider using a view technology such as JavaServer Faces (JSFs) which automatically escapes HTML views.",0.7360201729654304,P2 - High (ML Probable Vulnerability),data/benchmark/src/main/java/org/owasp/benchmark/testcode/BenchmarkTest00326.java,63
BenchmarkTest00327,1,CWE-501,1,1,0,0.7234,"Detected input from a HTTPServletRequest going into a session command, like `setAttribute`. User input into such a command could lead to an attacker inputting malicious code into your session parameters, blurring the line between what's trusted and untrusted, and therefore leading to a trust boundary violation. This could lead to programmers trusting unvalidated data. Instead, thoroughly sanitize user input before passing it into such function calls.",0.7313191620213231,P2 - High (ML Probable Vulnerability),data/benchmark/src/main/java/org/owasp/benchmark/testcode/BenchmarkTest00327.java,58
BenchmarkTest00328,1,CWE-89,2,1,1,0.5746,Detected input from a HTTPServletRequest going into a SQL sink or statement. This could lead to SQL injection if variables in the SQL statement are not properly sanitized. Use parameterized SQL queries or properly sanitize user input instead.,0.6161353418384643,P3 - Medium (ML Moderate / Needs Review),data/benchmark/src/main/java/org/owasp/benchmark/testcode/BenchmarkTest00328.java,65
BenchmarkTest00329,0,CWE-89,2,1,1,0.5746,Detected input from a HTTPServletRequest going into a SQL sink or statement. This could lead to SQL injection if variables in the SQL statement are not properly sanitized. Use parameterized SQL queries or properly sanitize user input instead.,0.6043967051102129,P3 - Medium (ML Moderate / Needs Review),data/benchmark/src/main/java/org/owasp/benchmark/testcode/BenchmarkTest00329.java,65
BenchmarkTest00330,0,CWE-89,1,0,1,0.5746,Make sure using a dynamically formatted SQL query is safe here.,0.30621663294077395,P4 - Low (ML Suppressed / Likely False Alarm),owasp-benchmark:data/benchmark/src/main/java/org/owasp/benchmark/testcode/BenchmarkTest00330.java,81
BenchmarkTest00331,0,CWE-89,1,0,1,0.5746,Make sure using a dynamically formatted SQL query is safe here.,0.30621663294077395,P4 - Low (ML Suppressed / Likely False Alarm),owasp-benchmark:data/benchmark/src/main/java/org/owasp/benchmark/testcode/BenchmarkTest00331.java,66
BenchmarkTest00332,0,CWE-89,1,0,1,0.5746,Make sure using a dynamically formatted SQL query is safe here.,0.27192466062372905,P4 - Low (ML Suppressed / Likely False Alarm),owasp-benchmark:data/benchmark/src/main/java/org/owasp/benchmark/testcode/BenchmarkTest00332.java,81
BenchmarkTest00333,0,CWE-89,2,1,1,0.5746,Detected input from a HTTPServletRequest going into a SQL sink or statement. This could lead to SQL injection if variables in the SQL statement are not properly sanitized. Use parameterized SQL queries or properly sanitize user input instead.,0.6043967051102129,P3 - Medium (ML Moderate / Needs Review),data/benchmark/src/main/java/org/owasp/benchmark/testcode/BenchmarkTest00333.java,65
BenchmarkTest00334,0,CWE-89,1,0,1,0.5746,Make sure using a dynamically formatted SQL query is safe here.,0.3049585907793266,P4 - Low (ML Suppressed / Likely False Alarm),owasp-benchmark:data/benchmark/src/main/java/org/owasp/benchmark/testcode/BenchmarkTest00334.java,83
BenchmarkTest00335,1,CWE-89,2,1,1,0.5746,Detected input from a HTTPServletRequest going into a SQL sink or statement. This could lead to SQL injection if variables in the SQL statement are not properly sanitized. Use parameterized SQL queries or properly sanitize user input instead.,0.6221370751503495,P3 - Medium (ML Moderate / Needs Review),data/benchmark/src/main/java/org/owasp/benchmark/testcode/BenchmarkTest00335.java,65
BenchmarkTest00336,0,CWE-89,1,1,0,0.5746,Detected input from a HTTPServletRequest going into a SQL sink or statement. This could lead to SQL injection if variables in the SQL statement are not properly sanitized. Use parameterized SQL queries or properly sanitize user input instead.,0.63810138505586,P3 - Medium (ML Moderate / Needs Review),data/benchmark/src/main/java/org/owasp/benchmark/testcode/BenchmarkTest00336.java,64
BenchmarkTest00337,1,CWE-89,0,0,0,0.5746,,0.23431995802528183,P4 - Low (ML Suppressed / Likely False Alarm),,
BenchmarkTest00338,0,CWE-89,1,1,0,0.5746,Detected input from a HTTPServletRequest going into a SQL sink or statement. This could lead to SQL injection if variables in the SQL statement are not properly sanitized. Use parameterized SQL queries or properly sanitize user input instead.,0.6382802301796155,P3 - Medium (ML Moderate / Needs Review),data/benchmark/src/main/java/org/owasp/benchmark/testcode/BenchmarkTest00338.java,63
BenchmarkTest00339,1,CWE-89,1,1,0,0.5746,Detected input from a HTTPServletRequest going into a SQL sink or statement. This could lead to SQL injection if variables in the SQL statement are not properly sanitized. Use parameterized SQL queries or properly sanitize user input instead.,0.6314792486337455,P3 - Medium (ML Moderate / Needs Review),data/benchmark/src/main/java/org/owasp/benchmark/testcode/BenchmarkTest00339.java,62
BenchmarkTest00340,0,CWE-89,1,1,0,0.5746,Detected input from a HTTPServletRequest going into a SQL sink or statement. This could lead to SQL injection if variables in the SQL statement are not properly sanitized. Use parameterized SQL queries or properly sanitize user input instead.,0.6382802301796155,P3 - Medium (ML Moderate / Needs Review),data/benchmark/src/main/java/org/owasp/benchmark/testcode/BenchmarkTest00340.java,77
BenchmarkTest00341,1,CWE-89,1,1,0,0.5746,Detected input from a HTTPServletRequest going into a SQL sink or statement. This could lead to SQL injection if variables in the SQL statement are not properly sanitized. Use parameterized SQL queries or properly sanitize user input instead.,0.6393503814415632,P3 - Medium (ML Moderate / Needs Review),data/benchmark/src/main/java/org/owasp/benchmark/testcode/BenchmarkTest00341.java,63
BenchmarkTest00342,1,CWE-89,2,1,1,0.5746,Detected a formatted string in a SQL statement. This could lead to SQL injection if variables in the SQL statement are not properly sanitized. Use a prepared statements (java.sql.PreparedStatement) instead. You can obtain a PreparedStatement using 'connection.prepareStatement'.,0.46739305534568415,P3 - Medium (ML Moderate / Needs Review),data/benchmark/src/main/java/org/owasp/benchmark/testcode/BenchmarkTest00342.java,70
BenchmarkTest00343,0,CWE-89,2,1,1,0.5746,Detected a formatted string in a SQL statement. This could lead to SQL injection if variables in the SQL statement are not properly sanitized. Use a prepared statements (java.sql.PreparedStatement) instead. You can obtain a PreparedStatement using 'connection.prepareStatement'.,0.490638252758374,P3 - Medium (ML Moderate / Needs Review),data/benchmark/src/main/java/org/owasp/benchmark/testcode/BenchmarkTest00343.java,65
BenchmarkTest00344,0,CWE-89,2,1,1,0.5746,Detected input from a HTTPServletRequest going into a SQL sink or statement. This could lead to SQL injection if variables in the SQL statement are not properly sanitized. Use parameterized SQL queries or properly sanitize user input instead.,0.6315115188114625,P3 - Medium (ML Moderate / Needs Review),data/benchmark/src/main/java/org/owasp/benchmark/testcode/BenchmarkTest00344.java,63
BenchmarkTest00345,0,CWE-327,0,0,0,0.9046,,0.09852596288884,P4 - Low (ML Suppressed / Likely False Alarm),,
BenchmarkTest00346,1,CWE-328,2,1,1,1.0,"Detected SHA1 hash algorithm which is considered insecure. SHA1 is not collision resistant and is therefore not suitable as a cryptographic signature. Instead, use PBKDF2 for password hashing or SHA256 or SHA512 for other hash function applications.",0.9983424470266575,P1 - Critical (ML High-Confidence Vulnerability),data/benchmark/src/main/java/org/owasp/benchmark/testcode/BenchmarkTest00346.java,53
BenchmarkTest00347,1,CWE-330,2,1,1,1.0,"Detected use of the functions `Math.random()` or `java.util.Random()`. These are both not cryptographically strong random number generators (RNGs). If you are using these RNGs to create passwords or secret tokens, use `java.security.SecureRandom` instead.",1.0,P1 - Critical (ML High-Confidence Vulnerability),data/benchmark/src/main/java/org/owasp/benchmark/testcode/BenchmarkTest00347.java,47
BenchmarkTest00348,1,CWE-614,1,1,0,1.0,A cookie was detected without setting the 'secure' flag. The 'secure' flag for cookies prevents the client from transmitting the cookie over insecure channels such as HTTP. Set the 'secure' flag by calling 'cookie.setSecure(true);',0.9125201649560278,P1 - Critical (ML High-Confidence Vulnerability),data/benchmark/src/main/java/org/owasp/benchmark/testcode/BenchmarkTest00348.java,64
BenchmarkTest00349,0,CWE-330,0,0,0,1.0,,0.03391968678800127,P4 - Low (ML Suppressed / Likely False Alarm),,
BenchmarkTest00350,0,CWE-327,0,0,0,0.9046,,0.09462285501385369,P4 - Low (ML Suppressed / Likely False Alarm),,
BenchmarkTest00351,0,CWE-327,0,0,0,0.9046,,0.09462285501385369,P4 - Low (ML Suppressed / Likely False Alarm),,
BenchmarkTest00352,0,CWE-327,0,0,0,0.9046,,0.09015572836705343,P4 - Low (ML Suppressed / Likely False Alarm),,
BenchmarkTest00353,0,CWE-327,0,0,0,0.9046,,0.09852596288884,P4 - Low (ML Suppressed / Likely False Alarm),,
BenchmarkTest00354,1,CWE-327,1,1,1,0.9046,Triple DES (3DES or DESede) is considered deprecated. AES is the recommended cipher. Upgrade to use AES.,0.960271073167773,P1 - Critical (ML High-Confidence Vulnerability),data/benchmark/src/main/java/org/owasp/benchmark/testcode/BenchmarkTest00354.java,63
BenchmarkTest00355,1,CWE-327,1,1,1,0.9046,Triple DES (3DES or DESede) is considered deprecated. AES is the recommended cipher. Upgrade to use AES.,0.9653792423396194,P1 - Critical (ML High-Confidence Vulnerability),data/benchmark/src/main/java/org/owasp/benchmark/testcode/BenchmarkTest00355.java,76
BenchmarkTest00356,1,CWE-327,1,1,1,0.9046,Triple DES (3DES or DESede) is considered deprecated. AES is the recommended cipher. Upgrade to use AES.,0.957153376753586,P1 - Critical (ML High-Confidence Vulnerability),data/benchmark/src/main/java/org/owasp/benchmark/testcode/BenchmarkTest00356.java,61
BenchmarkTest00357,0,CWE-327,1,0,1,0.9046,Use a secure cipher mode.,0.1391230575322935,P4 - Low (ML Suppressed / Likely False Alarm),owasp-benchmark:data/benchmark/src/main/java/org/owasp/benchmark/testcode/BenchmarkTest00357.java,63
BenchmarkTest00358,0,CWE-327,1,0,1,0.9046,Use a secure cipher mode.,0.14797288546515752,P4 - Low (ML Suppressed / Likely False Alarm),owasp-benchmark:data/benchmark/src/main/java/org/owasp/benchmark/testcode/BenchmarkTest00358.java,64
BenchmarkTest00359,1,CWE-22,1,1,0,0.531,"Detected a potential path traversal. A malicious actor could control the location of this file, to include going backwards in the directory with '../'. To address this, ensure that user-controlled variables in file paths are sanitized. You may also consider using a utility method such as org.apache.commons.io.FilenameUtils.getName(...) to only retrieve the file name from the path.",0.5402428179282152,P3 - Medium (ML Moderate / Needs Review),data/benchmark/src/main/java/org/owasp/benchmark/testcode/BenchmarkTest00359.java,53
BenchmarkTest00360,1,CWE-22,1,1,0,0.531,"Detected a potential path traversal. A malicious actor could control the location of this file, to include going backwards in the directory with '../'. To address this, ensure that user-controlled variables in file paths are sanitized. You may also consider using a utility method such as org.apache.commons.io.FilenameUtils.getName(...) to only retrieve the file name from the path.",0.5305215095490278,P3 - Medium (ML Moderate / Needs Review),data/benchmark/src/main/java/org/owasp/benchmark/testcode/BenchmarkTest00360.java,60
BenchmarkTest00361,0,CWE-22,1,1,0,0.531,"Detected a potential path traversal. A malicious actor could control the location of this file, to include going backwards in the directory with '../'. To address this, ensure that user-controlled variables in file paths are sanitized. You may also consider using a utility method such as org.apache.commons.io.FilenameUtils.getName(...) to only retrieve the file name from the path.",0.5402428179282152,P3 - Medium (ML Moderate / Needs Review),data/benchmark/src/main/java/org/owasp/benchmark/testcode/BenchmarkTest00361.java,72
BenchmarkTest00362,1,CWE-22,1,1,0,0.531,"Detected a potential path traversal. A malicious actor could control the location of this file, to include going backwards in the directory with '../'. To address this, ensure that user-controlled variables in file paths are sanitized. You may also consider using a utility method such as org.apache.commons.io.FilenameUtils.getName(...) to only retrieve the file name from the path.",0.5349061735858125,P3 - Medium (ML Moderate / Needs Review),data/benchmark/src/main/java/org/owasp/benchmark/testcode/BenchmarkTest00362.java,54
BenchmarkTest00363,1,CWE-22,1,1,0,0.531,"Detected a potential path traversal. A malicious actor could control the location of this file, to include going backwards in the directory with '../'. To address this, ensure that user-controlled variables in file paths are sanitized. You may also consider using a utility method such as org.apache.commons.io.FilenameUtils.getName(...) to only retrieve the file name from the path.",0.5394645256012154,P3 - Medium (ML Moderate / Needs Review),data/benchmark/src/main/java/org/owasp/benchmark/testcode/BenchmarkTest00363.java,59
BenchmarkTest00364,0,CWE-22,0,0,0,0.531,,0.18290078389950165,P4 - Low (ML Suppressed / Likely False Alarm),,
BenchmarkTest00365,0,CWE-22,0,0,0,0.531,,0.18989096481216886,P4 - Low (ML Suppressed / Likely False Alarm),,
BenchmarkTest00366,0,CWE-22,0,0,0,0.531,,0.224123110314026,P4 - Low (ML Suppressed / Likely False Alarm),,
BenchmarkTest00367,0,CWE-90,0,0,0,0.4815,,0.27677041365940996,P4 - Low (ML Suppressed / Likely False Alarm),,
BenchmarkTest00368,1,CWE-330,2,1,1,1.0,"Detected use of the functions `Math.random()` or `java.util.Random()`. These are both not cryptographically strong random number generators (RNGs). If you are using these RNGs to create passwords or secret tokens, use `java.security.SecureRandom` instead.",0.9995641025641026,P1 - Critical (ML High-Confidence Vulnerability),data/benchmark/src/main/java/org/owasp/benchmark/testcode/BenchmarkTest00368.java,48
BenchmarkTest00369,1,CWE-330,2,1,1,1.0,"Detected use of the functions `Math.random()` or `java.util.Random()`. These are both not cryptographically strong random number generators (RNGs). If you are using these RNGs to create passwords or secret tokens, use `java.security.SecureRandom` instead.",1.0,P1 - Critical (ML High-Confidence Vulnerability),data/benchmark/src/main/java/org/owasp/benchmark/testcode/BenchmarkTest00369.java,51
BenchmarkTest00370,0,CWE-328,0,0,0,1.0,,0.25279536684003723,P4 - Low (ML Suppressed / Likely False Alarm),,
BenchmarkTest00371,1,CWE-328,2,1,1,1.0,"Detected SHA1 hash algorithm which is considered insecure. SHA1 is not collision resistant and is therefore not suitable as a cryptographic signature. Instead, use PBKDF2 for password hashing or SHA256 or SHA512 for other hash function applications.",0.997774524693956,P1 - Critical (ML High-Confidence Vulnerability),data/benchmark/src/main/java/org/owasp/benchmark/testcode/BenchmarkTest00371.java,54
BenchmarkTest00372,1,CWE-328,2,1,1,1.0,Detected MD5 hash algorithm which is considered insecure. MD5 is not collision resistant and is therefore not suitable as a cryptographic signature. Use HMAC instead.,0.9983424470266575,P1 - Critical (ML High-Confidence Vulnerability),data/benchmark/src/main/java/org/owasp/benchmark/testcode/BenchmarkTest00372.java,54
BenchmarkTest00373,0,CWE-328,0,0,0,1.0,,0.25279536684003723,P4 - Low (ML Suppressed / Likely False Alarm),,
BenchmarkTest00374,1,CWE-328,0,0,0,1.0,,0.23782332489730076,P4 - Low (ML Suppressed / Likely False Alarm),,
BenchmarkTest00375,1,CWE-79,1,1,0,0.6516,"Detected a request with potential user-input going into a OutputStream or Writer object. This bypasses any view or template environments, including HTML escaping, which may expose this application to cross-site scripting (XSS) vulnerabilities. Consider using a view technology such as JavaServer Faces (JSFs) which automatically escapes HTML views.",0.6221848022643229,P3 - Medium (ML Moderate / Needs Review),data/benchmark/src/main/java/org/owasp/benchmark/testcode/BenchmarkTest00375.java,51
BenchmarkTest00376,1,CWE-79,1,1,0,0.6516,"Detected a request with potential user-input going into a OutputStream or Writer object. This bypasses any view or template environments, including HTML escaping, which may expose this application to cross-site scripting (XSS) vulnerabilities. Consider using a view technology such as JavaServer Faces (JSFs) which automatically escapes HTML views.",0.6606354491638398,P2 - High (ML Probable Vulnerability),data/benchmark/src/main/java/org/owasp/benchmark/testcode/BenchmarkTest00376.java,55
BenchmarkTest00377,0,CWE-79,0,0,0,0.6516,,0.313915809627834,P4 - Low (ML Suppressed / Likely False Alarm),,
BenchmarkTest00378,1,CWE-79,1,1,0,0.6516,"Detected a request with potential user-input going into a OutputStream or Writer object. This bypasses any view or template environments, including HTML escaping, which may expose this application to cross-site scripting (XSS) vulnerabilities. Consider using a view technology such as JavaServer Faces (JSFs) which automatically escapes HTML views.",0.6691842611085874,P2 - High (ML Probable Vulnerability),data/benchmark/src/main/java/org/owasp/benchmark/testcode/BenchmarkTest00378.java,51
BenchmarkTest00379,0,CWE-79,0,0,0,0.6516,,0.278739919364882,P4 - Low (ML Suppressed / Likely False Alarm),,
BenchmarkTest00380,1,CWE-79,1,1,0,0.6516,"Detected a request with potential user-input going into a OutputStream or Writer object. This bypasses any view or template environments, including HTML escaping, which may expose this application to cross-site scripting (XSS) vulnerabilities. Consider using a view technology such as JavaServer Faces (JSFs) which automatically escapes HTML views.",0.6221848022643229,P3 - Medium (ML Moderate / Needs Review),data/benchmark/src/main/java/org/owasp/benchmark/testcode/BenchmarkTest00380.java,68
BenchmarkTest00381,0,CWE-79,0,0,0,0.6516,,0.278739919364882,P4 - Low (ML Suppressed / Likely False Alarm),,
BenchmarkTest00382,1,CWE-79,0,0,0,0.6516,,0.24970671366531938,P4 - Low (ML Suppressed / Likely False Alarm),,
BenchmarkTest00383,1,CWE-79,0,0,0,0.6516,,0.2300172252494595,P4 - Low (ML Suppressed / Likely False Alarm),,
BenchmarkTest00384,1,CWE-79,1,1,0,0.6516,"Detected a request with potential user-input going into a OutputStream or Writer object. This bypasses any view or template environments, including HTML escaping, which may expose this application to cross-site scripting (XSS) vulnerabilities. Consider using a view technology such as JavaServer Faces (JSFs) which automatically escapes HTML views.",0.6221848022643229,P3 - Medium (ML Moderate / Needs Review),data/benchmark/src/main/java/org/owasp/benchmark/testcode/BenchmarkTest00384.java,52
BenchmarkTest00385,1,CWE-79,0,0,0,0.6516,,0.24970671366531938,P4 - Low (ML Suppressed / Likely False Alarm),,
BenchmarkTest00386,0,CWE-79,0,0,0,0.6516,,0.24970671366531938,P4 - Low (ML Suppressed / Likely False Alarm),,
BenchmarkTest00387,1,CWE-79,1,1,0,0.6516,"Detected a request with potential user-input going into a OutputStream or Writer object. This bypasses any view or template environments, including HTML escaping, which may expose this application to cross-site scripting (XSS) vulnerabilities. Consider using a view technology such as JavaServer Faces (JSFs) which automatically escapes HTML views.",0.6221848022643229,P3 - Medium (ML Moderate / Needs Review),data/benchmark/src/main/java/org/owasp/benchmark/testcode/BenchmarkTest00387.java,54
BenchmarkTest00388,1,CWE-79,1,1,0,0.6516,"Detected a request with potential user-input going into a OutputStream or Writer object. This bypasses any view or template environments, including HTML escaping, which may expose this application to cross-site scripting (XSS) vulnerabilities. Consider using a view technology such as JavaServer Faces (JSFs) which automatically escapes HTML views.",0.6691842611085874,P2 - High (ML Probable Vulnerability),data/benchmark/src/main/java/org/owasp/benchmark/testcode/BenchmarkTest00388.java,50
BenchmarkTest00389,0,CWE-79,0,0,0,0.6516,,0.278739919364882,P4 - Low (ML Suppressed / Likely False Alarm),,
BenchmarkTest00390,1,CWE-79,1,1,0,0.6516,"Detected a request with potential user-input going into a OutputStream or Writer object. This bypasses any view or template environments, including HTML escaping, which may expose this application to cross-site scripting (XSS) vulnerabilities. Consider using a view technology such as JavaServer Faces (JSFs) which automatically escapes HTML views.",0.6221848022643229,P3 - Medium (ML Moderate / Needs Review),data/benchmark/src/main/java/org/owasp/benchmark/testcode/BenchmarkTest00390.java,56
BenchmarkTest00391,0,CWE-79,0,0,0,0.6516,,0.24970671366531938,P4 - Low (ML Suppressed / Likely False Alarm),,
BenchmarkTest00392,1,CWE-79,1,1,0,0.6516,"Detected a request with potential user-input going into a OutputStream or Writer object. This bypasses any view or template environments, including HTML escaping, which may expose this application to cross-site scripting (XSS) vulnerabilities. Consider using a view technology such as JavaServer Faces (JSFs) which automatically escapes HTML views.",0.6447716715602264,P3 - Medium (ML Moderate / Needs Review),data/benchmark/src/main/java/org/owasp/benchmark/testcode/BenchmarkTest00392.java,56
BenchmarkTest00393,0,CWE-79,1,1,0,0.6516,"Detected a request with potential user-input going into a OutputStream or Writer object. This bypasses any view or template environments, including HTML escaping, which may expose this application to cross-site scripting (XSS) vulnerabilities. Consider using a view technology such as JavaServer Faces (JSFs) which automatically escapes HTML views.",0.6447716715602264,P3 - Medium (ML Moderate / Needs Review),data/benchmark/src/main/java/org/owasp/benchmark/testcode/BenchmarkTest00393.java,54
BenchmarkTest00394,0,CWE-79,0,0,0,0.6516,,0.278739919364882,P4 - Low (ML Suppressed / Likely False Alarm),,
BenchmarkTest00395,1,CWE-79,1,1,0,0.6516,"Detected a request with potential user-input going into a OutputStream or Writer object. This bypasses any view or template environments, including HTML escaping, which may expose this application to cross-site scripting (XSS) vulnerabilities. Consider using a view technology such as JavaServer Faces (JSFs) which automatically escapes HTML views.",0.6447716715602264,P3 - Medium (ML Moderate / Needs Review),data/benchmark/src/main/java/org/owasp/benchmark/testcode/BenchmarkTest00395.java,53
BenchmarkTest00396,0,CWE-78,1,1,0,0.5177,A formatted or concatenated string was detected as input to a ProcessBuilder call. This is dangerous if a variable is controlled by user input and could result in a command injection. Ensure your variables are not controlled by users or sufficiently sanitized.,0.36631058935432764,P4 - Low (ML Suppressed / Likely False Alarm),data/benchmark/src/main/java/org/owasp/benchmark/testcode/BenchmarkTest00396.java,67
BenchmarkTest00397,1,CWE-330,2,1,1,1.0,"Detected use of the functions `Math.random()` or `java.util.Random()`. These are both not cryptographically strong random number generators (RNGs). If you are using these RNGs to create passwords or secret tokens, use `java.security.SecureRandom` instead.",1.0,P1 - Critical (ML High-Confidence Vulnerability),data/benchmark/src/main/java/org/owasp/benchmark/testcode/BenchmarkTest00397.java,50
BenchmarkTest00398,1,CWE-330,2,1,1,1.0,"Detected use of the functions `Math.random()` or `java.util.Random()`. These are both not cryptographically strong random number generators (RNGs). If you are using these RNGs to create passwords or secret tokens, use `java.security.SecureRandom` instead.",1.0,P1 - Critical (ML High-Confidence Vulnerability),data/benchmark/src/main/java/org/owasp/benchmark/testcode/BenchmarkTest00398.java,54
BenchmarkTest00399,1,CWE-330,2,1,1,1.0,"Detected use of the functions `Math.random()` or `java.util.Random()`. These are both not cryptographically strong random number generators (RNGs). If you are using these RNGs to create passwords or secret tokens, use `java.security.SecureRandom` instead.",0.9995641025641026,P1 - Critical (ML High-Confidence Vulnerability),data/benchmark/src/main/java/org/owasp/benchmark/testcode/BenchmarkTest00399.java,69
BenchmarkTest00400,1,CWE-330,2,1,1,1.0,"Detected use of the functions `Math.random()` or `java.util.Random()`. These are both not cryptographically strong random number generators (RNGs). If you are using these RNGs to create passwords or secret tokens, use `java.security.SecureRandom` instead.",1.0,P1 - Critical (ML High-Confidence Vulnerability),data/benchmark/src/main/java/org/owasp/benchmark/testcode/BenchmarkTest00400.java,67
BenchmarkTest00401,1,CWE-330,2,1,1,1.0,"Detected use of the functions `Math.random()` or `java.util.Random()`. These are both not cryptographically strong random number generators (RNGs). If you are using these RNGs to create passwords or secret tokens, use `java.security.SecureRandom` instead.",0.9995641025641026,P1 - Critical (ML High-Confidence Vulnerability),data/benchmark/src/main/java/org/owasp/benchmark/testcode/BenchmarkTest00401.java,55
BenchmarkTest00402,1,CWE-330,2,1,1,1.0,"Detected use of the functions `Math.random()` or `java.util.Random()`. These are both not cryptographically strong random number generators (RNGs). If you are using these RNGs to create passwords or secret tokens, use `java.security.SecureRandom` instead.",1.0,P1 - Critical (ML High-Confidence Vulnerability),data/benchmark/src/main/java/org/owasp/benchmark/testcode/BenchmarkTest00402.java,52
BenchmarkTest00403,1,CWE-614,1,1,0,1.0,A cookie was detected without setting the 'secure' flag. The 'secure' flag for cookies prevents the client from transmitting the cookie over insecure channels such as HTTP. Set the 'secure' flag by calling 'cookie.setSecure(true);',0.9627534145944583,P1 - Critical (ML High-Confidence Vulnerability),data/benchmark/src/main/java/org/owasp/benchmark/testcode/BenchmarkTest00403.java,70
BenchmarkTest00404,0,CWE-614,0,0,0,1.0,,0.11559067511198239,P4 - Low (ML Suppressed / Likely False Alarm),,
BenchmarkTest00405,0,CWE-614,0,0,0,1.0,,0.1432577520584313,P4 - Low (ML Suppressed / Likely False Alarm),,
BenchmarkTest00406,0,CWE-78,1,1,0,0.5177,"Detected input from a HTTPServletRequest going into a 'ProcessBuilder' or 'exec' command. This could lead to command injection if variables passed into the exec commands are not properly sanitized. Instead, avoid using these OS commands with user-supplied input, or, if you must use these commands, use a whitelist of specific values.",0.5089059229256337,P3 - Medium (ML Moderate / Needs Review),data/benchmark/src/main/java/org/owasp/benchmark/testcode/BenchmarkTest00406.java,74
BenchmarkTest00407,1,CWE-78,0,0,0,0.5177,,0.2929514672781985,P4 - Low (ML Suppressed / Likely False Alarm),,
BenchmarkTest00408,0,CWE-78,1,1,0,0.5177,"Detected input from a HTTPServletRequest going into a 'ProcessBuilder' or 'exec' command. This could lead to command injection if variables passed into the exec commands are not properly sanitized. Instead, avoid using these OS commands with user-supplied input, or, if you must use these commands, use a whitelist of specific values.",0.5089059229256337,P3 - Medium (ML Moderate / Needs Review),data/benchmark/src/main/java/org/owasp/benchmark/testcode/BenchmarkTest00408.java,76
BenchmarkTest00409,1,CWE-78,1,1,0,0.5177,"Detected input from a HTTPServletRequest going into a 'ProcessBuilder' or 'exec' command. This could lead to command injection if variables passed into the exec commands are not properly sanitized. Instead, avoid using these OS commands with user-supplied input, or, if you must use these commands, use a whitelist of specific values.",0.5444416118463504,P3 - Medium (ML Moderate / Needs Review),data/benchmark/src/main/java/org/owasp/benchmark/testcode/BenchmarkTest00409.java,90
BenchmarkTest00410,0,CWE-78,0,0,0,0.5177,,0.2379161695566691,P4 - Low (ML Suppressed / Likely False Alarm),,
BenchmarkTest00411,0,CWE-78,0,0,0,0.5177,,0.25757145186081115,P4 - Low (ML Suppressed / Likely False Alarm),,
BenchmarkTest00412,0,CWE-78,0,0,0,0.5177,,0.25757145186081115,P4 - Low (ML Suppressed / Likely False Alarm),,
BenchmarkTest00413,0,CWE-330,0,0,0,1.0,,0.037636823716155926,P4 - Low (ML Suppressed / Likely False Alarm),,
BenchmarkTest00414,0,CWE-330,0,0,0,1.0,,0.0331840260624013,P4 - Low (ML Suppressed / Likely False Alarm),,
BenchmarkTest00415,0,CWE-330,0,0,0,1.0,,0.04325014794951732,P4 - Low (ML Suppressed / Likely False Alarm),,
BenchmarkTest00416,0,CWE-330,0,0,0,1.0,,0.0331840260624013,P4 - Low (ML Suppressed / Likely False Alarm),,
BenchmarkTest00417,0,CWE-330,0,0,0,1.0,,0.04325014794951732,P4 - Low (ML Suppressed / Likely False Alarm),,
BenchmarkTest00418,0,CWE-330,0,0,0,1.0,,0.04325014794951732,P4 - Low (ML Suppressed / Likely False Alarm),,
BenchmarkTest00419,0,CWE-330,0,0,0,1.0,,0.03391968678800127,P4 - Low (ML Suppressed / Likely False Alarm),,
BenchmarkTest00420,0,CWE-330,0,0,0,1.0,,0.0331840260624013,P4 - Low (ML Suppressed / Likely False Alarm),,
BenchmarkTest00421,0,CWE-330,0,0,0,1.0,,0.0331840260624013,P4 - Low (ML Suppressed / Likely False Alarm),,
BenchmarkTest00422,0,CWE-330,0,0,0,1.0,,0.03391968678800127,P4 - Low (ML Suppressed / Likely False Alarm),,
BenchmarkTest00423,0,CWE-330,0,0,0,1.0,,0.037636823716155926,P4 - Low (ML Suppressed / Likely False Alarm),,
BenchmarkTest00424,1,CWE-501,1,1,0,0.7234,"Detected input from a HTTPServletRequest going into a session command, like `setAttribute`. User input into such a command could lead to an attacker inputting malicious code into your session parameters, blurring the line between what's trusted and untrusted, and therefore leading to a trust boundary violation. This could lead to programmers trusting unvalidated data. Instead, thoroughly sanitize user input before passing it into such function calls.",0.6568111284096806,P2 - High (ML Probable Vulnerability),data/benchmark/src/main/java/org/owasp/benchmark/testcode/BenchmarkTest00424.java,56
BenchmarkTest00425,1,CWE-501,1,1,0,0.7234,"Detected input from a HTTPServletRequest going into a session command, like `setAttribute`. User input into such a command could lead to an attacker inputting malicious code into your session parameters, blurring the line between what's trusted and untrusted, and therefore leading to a trust boundary violation. This could lead to programmers trusting unvalidated data. Instead, thoroughly sanitize user input before passing it into such function calls.",0.6568111284096806,P2 - High (ML Probable Vulnerability),data/benchmark/src/main/java/org/owasp/benchmark/testcode/BenchmarkTest00425.java,50
BenchmarkTest00426,1,CWE-501,1,1,0,0.7234,"Detected a request with potential user-input going into a OutputStream or Writer object. This bypasses any view or template environments, including HTML escaping, which may expose this application to cross-site scripting (XSS) vulnerabilities. Consider using a view technology such as JavaServer Faces (JSFs) which automatically escapes HTML views.",0.7360201729654304,P2 - High (ML Probable Vulnerability),data/benchmark/src/main/java/org/owasp/benchmark/testcode/BenchmarkTest00426.java,56
BenchmarkTest00427,1,CWE-501,0,0,0,0.7234,,0.33174281572012776,P4 - Low (ML Suppressed / Likely False Alarm),,
BenchmarkTest00428,1,CWE-89,1,0,1,0.5746,Make sure using a dynamically formatted SQL query is safe here.,0.3049585907793266,P4 - Low (ML Suppressed / Likely False Alarm),owasp-benchmark:data/benchmark/src/main/java/org/owasp/benchmark/testcode/BenchmarkTest00428.java,63
BenchmarkTest00429,1,CWE-89,2,1,1,0.5746,Detected input from a HTTPServletRequest going into a SQL sink or statement. This could lead to SQL injection if variables in the SQL statement are not properly sanitized. Use parameterized SQL queries or properly sanitize user input instead.,0.6161353418384643,P3 - Medium (ML Moderate / Needs Review),data/benchmark/src/main/java/org/owasp/benchmark/testcode/BenchmarkTest00429.java,58
BenchmarkTest00430,0,CWE-89,2,1,1,0.5746,Detected input from a HTTPServletRequest going into a SQL sink or statement. This could lead to SQL injection if variables in the SQL statement are not properly sanitized. Use parameterized SQL queries or properly sanitize user input instead.,0.6050253134234014,P3 - Medium (ML Moderate / Needs Review),data/benchmark/src/main/java/org/owasp/benchmark/testcode/BenchmarkTest00430.java,58
BenchmarkTest00431,1,CWE-89,1,1,0,0.5746,Detected input from a HTTPServletRequest going into a SQL sink or statement. This could lead to SQL injection if variables in the SQL statement are not properly sanitized. Use parameterized SQL queries or properly sanitize user input instead.,0.6393503814415632,P3 - Medium (ML Moderate / Needs Review),data/benchmark/src/main/java/org/owasp/benchmark/testcode/BenchmarkTest00431.java,55
BenchmarkTest00432,0,CWE-89,0,0,0,0.5746,,0.21771025903164282,P4 - Low (ML Suppressed / Likely False Alarm),,
BenchmarkTest00433,1,CWE-89,1,1,0,0.5746,Detected input from a HTTPServletRequest going into a SQL sink or statement. This could lead to SQL injection if variables in the SQL statement are not properly sanitized. Use parameterized SQL queries or properly sanitize user input instead.,0.6371570818030259,P3 - Medium (ML Moderate / Needs Review),data/benchmark/src/main/java/org/owasp/benchmark/testcode/BenchmarkTest00433.java,56
BenchmarkTest00434,1,CWE-89,1,1,0,0.5746,Detected input from a HTTPServletRequest going into a SQL sink or statement. This could lead to SQL injection if variables in the SQL statement are not properly sanitized. Use parameterized SQL queries or properly sanitize user input instead.,0.6382802301796155,P3 - Medium (ML Moderate / Needs Review),data/benchmark/src/main/java/org/owasp/benchmark/testcode/BenchmarkTest00434.java,53
BenchmarkTest00435,1,CWE-89,2,1,1,0.5746,Detected a formatted string in a SQL statement. This could lead to SQL injection if variables in the SQL statement are not properly sanitized. Use a prepared statements (java.sql.PreparedStatement) instead. You can obtain a PreparedStatement using 'connection.prepareStatement'.,0.490638252758374,P3 - Medium (ML Moderate / Needs Review),data/benchmark/src/main/java/org/owasp/benchmark/testcode/BenchmarkTest00435.java,58
BenchmarkTest00436,0,CWE-89,2,1,1,0.5746,Detected a formatted string in a SQL statement. This could lead to SQL injection if variables in the SQL statement are not properly sanitized. Use a prepared statements (java.sql.PreparedStatement) instead. You can obtain a PreparedStatement using 'connection.prepareStatement'.,0.5278626301234679,P3 - Medium (ML Moderate / Needs Review),data/benchmark/src/main/java/org/owasp/benchmark/testcode/BenchmarkTest00436.java,58
BenchmarkTest00437,0,CWE-89,2,1,1,0.5746,Detected a formatted string in a SQL statement. This could lead to SQL injection if variables in the SQL statement are not properly sanitized. Use a prepared statements (java.sql.PreparedStatement) instead. You can obtain a PreparedStatement using 'connection.prepareStatement'.,0.5476500971406442,P3 - Medium (ML Moderate / Needs Review),data/benchmark/src/main/java/org/owasp/benchmark/testcode/BenchmarkTest00437.java,58
BenchmarkTest00438,1,CWE-89,2,1,1,0.5746,Detected a formatted string in a SQL statement. This could lead to SQL injection if variables in the SQL statement are not properly sanitized. Use a prepared statements (java.sql.PreparedStatement) instead. You can obtain a PreparedStatement using 'connection.prepareStatement'.,0.5476500971406442,P3 - Medium (ML Moderate / Needs Review),data/benchmark/src/main/java/org/owasp/benchmark/testcode/BenchmarkTest00438.java,58
BenchmarkTest00439,1,CWE-89,2,1,1,0.5746,Detected input from a HTTPServletRequest going into a SQL sink or statement. This could lead to SQL injection if variables in the SQL statement are not properly sanitized. Use parameterized SQL queries or properly sanitize user input instead.,0.6050253134234014,P3 - Medium (ML Moderate / Needs Review),data/benchmark/src/main/java/org/owasp/benchmark/testcode/BenchmarkTest00439.java,51
BenchmarkTest00440,0,CWE-89,2,1,1,0.5746,Detected a formatted string in a SQL statement. This could lead to SQL injection if variables in the SQL statement are not properly sanitized. Use a prepared statements (java.sql.PreparedStatement) instead. You can obtain a PreparedStatement using 'connection.prepareStatement'.,0.46739305534568415,P3 - Medium (ML Moderate / Needs Review),data/benchmark/src/main/java/org/owasp/benchmark/testcode/BenchmarkTest00440.java,59
BenchmarkTest00441,1,CWE-89,2,1,1,0.5746,Detected input from a HTTPServletRequest going into a SQL sink or statement. This could lead to SQL injection if variables in the SQL statement are not properly sanitized. Use parameterized SQL queries or properly sanitize user input instead.,0.6050253134234014,P3 - Medium (ML Moderate / Needs Review),data/benchmark/src/main/java/org/owasp/benchmark/testcode/BenchmarkTest00441.java,53
BenchmarkTest00442,1,CWE-643,1,1,0,0.5185,"Detected input from a HTTPServletRequest going into a XPath evaluate or compile command. This could lead to xpath injection if variables passed into the evaluate or compile commands are not properly sanitized. Xpath injection could lead to unauthorized access to sensitive information in XML documents. Instead, thoroughly sanitize user input or use parameterized xpath queries if you can.",0.5218271178138495,P3 - Medium (ML Moderate / Needs Review),data/benchmark/src/main/java/org/owasp/benchmark/testcode/BenchmarkTest00442.java,68
BenchmarkTest00443,0,CWE-327,0,0,0,0.9046,,0.09462285501385369,P4 - Low (ML Suppressed / Likely False Alarm),,
BenchmarkTest00444,0,CWE-327,0,0,0,0.9046,,0.09462285501385369,P4 - Low (ML Suppressed / Likely False Alarm),,
BenchmarkTest00445,1,CWE-327,2,1,1,0.9046,DES is considered deprecated. AES is the recommended cipher. Upgrade to use AES. See https://www.nist.gov/news-events/news/2005/06/nist-withdraws-outdated-data-encryption-standard for more information.,0.9895465333843201,P1 - Critical (ML High-Confidence Vulnerability),data/benchmark/src/main/java/org/owasp/benchmark/testcode/BenchmarkTest00445.java,83
BenchmarkTest00446,1,CWE-327,2,1,1,0.9046,DES is considered deprecated. AES is the recommended cipher. Upgrade to use AES. See https://www.nist.gov/news-events/news/2005/06/nist-withdraws-outdated-data-encryption-standard for more information.,0.9640713509849929,P1 - Critical (ML High-Confidence Vulnerability),data/benchmark/src/main/java/org/owasp/benchmark/testcode/BenchmarkTest00446.java,68
BenchmarkTest00447,0,CWE-327,0,0,0,0.9046,,0.08362763156367758,P4 - Low (ML Suppressed / Likely False Alarm),,
BenchmarkTest00448,1,CWE-327,1,1,1,0.9046,Triple DES (3DES or DESede) is considered deprecated. AES is the recommended cipher. Upgrade to use AES.,0.984312041628401,P1 - Critical (ML High-Confidence Vulnerability),data/benchmark/src/main/java/org/owasp/benchmark/testcode/BenchmarkTest00448.java,65
BenchmarkTest00449,1,CWE-327,1,1,1,0.9046,Triple DES (3DES or DESede) is considered deprecated. AES is the recommended cipher. Upgrade to use AES.,0.984312041628401,P1 - Critical (ML High-Confidence Vulnerability),data/benchmark/src/main/java/org/owasp/benchmark/testcode/BenchmarkTest00449.java,63
BenchmarkTest00450,0,CWE-327,1,0,1,0.9046,Use a secure cipher mode.,0.14726906733331507,P4 - Low (ML Suppressed / Likely False Alarm),owasp-benchmark:data/benchmark/src/main/java/org/owasp/benchmark/testcode/BenchmarkTest00450.java,87
BenchmarkTest00451,0,CWE-327,1,0,1,0.9046,Use a secure cipher mode.,0.15132858978777353,P4 - Low (ML Suppressed / Likely False Alarm),owasp-benchmark:data/benchmark/src/main/java/org/owasp/benchmark/testcode/BenchmarkTest00451.java,72
BenchmarkTest00452,1,CWE-22,1,1,0,0.531,"Detected a potential path traversal. A malicious actor could control the location of this file, to include going backwards in the directory with '../'. To address this, ensure that user-controlled variables in file paths are sanitized. You may also consider using a utility method such as org.apache.commons.io.FilenameUtils.getName(...) to only retrieve the file name from the path.",0.5349061735858125,P3 - Medium (ML Moderate / Needs Review),data/benchmark/src/main/java/org/owasp/benchmark/testcode/BenchmarkTest00452.java,59
BenchmarkTest00453,1,CWE-22,1,1,0,0.531,"Detected a potential path traversal. A malicious actor could control the location of this file, to include going backwards in the directory with '../'. To address this, ensure that user-controlled variables in file paths are sanitized. You may also consider using a utility method such as org.apache.commons.io.FilenameUtils.getName(...) to only retrieve the file name from the path.",0.5349061735858125,P3 - Medium (ML Moderate / Needs Review),data/benchmark/src/main/java/org/owasp/benchmark/testcode/BenchmarkTest00453.java,79
BenchmarkTest00454,0,CWE-22,1,1,0,0.531,"Detected a potential path traversal. A malicious actor could control the location of this file, to include going backwards in the directory with '../'. To address this, ensure that user-controlled variables in file paths are sanitized. You may also consider using a utility method such as org.apache.commons.io.FilenameUtils.getName(...) to only retrieve the file name from the path.",0.5305215095490278,P3 - Medium (ML Moderate / Needs Review),data/benchmark/src/main/java/org/owasp/benchmark/testcode/BenchmarkTest00454.java,62
BenchmarkTest00455,1,CWE-22,1,1,0,0.531,"Detected a potential path traversal. A malicious actor could control the location of this file, to include going backwards in the directory with '../'. To address this, ensure that user-controlled variables in file paths are sanitized. You may also consider using a utility method such as org.apache.commons.io.FilenameUtils.getName(...) to only retrieve the file name from the path.",0.5394645256012154,P3 - Medium (ML Moderate / Needs Review),data/benchmark/src/main/java/org/owasp/benchmark/testcode/BenchmarkTest00455.java,64
BenchmarkTest00456,1,CWE-22,0,0,0,0.531,,0.2141818275976563,P4 - Low (ML Suppressed / Likely False Alarm),,
BenchmarkTest00457,1,CWE-22,0,0,0,0.531,,0.224123110314026,P4 - Low (ML Suppressed / Likely False Alarm),,
BenchmarkTest00458,0,CWE-22,1,1,0,0.531,"Detected a potential path traversal. A malicious actor could control the location of this file, to include going backwards in the directory with '../'. To address this, ensure that user-controlled variables in file paths are sanitized. You may also consider using a utility method such as org.apache.commons.io.FilenameUtils.getName(...) to only retrieve the file name from the path.",0.5305215095490278,P3 - Medium (ML Moderate / Needs Review),data/benchmark/src/main/java/org/owasp/benchmark/testcode/BenchmarkTest00458.java,77
BenchmarkTest00459,1,CWE-22,1,1,0,0.531,"Detected a potential path traversal. A malicious actor could control the location of this file, to include going backwards in the directory with '../'. To address this, ensure that user-controlled variables in file paths are sanitized. You may also consider using a utility method such as org.apache.commons.io.FilenameUtils.getName(...) to only retrieve the file name from the path.",0.5305215095490278,P3 - Medium (ML Moderate / Needs Review),data/benchmark/src/main/java/org/owasp/benchmark/testcode/BenchmarkTest00459.java,65
BenchmarkTest00460,0,CWE-22,0,0,0,0.531,,0.224123110314026,P4 - Low (ML Suppressed / Likely False Alarm),,
BenchmarkTest00461,1,CWE-330,2,1,1,1.0,"Detected use of the functions `Math.random()` or `java.util.Random()`. These are both not cryptographically strong random number generators (RNGs). If you are using these RNGs to create passwords or secret tokens, use `java.security.SecureRandom` instead.",1.0,P1 - Critical (ML High-Confidence Vulnerability),data/benchmark/src/main/java/org/owasp/benchmark/testcode/BenchmarkTest00461.java,52
BenchmarkTest00462,1,CWE-328,2,1,1,1.0,"Detected SHA1 hash algorithm which is considered insecure. SHA1 is not collision resistant and is therefore not suitable as a cryptographic signature. Instead, use PBKDF2 for password hashing or SHA256 or SHA512 for other hash function applications.",0.9983424470266575,P1 - Critical (ML High-Confidence Vulnerability),data/benchmark/src/main/java/org/owasp/benchmark/testcode/BenchmarkTest00462.java,68
BenchmarkTest00463,0,CWE-328,0,0,0,1.0,,0.25279536684003723,P4 - Low (ML Suppressed / Likely False Alarm),,
BenchmarkTest00464,1,CWE-328,2,1,1,1.0,"Detected SHA1 hash algorithm which is considered insecure. SHA1 is not collision resistant and is therefore not suitable as a cryptographic signature. Instead, use PBKDF2 for password hashing or SHA256 or SHA512 for other hash function applications.",0.9983424470266575,P1 - Critical (ML High-Confidence Vulnerability),data/benchmark/src/main/java/org/owasp/benchmark/testcode/BenchmarkTest00464.java,56
BenchmarkTest00465,1,CWE-328,2,1,1,1.0,Detected MD5 hash algorithm which is considered insecure. MD5 is not collision resistant and is therefore not suitable as a cryptographic signature. Use HMAC instead.,0.9981800784924265,P1 - Critical (ML High-Confidence Vulnerability),data/benchmark/src/main/java/org/owasp/benchmark/testcode/BenchmarkTest00465.java,56
BenchmarkTest00466,0,CWE-328,0,0,0,1.0,,0.23782332489730076,P4 - Low (ML Suppressed / Likely False Alarm),,
BenchmarkTest00467,1,CWE-79,0,0,0,0.6516,,0.2659189177021378,P4 - Low (ML Suppressed / Likely False Alarm),,
BenchmarkTest00468,0,CWE-79,0,0,0,0.6516,,0.313915809627834,P4 - Low (ML Suppressed / Likely False Alarm),,
BenchmarkTest00469,0,CWE-79,1,1,0,0.6516,"Detected a request with potential user-input going into a OutputStream or Writer object. This bypasses any view or template environments, including HTML escaping, which may expose this application to cross-site scripting (XSS) vulnerabilities. Consider using a view technology such as JavaServer Faces (JSFs) which automatically escapes HTML views.",0.6588860833788427,P2 - High (ML Probable Vulnerability),data/benchmark/src/main/java/org/owasp/benchmark/testcode/BenchmarkTest00469.java,59
BenchmarkTest00470,0,CWE-79,0,0,0,0.6516,,0.313915809627834,P4 - Low (ML Suppressed / Likely False Alarm),,
BenchmarkTest00471,0,CWE-79,0,0,0,0.6516,,0.24970671366531938,P4 - Low (ML Suppressed / Likely False Alarm),,
BenchmarkTest00472,1,CWE-79,1,1,0,0.6516,"Detected a request with potential user-input going into a OutputStream or Writer object. This bypasses any view or template environments, including HTML escaping, which may expose this application to cross-site scripting (XSS) vulnerabilities. Consider using a view technology such as JavaServer Faces (JSFs) which automatically escapes HTML views.",0.6691842611085874,P2 - High (ML Probable Vulnerability),data/benchmark/src/main/java/org/owasp/benchmark/testcode/BenchmarkTest00472.java,59
BenchmarkTest00473,1,CWE-79,1,1,0,0.6516,"Detected a request with potential user-input going into a OutputStream or Writer object. This bypasses any view or template environments, including HTML escaping, which may expose this application to cross-site scripting (XSS) vulnerabilities. Consider using a view technology such as JavaServer Faces (JSFs) which automatically escapes HTML views.",0.6606354491638398,P2 - High (ML Probable Vulnerability),data/benchmark/src/main/java/org/owasp/benchmark/testcode/BenchmarkTest00473.java,61
BenchmarkTest00474,0,CWE-79,0,0,0,0.6516,,0.24970671366531938,P4 - Low (ML Suppressed / Likely False Alarm),,
BenchmarkTest00475,1,CWE-79,1,1,0,0.6516,"Detected a request with potential user-input going into a OutputStream or Writer object. This bypasses any view or template environments, including HTML escaping, which may expose this application to cross-site scripting (XSS) vulnerabilities. Consider using a view technology such as JavaServer Faces (JSFs) which automatically escapes HTML views.",0.6447716715602264,P3 - Medium (ML Moderate / Needs Review),data/benchmark/src/main/java/org/owasp/benchmark/testcode/BenchmarkTest00475.java,58
BenchmarkTest00476,0,CWE-79,1,1,0,0.6516,"Detected a request with potential user-input going into a OutputStream or Writer object. This bypasses any view or template environments, including HTML escaping, which may expose this application to cross-site scripting (XSS) vulnerabilities. Consider using a view technology such as JavaServer Faces (JSFs) which automatically escapes HTML views.",0.6588860833788427,P2 - High (ML Probable Vulnerability),data/benchmark/src/main/java/org/owasp/benchmark/testcode/BenchmarkTest00476.java,58
BenchmarkTest00477,1,CWE-79,1,1,0,0.6516,"Detected a request with potential user-input going into a OutputStream or Writer object. This bypasses any view or template environments, including HTML escaping, which may expose this application to cross-site scripting (XSS) vulnerabilities. Consider using a view technology such as JavaServer Faces (JSFs) which automatically escapes HTML views.",0.6447716715602264,P3 - Medium (ML Moderate / Needs Review),data/benchmark/src/main/java/org/owasp/benchmark/testcode/BenchmarkTest00477.java,54
BenchmarkTest00478,1,CWE-79,1,1,0,0.6516,"Detected a request with potential user-input going into a OutputStream or Writer object. This bypasses any view or template environments, including HTML escaping, which may expose this application to cross-site scripting (XSS) vulnerabilities. Consider using a view technology such as JavaServer Faces (JSFs) which automatically escapes HTML views.",0.6447716715602264,P3 - Medium (ML Moderate / Needs Review),data/benchmark/src/main/java/org/owasp/benchmark/testcode/BenchmarkTest00478.java,60
BenchmarkTest00479,0,CWE-79,0,0,0,0.6516,,0.24970671366531938,P4 - Low (ML Suppressed / Likely False Alarm),,
BenchmarkTest00480,1,CWE-78,1,1,0,0.5177,"Detected input from a HTTPServletRequest going into a 'ProcessBuilder' or 'exec' command. This could lead to command injection if variables passed into the exec commands are not properly sanitized. Instead, avoid using these OS commands with user-supplied input, or, if you must use these commands, use a whitelist of specific values.",0.5444416118463504,P3 - Medium (ML Moderate / Needs Review),data/benchmark/src/main/java/org/owasp/benchmark/testcode/BenchmarkTest00480.java,67
BenchmarkTest00481,0,CWE-78,1,1,0,0.5177,"Detected input from a HTTPServletRequest going into a 'ProcessBuilder' or 'exec' command. This could lead to command injection if variables passed into the exec commands are not properly sanitized. Instead, avoid using these OS commands with user-supplied input, or, if you must use these commands, use a whitelist of specific values.",0.5752195073482003,P3 - Medium (ML Moderate / Needs Review),data/benchmark/src/main/java/org/owasp/benchmark/testcode/BenchmarkTest00481.java,67
BenchmarkTest00482,1,CWE-330,2,1,1,1.0,"Detected use of the functions `Math.random()` or `java.util.Random()`. These are both not cryptographically strong random number generators (RNGs). If you are using these RNGs to create passwords or secret tokens, use `java.security.SecureRandom` instead.",0.9995641025641026,P1 - Critical (ML High-Confidence Vulnerability),data/benchmark/src/main/java/org/owasp/benchmark/testcode/BenchmarkTest00482.java,53
BenchmarkTest00483,1,CWE-330,2,1,1,1.0,"Detected use of the functions `Math.random()` or `java.util.Random()`. These are both not cryptographically strong random number generators (RNGs). If you are using these RNGs to create passwords or secret tokens, use `java.security.SecureRandom` instead.",0.9995454545454545,P1 - Critical (ML High-Confidence Vulnerability),data/benchmark/src/main/java/org/owasp/benchmark/testcode/BenchmarkTest00483.java,58
BenchmarkTest00484,1,CWE-330,2,1,1,1.0,"Detected use of the functions `Math.random()` or `java.util.Random()`. These are both not cryptographically strong random number generators (RNGs). If you are using these RNGs to create passwords or secret tokens, use `java.security.SecureRandom` instead.",0.9995454545454545,P1 - Critical (ML High-Confidence Vulnerability),data/benchmark/src/main/java/org/owasp/benchmark/testcode/BenchmarkTest00484.java,57
BenchmarkTest00485,1,CWE-330,2,1,1,1.0,"Detected use of the functions `Math.random()` or `java.util.Random()`. These are both not cryptographically strong random number generators (RNGs). If you are using these RNGs to create passwords or secret tokens, use `java.security.SecureRandom` instead.",0.9995641025641026,P1 - Critical (ML High-Confidence Vulnerability),data/benchmark/src/main/java/org/owasp/benchmark/testcode/BenchmarkTest00485.java,54
BenchmarkTest00486,1,CWE-330,2,1,1,1.0,"Detected use of the functions `Math.random()` or `java.util.Random()`. These are both not cryptographically strong random number generators (RNGs). If you are using these RNGs to create passwords or secret tokens, use `java.security.SecureRandom` instead.",1.0,P1 - Critical (ML High-Confidence Vulnerability),data/benchmark/src/main/java/org/owasp/benchmark/testcode/BenchmarkTest00486.java,52
BenchmarkTest00487,1,CWE-330,2,1,1,1.0,"Detected use of the functions `Math.random()` or `java.util.Random()`. These are both not cryptographically strong random number generators (RNGs). If you are using these RNGs to create passwords or secret tokens, use `java.security.SecureRandom` instead.",1.0,P1 - Critical (ML High-Confidence Vulnerability),data/benchmark/src/main/java/org/owasp/benchmark/testcode/BenchmarkTest00487.java,57
BenchmarkTest00488,1,CWE-330,2,1,1,1.0,"Detected use of the functions `Math.random()` or `java.util.Random()`. These are both not cryptographically strong random number generators (RNGs). If you are using these RNGs to create passwords or secret tokens, use `java.security.SecureRandom` instead.",1.0,P1 - Critical (ML High-Confidence Vulnerability),data/benchmark/src/main/java/org/owasp/benchmark/testcode/BenchmarkTest00488.java,62
BenchmarkTest00489,1,CWE-330,2,1,1,1.0,"Detected use of the functions `Math.random()` or `java.util.Random()`. These are both not cryptographically strong random number generators (RNGs). If you are using these RNGs to create passwords or secret tokens, use `java.security.SecureRandom` instead.",1.0,P1 - Critical (ML High-Confidence Vulnerability),data/benchmark/src/main/java/org/owasp/benchmark/testcode/BenchmarkTest00489.java,57
BenchmarkTest00490,1,CWE-330,2,1,1,1.0,"Detected use of the functions `Math.random()` or `java.util.Random()`. These are both not cryptographically strong random number generators (RNGs). If you are using these RNGs to create passwords or secret tokens, use `java.security.SecureRandom` instead.",0.9995454545454545,P1 - Critical (ML High-Confidence Vulnerability),data/benchmark/src/main/java/org/owasp/benchmark/testcode/BenchmarkTest00490.java,62
BenchmarkTest00491,1,CWE-614,1,1,0,1.0,A cookie was detected without setting the 'secure' flag. The 'secure' flag for cookies prevents the client from transmitting the cookie over insecure channels such as HTTP. Set the 'secure' flag by calling 'cookie.setSecure(true);',0.9328275620907849,P1 - Critical (ML High-Confidence Vulnerability),data/benchmark/src/main/java/org/owasp/benchmark/testcode/BenchmarkTest00491.java,73
BenchmarkTest00492,1,CWE-79,1,1,0,0.6516,"Detected a request with potential user-input going into a OutputStream or Writer object. This bypasses any view or template environments, including HTML escaping, which may expose this application to cross-site scripting (XSS) vulnerabilities. Consider using a view technology such as JavaServer Faces (JSFs) which automatically escapes HTML views.",0.6447716715602264,P3 - Medium (ML Moderate / Needs Review),data/benchmark/src/main/java/org/owasp/benchmark/testcode/BenchmarkTest00492.java,55
BenchmarkTest00493,0,CWE-79,0,0,0,0.6516,,0.24970671366531938,P4 - Low (ML Suppressed / Likely False Alarm),,
BenchmarkTest00494,0,CWE-78,0,0,0,0.5177,,0.2929514672781985,P4 - Low (ML Suppressed / Likely False Alarm),,
BenchmarkTest00495,1,CWE-78,0,0,0,0.5177,,0.23500009792560184,P4 - Low (ML Suppressed / Likely False Alarm),,
BenchmarkTest00496,1,CWE-78,1,1,0,0.5177,"Detected input from a HTTPServletRequest going into a 'ProcessBuilder' or 'exec' command. This could lead to command injection if variables passed into the exec commands are not properly sanitized. Instead, avoid using these OS commands with user-supplied input, or, if you must use these commands, use a whitelist of specific values.",0.5683792859920807,P3 - Medium (ML Moderate / Needs Review),data/benchmark/src/main/java/org/owasp/benchmark/testcode/BenchmarkTest00496.java,68
BenchmarkTest00497,1,CWE-78,1,1,0,0.5177,"Detected input from a HTTPServletRequest going into a 'ProcessBuilder' or 'exec' command. This could lead to command injection if variables passed into the exec commands are not properly sanitized. Instead, avoid using these OS commands with user-supplied input, or, if you must use these commands, use a whitelist of specific values.",0.5114755110284748,P3 - Medium (ML Moderate / Needs Review),data/benchmark/src/main/java/org/owasp/benchmark/testcode/BenchmarkTest00497.java,80
BenchmarkTest00498,1,CWE-78,1,1,0,0.5177,"Detected input from a HTTPServletRequest going into a 'ProcessBuilder' or 'exec' command. This could lead to command injection if variables passed into the exec commands are not properly sanitized. Instead, avoid using these OS commands with user-supplied input, or, if you must use these commands, use a whitelist of specific values.",0.5089059229256337,P3 - Medium (ML Moderate / Needs Review),data/benchmark/src/main/java/org/owasp/benchmark/testcode/BenchmarkTest00498.java,68
BenchmarkTest00499,1,CWE-78,1,1,0,0.5177,"Detected input from a HTTPServletRequest going into a 'ProcessBuilder' or 'exec' command. This could lead to command injection if variables passed into the exec commands are not properly sanitized. Instead, avoid using these OS commands with user-supplied input, or, if you must use these commands, use a whitelist of specific values.",0.5089059229256337,P3 - Medium (ML Moderate / Needs Review),data/benchmark/src/main/java/org/owasp/benchmark/testcode/BenchmarkTest00499.java,62
BenchmarkTest00500,1,CWE-78,1,1,0,0.5177,"Detected input from a HTTPServletRequest going into a 'ProcessBuilder' or 'exec' command. This could lead to command injection if variables passed into the exec commands are not properly sanitized. Instead, avoid using these OS commands with user-supplied input, or, if you must use these commands, use a whitelist of specific values.",0.5683792859920807,P3 - Medium (ML Moderate / Needs Review),data/benchmark/src/main/java/org/owasp/benchmark/testcode/BenchmarkTest00500.java,67
BenchmarkTest00501,0,CWE-330,0,0,0,1.0,,0.03704436789576919,P4 - Low (ML Suppressed / Likely False Alarm),,
BenchmarkTest00502,0,CWE-330,0,0,0,1.0,,0.037636823716155926,P4 - Low (ML Suppressed / Likely False Alarm),,
BenchmarkTest00503,0,CWE-330,0,0,0,1.0,,0.03704436789576919,P4 - Low (ML Suppressed / Likely False Alarm),,
BenchmarkTest00504,0,CWE-330,0,0,0,1.0,,0.037636823716155926,P4 - Low (ML Suppressed / Likely False Alarm),,
BenchmarkTest00505,0,CWE-330,0,0,0,1.0,,0.03391968678800127,P4 - Low (ML Suppressed / Likely False Alarm),,
BenchmarkTest00506,0,CWE-330,0,0,0,1.0,,0.03391968678800127,P4 - Low (ML Suppressed / Likely False Alarm),,
BenchmarkTest00507,0,CWE-330,0,0,0,1.0,,0.03704436789576919,P4 - Low (ML Suppressed / Likely False Alarm),,
BenchmarkTest00508,1,CWE-501,1,1,0,0.7234,"Detected input from a HTTPServletRequest going into a session command, like `setAttribute`. User input into such a command could lead to an attacker inputting malicious code into your session parameters, blurring the line between what's trusted and untrusted, and therefore leading to a trust boundary violation. This could lead to programmers trusting unvalidated data. Instead, thoroughly sanitize user input before passing it into such function calls.",0.6568111284096806,P2 - High (ML Probable Vulnerability),data/benchmark/src/main/java/org/owasp/benchmark/testcode/BenchmarkTest00508.java,54
BenchmarkTest00509,0,CWE-89,1,0,1,0.5746,Make sure using a dynamically formatted SQL query is safe here.,0.3049585907793266,P4 - Low (ML Suppressed / Likely False Alarm),owasp-benchmark:data/benchmark/src/main/java/org/owasp/benchmark/testcode/BenchmarkTest00509.java,65
BenchmarkTest00510,1,CWE-89,2,1,1,0.5746,Detected input from a HTTPServletRequest going into a SQL sink or statement. This could lead to SQL injection if variables in the SQL statement are not properly sanitized. Use parameterized SQL queries or properly sanitize user input instead.,0.6221370751503495,P3 - Medium (ML Moderate / Needs Review),data/benchmark/src/main/java/org/owasp/benchmark/testcode/BenchmarkTest00510.java,76
BenchmarkTest00511,0,CWE-89,0,0,0,0.5746,,0.21771025903164282,P4 - Low (ML Suppressed / Likely False Alarm),,
BenchmarkTest00512,1,CWE-89,2,1,1,0.5746,Detected a formatted string in a SQL statement. This could lead to SQL injection if variables in the SQL statement are not properly sanitized. Use a prepared statements (java.sql.PreparedStatement) instead. You can obtain a PreparedStatement using 'connection.prepareStatement'.,0.5278626301234679,P3 - Medium (ML Moderate / Needs Review),data/benchmark/src/main/java/org/owasp/benchmark/testcode/BenchmarkTest00512.java,57
BenchmarkTest00513,0,CWE-89,2,1,1,0.5746,Detected a formatted string in a SQL statement. This could lead to SQL injection if variables in the SQL statement are not properly sanitized. Use a prepared statements (java.sql.PreparedStatement) instead. You can obtain a PreparedStatement using 'connection.prepareStatement'.,0.5476500971406442,P3 - Medium (ML Moderate / Needs Review),data/benchmark/src/main/java/org/owasp/benchmark/testcode/BenchmarkTest00513.java,63
BenchmarkTest00514,0,CWE-89,2,1,1,0.5746,Detected a formatted string in a SQL statement. This could lead to SQL injection if variables in the SQL statement are not properly sanitized. Use a prepared statements (java.sql.PreparedStatement) instead. You can obtain a PreparedStatement using 'connection.prepareStatement'.,0.490638252758374,P3 - Medium (ML Moderate / Needs Review),data/benchmark/src/main/java/org/owasp/benchmark/testcode/BenchmarkTest00514.java,62
BenchmarkTest00515,1,CWE-89,2,1,1,0.5746,Detected a formatted string in a SQL statement. This could lead to SQL injection if variables in the SQL statement are not properly sanitized. Use a prepared statements (java.sql.PreparedStatement) instead. You can obtain a PreparedStatement using 'connection.prepareStatement'.,0.46739305534568415,P3 - Medium (ML Moderate / Needs Review),data/benchmark/src/main/java/org/owasp/benchmark/testcode/BenchmarkTest00515.java,67
BenchmarkTest00516,1,CWE-89,2,1,1,0.5746,Detected a formatted string in a SQL statement. This could lead to SQL injection if variables in the SQL statement are not properly sanitized. Use a prepared statements (java.sql.PreparedStatement) instead. You can obtain a PreparedStatement using 'connection.prepareStatement'.,0.5278626301234679,P3 - Medium (ML Moderate / Needs Review),data/benchmark/src/main/java/org/owasp/benchmark/testcode/BenchmarkTest00516.java,76
BenchmarkTest00517,0,CWE-89,2,1,1,0.5746,Detected a formatted string in a SQL statement. This could lead to SQL injection if variables in the SQL statement are not properly sanitized. Use a prepared statements (java.sql.PreparedStatement) instead. You can obtain a PreparedStatement using 'connection.prepareStatement'.,0.5476500971406442,P3 - Medium (ML Moderate / Needs Review),data/benchmark/src/main/java/org/owasp/benchmark/testcode/BenchmarkTest00517.java,62
BenchmarkTest00518,1,CWE-89,2,1,1,0.5746,Detected input from a HTTPServletRequest going into a SQL sink or statement. This could lead to SQL injection if variables in the SQL statement are not properly sanitized. Use parameterized SQL queries or properly sanitize user input instead.,0.6050253134234014,P3 - Medium (ML Moderate / Needs Review),data/benchmark/src/main/java/org/owasp/benchmark/testcode/BenchmarkTest00518.java,57
BenchmarkTest00519,0,CWE-89,2,1,1,0.5746,Detected a formatted string in a SQL statement. This could lead to SQL injection if variables in the SQL statement are not properly sanitized. Use a prepared statements (java.sql.PreparedStatement) instead. You can obtain a PreparedStatement using 'connection.prepareStatement'.,0.46739305534568415,P3 - Medium (ML Moderate / Needs Review),data/benchmark/src/main/java/org/owasp/benchmark/testcode/BenchmarkTest00519.java,63
BenchmarkTest00520,0,CWE-643,1,1,0,0.5185,"Detected input from a HTTPServletRequest going into a XPath evaluate or compile command. This could lead to xpath injection if variables passed into the evaluate or compile commands are not properly sanitized. Xpath injection could lead to unauthorized access to sensitive information in XML documents. Instead, thoroughly sanitize user input or use parameterized xpath queries if you can.",0.5218271178138495,P3 - Medium (ML Moderate / Needs Review),data/benchmark/src/main/java/org/owasp/benchmark/testcode/BenchmarkTest00520.java,72
BenchmarkTest00521,1,CWE-327,1,1,1,0.9046,Triple DES (3DES or DESede) is considered deprecated. AES is the recommended cipher. Upgrade to use AES.,0.957153376753586,P1 - Critical (ML High-Confidence Vulnerability),data/benchmark/src/main/java/org/owasp/benchmark/testcode/BenchmarkTest00521.java,83
BenchmarkTest00522,1,CWE-327,1,1,1,0.9046,Triple DES (3DES or DESede) is considered deprecated. AES is the recommended cipher. Upgrade to use AES.,0.957153376753586,P1 - Critical (ML High-Confidence Vulnerability),data/benchmark/src/main/java/org/owasp/benchmark/testcode/BenchmarkTest00522.java,81
BenchmarkTest00523,0,CWE-327,0,0,0,0.9046,,0.08362763156367758,P4 - Low (ML Suppressed / Likely False Alarm),,
BenchmarkTest00524,0,CWE-327,1,0,1,0.9046,Use a secure cipher mode.,0.1391230575322935,P4 - Low (ML Suppressed / Likely False Alarm),owasp-benchmark:data/benchmark/src/main/java/org/owasp/benchmark/testcode/BenchmarkTest00524.java,97
BenchmarkTest00525,1,CWE-22,0,0,0,0.531,,0.2141818275976563,P4 - Low (ML Suppressed / Likely False Alarm),,
BenchmarkTest00526,1,CWE-22,1,1,0,0.531,"Detected a potential path traversal. A malicious actor could control the location of this file, to include going backwards in the directory with '../'. To address this, ensure that user-controlled variables in file paths are sanitized. You may also consider using a utility method such as org.apache.commons.io.FilenameUtils.getName(...) to only retrieve the file name from the path.",0.5305215095490278,P3 - Medium (ML Moderate / Needs Review),data/benchmark/src/main/java/org/owasp/benchmark/testcode/BenchmarkTest00526.java,62
BenchmarkTest00527,1,CWE-22,1,1,0,0.531,"Detected a potential path traversal. A malicious actor could control the location of this file, to include going backwards in the directory with '../'. To address this, ensure that user-controlled variables in file paths are sanitized. You may also consider using a utility method such as org.apache.commons.io.FilenameUtils.getName(...) to only retrieve the file name from the path.",0.5394645256012154,P3 - Medium (ML Moderate / Needs Review),data/benchmark/src/main/java/org/owasp/benchmark/testcode/BenchmarkTest00527.java,64
BenchmarkTest00528,1,CWE-22,0,0,0,0.531,,0.18290078389950165,P4 - Low (ML Suppressed / Likely False Alarm),,
BenchmarkTest00529,1,CWE-22,1,1,0,0.531,"Detected a potential path traversal. A malicious actor could control the location of this file, to include going backwards in the directory with '../'. To address this, ensure that user-controlled variables in file paths are sanitized. You may also consider using a utility method such as org.apache.commons.io.FilenameUtils.getName(...) to only retrieve the file name from the path.",0.5372346090670375,P3 - Medium (ML Moderate / Needs Review),data/benchmark/src/main/java/org/owasp/benchmark/testcode/BenchmarkTest00529.java,67
BenchmarkTest00530,0,CWE-90,1,1,0,0.4815,"Detected input from a HTTPServletRequest going into an LDAP query. This could lead to LDAP injection if the input is not properly sanitized, which could result in attackers modifying objects in the LDAP tree structure. Ensure data passed to an LDAP query is not controllable or properly sanitize the data.",0.519750625119329,P3 - Medium (ML Moderate / Needs Review),data/benchmark/src/main/java/org/owasp/benchmark/testcode/BenchmarkTest00530.java,94
BenchmarkTest00531,1,CWE-328,2,1,1,1.0,"Detected SHA1 hash algorithm which is considered insecure. SHA1 is not collision resistant and is therefore not suitable as a cryptographic signature. Instead, use PBKDF2 for password hashing or SHA256 or SHA512 for other hash function applications.",0.997774524693956,P1 - Critical (ML High-Confidence Vulnerability),data/benchmark/src/main/java/org/owasp/benchmark/testcode/BenchmarkTest00531.java,73
BenchmarkTest00532,1,CWE-328,2,1,1,1.0,"Detected SHA1 hash algorithm which is considered insecure. SHA1 is not collision resistant and is therefore not suitable as a cryptographic signature. Instead, use PBKDF2 for password hashing or SHA256 or SHA512 for other hash function applications.",0.9981800784924265,P1 - Critical (ML High-Confidence Vulnerability),data/benchmark/src/main/java/org/owasp/benchmark/testcode/BenchmarkTest00532.java,83
BenchmarkTest00533,1,CWE-328,2,1,1,1.0,"Detected SHA1 hash algorithm which is considered insecure. SHA1 is not collision resistant and is therefore not suitable as a cryptographic signature. Instead, use PBKDF2 for password hashing or SHA256 or SHA512 for other hash function applications.",1.0,P1 - Critical (ML High-Confidence Vulnerability),data/benchmark/src/main/java/org/owasp/benchmark/testcode/BenchmarkTest00533.java,73
BenchmarkTest00534,1,CWE-328,2,1,1,1.0,"Detected SHA1 hash algorithm which is considered insecure. SHA1 is not collision resistant and is therefore not suitable as a cryptographic signature. Instead, use PBKDF2 for password hashing or SHA256 or SHA512 for other hash function applications.",0.9981800784924265,P1 - Critical (ML High-Confidence Vulnerability),data/benchmark/src/main/java/org/owasp/benchmark/testcode/BenchmarkTest00534.java,82
BenchmarkTest00535,0,CWE-328,0,0,0,1.0,,0.231920865694142,P4 - Low (ML Suppressed / Likely False Alarm),,
BenchmarkTest00536,1,CWE-328,2,1,1,1.0,Detected MD5 hash algorithm which is considered insecure. MD5 is not collision resistant and is therefore not suitable as a cryptographic signature. Use HMAC instead.,0.997774524693956,P1 - Critical (ML High-Confidence Vulnerability),data/benchmark/src/main/java/org/owasp/benchmark/testcode/BenchmarkTest00536.java,68
BenchmarkTest00537,1,CWE-328,2,1,1,1.0,Detected MD5 hash algorithm which is considered insecure. MD5 is not collision resistant and is therefore not suitable as a cryptographic signature. Use HMAC instead.,0.997774524693956,P1 - Critical (ML High-Confidence Vulnerability),data/benchmark/src/main/java/org/owasp/benchmark/testcode/BenchmarkTest00537.java,63
BenchmarkTest00538,0,CWE-328,0,0,0,1.0,,0.25279536684003723,P4 - Low (ML Suppressed / Likely False Alarm),,
BenchmarkTest00539,0,CWE-328,0,0,0,1.0,,0.23782332489730076,P4 - Low (ML Suppressed / Likely False Alarm),,
BenchmarkTest00540,0,CWE-328,0,0,0,1.0,,0.25279536684003723,P4 - Low (ML Suppressed / Likely False Alarm),,
BenchmarkTest00541,1,CWE-79,1,1,0,0.6516,"Detected a request with potential user-input going into a OutputStream or Writer object. This bypasses any view or template environments, including HTML escaping, which may expose this application to cross-site scripting (XSS) vulnerabilities. Consider using a view technology such as JavaServer Faces (JSFs) which automatically escapes HTML views.",0.6691842611085874,P2 - High (ML Probable Vulnerability),data/benchmark/src/main/java/org/owasp/benchmark/testcode/BenchmarkTest00541.java,71
BenchmarkTest00542,1,CWE-79,1,1,0,0.6516,"Detected a request with potential user-input going into a OutputStream or Writer object. This bypasses any view or template environments, including HTML escaping, which may expose this application to cross-site scripting (XSS) vulnerabilities. Consider using a view technology such as JavaServer Faces (JSFs) which automatically escapes HTML views.",0.6221848022643229,P3 - Medium (ML Moderate / Needs Review),data/benchmark/src/main/java/org/owasp/benchmark/testcode/BenchmarkTest00542.java,83
BenchmarkTest00543,1,CWE-79,0,0,0,0.6516,,0.278739919364882,P4 - Low (ML Suppressed / Likely False Alarm),,
BenchmarkTest00544,0,CWE-79,0,0,0,0.6516,,0.278739919364882,P4 - Low (ML Suppressed / Likely False Alarm),,
BenchmarkTest00545,0,CWE-79,0,0,0,0.6516,,0.313915809627834,P4 - Low (ML Suppressed / Likely False Alarm),,
BenchmarkTest00546,0,CWE-79,0,0,0,0.6516,,0.313915809627834,P4 - Low (ML Suppressed / Likely False Alarm),,
BenchmarkTest00547,1,CWE-79,1,1,0,0.6516,"Detected a request with potential user-input going into a OutputStream or Writer object. This bypasses any view or template environments, including HTML escaping, which may expose this application to cross-site scripting (XSS) vulnerabilities. Consider using a view technology such as JavaServer Faces (JSFs) which automatically escapes HTML views.",0.6221848022643229,P3 - Medium (ML Moderate / Needs Review),data/benchmark/src/main/java/org/owasp/benchmark/testcode/BenchmarkTest00547.java,65
BenchmarkTest00548,0,CWE-79,0,0,0,0.6516,,0.313915809627834,P4 - Low (ML Suppressed / Likely False Alarm),,
BenchmarkTest00549,1,CWE-79,1,1,0,0.6516,"Detected a request with potential user-input going into a OutputStream or Writer object. This bypasses any view or template environments, including HTML escaping, which may expose this application to cross-site scripting (XSS) vulnerabilities. Consider using a view technology such as JavaServer Faces (JSFs) which automatically escapes HTML views.",0.6221848022643229,P3 - Medium (ML Moderate / Needs Review),data/benchmark/src/main/java/org/owasp/benchmark/testcode/BenchmarkTest00549.java,68
BenchmarkTest00550,0,CWE-79,0,0,0,0.6516,,0.2300172252494595,P4 - Low (ML Suppressed / Likely False Alarm),,
BenchmarkTest00551,1,CWE-79,1,1,0,0.6516,"Detected a request with potential user-input going into a OutputStream or Writer object. This bypasses any view or template environments, including HTML escaping, which may expose this application to cross-site scripting (XSS) vulnerabilities. Consider using a view technology such as JavaServer Faces (JSFs) which automatically escapes HTML views.",0.6606354491638398,P2 - High (ML Probable Vulnerability),data/benchmark/src/main/java/org/owasp/benchmark/testcode/BenchmarkTest00551.java,63
BenchmarkTest00552,1,CWE-79,0,0,0,0.6516,,0.24970671366531938,P4 - Low (ML Suppressed / Likely False Alarm),,
BenchmarkTest00553,0,CWE-79,1,1,0,0.6516,"Detected a request with potential user-input going into a OutputStream or Writer object. This bypasses any view or template environments, including HTML escaping, which may expose this application to cross-site scripting (XSS) vulnerabilities. Consider using a view technology such as JavaServer Faces (JSFs) which automatically escapes HTML views.",0.6447716715602264,P3 - Medium (ML Moderate / Needs Review),data/benchmark/src/main/java/org/owasp/benchmark/testcode/BenchmarkTest00553.java,82
BenchmarkTest00554,1,CWE-79,1,1,0,0.6516,"Detected a request with potential user-input going into a OutputStream or Writer object. This bypasses any view or template environments, including HTML escaping, which may expose this application to cross-site scripting (XSS) vulnerabilities. Consider using a view technology such as JavaServer Faces (JSFs) which automatically escapes HTML views.",0.6606354491638398,P2 - High (ML Probable Vulnerability),data/benchmark/src/main/java/org/owasp/benchmark/testcode/BenchmarkTest00554.java,68
BenchmarkTest00555,1,CWE-79,1,1,0,0.6516,"Detected a request with potential user-input going into a OutputStream or Writer object. This bypasses any view or template environments, including HTML escaping, which may expose this application to cross-site scripting (XSS) vulnerabilities. Consider using a view technology such as JavaServer Faces (JSFs) which automatically escapes HTML views.",0.6606354491638398,P2 - High (ML Probable Vulnerability),data/benchmark/src/main/java/org/owasp/benchmark/testcode/BenchmarkTest00555.java,68
BenchmarkTest00556,0,CWE-79,1,1,0,0.6516,"Detected a request with potential user-input going into a OutputStream or Writer object. This bypasses any view or template environments, including HTML escaping, which may expose this application to cross-site scripting (XSS) vulnerabilities. Consider using a view technology such as JavaServer Faces (JSFs) which automatically escapes HTML views.",0.6606354491638398,P2 - High (ML Probable Vulnerability),data/benchmark/src/main/java/org/owasp/benchmark/testcode/BenchmarkTest00556.java,82
BenchmarkTest00557,1,CWE-79,1,1,0,0.6516,"Detected a request with potential user-input going into a OutputStream or Writer object. This bypasses any view or template environments, including HTML escaping, which may expose this application to cross-site scripting (XSS) vulnerabilities. Consider using a view technology such as JavaServer Faces (JSFs) which automatically escapes HTML views.",0.6221848022643229,P3 - Medium (ML Moderate / Needs Review),data/benchmark/src/main/java/org/owasp/benchmark/testcode/BenchmarkTest00557.java,67
BenchmarkTest00558,0,CWE-78,1,1,0,0.5177,A formatted or concatenated string was detected as input to a ProcessBuilder call. This is dangerous if a variable is controlled by user input and could result in a command injection. Ensure your variables are not controlled by users or sufficiently sanitized.,0.19372951009996356,P4 - Low (ML Suppressed / Likely False Alarm),data/benchmark/src/main/java/org/owasp/benchmark/testcode/BenchmarkTest00558.java,84
BenchmarkTest00559,0,CWE-78,1,1,0,0.5177,A formatted or concatenated string was detected as input to a ProcessBuilder call. This is dangerous if a variable is controlled by user input and could result in a command injection. Ensure your variables are not controlled by users or sufficiently sanitized.,0.3384009885131837,P4 - Low (ML Suppressed / Likely False Alarm),data/benchmark/src/main/java/org/owasp/benchmark/testcode/BenchmarkTest00559.java,95
BenchmarkTest00560,1,CWE-330,2,1,1,1.0,"Detected use of the functions `Math.random()` or `java.util.Random()`. These are both not cryptographically strong random number generators (RNGs). If you are using these RNGs to create passwords or secret tokens, use `java.security.SecureRandom` instead.",0.9995454545454545,P1 - Critical (ML High-Confidence Vulnerability),data/benchmark/src/main/java/org/owasp/benchmark/testcode/BenchmarkTest00560.java,67
BenchmarkTest00561,1,CWE-330,2,1,1,1.0,"Detected use of the functions `Math.random()` or `java.util.Random()`. These are both not cryptographically strong random number generators (RNGs). If you are using these RNGs to create passwords or secret tokens, use `java.security.SecureRandom` instead.",1.0,P1 - Critical (ML High-Confidence Vulnerability),data/benchmark/src/main/java/org/owasp/benchmark/testcode/BenchmarkTest00561.java,72
BenchmarkTest00562,1,CWE-330,2,1,1,1.0,"Detected use of the functions `Math.random()` or `java.util.Random()`. These are both not cryptographically strong random number generators (RNGs). If you are using these RNGs to create passwords or secret tokens, use `java.security.SecureRandom` instead.",1.0,P1 - Critical (ML High-Confidence Vulnerability),data/benchmark/src/main/java/org/owasp/benchmark/testcode/BenchmarkTest00562.java,81
BenchmarkTest00563,1,CWE-330,2,1,1,1.0,"Detected use of the functions `Math.random()` or `java.util.Random()`. These are both not cryptographically strong random number generators (RNGs). If you are using these RNGs to create passwords or secret tokens, use `java.security.SecureRandom` instead.",1.0,P1 - Critical (ML High-Confidence Vulnerability),data/benchmark/src/main/java/org/owasp/benchmark/testcode/BenchmarkTest00563.java,62
BenchmarkTest00564,1,CWE-330,2,1,1,1.0,"Detected use of the functions `Math.random()` or `java.util.Random()`. These are both not cryptographically strong random number generators (RNGs). If you are using these RNGs to create passwords or secret tokens, use `java.security.SecureRandom` instead.",1.0,P1 - Critical (ML High-Confidence Vulnerability),data/benchmark/src/main/java/org/owasp/benchmark/testcode/BenchmarkTest00564.java,63
BenchmarkTest00565,1,CWE-614,1,1,0,1.0,A cookie was detected without setting the 'secure' flag. The 'secure' flag for cookies prevents the client from transmitting the cookie over insecure channels such as HTTP. Set the 'secure' flag by calling 'cookie.setSecure(true);',0.9125201649560278,P1 - Critical (ML High-Confidence Vulnerability),data/benchmark/src/main/java/org/owasp/benchmark/testcode/BenchmarkTest00565.java,79
BenchmarkTest00566,1,CWE-614,1,1,0,1.0,A cookie was detected without setting the 'secure' flag. The 'secure' flag for cookies prevents the client from transmitting the cookie over insecure channels such as HTTP. Set the 'secure' flag by calling 'cookie.setSecure(true);',0.9627534145944583,P1 - Critical (ML High-Confidence Vulnerability),data/benchmark/src/main/java/org/owasp/benchmark/testcode/BenchmarkTest00566.java,81
BenchmarkTest00567,1,CWE-78,1,1,0,0.5177,"Detected input from a HTTPServletRequest going into a 'ProcessBuilder' or 'exec' command. This could lead to command injection if variables passed into the exec commands are not properly sanitized. Instead, avoid using these OS commands with user-supplied input, or, if you must use these commands, use a whitelist of specific values.",0.5752195073482003,P3 - Medium (ML Moderate / Needs Review),data/benchmark/src/main/java/org/owasp/benchmark/testcode/BenchmarkTest00567.java,78
BenchmarkTest00568,1,CWE-78,1,1,0,0.5177,"Detected input from a HTTPServletRequest going into a 'ProcessBuilder' or 'exec' command. This could lead to command injection if variables passed into the exec commands are not properly sanitized. Instead, avoid using these OS commands with user-supplied input, or, if you must use these commands, use a whitelist of specific values.",0.5683792859920807,P3 - Medium (ML Moderate / Needs Review),data/benchmark/src/main/java/org/owasp/benchmark/testcode/BenchmarkTest00568.java,87
BenchmarkTest00569,0,CWE-78,0,0,0,0.5177,,0.23500009792560184,P4 - Low (ML Suppressed / Likely False Alarm),,
BenchmarkTest00570,0,CWE-78,0,0,0,0.5177,,0.2929514672781985,P4 - Low (ML Suppressed / Likely False Alarm),,
BenchmarkTest00571,0,CWE-78,1,1,0,0.5177,"Detected input from a HTTPServletRequest going into a 'ProcessBuilder' or 'exec' command. This could lead to command injection if variables passed into the exec commands are not properly sanitized. Instead, avoid using these OS commands with user-supplied input, or, if you must use these commands, use a whitelist of specific values.",0.5752195073482003,P3 - Medium (ML Moderate / Needs Review),data/benchmark/src/main/java/org/owasp/benchmark/testcode/BenchmarkTest00571.java,76
BenchmarkTest00572,0,CWE-78,1,1,0,0.5177,"Detected input from a HTTPServletRequest going into a 'ProcessBuilder' or 'exec' command. This could lead to command injection if variables passed into the exec commands are not properly sanitized. Instead, avoid using these OS commands with user-supplied input, or, if you must use these commands, use a whitelist of specific values.",0.5089059229256337,P3 - Medium (ML Moderate / Needs Review),data/benchmark/src/main/java/org/owasp/benchmark/testcode/BenchmarkTest00572.java,77
BenchmarkTest00573,1,CWE-78,1,1,0,0.5177,"Detected input from a HTTPServletRequest going into a 'ProcessBuilder' or 'exec' command. This could lead to command injection if variables passed into the exec commands are not properly sanitized. Instead, avoid using these OS commands with user-supplied input, or, if you must use these commands, use a whitelist of specific values.",0.5683792859920807,P3 - Medium (ML Moderate / Needs Review),data/benchmark/src/main/java/org/owasp/benchmark/testcode/BenchmarkTest00573.java,70
BenchmarkTest00574,1,CWE-78,1,1,0,0.5177,"Detected input from a HTTPServletRequest going into a 'ProcessBuilder' or 'exec' command. This could lead to command injection if variables passed into the exec commands are not properly sanitized. Instead, avoid using these OS commands with user-supplied input, or, if you must use these commands, use a whitelist of specific values.",0.5752195073482003,P3 - Medium (ML Moderate / Needs Review),data/benchmark/src/main/java/org/owasp/benchmark/testcode/BenchmarkTest00574.java,75
BenchmarkTest00575,1,CWE-78,0,0,0,0.5177,,0.25757145186081115,P4 - Low (ML Suppressed / Likely False Alarm),,
BenchmarkTest00576,1,CWE-78,1,1,0,0.5177,"Detected input from a HTTPServletRequest going into a 'ProcessBuilder' or 'exec' command. This could lead to command injection if variables passed into the exec commands are not properly sanitized. Instead, avoid using these OS commands with user-supplied input, or, if you must use these commands, use a whitelist of specific values.",0.5114755110284748,P3 - Medium (ML Moderate / Needs Review),data/benchmark/src/main/java/org/owasp/benchmark/testcode/BenchmarkTest00576.java,74
BenchmarkTest00577,0,CWE-330,0,0,0,1.0,,0.037636823716155926,P4 - Low (ML Suppressed / Likely False Alarm),,
BenchmarkTest00578,0,CWE-330,0,0,0,1.0,,0.03391968678800127,P4 - Low (ML Suppressed / Likely False Alarm),,
BenchmarkTest00579,0,CWE-330,0,0,0,1.0,,0.03704436789576919,P4 - Low (ML Suppressed / Likely False Alarm),,
BenchmarkTest00580,0,CWE-330,0,0,0,1.0,,0.037636823716155926,P4 - Low (ML Suppressed / Likely False Alarm),,
BenchmarkTest00581,0,CWE-330,0,0,0,1.0,,0.0331840260624013,P4 - Low (ML Suppressed / Likely False Alarm),,
BenchmarkTest00582,0,CWE-330,0,0,0,1.0,,0.03704436789576919,P4 - Low (ML Suppressed / Likely False Alarm),,
BenchmarkTest00583,0,CWE-330,0,0,0,1.0,,0.037636823716155926,P4 - Low (ML Suppressed / Likely False Alarm),,
BenchmarkTest00584,0,CWE-330,0,0,0,1.0,,0.04325014794951732,P4 - Low (ML Suppressed / Likely False Alarm),,
BenchmarkTest00585,0,CWE-330,0,0,0,1.0,,0.04325014794951732,P4 - Low (ML Suppressed / Likely False Alarm),,
BenchmarkTest00586,0,CWE-501,0,0,0,0.7234,,0.33174281572012776,P4 - Low (ML Suppressed / Likely False Alarm),,
BenchmarkTest00587,1,CWE-501,0,0,0,0.7234,,0.33174281572012776,P4 - Low (ML Suppressed / Likely False Alarm),,
BenchmarkTest00588,1,CWE-501,1,1,0,0.7234,"Detected a request with potential user-input going into a OutputStream or Writer object. This bypasses any view or template environments, including HTML escaping, which may expose this application to cross-site scripting (XSS) vulnerabilities. Consider using a view technology such as JavaServer Faces (JSFs) which automatically escapes HTML views.",0.7360201729654304,P2 - High (ML Probable Vulnerability),data/benchmark/src/main/java/org/owasp/benchmark/testcode/BenchmarkTest00588.java,68
BenchmarkTest00589,0,CWE-89,1,0,1,0.5746,Make sure using a dynamically formatted SQL query is safe here.,0.3049585907793266,P4 - Low (ML Suppressed / Likely False Alarm),owasp-benchmark:data/benchmark/src/main/java/org/owasp/benchmark/testcode/BenchmarkTest00589.java,79
BenchmarkTest00590,1,CWE-89,2,1,1,0.5746,Detected input from a HTTPServletRequest going into a SQL sink or statement. This could lead to SQL injection if variables in the SQL statement are not properly sanitized. Use parameterized SQL queries or properly sanitize user input instead.,0.6221370751503495,P3 - Medium (ML Moderate / Needs Review),data/benchmark/src/main/java/org/owasp/benchmark/testcode/BenchmarkTest00590.java,72
BenchmarkTest00591,1,CWE-89,2,1,1,0.5746,Detected input from a HTTPServletRequest going into a SQL sink or statement. This could lead to SQL injection if variables in the SQL statement are not properly sanitized. Use parameterized SQL queries or properly sanitize user input instead.,0.6161353418384643,P3 - Medium (ML Moderate / Needs Review),data/benchmark/src/main/java/org/owasp/benchmark/testcode/BenchmarkTest00591.java,69
BenchmarkTest00592,0,CWE-89,1,0,1,0.5746,Make sure using a dynamically formatted SQL query is safe here.,0.1992720305365284,P4 - Low (ML Suppressed / Likely False Alarm),owasp-benchmark:data/benchmark/src/main/java/org/owasp/benchmark/testcode/BenchmarkTest00592.java,90
BenchmarkTest00593,1,CWE-89,2,1,1,0.5746,Detected input from a HTTPServletRequest going into a SQL sink or statement. This could lead to SQL injection if variables in the SQL statement are not properly sanitized. Use parameterized SQL queries or properly sanitize user input instead.,0.6050253134234014,P3 - Medium (ML Moderate / Needs Review),data/benchmark/src/main/java/org/owasp/benchmark/testcode/BenchmarkTest00593.java,86
BenchmarkTest00594,1,CWE-89,1,0,1,0.5746,Make sure using a dynamically formatted SQL query is safe here.,0.2517519982809986,P4 - Low (ML Suppressed / Likely False Alarm),owasp-benchmark:data/benchmark/src/main/java/org/owasp/benchmark/testcode/BenchmarkTest00594.java,73
BenchmarkTest00595,1,CWE-89,2,1,1,0.5746,Detected input from a HTTPServletRequest going into a SQL sink or statement. This could lead to SQL injection if variables in the SQL statement are not properly sanitized. Use parameterized SQL queries or properly sanitize user input instead.,0.6221370751503495,P3 - Medium (ML Moderate / Needs Review),data/benchmark/src/main/java/org/owasp/benchmark/testcode/BenchmarkTest00595.java,72
BenchmarkTest00596,1,CWE-89,0,0,0,0.5746,,0.2093850809927966,P4 - Low (ML Suppressed / Likely False Alarm),,
BenchmarkTest00597,1,CWE-89,1,1,0,0.5746,Detected input from a HTTPServletRequest going into a SQL sink or statement. This could lead to SQL injection if variables in the SQL statement are not properly sanitized. Use parameterized SQL queries or properly sanitize user input instead.,0.6314792486337455,P3 - Medium (ML Moderate / Needs Review),data/benchmark/src/main/java/org/owasp/benchmark/testcode/BenchmarkTest00597.java,67
BenchmarkTest00598,1,CWE-89,1,1,0,0.5746,Detected input from a HTTPServletRequest going into a SQL sink or statement. This could lead to SQL injection if variables in the SQL statement are not properly sanitized. Use parameterized SQL queries or properly sanitize user input instead.,0.6382802301796155,P3 - Medium (ML Moderate / Needs Review),data/benchmark/src/main/java/org/owasp/benchmark/testcode/BenchmarkTest00598.java,72
BenchmarkTest00599,0,CWE-89,0,0,0,0.5746,,0.21771025903164282,P4 - Low (ML Suppressed / Likely False Alarm),,
BenchmarkTest00600,1,CWE-89,1,1,0,0.5746,Detected input from a HTTPServletRequest going into a SQL sink or statement. This could lead to SQL injection if variables in the SQL statement are not properly sanitized. Use parameterized SQL queries or properly sanitize user input instead.,0.6393503814415632,P3 - Medium (ML Moderate / Needs Review),data/benchmark/src/main/java/org/owasp/benchmark/testcode/BenchmarkTest00600.java,84
BenchmarkTest00601,0,CWE-89,2,1,1,0.5746,Detected input from a HTTPServletRequest going into a SQL sink or statement. This could lead to SQL injection if variables in the SQL statement are not properly sanitized. Use parameterized SQL queries or properly sanitize user input instead.,0.6043967051102129,P3 - Medium (ML Moderate / Needs Review),data/benchmark/src/main/java/org/owasp/benchmark/testcode/BenchmarkTest00601.java,70
BenchmarkTest00602,0,CWE-89,2,1,1,0.5746,Detected a formatted string in a SQL statement. This could lead to SQL injection if variables in the SQL statement are not properly sanitized. Use a prepared statements (java.sql.PreparedStatement) instead. You can obtain a PreparedStatement using 'connection.prepareStatement'.,0.4901655263130386,P3 - Medium (ML Moderate / Needs Review),data/benchmark/src/main/java/org/owasp/benchmark/testcode/BenchmarkTest00602.java,77
BenchmarkTest00603,1,CWE-89,2,1,1,0.5746,Detected a formatted string in a SQL statement. This could lead to SQL injection if variables in the SQL statement are not properly sanitized. Use a prepared statements (java.sql.PreparedStatement) instead. You can obtain a PreparedStatement using 'connection.prepareStatement'.,0.5278626301234679,P3 - Medium (ML Moderate / Needs Review),data/benchmark/src/main/java/org/owasp/benchmark/testcode/BenchmarkTest00603.java,69
BenchmarkTest00604,1,CWE-89,2,1,1,0.5746,Detected input from a HTTPServletRequest going into a SQL sink or statement. This could lead to SQL injection if variables in the SQL statement are not properly sanitized. Use parameterized SQL queries or properly sanitize user input instead.,0.6221370751503495,P3 - Medium (ML Moderate / Needs Review),data/benchmark/src/main/java/org/owasp/benchmark/testcode/BenchmarkTest00604.java,72
BenchmarkTest00605,0,CWE-89,2,1,1,0.5746,Detected input from a HTTPServletRequest going into a SQL sink or statement. This could lead to SQL injection if variables in the SQL statement are not properly sanitized. Use parameterized SQL queries or properly sanitize user input instead.,0.6043967051102129,P3 - Medium (ML Moderate / Needs Review),data/benchmark/src/main/java/org/owasp/benchmark/testcode/BenchmarkTest00605.java,70
BenchmarkTest00606,1,CWE-89,2,1,1,0.5746,Detected input from a HTTPServletRequest going into a SQL sink or statement. This could lead to SQL injection if variables in the SQL statement are not properly sanitized. Use parameterized SQL queries or properly sanitize user input instead.,0.6315115188114625,P3 - Medium (ML Moderate / Needs Review),data/benchmark/src/main/java/org/owasp/benchmark/testcode/BenchmarkTest00606.java,70
BenchmarkTest00607,1,CWE-643,1,1,0,0.5185,"Detected input from a HTTPServletRequest going into a XPath evaluate or compile command. This could lead to xpath injection if variables passed into the evaluate or compile commands are not properly sanitized. Xpath injection could lead to unauthorized access to sensitive information in XML documents. Instead, thoroughly sanitize user input or use parameterized xpath queries if you can.",0.4500384206940105,P3 - Medium (ML Moderate / Needs Review),data/benchmark/src/main/java/org/owasp/benchmark/testcode/BenchmarkTest00607.java,79
BenchmarkTest00608,1,CWE-327,1,1,1,0.9046,Triple DES (3DES or DESede) is considered deprecated. AES is the recommended cipher. Upgrade to use AES.,0.9653792423396194,P1 - Critical (ML High-Confidence Vulnerability),data/benchmark/src/main/java/org/owasp/benchmark/testcode/BenchmarkTest00608.java,76
BenchmarkTest00609,1,CWE-327,1,1,1,0.9046,Triple DES (3DES or DESede) is considered deprecated. AES is the recommended cipher. Upgrade to use AES.,0.9646666709532539,P1 - Critical (ML High-Confidence Vulnerability),data/benchmark/src/main/java/org/owasp/benchmark/testcode/BenchmarkTest00609.java,68
BenchmarkTest00610,1,CWE-327,1,1,1,0.9046,Triple DES (3DES or DESede) is considered deprecated. AES is the recommended cipher. Upgrade to use AES.,0.960271073167773,P1 - Critical (ML High-Confidence Vulnerability),data/benchmark/src/main/java/org/owasp/benchmark/testcode/BenchmarkTest00610.java,87
BenchmarkTest00611,1,CWE-327,1,1,1,0.9046,Triple DES (3DES or DESede) is considered deprecated. AES is the recommended cipher. Upgrade to use AES.,0.957153376753586,P1 - Critical (ML High-Confidence Vulnerability),data/benchmark/src/main/java/org/owasp/benchmark/testcode/BenchmarkTest00611.java,71
BenchmarkTest00612,0,CWE-327,0,0,0,0.9046,,0.08362763156367758,P4 - Low (ML Suppressed / Likely False Alarm),,
BenchmarkTest00613,0,CWE-327,0,0,0,0.9046,,0.09462285501385369,P4 - Low (ML Suppressed / Likely False Alarm),,
BenchmarkTest00614,1,CWE-327,2,1,1,0.9046,DES is considered deprecated. AES is the recommended cipher. Upgrade to use AES. See https://www.nist.gov/news-events/news/2005/06/nist-withdraws-outdated-data-encryption-standard for more information.,0.9960648555857615,P1 - Critical (ML High-Confidence Vulnerability),data/benchmark/src/main/java/org/owasp/benchmark/testcode/BenchmarkTest00614.java,71
BenchmarkTest00615,1,CWE-327,2,1,1,0.9046,DES is considered deprecated. AES is the recommended cipher. Upgrade to use AES. See https://www.nist.gov/news-events/news/2005/06/nist-withdraws-outdated-data-encryption-standard for more information.,0.9770668750366887,P1 - Critical (ML High-Confidence Vulnerability),data/benchmark/src/main/java/org/owasp/benchmark/testcode/BenchmarkTest00615.java,67
BenchmarkTest00616,1,CWE-327,1,1,1,0.9046,Triple DES (3DES or DESede) is considered deprecated. AES is the recommended cipher. Upgrade to use AES.,0.957153376753586,P1 - Critical (ML High-Confidence Vulnerability),data/benchmark/src/main/java/org/owasp/benchmark/testcode/BenchmarkTest00616.java,58
BenchmarkTest00617,1,CWE-327,1,1,1,0.9046,Triple DES (3DES or DESede) is considered deprecated. AES is the recommended cipher. Upgrade to use AES.,0.9646666709532539,P1 - Critical (ML High-Confidence Vulnerability),data/benchmark/src/main/java/org/owasp/benchmark/testcode/BenchmarkTest00617.java,59
BenchmarkTest00618,0,CWE-327,1,0,1,0.9046,Use a secure cipher mode.,0.15132858978777353,P4 - Low (ML Suppressed / Likely False Alarm),owasp-benchmark:data/benchmark/src/main/java/org/owasp/benchmark/testcode/BenchmarkTest00618.java,70
BenchmarkTest00619,1,CWE-22,0,0,0,0.531,,0.18290078389950165,P4 - Low (ML Suppressed / Likely False Alarm),,
BenchmarkTest00620,0,CWE-22,0,0,0,0.531,,0.18290078389950165,P4 - Low (ML Suppressed / Likely False Alarm),,
BenchmarkTest00621,0,CWE-22,0,0,0,0.531,,0.18989096481216886,P4 - Low (ML Suppressed / Likely False Alarm),,
BenchmarkTest00622,0,CWE-22,1,1,0,0.531,"Detected a potential path traversal. A malicious actor could control the location of this file, to include going backwards in the directory with '../'. To address this, ensure that user-controlled variables in file paths are sanitized. You may also consider using a utility method such as org.apache.commons.io.FilenameUtils.getName(...) to only retrieve the file name from the path.",0.5372346090670375,P3 - Medium (ML Moderate / Needs Review),data/benchmark/src/main/java/org/owasp/benchmark/testcode/BenchmarkTest00622.java,69
BenchmarkTest00623,1,CWE-22,1,1,0,0.531,"Detected a potential path traversal. A malicious actor could control the location of this file, to include going backwards in the directory with '../'. To address this, ensure that user-controlled variables in file paths are sanitized. You may also consider using a utility method such as org.apache.commons.io.FilenameUtils.getName(...) to only retrieve the file name from the path.",0.5394645256012154,P3 - Medium (ML Moderate / Needs Review),data/benchmark/src/main/java/org/owasp/benchmark/testcode/BenchmarkTest00623.java,57
BenchmarkTest00624,1,CWE-22,1,1,0,0.531,"Detected a potential path traversal. A malicious actor could control the location of this file, to include going backwards in the directory with '../'. To address this, ensure that user-controlled variables in file paths are sanitized. You may also consider using a utility method such as org.apache.commons.io.FilenameUtils.getName(...) to only retrieve the file name from the path.",0.5394645256012154,P3 - Medium (ML Moderate / Needs Review),data/benchmark/src/main/java/org/owasp/benchmark/testcode/BenchmarkTest00624.java,58
BenchmarkTest00625,0,CWE-22,1,1,0,0.531,"Detected a potential path traversal. A malicious actor could control the location of this file, to include going backwards in the directory with '../'. To address this, ensure that user-controlled variables in file paths are sanitized. You may also consider using a utility method such as org.apache.commons.io.FilenameUtils.getName(...) to only retrieve the file name from the path.",0.5402428179282152,P3 - Medium (ML Moderate / Needs Review),data/benchmark/src/main/java/org/owasp/benchmark/testcode/BenchmarkTest00625.java,61
BenchmarkTest00626,0,CWE-22,0,0,0,0.531,,0.224123110314026,P4 - Low (ML Suppressed / Likely False Alarm),,
BenchmarkTest00627,1,CWE-22,1,1,0,0.531,"Detected a potential path traversal. A malicious actor could control the location of this file, to include going backwards in the directory with '../'. To address this, ensure that user-controlled variables in file paths are sanitized. You may also consider using a utility method such as org.apache.commons.io.FilenameUtils.getName(...) to only retrieve the file name from the path.",0.5305215095490278,P3 - Medium (ML Moderate / Needs Review),data/benchmark/src/main/java/org/owasp/benchmark/testcode/BenchmarkTest00627.java,63
BenchmarkTest00628,0,CWE-22,0,0,0,0.531,,0.18989096481216886,P4 - Low (ML Suppressed / Likely False Alarm),,
BenchmarkTest00629,1,CWE-22,0,0,0,0.531,,0.18989096481216886,P4 - Low (ML Suppressed / Likely False Alarm),,
BenchmarkTest00630,1,CWE-90,1,1,0,0.4815,"Detected input from a HTTPServletRequest going into an LDAP query. This could lead to LDAP injection if the input is not properly sanitized, which could result in attackers modifying objects in the LDAP tree structure. Ensure data passed to an LDAP query is not controllable or properly sanitize the data.",0.5087973542492934,P3 - Medium (ML Moderate / Needs Review),data/benchmark/src/main/java/org/owasp/benchmark/testcode/BenchmarkTest00630.java,82
BenchmarkTest00631,1,CWE-328,2,1,1,1.0,"Detected SHA1 hash algorithm which is considered insecure. SHA1 is not collision resistant and is therefore not suitable as a cryptographic signature. Instead, use PBKDF2 for password hashing or SHA256 or SHA512 for other hash function applications.",0.9981800784924265,P1 - Critical (ML High-Confidence Vulnerability),data/benchmark/src/main/java/org/owasp/benchmark/testcode/BenchmarkTest00631.java,57
BenchmarkTest00632,0,CWE-328,0,0,0,1.0,,0.25279536684003723,P4 - Low (ML Suppressed / Likely False Alarm),,
BenchmarkTest00633,0,CWE-328,0,0,0,1.0,,0.23782332489730076,P4 - Low (ML Suppressed / Likely False Alarm),,
BenchmarkTest00634,1,CWE-328,2,1,1,1.0,"Detected SHA1 hash algorithm which is considered insecure. SHA1 is not collision resistant and is therefore not suitable as a cryptographic signature. Instead, use PBKDF2 for password hashing or SHA256 or SHA512 for other hash function applications.",0.9983424470266575,P1 - Critical (ML High-Confidence Vulnerability),data/benchmark/src/main/java/org/owasp/benchmark/testcode/BenchmarkTest00634.java,61
BenchmarkTest00635,1,CWE-328,2,1,1,1.0,"Detected SHA1 hash algorithm which is considered insecure. SHA1 is not collision resistant and is therefore not suitable as a cryptographic signature. Instead, use PBKDF2 for password hashing or SHA256 or SHA512 for other hash function applications.",0.9981800784924265,P1 - Critical (ML High-Confidence Vulnerability),data/benchmark/src/main/java/org/owasp/benchmark/testcode/BenchmarkTest00635.java,51
BenchmarkTest00636,1,CWE-328,2,1,1,1.0,"Detected SHA1 hash algorithm which is considered insecure. SHA1 is not collision resistant and is therefore not suitable as a cryptographic signature. Instead, use PBKDF2 for password hashing or SHA256 or SHA512 for other hash function applications.",0.9981800784924265,P1 - Critical (ML High-Confidence Vulnerability),data/benchmark/src/main/java/org/owasp/benchmark/testcode/BenchmarkTest00636.java,51
BenchmarkTest00637,1,CWE-328,2,1,1,1.0,Detected MD5 hash algorithm which is considered insecure. MD5 is not collision resistant and is therefore not suitable as a cryptographic signature. Use HMAC instead.,0.9981800784924265,P1 - Critical (ML High-Confidence Vulnerability),data/benchmark/src/main/java/org/owasp/benchmark/testcode/BenchmarkTest00637.java,56
BenchmarkTest00638,1,CWE-328,0,0,0,1.0,,0.24087705674222445,P4 - Low (ML Suppressed / Likely False Alarm),,
BenchmarkTest00639,0,CWE-328,0,0,0,1.0,,0.24087705674222445,P4 - Low (ML Suppressed / Likely False Alarm),,
BenchmarkTest00640,0,CWE-328,0,0,0,1.0,,0.25279536684003723,P4 - Low (ML Suppressed / Likely False Alarm),,
BenchmarkTest00641,0,CWE-328,0,0,0,1.0,,0.231920865694142,P4 - Low (ML Suppressed / Likely False Alarm),,
BenchmarkTest00642,1,CWE-79,0,0,0,0.6516,,0.278739919364882,P4 - Low (ML Suppressed / Likely False Alarm),,
BenchmarkTest00643,1,CWE-79,0,0,0,0.6516,,0.278739919364882,P4 - Low (ML Suppressed / Likely False Alarm),,
BenchmarkTest00644,1,CWE-79,0,0,0,0.6516,,0.2659189177021378,P4 - Low (ML Suppressed / Likely False Alarm),,
BenchmarkTest00645,1,CWE-79,0,0,0,0.6516,,0.2659189177021378,P4 - Low (ML Suppressed / Likely False Alarm),,
BenchmarkTest00646,0,CWE-79,0,0,0,0.6516,,0.278739919364882,P4 - Low (ML Suppressed / Likely False Alarm),,
BenchmarkTest00647,0,CWE-79,0,0,0,0.6516,,0.2659189177021378,P4 - Low (ML Suppressed / Likely False Alarm),,
BenchmarkTest00648,0,CWE-79,0,0,0,0.6516,,0.2300172252494595,P4 - Low (ML Suppressed / Likely False Alarm),,
BenchmarkTest00649,0,CWE-79,0,0,0,0.6516,,0.313915809627834,P4 - Low (ML Suppressed / Likely False Alarm),,
BenchmarkTest00650,0,CWE-79,0,0,0,0.6516,,0.278739919364882,P4 - Low (ML Suppressed / Likely False Alarm),,
BenchmarkTest00651,1,CWE-79,0,0,0,0.6516,,0.2300172252494595,P4 - Low (ML Suppressed / Likely False Alarm),,
BenchmarkTest00652,1,CWE-330,2,1,1,1.0,"Detected use of the functions `Math.random()` or `java.util.Random()`. These are both not cryptographically strong random number generators (RNGs). If you are using these RNGs to create passwords or secret tokens, use `java.security.SecureRandom` instead.",1.0,P1 - Critical (ML High-Confidence Vulnerability),data/benchmark/src/main/java/org/owasp/benchmark/testcode/BenchmarkTest00652.java,53
BenchmarkTest00653,1,CWE-330,2,1,1,1.0,"Detected use of the functions `Math.random()` or `java.util.Random()`. These are both not cryptographically strong random number generators (RNGs). If you are using these RNGs to create passwords or secret tokens, use `java.security.SecureRandom` instead.",0.9995641025641026,P1 - Critical (ML High-Confidence Vulnerability),data/benchmark/src/main/java/org/owasp/benchmark/testcode/BenchmarkTest00653.java,55
BenchmarkTest00654,1,CWE-330,2,1,1,1.0,"Detected use of the functions `Math.random()` or `java.util.Random()`. These are both not cryptographically strong random number generators (RNGs). If you are using these RNGs to create passwords or secret tokens, use `java.security.SecureRandom` instead.",0.9995641025641026,P1 - Critical (ML High-Confidence Vulnerability),data/benchmark/src/main/java/org/owasp/benchmark/testcode/BenchmarkTest00654.java,60
BenchmarkTest00655,0,CWE-614,0,0,0,1.0,,0.08749518622573861,P4 - Low (ML Suppressed / Likely False Alarm),,
BenchmarkTest00656,1,CWE-79,0,0,0,0.6516,,0.2300172252494595,P4 - Low (ML Suppressed / Likely False Alarm),,
BenchmarkTest00657,0,CWE-78,0,0,0,0.5177,,0.25757145186081115,P4 - Low (ML Suppressed / Likely False Alarm),,
BenchmarkTest00658,0,CWE-78,1,1,0,0.5177,"Detected input from a HTTPServletRequest going into a 'ProcessBuilder' or 'exec' command. This could lead to command injection if variables passed into the exec commands are not properly sanitized. Instead, avoid using these OS commands with user-supplied input, or, if you must use these commands, use a whitelist of specific values.",0.5114755110284748,P3 - Medium (ML Moderate / Needs Review),data/benchmark/src/main/java/org/owasp/benchmark/testcode/BenchmarkTest00658.java,64
BenchmarkTest00659,0,CWE-78,1,1,0,0.5177,"Detected input from a HTTPServletRequest going into a 'ProcessBuilder' or 'exec' command. This could lead to command injection if variables passed into the exec commands are not properly sanitized. Instead, avoid using these OS commands with user-supplied input, or, if you must use these commands, use a whitelist of specific values.",0.5444416118463504,P3 - Medium (ML Moderate / Needs Review),data/benchmark/src/main/java/org/owasp/benchmark/testcode/BenchmarkTest00659.java,79
BenchmarkTest00660,0,CWE-330,0,0,0,1.0,,0.037636823716155926,P4 - Low (ML Suppressed / Likely False Alarm),,
BenchmarkTest00661,0,CWE-330,0,0,0,1.0,,0.0331840260624013,P4 - Low (ML Suppressed / Likely False Alarm),,
BenchmarkTest00662,0,CWE-330,0,0,0,1.0,,0.0331840260624013,P4 - Low (ML Suppressed / Likely False Alarm),,
BenchmarkTest00663,0,CWE-330,0,0,0,1.0,,0.0331840260624013,P4 - Low (ML Suppressed / Likely False Alarm),,
BenchmarkTest00664,0,CWE-330,0,0,0,1.0,,0.04325014794951732,P4 - Low (ML Suppressed / Likely False Alarm),,
BenchmarkTest00665,0,CWE-330,0,0,0,1.0,,0.04325014794951732,P4 - Low (ML Suppressed / Likely False Alarm),,
BenchmarkTest00666,0,CWE-330,0,0,0,1.0,,0.037636823716155926,P4 - Low (ML Suppressed / Likely False Alarm),,
BenchmarkTest00667,0,CWE-330,0,0,0,1.0,,0.0331840260624013,P4 - Low (ML Suppressed / Likely False Alarm),,
BenchmarkTest00668,1,CWE-501,0,0,0,0.7234,,0.341104770423293,P4 - Low (ML Suppressed / Likely False Alarm),,
BenchmarkTest00669,0,CWE-501,0,0,0,0.7234,,0.33174281572012776,P4 - Low (ML Suppressed / Likely False Alarm),,
BenchmarkTest00670,1,CWE-501,0,0,0,0.7234,,0.32432943290492355,P4 - Low (ML Suppressed / Likely False Alarm),,
BenchmarkTest00671,1,CWE-501,0,0,0,0.7234,,0.35188225499567877,P4 - Low (ML Suppressed / Likely False Alarm),,
BenchmarkTest00672,0,CWE-89,1,0,1,0.5746,Make sure using a dynamically formatted SQL query is safe here.,0.2517519982809986,P4 - Low (ML Suppressed / Likely False Alarm),owasp-benchmark:data/benchmark/src/main/java/org/owasp/benchmark/testcode/BenchmarkTest00672.java,60
BenchmarkTest00673,1,CWE-89,1,0,1,0.5746,Make sure using a dynamically formatted SQL query is safe here.,0.1992720305365284,P4 - Low (ML Suppressed / Likely False Alarm),owasp-benchmark:data/benchmark/src/main/java/org/owasp/benchmark/testcode/BenchmarkTest00673.java,60
BenchmarkTest00674,0,CWE-89,1,0,1,0.5746,Make sure using a dynamically formatted SQL query is safe here.,0.27192466062372905,P4 - Low (ML Suppressed / Likely False Alarm),owasp-benchmark:data/benchmark/src/main/java/org/owasp/benchmark/testcode/BenchmarkTest00674.java,78
BenchmarkTest00675,0,CWE-89,1,0,1,0.5746,Make sure using a dynamically formatted SQL query is safe here.,0.3049585907793266,P4 - Low (ML Suppressed / Likely False Alarm),owasp-benchmark:data/benchmark/src/main/java/org/owasp/benchmark/testcode/BenchmarkTest00675.java,61
BenchmarkTest00676,0,CWE-89,1,0,1,0.5746,Make sure using a dynamically formatted SQL query is safe here.,0.30621663294077395,P4 - Low (ML Suppressed / Likely False Alarm),owasp-benchmark:data/benchmark/src/main/java/org/owasp/benchmark/testcode/BenchmarkTest00676.java,61
BenchmarkTest00677,1,CWE-89,0,0,0,0.5746,,0.2093850809927966,P4 - Low (ML Suppressed / Likely False Alarm),,
BenchmarkTest00678,1,CWE-89,0,0,0,0.5746,,0.21771025903164282,P4 - Low (ML Suppressed / Likely False Alarm),,
BenchmarkTest00679,1,CWE-89,0,0,0,0.5746,,0.21771025903164282,P4 - Low (ML Suppressed / Likely False Alarm),,
BenchmarkTest00680,0,CWE-89,2,1,1,0.5746,Detected a formatted string in a SQL statement. This could lead to SQL injection if variables in the SQL statement are not properly sanitized. Use a prepared statements (java.sql.PreparedStatement) instead. You can obtain a PreparedStatement using 'connection.prepareStatement'.,0.5476500971406442,P3 - Medium (ML Moderate / Needs Review),data/benchmark/src/main/java/org/owasp/benchmark/testcode/BenchmarkTest00680.java,61
BenchmarkTest00681,1,CWE-89,2,1,1,0.5746,Detected a formatted string in a SQL statement. This could lead to SQL injection if variables in the SQL statement are not properly sanitized. Use a prepared statements (java.sql.PreparedStatement) instead. You can obtain a PreparedStatement using 'connection.prepareStatement'.,0.46739305534568415,P3 - Medium (ML Moderate / Needs Review),data/benchmark/src/main/java/org/owasp/benchmark/testcode/BenchmarkTest00681.java,55
BenchmarkTest00682,0,CWE-89,2,1,1,0.5746,Detected a formatted string in a SQL statement. This could lead to SQL injection if variables in the SQL statement are not properly sanitized. Use a prepared statements (java.sql.PreparedStatement) instead. You can obtain a PreparedStatement using 'connection.prepareStatement'.,0.5278626301234679,P3 - Medium (ML Moderate / Needs Review),data/benchmark/src/main/java/org/owasp/benchmark/testcode/BenchmarkTest00682.java,74
BenchmarkTest00683,0,CWE-643,0,0,0,0.5185,,0.11451088766595113,P4 - Low (ML Suppressed / Likely False Alarm),,
BenchmarkTest00684,1,CWE-327,1,1,1,0.9046,Triple DES (3DES or DESede) is considered deprecated. AES is the recommended cipher. Upgrade to use AES.,0.9646666709532539,P1 - Critical (ML High-Confidence Vulnerability),data/benchmark/src/main/java/org/owasp/benchmark/testcode/BenchmarkTest00684.java,66
BenchmarkTest00685,1,CWE-327,1,1,1,0.9046,Triple DES (3DES or DESede) is considered deprecated. AES is the recommended cipher. Upgrade to use AES.,0.960271073167773,P1 - Critical (ML High-Confidence Vulnerability),data/benchmark/src/main/java/org/owasp/benchmark/testcode/BenchmarkTest00685.java,70
BenchmarkTest00686,0,CWE-327,0,0,0,0.9046,,0.08362763156367758,P4 - Low (ML Suppressed / Likely False Alarm),,
BenchmarkTest00687,0,CWE-327,0,0,0,0.9046,,0.09852596288884,P4 - Low (ML Suppressed / Likely False Alarm),,
BenchmarkTest00688,1,CWE-327,1,1,1,0.9046,Triple DES (3DES or DESede) is considered deprecated. AES is the recommended cipher. Upgrade to use AES.,0.960271073167773,P1 - Critical (ML High-Confidence Vulnerability),data/benchmark/src/main/java/org/owasp/benchmark/testcode/BenchmarkTest00688.java,71
BenchmarkTest00689,0,CWE-327,0,0,0,0.9046,,0.09462285501385369,P4 - Low (ML Suppressed / Likely False Alarm),,
BenchmarkTest00690,0,CWE-327,0,0,0,0.9046,,0.0878973552674785,P4 - Low (ML Suppressed / Likely False Alarm),,
BenchmarkTest00691,1,CWE-327,2,1,1,0.9046,DES is considered deprecated. AES is the recommended cipher. Upgrade to use AES. See https://www.nist.gov/news-events/news/2005/06/nist-withdraws-outdated-data-encryption-standard for more information.,0.9770668750366887,P1 - Critical (ML High-Confidence Vulnerability),data/benchmark/src/main/java/org/owasp/benchmark/testcode/BenchmarkTest00691.java,71
BenchmarkTest00692,1,CWE-327,2,1,1,0.9046,DES is considered deprecated. AES is the recommended cipher. Upgrade to use AES. See https://www.nist.gov/news-events/news/2005/06/nist-withdraws-outdated-data-encryption-standard for more information.,0.9960648555857615,P1 - Critical (ML High-Confidence Vulnerability),data/benchmark/src/main/java/org/owasp/benchmark/testcode/BenchmarkTest00692.java,61
BenchmarkTest00693,1,CWE-327,2,1,1,0.9046,DES is considered deprecated. AES is the recommended cipher. Upgrade to use AES. See https://www.nist.gov/news-events/news/2005/06/nist-withdraws-outdated-data-encryption-standard for more information.,0.9895465333843201,P1 - Critical (ML High-Confidence Vulnerability),data/benchmark/src/main/java/org/owasp/benchmark/testcode/BenchmarkTest00693.java,64
BenchmarkTest00694,1,CWE-90,1,1,0,0.4815,"Detected input from a HTTPServletRequest going into an LDAP query. This could lead to LDAP injection if the input is not properly sanitized, which could result in attackers modifying objects in the LDAP tree structure. Ensure data passed to an LDAP query is not controllable or properly sanitize the data.",0.519750625119329,P3 - Medium (ML Moderate / Needs Review),data/benchmark/src/main/java/org/owasp/benchmark/testcode/BenchmarkTest00694.java,60
BenchmarkTest00695,1,CWE-90,0,0,0,0.4815,,0.12484837798988253,P4 - Low (ML Suppressed / Likely False Alarm),,
BenchmarkTest00696,1,CWE-22,1,1,0,0.531,"Detected a potential path traversal. A malicious actor could control the location of this file, to include going backwards in the directory with '../'. To address this, ensure that user-controlled variables in file paths are sanitized. You may also consider using a utility method such as org.apache.commons.io.FilenameUtils.getName(...) to only retrieve the file name from the path.",0.5402428179282152,P3 - Medium (ML Moderate / Needs Review),data/benchmark/src/main/java/org/owasp/benchmark/testcode/BenchmarkTest00696.java,69
BenchmarkTest00697,1,CWE-22,1,1,0,0.531,"Detected a potential path traversal. A malicious actor could control the location of this file, to include going backwards in the directory with '../'. To address this, ensure that user-controlled variables in file paths are sanitized. You may also consider using a utility method such as org.apache.commons.io.FilenameUtils.getName(...) to only retrieve the file name from the path.",0.5402428179282152,P3 - Medium (ML Moderate / Needs Review),data/benchmark/src/main/java/org/owasp/benchmark/testcode/BenchmarkTest00697.java,57
BenchmarkTest00698,1,CWE-22,1,1,0,0.531,"Detected a potential path traversal. A malicious actor could control the location of this file, to include going backwards in the directory with '../'. To address this, ensure that user-controlled variables in file paths are sanitized. You may also consider using a utility method such as org.apache.commons.io.FilenameUtils.getName(...) to only retrieve the file name from the path.",0.5372346090670375,P3 - Medium (ML Moderate / Needs Review),data/benchmark/src/main/java/org/owasp/benchmark/testcode/BenchmarkTest00698.java,52
BenchmarkTest00699,0,CWE-22,1,1,0,0.531,"Detected a potential path traversal. A malicious actor could control the location of this file, to include going backwards in the directory with '../'. To address this, ensure that user-controlled variables in file paths are sanitized. You may also consider using a utility method such as org.apache.commons.io.FilenameUtils.getName(...) to only retrieve the file name from the path.",0.5372346090670375,P3 - Medium (ML Moderate / Needs Review),data/benchmark/src/main/java/org/owasp/benchmark/testcode/BenchmarkTest00699.java,69
BenchmarkTest00700,1,CWE-22,1,1,0,0.531,"Detected a potential path traversal. A malicious actor could control the location of this file, to include going backwards in the directory with '../'. To address this, ensure that user-controlled variables in file paths are sanitized. You may also consider using a utility method such as org.apache.commons.io.FilenameUtils.getName(...) to only retrieve the file name from the path.",0.5394645256012154,P3 - Medium (ML Moderate / Needs Review),data/benchmark/src/main/java/org/owasp/benchmark/testcode/BenchmarkTest00700.java,63
BenchmarkTest00701,0,CWE-90,0,0,0,0.4815,,0.12484837798988253,P4 - Low (ML Suppressed / Likely False Alarm),,
BenchmarkTest00702,1,CWE-330,2,1,1,1.0,"Detected use of the functions `Math.random()` or `java.util.Random()`. These are both not cryptographically strong random number generators (RNGs). If you are using these RNGs to create passwords or secret tokens, use `java.security.SecureRandom` instead.",1.0,P1 - Critical (ML High-Confidence Vulnerability),data/benchmark/src/main/java/org/owasp/benchmark/testcode/BenchmarkTest00702.java,57
BenchmarkTest00703,1,CWE-328,2,1,1,1.0,"Detected SHA1 hash algorithm which is considered insecure. SHA1 is not collision resistant and is therefore not suitable as a cryptographic signature. Instead, use PBKDF2 for password hashing or SHA256 or SHA512 for other hash function applications.",0.9983424470266575,P1 - Critical (ML High-Confidence Vulnerability),data/benchmark/src/main/java/org/owasp/benchmark/testcode/BenchmarkTest00703.java,66
BenchmarkTest00704,1,CWE-328,2,1,1,1.0,"Detected SHA1 hash algorithm which is considered insecure. SHA1 is not collision resistant and is therefore not suitable as a cryptographic signature. Instead, use PBKDF2 for password hashing or SHA256 or SHA512 for other hash function applications.",0.997774524693956,P1 - Critical (ML High-Confidence Vulnerability),data/benchmark/src/main/java/org/owasp/benchmark/testcode/BenchmarkTest00704.java,59
BenchmarkTest00705,1,CWE-328,2,1,1,1.0,"Detected SHA1 hash algorithm which is considered insecure. SHA1 is not collision resistant and is therefore not suitable as a cryptographic signature. Instead, use PBKDF2 for password hashing or SHA256 or SHA512 for other hash function applications.",0.9981800784924265,P1 - Critical (ML High-Confidence Vulnerability),data/benchmark/src/main/java/org/owasp/benchmark/testcode/BenchmarkTest00705.java,57
BenchmarkTest00706,0,CWE-328,0,0,0,1.0,,0.23782332489730076,P4 - Low (ML Suppressed / Likely False Alarm),,
BenchmarkTest00707,0,CWE-328,0,0,0,1.0,,0.26631103688868035,P4 - Low (ML Suppressed / Likely False Alarm),,
BenchmarkTest00708,1,CWE-328,2,1,1,1.0,Detected MD5 hash algorithm which is considered insecure. MD5 is not collision resistant and is therefore not suitable as a cryptographic signature. Use HMAC instead.,1.0,P1 - Critical (ML High-Confidence Vulnerability),data/benchmark/src/main/java/org/owasp/benchmark/testcode/BenchmarkTest00708.java,53
BenchmarkTest00709,0,CWE-328,0,0,0,1.0,,0.24087705674222445,P4 - Low (ML Suppressed / Likely False Alarm),,
BenchmarkTest00710,1,CWE-328,0,0,0,1.0,,0.23782332489730076,P4 - Low (ML Suppressed / Likely False Alarm),,
BenchmarkTest00711,1,CWE-79,0,0,0,0.6516,,0.313915809627834,P4 - Low (ML Suppressed / Likely False Alarm),,
BenchmarkTest00712,0,CWE-79,1,1,0,0.6516,"Detected a request with potential user-input going into a OutputStream or Writer object. This bypasses any view or template environments, including HTML escaping, which may expose this application to cross-site scripting (XSS) vulnerabilities. Consider using a view technology such as JavaServer Faces (JSFs) which automatically escapes HTML views.",0.6606354491638398,P2 - High (ML Probable Vulnerability),data/benchmark/src/main/java/org/owasp/benchmark/testcode/BenchmarkTest00712.java,59
BenchmarkTest00713,0,CWE-79,0,0,0,0.6516,,0.2659189177021378,P4 - Low (ML Suppressed / Likely False Alarm),,
BenchmarkTest00714,0,CWE-79,0,0,0,0.6516,,0.278739919364882,P4 - Low (ML Suppressed / Likely False Alarm),,
BenchmarkTest00715,1,CWE-79,1,1,0,0.6516,"Detected a request with potential user-input going into a OutputStream or Writer object. This bypasses any view or template environments, including HTML escaping, which may expose this application to cross-site scripting (XSS) vulnerabilities. Consider using a view technology such as JavaServer Faces (JSFs) which automatically escapes HTML views.",0.6447716715602264,P3 - Medium (ML Moderate / Needs Review),data/benchmark/src/main/java/org/owasp/benchmark/testcode/BenchmarkTest00715.java,52
BenchmarkTest00716,0,CWE-79,0,0,0,0.6516,,0.24970671366531938,P4 - Low (ML Suppressed / Likely False Alarm),,
BenchmarkTest00717,0,CWE-79,0,0,0,0.6516,,0.278739919364882,P4 - Low (ML Suppressed / Likely False Alarm),,
BenchmarkTest00718,0,CWE-79,0,0,0,0.6516,,0.313915809627834,P4 - Low (ML Suppressed / Likely False Alarm),,
BenchmarkTest00719,1,CWE-79,1,1,0,0.6516,"Detected a request with potential user-input going into a OutputStream or Writer object. This bypasses any view or template environments, including HTML escaping, which may expose this application to cross-site scripting (XSS) vulnerabilities. Consider using a view technology such as JavaServer Faces (JSFs) which automatically escapes HTML views.",0.6447716715602264,P3 - Medium (ML Moderate / Needs Review),data/benchmark/src/main/java/org/owasp/benchmark/testcode/BenchmarkTest00719.java,54
BenchmarkTest00720,1,CWE-79,1,1,0,0.6516,"Detected a request with potential user-input going into a OutputStream or Writer object. This bypasses any view or template environments, including HTML escaping, which may expose this application to cross-site scripting (XSS) vulnerabilities. Consider using a view technology such as JavaServer Faces (JSFs) which automatically escapes HTML views.",0.6606354491638398,P2 - High (ML Probable Vulnerability),data/benchmark/src/main/java/org/owasp/benchmark/testcode/BenchmarkTest00720.java,71
BenchmarkTest00721,1,CWE-79,0,0,0,0.6516,,0.2300172252494595,P4 - Low (ML Suppressed / Likely False Alarm),,
BenchmarkTest00722,0,CWE-79,0,0,0,0.6516,,0.313915809627834,P4 - Low (ML Suppressed / Likely False Alarm),,
BenchmarkTest00723,0,CWE-79,1,1,0,0.6516,"Detected a request with potential user-input going into a OutputStream or Writer object. This bypasses any view or template environments, including HTML escaping, which may expose this application to cross-site scripting (XSS) vulnerabilities. Consider using a view technology such as JavaServer Faces (JSFs) which automatically escapes HTML views.",0.6691842611085874,P2 - High (ML Probable Vulnerability),data/benchmark/src/main/java/org/owasp/benchmark/testcode/BenchmarkTest00723.java,57
BenchmarkTest00724,1,CWE-79,1,1,0,0.6516,"Detected a request with potential user-input going into a OutputStream or Writer object. This bypasses any view or template environments, including HTML escaping, which may expose this application to cross-site scripting (XSS) vulnerabilities. Consider using a view technology such as JavaServer Faces (JSFs) which automatically escapes HTML views.",0.6606354491638398,P2 - High (ML Probable Vulnerability),data/benchmark/src/main/java/org/owasp/benchmark/testcode/BenchmarkTest00724.java,70
BenchmarkTest00725,1,CWE-79,0,0,0,0.6516,,0.2300172252494595,P4 - Low (ML Suppressed / Likely False Alarm),,
BenchmarkTest00726,0,CWE-79,0,0,0,0.6516,,0.2659189177021378,P4 - Low (ML Suppressed / Likely False Alarm),,
BenchmarkTest00727,1,CWE-79,1,1,0,0.6516,"Detected a request with potential user-input going into a OutputStream or Writer object. This bypasses any view or template environments, including HTML escaping, which may expose this application to cross-site scripting (XSS) vulnerabilities. Consider using a view technology such as JavaServer Faces (JSFs) which automatically escapes HTML views.",0.6221848022643229,P3 - Medium (ML Moderate / Needs Review),data/benchmark/src/main/java/org/owasp/benchmark/testcode/BenchmarkTest00727.java,54
BenchmarkTest00728,1,CWE-79,1,1,0,0.6516,"Detected a request with potential user-input going into a OutputStream or Writer object. This bypasses any view or template environments, including HTML escaping, which may expose this application to cross-site scripting (XSS) vulnerabilities. Consider using a view technology such as JavaServer Faces (JSFs) which automatically escapes HTML views.",0.6588860833788427,P2 - High (ML Probable Vulnerability),data/benchmark/src/main/java/org/owasp/benchmark/testcode/BenchmarkTest00728.java,56
BenchmarkTest00729,1,CWE-79,1,1,0,0.6516,"Detected a request with potential user-input going into a OutputStream or Writer object. This bypasses any view or template environments, including HTML escaping, which may expose this application to cross-site scripting (XSS) vulnerabilities. Consider using a view technology such as JavaServer Faces (JSFs) which automatically escapes HTML views.",0.6221848022643229,P3 - Medium (ML Moderate / Needs Review),data/benchmark/src/main/java/org/owasp/benchmark/testcode/BenchmarkTest00729.java,53
BenchmarkTest00730,0,CWE-79,0,0,0,0.6516,,0.2659189177021378,P4 - Low (ML Suppressed / Likely False Alarm),,
BenchmarkTest00731,1,CWE-78,1,1,0,0.5177,"Detected input from a HTTPServletRequest going into a 'ProcessBuilder' or 'exec' command. This could lead to command injection if variables passed into the exec commands are not properly sanitized. Instead, avoid using these OS commands with user-supplied input, or, if you must use these commands, use a whitelist of specific values.",0.5752195073482003,P3 - Medium (ML Moderate / Needs Review),data/benchmark/src/main/java/org/owasp/benchmark/testcode/BenchmarkTest00731.java,60
BenchmarkTest00732,0,CWE-78,1,1,0,0.5177,A formatted or concatenated string was detected as input to a ProcessBuilder call. This is dangerous if a variable is controlled by user input and could result in a command injection. Ensure your variables are not controlled by users or sufficiently sanitized.,0.33217358855541107,P4 - Low (ML Suppressed / Likely False Alarm),data/benchmark/src/main/java/org/owasp/benchmark/testcode/BenchmarkTest00732.java,68
BenchmarkTest00733,1,CWE-330,2,1,1,1.0,"Detected use of the functions `Math.random()` or `java.util.Random()`. These are both not cryptographically strong random number generators (RNGs). If you are using these RNGs to create passwords or secret tokens, use `java.security.SecureRandom` instead.",1.0,P1 - Critical (ML High-Confidence Vulnerability),data/benchmark/src/main/java/org/owasp/benchmark/testcode/BenchmarkTest00733.java,51
BenchmarkTest00734,1,CWE-330,2,1,1,1.0,"Detected use of the functions `Math.random()` or `java.util.Random()`. These are both not cryptographically strong random number generators (RNGs). If you are using these RNGs to create passwords or secret tokens, use `java.security.SecureRandom` instead.",1.0,P1 - Critical (ML High-Confidence Vulnerability),data/benchmark/src/main/java/org/owasp/benchmark/testcode/BenchmarkTest00734.java,69
BenchmarkTest00735,1,CWE-330,2,1,1,1.0,"Detected use of the functions `Math.random()` or `java.util.Random()`. These are both not cryptographically strong random number generators (RNGs). If you are using these RNGs to create passwords or secret tokens, use `java.security.SecureRandom` instead.",1.0,P1 - Critical (ML High-Confidence Vulnerability),data/benchmark/src/main/java/org/owasp/benchmark/testcode/BenchmarkTest00735.java,60
BenchmarkTest00736,1,CWE-614,1,1,0,1.0,A cookie was detected without setting the 'secure' flag. The 'secure' flag for cookies prevents the client from transmitting the cookie over insecure channels such as HTTP. Set the 'secure' flag by calling 'cookie.setSecure(true);',0.9624860773602885,P1 - Critical (ML High-Confidence Vulnerability),data/benchmark/src/main/java/org/owasp/benchmark/testcode/BenchmarkTest00736.java,72
BenchmarkTest00737,1,CWE-79,0,0,0,0.6516,,0.24970671366531938,P4 - Low (ML Suppressed / Likely False Alarm),,
BenchmarkTest00738,0,CWE-78,1,1,0,0.5177,"Detected input from a HTTPServletRequest going into a 'ProcessBuilder' or 'exec' command. This could lead to command injection if variables passed into the exec commands are not properly sanitized. Instead, avoid using these OS commands with user-supplied input, or, if you must use these commands, use a whitelist of specific values.",0.5089059229256337,P3 - Medium (ML Moderate / Needs Review),data/benchmark/src/main/java/org/owasp/benchmark/testcode/BenchmarkTest00738.java,78
BenchmarkTest00739,0,CWE-78,1,1,0,0.5177,"Detected input from a HTTPServletRequest going into a 'ProcessBuilder' or 'exec' command. This could lead to command injection if variables passed into the exec commands are not properly sanitized. Instead, avoid using these OS commands with user-supplied input, or, if you must use these commands, use a whitelist of specific values.",0.5752195073482003,P3 - Medium (ML Moderate / Needs Review),data/benchmark/src/main/java/org/owasp/benchmark/testcode/BenchmarkTest00739.java,78
BenchmarkTest00740,1,CWE-78,0,0,0,0.5177,,0.23500009792560184,P4 - Low (ML Suppressed / Likely False Alarm),,
BenchmarkTest00741,0,CWE-78,0,0,0,0.5177,,0.2929514672781985,P4 - Low (ML Suppressed / Likely False Alarm),,
BenchmarkTest00742,0,CWE-78,0,0,0,0.5177,,0.23500009792560184,P4 - Low (ML Suppressed / Likely False Alarm),,
BenchmarkTest00743,0,CWE-78,1,1,0,0.5177,"Detected input from a HTTPServletRequest going into a 'ProcessBuilder' or 'exec' command. This could lead to command injection if variables passed into the exec commands are not properly sanitized. Instead, avoid using these OS commands with user-supplied input, or, if you must use these commands, use a whitelist of specific values.",0.5089059229256337,P3 - Medium (ML Moderate / Needs Review),data/benchmark/src/main/java/org/owasp/benchmark/testcode/BenchmarkTest00743.java,75
BenchmarkTest00744,0,CWE-330,0,0,0,1.0,,0.03704436789576919,P4 - Low (ML Suppressed / Likely False Alarm),,
BenchmarkTest00745,0,CWE-330,0,0,0,1.0,,0.037636823716155926,P4 - Low (ML Suppressed / Likely False Alarm),,
BenchmarkTest00746,0,CWE-330,0,0,0,1.0,,0.03391968678800127,P4 - Low (ML Suppressed / Likely False Alarm),,
BenchmarkTest00747,0,CWE-330,0,0,0,1.0,,0.03704436789576919,P4 - Low (ML Suppressed / Likely False Alarm),,
BenchmarkTest00748,0,CWE-330,0,0,0,1.0,,0.0331840260624013,P4 - Low (ML Suppressed / Likely False Alarm),,
BenchmarkTest00749,0,CWE-330,0,0,0,1.0,,0.03704436789576919,P4 - Low (ML Suppressed / Likely False Alarm),,
BenchmarkTest00750,0,CWE-330,0,0,0,1.0,,0.037636823716155926,P4 - Low (ML Suppressed / Likely False Alarm),,
BenchmarkTest00751,0,CWE-330,0,0,0,1.0,,0.03391968678800127,P4 - Low (ML Suppressed / Likely False Alarm),,
BenchmarkTest00752,0,CWE-330,0,0,0,1.0,,0.03391968678800127,P4 - Low (ML Suppressed / Likely False Alarm),,
BenchmarkTest00753,0,CWE-330,0,0,0,1.0,,0.04325014794951732,P4 - Low (ML Suppressed / Likely False Alarm),,
BenchmarkTest00754,1,CWE-501,0,0,0,0.7234,,0.33174281572012776,P4 - Low (ML Suppressed / Likely False Alarm),,
BenchmarkTest00755,0,CWE-501,1,1,0,0.7234,"Detected input from a HTTPServletRequest going into a session command, like `setAttribute`. User input into such a command could lead to an attacker inputting malicious code into your session parameters, blurring the line between what's trusted and untrusted, and therefore leading to a trust boundary violation. This could lead to programmers trusting unvalidated data. Instead, thoroughly sanitize user input before passing it into such function calls.",0.7196177864212013,P2 - High (ML Probable Vulnerability),data/benchmark/src/main/java/org/owasp/benchmark/testcode/BenchmarkTest00755.java,56
BenchmarkTest00756,1,CWE-501,1,1,0,0.7234,"Detected input from a HTTPServletRequest going into a session command, like `setAttribute`. User input into such a command could lead to an attacker inputting malicious code into your session parameters, blurring the line between what's trusted and untrusted, and therefore leading to a trust boundary violation. This could lead to programmers trusting unvalidated data. Instead, thoroughly sanitize user input before passing it into such function calls.",0.7196177864212013,P2 - High (ML Probable Vulnerability),data/benchmark/src/main/java/org/owasp/benchmark/testcode/BenchmarkTest00756.java,51
BenchmarkTest00757,1,CWE-501,1,1,0,0.7234,"Detected a request with potential user-input going into a OutputStream or Writer object. This bypasses any view or template environments, including HTML escaping, which may expose this application to cross-site scripting (XSS) vulnerabilities. Consider using a view technology such as JavaServer Faces (JSFs) which automatically escapes HTML views.",0.711595332929724,P2 - High (ML Probable Vulnerability),data/benchmark/src/main/java/org/owasp/benchmark/testcode/BenchmarkTest00757.java,72
BenchmarkTest00758,0,CWE-501,0,0,0,0.7234,,0.35188225499567877,P4 - Low (ML Suppressed / Likely False Alarm),,
BenchmarkTest00759,1,CWE-501,1,1,0,0.7234,"Detected input from a HTTPServletRequest going into a session command, like `setAttribute`. User input into such a command could lead to an attacker inputting malicious code into your session parameters, blurring the line between what's trusted and untrusted, and therefore leading to a trust boundary violation. This could lead to programmers trusting unvalidated data. Instead, thoroughly sanitize user input before passing it into such function calls.",0.6568111284096806,P2 - High (ML Probable Vulnerability),data/benchmark/src/main/java/org/owasp/benchmark/testcode/BenchmarkTest00759.java,54
BenchmarkTest00760,1,CWE-89,1,0,1,0.5746,Make sure using a dynamically formatted SQL query is safe here.,0.2517519982809986,P4 - Low (ML Suppressed / Likely False Alarm),owasp-benchmark:data/benchmark/src/main/java/org/owasp/benchmark/testcode/BenchmarkTest00760.java,60
BenchmarkTest00761,1,CWE-89,2,1,1,0.5746,Detected input from a HTTPServletRequest going into a SQL sink or statement. This could lead to SQL injection if variables in the SQL statement are not properly sanitized. Use parameterized SQL queries or properly sanitize user input instead.,0.6043967051102129,P3 - Medium (ML Moderate / Needs Review),data/benchmark/src/main/java/org/owasp/benchmark/testcode/BenchmarkTest00761.java,74
BenchmarkTest00762,1,CWE-89,2,1,1,0.5746,Detected input from a HTTPServletRequest going into a SQL sink or statement. This could lead to SQL injection if variables in the SQL statement are not properly sanitized. Use parameterized SQL queries or properly sanitize user input instead.,0.6221370751503495,P3 - Medium (ML Moderate / Needs Review),data/benchmark/src/main/java/org/owasp/benchmark/testcode/BenchmarkTest00762.java,60
BenchmarkTest00763,0,CWE-89,2,1,1,0.5746,Detected input from a HTTPServletRequest going into a SQL sink or statement. This could lead to SQL injection if variables in the SQL statement are not properly sanitized. Use parameterized SQL queries or properly sanitize user input instead.,0.6221370751503495,P3 - Medium (ML Moderate / Needs Review),data/benchmark/src/main/java/org/owasp/benchmark/testcode/BenchmarkTest00763.java,74
BenchmarkTest00764,1,CWE-89,1,1,0,0.5746,Detected input from a HTTPServletRequest going into a SQL sink or statement. This could lead to SQL injection if variables in the SQL statement are not properly sanitized. Use parameterized SQL queries or properly sanitize user input instead.,0.6314792486337455,P3 - Medium (ML Moderate / Needs Review),data/benchmark/src/main/java/org/owasp/benchmark/testcode/BenchmarkTest00764.java,54
BenchmarkTest00765,1,CWE-89,1,1,0,0.5746,Detected input from a HTTPServletRequest going into a SQL sink or statement. This could lead to SQL injection if variables in the SQL statement are not properly sanitized. Use parameterized SQL queries or properly sanitize user input instead.,0.6314792486337455,P3 - Medium (ML Moderate / Needs Review),data/benchmark/src/main/java/org/owasp/benchmark/testcode/BenchmarkTest00765.java,56
BenchmarkTest00766,0,CWE-89,1,1,0,0.5746,Detected input from a HTTPServletRequest going into a SQL sink or statement. This could lead to SQL injection if variables in the SQL statement are not properly sanitized. Use parameterized SQL queries or properly sanitize user input instead.,0.6393503814415632,P3 - Medium (ML Moderate / Needs Review),data/benchmark/src/main/java/org/owasp/benchmark/testcode/BenchmarkTest00766.java,59
BenchmarkTest00767,1,CWE-89,1,1,0,0.5746,Detected input from a HTTPServletRequest going into a SQL sink or statement. This could lead to SQL injection if variables in the SQL statement are not properly sanitized. Use parameterized SQL queries or properly sanitize user input instead.,0.6382802301796155,P3 - Medium (ML Moderate / Needs Review),data/benchmark/src/main/java/org/owasp/benchmark/testcode/BenchmarkTest00767.java,73
BenchmarkTest00768,1,CWE-89,1,1,0,0.5746,Detected input from a HTTPServletRequest going into a SQL sink or statement. This could lead to SQL injection if variables in the SQL statement are not properly sanitized. Use parameterized SQL queries or properly sanitize user input instead.,0.6382802301796155,P3 - Medium (ML Moderate / Needs Review),data/benchmark/src/main/java/org/owasp/benchmark/testcode/BenchmarkTest00768.java,55
BenchmarkTest00769,1,CWE-89,0,0,0,0.5746,,0.22805439478118394,P4 - Low (ML Suppressed / Likely False Alarm),,
BenchmarkTest00770,1,CWE-89,2,1,1,0.5746,Detected a formatted string in a SQL statement. This could lead to SQL injection if variables in the SQL statement are not properly sanitized. Use a prepared statements (java.sql.PreparedStatement) instead. You can obtain a PreparedStatement using 'connection.prepareStatement'.,0.490638252758374,P3 - Medium (ML Moderate / Needs Review),data/benchmark/src/main/java/org/owasp/benchmark/testcode/BenchmarkTest00770.java,65
BenchmarkTest00771,1,CWE-89,2,1,1,0.5746,Detected a formatted string in a SQL statement. This could lead to SQL injection if variables in the SQL statement are not properly sanitized. Use a prepared statements (java.sql.PreparedStatement) instead. You can obtain a PreparedStatement using 'connection.prepareStatement'.,0.490638252758374,P3 - Medium (ML Moderate / Needs Review),data/benchmark/src/main/java/org/owasp/benchmark/testcode/BenchmarkTest00771.java,60
BenchmarkTest00772,0,CWE-89,2,1,1,0.5746,Detected a formatted string in a SQL statement. This could lead to SQL injection if variables in the SQL statement are not properly sanitized. Use a prepared statements (java.sql.PreparedStatement) instead. You can obtain a PreparedStatement using 'connection.prepareStatement'.,0.5476500971406442,P3 - Medium (ML Moderate / Needs Review),data/benchmark/src/main/java/org/owasp/benchmark/testcode/BenchmarkTest00772.java,74
BenchmarkTest00773,0,CWE-89,2,1,1,0.5746,Detected a formatted string in a SQL statement. This could lead to SQL injection if variables in the SQL statement are not properly sanitized. Use a prepared statements (java.sql.PreparedStatement) instead. You can obtain a PreparedStatement using 'connection.prepareStatement'.,0.5278626301234679,P3 - Medium (ML Moderate / Needs Review),data/benchmark/src/main/java/org/owasp/benchmark/testcode/BenchmarkTest00773.java,65
BenchmarkTest00774,0,CWE-89,2,1,1,0.5746,Detected input from a HTTPServletRequest going into a SQL sink or statement. This could lead to SQL injection if variables in the SQL statement are not properly sanitized. Use parameterized SQL queries or properly sanitize user input instead.,0.6050253134234014,P3 - Medium (ML Moderate / Needs Review),data/benchmark/src/main/java/org/owasp/benchmark/testcode/BenchmarkTest00774.java,72
BenchmarkTest00775,0,CWE-327,0,0,0,0.9046,,0.09852596288884,P4 - Low (ML Suppressed / Likely False Alarm),,
BenchmarkTest00776,0,CWE-327,0,0,0,0.9046,,0.09015572836705343,P4 - Low (ML Suppressed / Likely False Alarm),,
BenchmarkTest00777,0,CWE-327,0,0,0,0.9046,,0.09015572836705343,P4 - Low (ML Suppressed / Likely False Alarm),,
BenchmarkTest00778,0,CWE-327,0,0,0,0.9046,,0.09852596288884,P4 - Low (ML Suppressed / Likely False Alarm),,
BenchmarkTest00779,1,CWE-327,1,1,1,0.9046,Triple DES (3DES or DESede) is considered deprecated. AES is the recommended cipher. Upgrade to use AES.,0.957153376753586,P1 - Critical (ML High-Confidence Vulnerability),data/benchmark/src/main/java/org/owasp/benchmark/testcode/BenchmarkTest00779.java,86
BenchmarkTest00780,0,CWE-327,0,0,0,0.9046,,0.09462285501385369,P4 - Low (ML Suppressed / Likely False Alarm),,
BenchmarkTest00781,1,CWE-327,2,1,1,0.9046,DES is considered deprecated. AES is the recommended cipher. Upgrade to use AES. See https://www.nist.gov/news-events/news/2005/06/nist-withdraws-outdated-data-encryption-standard for more information.,0.974080729406824,P1 - Critical (ML High-Confidence Vulnerability),data/benchmark/src/main/java/org/owasp/benchmark/testcode/BenchmarkTest00781.java,83
BenchmarkTest00782,0,CWE-327,0,0,0,0.9046,,0.09015572836705343,P4 - Low (ML Suppressed / Likely False Alarm),,
BenchmarkTest00783,1,CWE-22,0,0,0,0.531,,0.18989096481216886,P4 - Low (ML Suppressed / Likely False Alarm),,
BenchmarkTest00784,0,CWE-22,1,1,0,0.531,"Detected a potential path traversal. A malicious actor could control the location of this file, to include going backwards in the directory with '../'. To address this, ensure that user-controlled variables in file paths are sanitized. You may also consider using a utility method such as org.apache.commons.io.FilenameUtils.getName(...) to only retrieve the file name from the path.",0.5349061735858125,P3 - Medium (ML Moderate / Needs Review),data/benchmark/src/main/java/org/owasp/benchmark/testcode/BenchmarkTest00784.java,96
BenchmarkTest00785,1,CWE-22,0,0,0,0.531,,0.21923562111917438,P4 - Low (ML Suppressed / Likely False Alarm),,
BenchmarkTest00786,0,CWE-22,0,0,0,0.531,,0.224123110314026,P4 - Low (ML Suppressed / Likely False Alarm),,
BenchmarkTest00787,1,CWE-22,1,1,0,0.531,"Detected a potential path traversal. A malicious actor could control the location of this file, to include going backwards in the directory with '../'. To address this, ensure that user-controlled variables in file paths are sanitized. You may also consider using a utility method such as org.apache.commons.io.FilenameUtils.getName(...) to only retrieve the file name from the path.",0.5372346090670375,P3 - Medium (ML Moderate / Needs Review),data/benchmark/src/main/java/org/owasp/benchmark/testcode/BenchmarkTest00787.java,85
BenchmarkTest00788,1,CWE-22,1,1,0,0.531,"Detected a potential path traversal. A malicious actor could control the location of this file, to include going backwards in the directory with '../'. To address this, ensure that user-controlled variables in file paths are sanitized. You may also consider using a utility method such as org.apache.commons.io.FilenameUtils.getName(...) to only retrieve the file name from the path.",0.5402428179282152,P3 - Medium (ML Moderate / Needs Review),data/benchmark/src/main/java/org/owasp/benchmark/testcode/BenchmarkTest00788.java,80
BenchmarkTest00789,1,CWE-328,2,1,1,1.0,"Detected SHA1 hash algorithm which is considered insecure. SHA1 is not collision resistant and is therefore not suitable as a cryptographic signature. Instead, use PBKDF2 for password hashing or SHA256 or SHA512 for other hash function applications.",1.0,P1 - Critical (ML High-Confidence Vulnerability),data/benchmark/src/main/java/org/owasp/benchmark/testcode/BenchmarkTest00789.java,80
BenchmarkTest00790,1,CWE-328,2,1,1,1.0,"Detected SHA1 hash algorithm which is considered insecure. SHA1 is not collision resistant and is therefore not suitable as a cryptographic signature. Instead, use PBKDF2 for password hashing or SHA256 or SHA512 for other hash function applications.",0.997774524693956,P1 - Critical (ML High-Confidence Vulnerability),data/benchmark/src/main/java/org/owasp/benchmark/testcode/BenchmarkTest00790.java,73
BenchmarkTest00791,0,CWE-328,0,0,0,1.0,,0.26631103688868035,P4 - Low (ML Suppressed / Likely False Alarm),,
BenchmarkTest00792,0,CWE-328,0,0,0,1.0,,0.23782332489730076,P4 - Low (ML Suppressed / Likely False Alarm),,
BenchmarkTest00793,0,CWE-328,0,0,0,1.0,,0.25279536684003723,P4 - Low (ML Suppressed / Likely False Alarm),,
BenchmarkTest00794,1,CWE-328,2,1,1,1.0,Detected MD5 hash algorithm which is considered insecure. MD5 is not collision resistant and is therefore not suitable as a cryptographic signature. Use HMAC instead.,0.997774524693956,P1 - Critical (ML High-Confidence Vulnerability),data/benchmark/src/main/java/org/owasp/benchmark/testcode/BenchmarkTest00794.java,76
BenchmarkTest00795,0,CWE-328,0,0,0,1.0,,0.26631103688868035,P4 - Low (ML Suppressed / Likely False Alarm),,
BenchmarkTest00796,1,CWE-328,0,0,0,1.0,,0.231920865694142,P4 - Low (ML Suppressed / Likely False Alarm),,
BenchmarkTest00797,1,CWE-328,0,0,0,1.0,,0.23782332489730076,P4 - Low (ML Suppressed / Likely False Alarm),,
BenchmarkTest00798,0,CWE-328,0,0,0,1.0,,0.26631103688868035,P4 - Low (ML Suppressed / Likely False Alarm),,
BenchmarkTest00799,0,CWE-79,0,0,0,0.6516,,0.313915809627834,P4 - Low (ML Suppressed / Likely False Alarm),,
BenchmarkTest00800,1,CWE-79,1,1,0,0.6516,"Detected a request with potential user-input going into a OutputStream or Writer object. This bypasses any view or template environments, including HTML escaping, which may expose this application to cross-site scripting (XSS) vulnerabilities. Consider using a view technology such as JavaServer Faces (JSFs) which automatically escapes HTML views.",0.6221848022643229,P3 - Medium (ML Moderate / Needs Review),data/benchmark/src/main/java/org/owasp/benchmark/testcode/BenchmarkTest00800.java,93
BenchmarkTest00801,1,CWE-79,1,1,0,0.6516,"Detected a request with potential user-input going into a OutputStream or Writer object. This bypasses any view or template environments, including HTML escaping, which may expose this application to cross-site scripting (XSS) vulnerabilities. Consider using a view technology such as JavaServer Faces (JSFs) which automatically escapes HTML views.",0.6606354491638398,P2 - High (ML Probable Vulnerability),data/benchmark/src/main/java/org/owasp/benchmark/testcode/BenchmarkTest00801.java,74
BenchmarkTest00802,1,CWE-79,1,1,0,0.6516,"Detected a request with potential user-input going into a OutputStream or Writer object. This bypasses any view or template environments, including HTML escaping, which may expose this application to cross-site scripting (XSS) vulnerabilities. Consider using a view technology such as JavaServer Faces (JSFs) which automatically escapes HTML views.",0.6606354491638398,P2 - High (ML Probable Vulnerability),data/benchmark/src/main/java/org/owasp/benchmark/testcode/BenchmarkTest00802.java,80
BenchmarkTest00803,1,CWE-79,1,1,0,0.6516,"Detected a request with potential user-input going into a OutputStream or Writer object. This bypasses any view or template environments, including HTML escaping, which may expose this application to cross-site scripting (XSS) vulnerabilities. Consider using a view technology such as JavaServer Faces (JSFs) which automatically escapes HTML views.",0.6588860833788427,P2 - High (ML Probable Vulnerability),data/benchmark/src/main/java/org/owasp/benchmark/testcode/BenchmarkTest00803.java,73
BenchmarkTest00804,1,CWE-79,1,1,0,0.6516,"Detected a request with potential user-input going into a OutputStream or Writer object. This bypasses any view or template environments, including HTML escaping, which may expose this application to cross-site scripting (XSS) vulnerabilities. Consider using a view technology such as JavaServer Faces (JSFs) which automatically escapes HTML views.",0.6588860833788427,P2 - High (ML Probable Vulnerability),data/benchmark/src/main/java/org/owasp/benchmark/testcode/BenchmarkTest00804.java,74
BenchmarkTest00805,1,CWE-79,0,0,0,0.6516,,0.2659189177021378,P4 - Low (ML Suppressed / Likely False Alarm),,
BenchmarkTest00806,1,CWE-79,0,0,0,0.6516,,0.24970671366531938,P4 - Low (ML Suppressed / Likely False Alarm),,
BenchmarkTest00807,1,CWE-79,1,1,0,0.6516,"Detected a request with potential user-input going into a OutputStream or Writer object. This bypasses any view or template environments, including HTML escaping, which may expose this application to cross-site scripting (XSS) vulnerabilities. Consider using a view technology such as JavaServer Faces (JSFs) which automatically escapes HTML views.",0.6691842611085874,P2 - High (ML Probable Vulnerability),data/benchmark/src/main/java/org/owasp/benchmark/testcode/BenchmarkTest00807.java,75
BenchmarkTest00808,0,CWE-79,0,0,0,0.6516,,0.313915809627834,P4 - Low (ML Suppressed / Likely False Alarm),,
BenchmarkTest00809,1,CWE-79,1,1,0,0.6516,"Detected a request with potential user-input going into a OutputStream or Writer object. This bypasses any view or template environments, including HTML escaping, which may expose this application to cross-site scripting (XSS) vulnerabilities. Consider using a view technology such as JavaServer Faces (JSFs) which automatically escapes HTML views.",0.6606354491638398,P2 - High (ML Probable Vulnerability),data/benchmark/src/main/java/org/owasp/benchmark/testcode/BenchmarkTest00809.java,79
BenchmarkTest00810,1,CWE-79,1,1,0,0.6516,"Detected a request with potential user-input going into a OutputStream or Writer object. This bypasses any view or template environments, including HTML escaping, which may expose this application to cross-site scripting (XSS) vulnerabilities. Consider using a view technology such as JavaServer Faces (JSFs) which automatically escapes HTML views.",0.6606354491638398,P2 - High (ML Probable Vulnerability),data/benchmark/src/main/java/org/owasp/benchmark/testcode/BenchmarkTest00810.java,74
BenchmarkTest00811,1,CWE-79,1,1,0,0.6516,"Detected a request with potential user-input going into a OutputStream or Writer object. This bypasses any view or template environments, including HTML escaping, which may expose this application to cross-site scripting (XSS) vulnerabilities. Consider using a view technology such as JavaServer Faces (JSFs) which automatically escapes HTML views.",0.6447716715602264,P3 - Medium (ML Moderate / Needs Review),data/benchmark/src/main/java/org/owasp/benchmark/testcode/BenchmarkTest00811.java,92
BenchmarkTest00812,0,CWE-79,1,1,0,0.6516,"Detected a request with potential user-input going into a OutputStream or Writer object. This bypasses any view or template environments, including HTML escaping, which may expose this application to cross-site scripting (XSS) vulnerabilities. Consider using a view technology such as JavaServer Faces (JSFs) which automatically escapes HTML views.",0.6588860833788427,P2 - High (ML Probable Vulnerability),data/benchmark/src/main/java/org/owasp/benchmark/testcode/BenchmarkTest00812.java,78
BenchmarkTest00813,0,CWE-79,1,1,0,0.6516,"Detected a request with potential user-input going into a OutputStream or Writer object. This bypasses any view or template environments, including HTML escaping, which may expose this application to cross-site scripting (XSS) vulnerabilities. Consider using a view technology such as JavaServer Faces (JSFs) which automatically escapes HTML views.",0.6447716715602264,P3 - Medium (ML Moderate / Needs Review),data/benchmark/src/main/java/org/owasp/benchmark/testcode/BenchmarkTest00813.java,81
BenchmarkTest00814,0,CWE-78,1,1,0,0.5177,"Detected input from a HTTPServletRequest going into a 'ProcessBuilder' or 'exec' command. This could lead to command injection if variables passed into the exec commands are not properly sanitized. Instead, avoid using these OS commands with user-supplied input, or, if you must use these commands, use a whitelist of specific values.",0.5114755110284748,P3 - Medium (ML Moderate / Needs Review),data/benchmark/src/main/java/org/owasp/benchmark/testcode/BenchmarkTest00814.java,87
BenchmarkTest00815,1,CWE-78,1,1,0,0.5177,A formatted or concatenated string was detected as input to a ProcessBuilder call. This is dangerous if a variable is controlled by user input and could result in a command injection. Ensure your variables are not controlled by users or sufficiently sanitized.,0.3384009885131837,P4 - Low (ML Suppressed / Likely False Alarm),data/benchmark/src/main/java/org/owasp/benchmark/testcode/BenchmarkTest00815.java,86
BenchmarkTest00816,1,CWE-78,1,1,0,0.5177,A formatted or concatenated string was detected as input to a ProcessBuilder call. This is dangerous if a variable is controlled by user input and could result in a command injection. Ensure your variables are not controlled by users or sufficiently sanitized.,0.33217358855541107,P4 - Low (ML Suppressed / Likely False Alarm),data/benchmark/src/main/java/org/owasp/benchmark/testcode/BenchmarkTest00816.java,91
BenchmarkTest00817,1,CWE-330,2,1,1,1.0,"Detected use of the functions `Math.random()` or `java.util.Random()`. These are both not cryptographically strong random number generators (RNGs). If you are using these RNGs to create passwords or secret tokens, use `java.security.SecureRandom` instead.",0.9995641025641026,P1 - Critical (ML High-Confidence Vulnerability),data/benchmark/src/main/java/org/owasp/benchmark/testcode/BenchmarkTest00817.java,92
BenchmarkTest00818,1,CWE-330,2,1,1,1.0,"Detected use of the functions `Math.random()` or `java.util.Random()`. These are both not cryptographically strong random number generators (RNGs). If you are using these RNGs to create passwords or secret tokens, use `java.security.SecureRandom` instead.",1.0,P1 - Critical (ML High-Confidence Vulnerability),data/benchmark/src/main/java/org/owasp/benchmark/testcode/BenchmarkTest00818.java,75
BenchmarkTest00819,1,CWE-330,2,1,1,1.0,"Detected use of the functions `Math.random()` or `java.util.Random()`. These are both not cryptographically strong random number generators (RNGs). If you are using these RNGs to create passwords or secret tokens, use `java.security.SecureRandom` instead.",1.0,P1 - Critical (ML High-Confidence Vulnerability),data/benchmark/src/main/java/org/owasp/benchmark/testcode/BenchmarkTest00819.java,77
BenchmarkTest00820,1,CWE-614,1,1,0,1.0,A cookie was detected without setting the 'secure' flag. The 'secure' flag for cookies prevents the client from transmitting the cookie over insecure channels such as HTTP. Set the 'secure' flag by calling 'cookie.setSecure(true);',0.9627534145944583,P1 - Critical (ML High-Confidence Vulnerability),data/benchmark/src/main/java/org/owasp/benchmark/testcode/BenchmarkTest00820.java,89
BenchmarkTest00821,1,CWE-614,1,1,0,1.0,A cookie was detected without setting the 'secure' flag. The 'secure' flag for cookies prevents the client from transmitting the cookie over insecure channels such as HTTP. Set the 'secure' flag by calling 'cookie.setSecure(true);',0.9627534145944583,P1 - Critical (ML High-Confidence Vulnerability),data/benchmark/src/main/java/org/owasp/benchmark/testcode/BenchmarkTest00821.java,90
BenchmarkTest00822,1,CWE-79,1,1,0,0.6516,"Detected a request with potential user-input going into a OutputStream or Writer object. This bypasses any view or template environments, including HTML escaping, which may expose this application to cross-site scripting (XSS) vulnerabilities. Consider using a view technology such as JavaServer Faces (JSFs) which automatically escapes HTML views.",0.6588860833788427,P2 - High (ML Probable Vulnerability),data/benchmark/src/main/java/org/owasp/benchmark/testcode/BenchmarkTest00822.java,78
BenchmarkTest00823,1,CWE-78,0,0,0,0.5177,,0.23500009792560184,P4 - Low (ML Suppressed / Likely False Alarm),,
BenchmarkTest00824,1,CWE-78,0,0,0,0.5177,,0.25757145186081115,P4 - Low (ML Suppressed / Likely False Alarm),,
BenchmarkTest00825,1,CWE-78,1,1,0,0.5177,"Detected input from a HTTPServletRequest going into a 'ProcessBuilder' or 'exec' command. This could lead to command injection if variables passed into the exec commands are not properly sanitized. Instead, avoid using these OS commands with user-supplied input, or, if you must use these commands, use a whitelist of specific values.",0.5752195073482003,P3 - Medium (ML Moderate / Needs Review),data/benchmark/src/main/java/org/owasp/benchmark/testcode/BenchmarkTest00825.java,83
BenchmarkTest00826,0,CWE-78,1,1,0,0.5177,"Detected input from a HTTPServletRequest going into a 'ProcessBuilder' or 'exec' command. This could lead to command injection if variables passed into the exec commands are not properly sanitized. Instead, avoid using these OS commands with user-supplied input, or, if you must use these commands, use a whitelist of specific values.",0.5683792859920807,P3 - Medium (ML Moderate / Needs Review),data/benchmark/src/main/java/org/owasp/benchmark/testcode/BenchmarkTest00826.java,87
BenchmarkTest00827,0,CWE-78,0,0,0,0.5177,,0.24498820896024381,P4 - Low (ML Suppressed / Likely False Alarm),,
BenchmarkTest00828,0,CWE-330,0,0,0,1.0,,0.04325014794951732,P4 - Low (ML Suppressed / Likely False Alarm),,
BenchmarkTest00829,0,CWE-330,0,0,0,1.0,,0.04325014794951732,P4 - Low (ML Suppressed / Likely False Alarm),,
BenchmarkTest00830,0,CWE-330,0,0,0,1.0,,0.03391968678800127,P4 - Low (ML Suppressed / Likely False Alarm),,
BenchmarkTest00831,0,CWE-330,0,0,0,1.0,,0.03391968678800127,P4 - Low (ML Suppressed / Likely False Alarm),,
BenchmarkTest00832,0,CWE-330,0,0,0,1.0,,0.04325014794951732,P4 - Low (ML Suppressed / Likely False Alarm),,
BenchmarkTest00833,1,CWE-501,1,1,0,0.7234,"Detected input from a HTTPServletRequest going into a session command, like `setAttribute`. User input into such a command could lead to an attacker inputting malicious code into your session parameters, blurring the line between what's trusted and untrusted, and therefore leading to a trust boundary violation. This could lead to programmers trusting unvalidated data. Instead, thoroughly sanitize user input before passing it into such function calls.",0.6568111284096806,P2 - High (ML Probable Vulnerability),data/benchmark/src/main/java/org/owasp/benchmark/testcode/BenchmarkTest00833.java,78
BenchmarkTest00834,1,CWE-501,1,1,0,0.7234,"Detected input from a HTTPServletRequest going into a session command, like `setAttribute`. User input into such a command could lead to an attacker inputting malicious code into your session parameters, blurring the line between what's trusted and untrusted, and therefore leading to a trust boundary violation. This could lead to programmers trusting unvalidated data. Instead, thoroughly sanitize user input before passing it into such function calls.",0.7068358686904922,P2 - High (ML Probable Vulnerability),data/benchmark/src/main/java/org/owasp/benchmark/testcode/BenchmarkTest00834.java,80
BenchmarkTest00835,0,CWE-501,0,0,0,0.7234,,0.341104770423293,P4 - Low (ML Suppressed / Likely False Alarm),,
BenchmarkTest00836,1,CWE-501,1,1,0,0.7234,"Detected input from a HTTPServletRequest going into a session command, like `setAttribute`. User input into such a command could lead to an attacker inputting malicious code into your session parameters, blurring the line between what's trusted and untrusted, and therefore leading to a trust boundary violation. This could lead to programmers trusting unvalidated data. Instead, thoroughly sanitize user input before passing it into such function calls.",0.7068358686904922,P2 - High (ML Probable Vulnerability),data/benchmark/src/main/java/org/owasp/benchmark/testcode/BenchmarkTest00836.java,74
BenchmarkTest00837,0,CWE-89,1,0,1,0.5746,Make sure using a dynamically formatted SQL query is safe here.,0.2517519982809986,P4 - Low (ML Suppressed / Likely False Alarm),owasp-benchmark:data/benchmark/src/main/java/org/owasp/benchmark/testcode/BenchmarkTest00837.java,85
BenchmarkTest00838,0,CWE-89,2,1,1,0.5746,Detected input from a HTTPServletRequest going into a SQL sink or statement. This could lead to SQL injection if variables in the SQL statement are not properly sanitized. Use parameterized SQL queries or properly sanitize user input instead.,0.6050253134234014,P3 - Medium (ML Moderate / Needs Review),data/benchmark/src/main/java/org/owasp/benchmark/testcode/BenchmarkTest00838.java,96
BenchmarkTest00839,1,CWE-89,2,1,1,0.5746,Detected input from a HTTPServletRequest going into a SQL sink or statement. This could lead to SQL injection if variables in the SQL statement are not properly sanitized. Use parameterized SQL queries or properly sanitize user input instead.,0.6161353418384643,P3 - Medium (ML Moderate / Needs Review),data/benchmark/src/main/java/org/owasp/benchmark/testcode/BenchmarkTest00839.java,82
BenchmarkTest00840,1,CWE-89,1,1,0,0.5746,Detected input from a HTTPServletRequest going into a SQL sink or statement. This could lead to SQL injection if variables in the SQL statement are not properly sanitized. Use parameterized SQL queries or properly sanitize user input instead.,0.6371570818030259,P3 - Medium (ML Moderate / Needs Review),data/benchmark/src/main/java/org/owasp/benchmark/testcode/BenchmarkTest00840.java,80
BenchmarkTest00841,1,CWE-89,1,1,0,0.5746,Detected input from a HTTPServletRequest going into a SQL sink or statement. This could lead to SQL injection if variables in the SQL statement are not properly sanitized. Use parameterized SQL queries or properly sanitize user input instead.,0.6314792486337455,P3 - Medium (ML Moderate / Needs Review),data/benchmark/src/main/java/org/owasp/benchmark/testcode/BenchmarkTest00841.java,94
BenchmarkTest00842,1,CWE-89,0,0,0,0.5746,,0.21771025903164282,P4 - Low (ML Suppressed / Likely False Alarm),,
BenchmarkTest00843,1,CWE-89,0,0,0,0.5746,,0.22805439478118394,P4 - Low (ML Suppressed / Likely False Alarm),,
BenchmarkTest00844,0,CWE-89,0,0,0,0.5746,,0.21771025903164282,P4 - Low (ML Suppressed / Likely False Alarm),,
BenchmarkTest00845,1,CWE-89,1,1,0,0.5746,Detected input from a HTTPServletRequest going into a SQL sink or statement. This could lead to SQL injection if variables in the SQL statement are not properly sanitized. Use parameterized SQL queries or properly sanitize user input instead.,0.63810138505586,P3 - Medium (ML Moderate / Needs Review),data/benchmark/src/main/java/org/owasp/benchmark/testcode/BenchmarkTest00845.java,79
BenchmarkTest00846,1,CWE-89,1,1,0,0.5746,Detected input from a HTTPServletRequest going into a SQL sink or statement. This could lead to SQL injection if variables in the SQL statement are not properly sanitized. Use parameterized SQL queries or properly sanitize user input instead.,0.6371570818030259,P3 - Medium (ML Moderate / Needs Review),data/benchmark/src/main/java/org/owasp/benchmark/testcode/BenchmarkTest00846.java,75
BenchmarkTest00847,1,CWE-89,2,1,1,0.5746,Detected a formatted string in a SQL statement. This could lead to SQL injection if variables in the SQL statement are not properly sanitized. Use a prepared statements (java.sql.PreparedStatement) instead. You can obtain a PreparedStatement using 'connection.prepareStatement'.,0.490638252758374,P3 - Medium (ML Moderate / Needs Review),data/benchmark/src/main/java/org/owasp/benchmark/testcode/BenchmarkTest00847.java,87
BenchmarkTest00848,1,CWE-89,2,1,1,0.5746,Detected input from a HTTPServletRequest going into a SQL sink or statement. This could lead to SQL injection if variables in the SQL statement are not properly sanitized. Use parameterized SQL queries or properly sanitize user input instead.,0.6221370751503495,P3 - Medium (ML Moderate / Needs Review),data/benchmark/src/main/java/org/owasp/benchmark/testcode/BenchmarkTest00848.java,75
BenchmarkTest00849,1,CWE-89,2,1,1,0.5746,Detected a formatted string in a SQL statement. This could lead to SQL injection if variables in the SQL statement are not properly sanitized. Use a prepared statements (java.sql.PreparedStatement) instead. You can obtain a PreparedStatement using 'connection.prepareStatement'.,0.46739305534568415,P3 - Medium (ML Moderate / Needs Review),data/benchmark/src/main/java/org/owasp/benchmark/testcode/BenchmarkTest00849.java,87
BenchmarkTest00850,1,CWE-89,2,1,1,0.5746,Detected a formatted string in a SQL statement. This could lead to SQL injection if variables in the SQL statement are not properly sanitized. Use a prepared statements (java.sql.PreparedStatement) instead. You can obtain a PreparedStatement using 'connection.prepareStatement'.,0.4901655263130386,P3 - Medium (ML Moderate / Needs Review),data/benchmark/src/main/java/org/owasp/benchmark/testcode/BenchmarkTest00850.java,87
BenchmarkTest00851,0,CWE-89,2,1,1,0.5746,Detected input from a HTTPServletRequest going into a SQL sink or statement. This could lead to SQL injection if variables in the SQL statement are not properly sanitized. Use parameterized SQL queries or properly sanitize user input instead.,0.6161353418384643,P3 - Medium (ML Moderate / Needs Review),data/benchmark/src/main/java/org/owasp/benchmark/testcode/BenchmarkTest00851.java,80
BenchmarkTest00852,0,CWE-643,0,0,0,0.5185,,0.1972260229536796,P4 - Low (ML Suppressed / Likely False Alarm),,
BenchmarkTest00853,1,CWE-327,1,1,1,0.9046,Triple DES (3DES or DESede) is considered deprecated. AES is the recommended cipher. Upgrade to use AES.,0.9653792423396194,P1 - Critical (ML High-Confidence Vulnerability),data/benchmark/src/main/java/org/owasp/benchmark/testcode/BenchmarkTest00853.java,66
BenchmarkTest00854,0,CWE-327,0,0,0,0.9046,,0.09015572836705343,P4 - Low (ML Suppressed / Likely False Alarm),,
BenchmarkTest00855,1,CWE-327,1,1,1,0.9046,Triple DES (3DES or DESede) is considered deprecated. AES is the recommended cipher. Upgrade to use AES.,0.957153376753586,P1 - Critical (ML High-Confidence Vulnerability),data/benchmark/src/main/java/org/owasp/benchmark/testcode/BenchmarkTest00855.java,73
BenchmarkTest00856,1,CWE-327,2,1,1,0.9046,DES is considered deprecated. AES is the recommended cipher. Upgrade to use AES. See https://www.nist.gov/news-events/news/2005/06/nist-withdraws-outdated-data-encryption-standard for more information.,0.9895465333843201,P1 - Critical (ML High-Confidence Vulnerability),data/benchmark/src/main/java/org/owasp/benchmark/testcode/BenchmarkTest00856.java,80
BenchmarkTest00857,1,CWE-327,2,1,1,0.9046,DES is considered deprecated. AES is the recommended cipher. Upgrade to use AES. See https://www.nist.gov/news-events/news/2005/06/nist-withdraws-outdated-data-encryption-standard for more information.,0.9770668750366887,P1 - Critical (ML High-Confidence Vulnerability),data/benchmark/src/main/java/org/owasp/benchmark/testcode/BenchmarkTest00857.java,79
BenchmarkTest00858,0,CWE-327,0,0,0,0.9046,,0.09015572836705343,P4 - Low (ML Suppressed / Likely False Alarm),,
BenchmarkTest00859,1,CWE-327,1,1,1,0.9046,Triple DES (3DES or DESede) is considered deprecated. AES is the recommended cipher. Upgrade to use AES.,0.9646666709532539,P1 - Critical (ML High-Confidence Vulnerability),data/benchmark/src/main/java/org/owasp/benchmark/testcode/BenchmarkTest00859.java,62
BenchmarkTest00860,0,CWE-90,0,0,0,0.4815,,0.27677041365940996,P4 - Low (ML Suppressed / Likely False Alarm),,
BenchmarkTest00861,0,CWE-90,1,1,0,0.4815,"Detected input from a HTTPServletRequest going into an LDAP query. This could lead to LDAP injection if the input is not properly sanitized, which could result in attackers modifying objects in the LDAP tree structure. Ensure data passed to an LDAP query is not controllable or properly sanitize the data.",0.5087973542492934,P3 - Medium (ML Moderate / Needs Review),data/benchmark/src/main/java/org/owasp/benchmark/testcode/BenchmarkTest00861.java,78
BenchmarkTest00862,0,CWE-22,1,1,0,0.531,"Detected a potential path traversal. A malicious actor could control the location of this file, to include going backwards in the directory with '../'. To address this, ensure that user-controlled variables in file paths are sanitized. You may also consider using a utility method such as org.apache.commons.io.FilenameUtils.getName(...) to only retrieve the file name from the path.",0.5372346090670375,P3 - Medium (ML Moderate / Needs Review),data/benchmark/src/main/java/org/owasp/benchmark/testcode/BenchmarkTest00862.java,54
BenchmarkTest00863,0,CWE-22,1,1,0,0.531,"Detected a potential path traversal. A malicious actor could control the location of this file, to include going backwards in the directory with '../'. To address this, ensure that user-controlled variables in file paths are sanitized. You may also consider using a utility method such as org.apache.commons.io.FilenameUtils.getName(...) to only retrieve the file name from the path.",0.5402428179282152,P3 - Medium (ML Moderate / Needs Review),data/benchmark/src/main/java/org/owasp/benchmark/testcode/BenchmarkTest00863.java,51
BenchmarkTest00864,0,CWE-22,0,0,0,0.531,,0.2141818275976563,P4 - Low (ML Suppressed / Likely False Alarm),,
BenchmarkTest00865,0,CWE-22,0,0,0,0.531,,0.2141818275976563,P4 - Low (ML Suppressed / Likely False Alarm),,
BenchmarkTest00866,0,CWE-22,1,1,0,0.531,"Detected a potential path traversal. A malicious actor could control the location of this file, to include going backwards in the directory with '../'. To address this, ensure that user-controlled variables in file paths are sanitized. You may also consider using a utility method such as org.apache.commons.io.FilenameUtils.getName(...) to only retrieve the file name from the path.",0.5349061735858125,P3 - Medium (ML Moderate / Needs Review),data/benchmark/src/main/java/org/owasp/benchmark/testcode/BenchmarkTest00866.java,57
BenchmarkTest00867,0,CWE-22,0,0,0,0.531,,0.21923562111917438,P4 - Low (ML Suppressed / Likely False Alarm),,
BenchmarkTest00868,1,CWE-328,2,1,1,1.0,"Detected SHA1 hash algorithm which is considered insecure. SHA1 is not collision resistant and is therefore not suitable as a cryptographic signature. Instead, use PBKDF2 for password hashing or SHA256 or SHA512 for other hash function applications.",0.9981800784924265,P1 - Critical (ML High-Confidence Vulnerability),data/benchmark/src/main/java/org/owasp/benchmark/testcode/BenchmarkTest00868.java,75
BenchmarkTest00869,1,CWE-328,2,1,1,1.0,"Detected SHA1 hash algorithm which is considered insecure. SHA1 is not collision resistant and is therefore not suitable as a cryptographic signature. Instead, use PBKDF2 for password hashing or SHA256 or SHA512 for other hash function applications.",0.9966744996793538,P1 - Critical (ML High-Confidence Vulnerability),data/benchmark/src/main/java/org/owasp/benchmark/testcode/BenchmarkTest00869.java,74
BenchmarkTest00870,1,CWE-328,2,1,1,1.0,"Detected SHA1 hash algorithm which is considered insecure. SHA1 is not collision resistant and is therefore not suitable as a cryptographic signature. Instead, use PBKDF2 for password hashing or SHA256 or SHA512 for other hash function applications.",0.9983424470266575,P1 - Critical (ML High-Confidence Vulnerability),data/benchmark/src/main/java/org/owasp/benchmark/testcode/BenchmarkTest00870.java,50
BenchmarkTest00871,1,CWE-328,2,1,1,1.0,"Detected SHA1 hash algorithm which is considered insecure. SHA1 is not collision resistant and is therefore not suitable as a cryptographic signature. Instead, use PBKDF2 for password hashing or SHA256 or SHA512 for other hash function applications.",0.9983424470266575,P1 - Critical (ML High-Confidence Vulnerability),data/benchmark/src/main/java/org/owasp/benchmark/testcode/BenchmarkTest00871.java,55
BenchmarkTest00872,1,CWE-328,2,1,1,1.0,"Detected SHA1 hash algorithm which is considered insecure. SHA1 is not collision resistant and is therefore not suitable as a cryptographic signature. Instead, use PBKDF2 for password hashing or SHA256 or SHA512 for other hash function applications.",0.9966744996793538,P1 - Critical (ML High-Confidence Vulnerability),data/benchmark/src/main/java/org/owasp/benchmark/testcode/BenchmarkTest00872.java,51
BenchmarkTest00873,0,CWE-328,0,0,0,1.0,,0.23782332489730076,P4 - Low (ML Suppressed / Likely False Alarm),,
BenchmarkTest00874,0,CWE-328,0,0,0,1.0,,0.25279536684003723,P4 - Low (ML Suppressed / Likely False Alarm),,
BenchmarkTest00875,1,CWE-328,0,0,0,1.0,,0.25279536684003723,P4 - Low (ML Suppressed / Likely False Alarm),,
BenchmarkTest00876,1,CWE-328,0,0,0,1.0,,0.23782332489730076,P4 - Low (ML Suppressed / Likely False Alarm),,
BenchmarkTest00877,0,CWE-328,0,0,0,1.0,,0.25279536684003723,P4 - Low (ML Suppressed / Likely False Alarm),,
BenchmarkTest00878,0,CWE-328,0,0,0,1.0,,0.26631103688868035,P4 - Low (ML Suppressed / Likely False Alarm),,
BenchmarkTest00879,0,CWE-79,0,0,0,0.6516,,0.2659189177021378,P4 - Low (ML Suppressed / Likely False Alarm),,
BenchmarkTest00880,0,CWE-79,0,0,0,0.6516,,0.2300172252494595,P4 - Low (ML Suppressed / Likely False Alarm),,
BenchmarkTest00881,0,CWE-79,0,0,0,0.6516,,0.313915809627834,P4 - Low (ML Suppressed / Likely False Alarm),,
BenchmarkTest00882,0,CWE-79,0,0,0,0.6516,,0.2300172252494595,P4 - Low (ML Suppressed / Likely False Alarm),,
BenchmarkTest00883,0,CWE-79,0,0,0,0.6516,,0.2659189177021378,P4 - Low (ML Suppressed / Likely False Alarm),,
BenchmarkTest00884,0,CWE-79,0,0,0,0.6516,,0.2659189177021378,P4 - Low (ML Suppressed / Likely False Alarm),,
BenchmarkTest00885,0,CWE-79,0,0,0,0.6516,,0.278739919364882,P4 - Low (ML Suppressed / Likely False Alarm),,
BenchmarkTest00886,0,CWE-79,0,0,0,0.6516,,0.313915809627834,P4 - Low (ML Suppressed / Likely False Alarm),,
BenchmarkTest00887,0,CWE-79,0,0,0,0.6516,,0.278739919364882,P4 - Low (ML Suppressed / Likely False Alarm),,
BenchmarkTest00888,0,CWE-79,0,0,0,0.6516,,0.24970671366531938,P4 - Low (ML Suppressed / Likely False Alarm),,
BenchmarkTest00889,0,CWE-79,0,0,0,0.6516,,0.313915809627834,P4 - Low (ML Suppressed / Likely False Alarm),,
BenchmarkTest00890,0,CWE-79,0,0,0,0.6516,,0.2659189177021378,P4 - Low (ML Suppressed / Likely False Alarm),,
BenchmarkTest00891,0,CWE-79,0,0,0,0.6516,,0.278739919364882,P4 - Low (ML Suppressed / Likely False Alarm),,
BenchmarkTest00892,0,CWE-79,0,0,0,0.6516,,0.278739919364882,P4 - Low (ML Suppressed / Likely False Alarm),,
BenchmarkTest00893,0,CWE-79,0,0,0,0.6516,,0.278739919364882,P4 - Low (ML Suppressed / Likely False Alarm),,
BenchmarkTest00894,0,CWE-79,0,0,0,0.6516,,0.2300172252494595,P4 - Low (ML Suppressed / Likely False Alarm),,
BenchmarkTest00895,0,CWE-78,1,1,0,0.5177,A formatted or concatenated string was detected as input to a ProcessBuilder call. This is dangerous if a variable is controlled by user input and could result in a command injection. Ensure your variables are not controlled by users or sufficiently sanitized.,0.3384009885131837,P4 - Low (ML Suppressed / Likely False Alarm),data/benchmark/src/main/java/org/owasp/benchmark/testcode/BenchmarkTest00895.java,71
BenchmarkTest00896,0,CWE-78,1,1,0,0.5177,"Detected input from a HTTPServletRequest going into a 'ProcessBuilder' or 'exec' command. This could lead to command injection if variables passed into the exec commands are not properly sanitized. Instead, avoid using these OS commands with user-supplied input, or, if you must use these commands, use a whitelist of specific values.",0.5683792859920807,P3 - Medium (ML Moderate / Needs Review),data/benchmark/src/main/java/org/owasp/benchmark/testcode/BenchmarkTest00896.java,64
BenchmarkTest00897,0,CWE-78,1,1,0,0.5177,"Detected input from a HTTPServletRequest going into a 'ProcessBuilder' or 'exec' command. This could lead to command injection if variables passed into the exec commands are not properly sanitized. Instead, avoid using these OS commands with user-supplied input, or, if you must use these commands, use a whitelist of specific values.",0.5752195073482003,P3 - Medium (ML Moderate / Needs Review),data/benchmark/src/main/java/org/owasp/benchmark/testcode/BenchmarkTest00897.java,80
BenchmarkTest00898,1,CWE-330,2,1,1,1.0,"Detected use of the functions `Math.random()` or `java.util.Random()`. These are both not cryptographically strong random number generators (RNGs). If you are using these RNGs to create passwords or secret tokens, use `java.security.SecureRandom` instead.",0.9995454545454545,P1 - Critical (ML High-Confidence Vulnerability),data/benchmark/src/main/java/org/owasp/benchmark/testcode/BenchmarkTest00898.java,57
BenchmarkTest00899,1,CWE-330,2,1,1,1.0,"Detected use of the functions `Math.random()` or `java.util.Random()`. These are both not cryptographically strong random number generators (RNGs). If you are using these RNGs to create passwords or secret tokens, use `java.security.SecureRandom` instead.",1.0,P1 - Critical (ML High-Confidence Vulnerability),data/benchmark/src/main/java/org/owasp/benchmark/testcode/BenchmarkTest00899.java,68
BenchmarkTest00900,1,CWE-330,2,1,1,1.0,"Detected use of the functions `Math.random()` or `java.util.Random()`. These are both not cryptographically strong random number generators (RNGs). If you are using these RNGs to create passwords or secret tokens, use `java.security.SecureRandom` instead.",1.0,P1 - Critical (ML High-Confidence Vulnerability),data/benchmark/src/main/java/org/owasp/benchmark/testcode/BenchmarkTest00900.java,68
BenchmarkTest00901,1,CWE-330,2,1,1,1.0,"Detected use of the functions `Math.random()` or `java.util.Random()`. These are both not cryptographically strong random number generators (RNGs). If you are using these RNGs to create passwords or secret tokens, use `java.security.SecureRandom` instead.",0.9995454545454545,P1 - Critical (ML High-Confidence Vulnerability),data/benchmark/src/main/java/org/owasp/benchmark/testcode/BenchmarkTest00901.java,68
BenchmarkTest00902,1,CWE-330,2,1,1,1.0,"Detected use of the functions `Math.random()` or `java.util.Random()`. These are both not cryptographically strong random number generators (RNGs). If you are using these RNGs to create passwords or secret tokens, use `java.security.SecureRandom` instead.",0.9995641025641026,P1 - Critical (ML High-Confidence Vulnerability),data/benchmark/src/main/java/org/owasp/benchmark/testcode/BenchmarkTest00902.java,54
BenchmarkTest00903,1,CWE-614,1,1,0,1.0,A cookie was detected without setting the 'secure' flag. The 'secure' flag for cookies prevents the client from transmitting the cookie over insecure channels such as HTTP. Set the 'secure' flag by calling 'cookie.setSecure(true);',0.9532742994240728,P1 - Critical (ML High-Confidence Vulnerability),data/benchmark/src/main/java/org/owasp/benchmark/testcode/BenchmarkTest00903.java,85
BenchmarkTest00904,0,CWE-614,0,0,0,1.0,,0.10974908684119335,P4 - Low (ML Suppressed / Likely False Alarm),,
BenchmarkTest00905,0,CWE-78,1,1,0,0.5177,"Detected input from a HTTPServletRequest going into a 'ProcessBuilder' or 'exec' command. This could lead to command injection if variables passed into the exec commands are not properly sanitized. Instead, avoid using these OS commands with user-supplied input, or, if you must use these commands, use a whitelist of specific values.",0.5444416118463504,P3 - Medium (ML Moderate / Needs Review),data/benchmark/src/main/java/org/owasp/benchmark/testcode/BenchmarkTest00905.java,70
BenchmarkTest00906,0,CWE-78,1,1,0,0.5177,"Detected input from a HTTPServletRequest going into a 'ProcessBuilder' or 'exec' command. This could lead to command injection if variables passed into the exec commands are not properly sanitized. Instead, avoid using these OS commands with user-supplied input, or, if you must use these commands, use a whitelist of specific values.",0.5752195073482003,P3 - Medium (ML Moderate / Needs Review),data/benchmark/src/main/java/org/owasp/benchmark/testcode/BenchmarkTest00906.java,77
BenchmarkTest00907,0,CWE-78,1,1,0,0.5177,"Detected input from a HTTPServletRequest going into a 'ProcessBuilder' or 'exec' command. This could lead to command injection if variables passed into the exec commands are not properly sanitized. Instead, avoid using these OS commands with user-supplied input, or, if you must use these commands, use a whitelist of specific values.",0.5089059229256337,P3 - Medium (ML Moderate / Needs Review),data/benchmark/src/main/java/org/owasp/benchmark/testcode/BenchmarkTest00907.java,75
BenchmarkTest00908,0,CWE-78,1,1,0,0.5177,"Detected input from a HTTPServletRequest going into a 'ProcessBuilder' or 'exec' command. This could lead to command injection if variables passed into the exec commands are not properly sanitized. Instead, avoid using these OS commands with user-supplied input, or, if you must use these commands, use a whitelist of specific values.",0.5683792859920807,P3 - Medium (ML Moderate / Needs Review),data/benchmark/src/main/java/org/owasp/benchmark/testcode/BenchmarkTest00908.java,77
BenchmarkTest00909,0,CWE-78,1,1,0,0.5177,"Detected input from a HTTPServletRequest going into a 'ProcessBuilder' or 'exec' command. This could lead to command injection if variables passed into the exec commands are not properly sanitized. Instead, avoid using these OS commands with user-supplied input, or, if you must use these commands, use a whitelist of specific values.",0.5752195073482003,P3 - Medium (ML Moderate / Needs Review),data/benchmark/src/main/java/org/owasp/benchmark/testcode/BenchmarkTest00909.java,63
BenchmarkTest00910,0,CWE-78,1,1,0,0.5177,"Detected input from a HTTPServletRequest going into a 'ProcessBuilder' or 'exec' command. This could lead to command injection if variables passed into the exec commands are not properly sanitized. Instead, avoid using these OS commands with user-supplied input, or, if you must use these commands, use a whitelist of specific values.",0.5683792859920807,P3 - Medium (ML Moderate / Needs Review),data/benchmark/src/main/java/org/owasp/benchmark/testcode/BenchmarkTest00910.java,64
BenchmarkTest00911,0,CWE-330,0,0,0,1.0,,0.0331840260624013,P4 - Low (ML Suppressed / Likely False Alarm),,
BenchmarkTest00912,0,CWE-330,0,0,0,1.0,,0.03391968678800127,P4 - Low (ML Suppressed / Likely False Alarm),,
BenchmarkTest00913,0,CWE-330,0,0,0,1.0,,0.03704436789576919,P4 - Low (ML Suppressed / Likely False Alarm),,
BenchmarkTest00914,0,CWE-330,0,0,0,1.0,,0.0331840260624013,P4 - Low (ML Suppressed / Likely False Alarm),,
BenchmarkTest00915,0,CWE-330,0,0,0,1.0,,0.0331840260624013,P4 - Low (ML Suppressed / Likely False Alarm),,
BenchmarkTest00916,0,CWE-330,0,0,0,1.0,,0.03391968678800127,P4 - Low (ML Suppressed / Likely False Alarm),,
BenchmarkTest00917,0,CWE-330,0,0,0,1.0,,0.0331840260624013,P4 - Low (ML Suppressed / Likely False Alarm),,
BenchmarkTest00918,0,CWE-330,0,0,0,1.0,,0.03391968678800127,P4 - Low (ML Suppressed / Likely False Alarm),,
BenchmarkTest00919,0,CWE-330,0,0,0,1.0,,0.04325014794951732,P4 - Low (ML Suppressed / Likely False Alarm),,
BenchmarkTest00920,0,CWE-330,0,0,0,1.0,,0.03704436789576919,P4 - Low (ML Suppressed / Likely False Alarm),,
BenchmarkTest00921,0,CWE-330,0,0,0,1.0,,0.04325014794951732,P4 - Low (ML Suppressed / Likely False Alarm),,
BenchmarkTest00922,0,CWE-501,0,0,0,0.7234,,0.341104770423293,P4 - Low (ML Suppressed / Likely False Alarm),,
BenchmarkTest00923,0,CWE-501,0,0,0,0.7234,,0.341104770423293,P4 - Low (ML Suppressed / Likely False Alarm),,
BenchmarkTest00924,0,CWE-89,1,0,1,0.5746,Make sure using a dynamically formatted SQL query is safe here.,0.3049585907793266,P4 - Low (ML Suppressed / Likely False Alarm),owasp-benchmark:data/benchmark/src/main/java/org/owasp/benchmark/testcode/BenchmarkTest00924.java,66
BenchmarkTest00925,0,CWE-89,1,0,1,0.5746,Make sure using a dynamically formatted SQL query is safe here.,0.2517519982809986,P4 - Low (ML Suppressed / Likely False Alarm),owasp-benchmark:data/benchmark/src/main/java/org/owasp/benchmark/testcode/BenchmarkTest00925.java,56
BenchmarkTest00926,0,CWE-89,1,0,1,0.5746,Make sure using a dynamically formatted SQL query is safe here.,0.3049585907793266,P4 - Low (ML Suppressed / Likely False Alarm),owasp-benchmark:data/benchmark/src/main/java/org/owasp/benchmark/testcode/BenchmarkTest00926.java,64
BenchmarkTest00927,0,CWE-89,1,0,1,0.5746,Make sure using a dynamically formatted SQL query is safe here.,0.30621663294077395,P4 - Low (ML Suppressed / Likely False Alarm),owasp-benchmark:data/benchmark/src/main/java/org/owasp/benchmark/testcode/BenchmarkTest00927.java,65
BenchmarkTest00928,0,CWE-89,1,0,1,0.5746,Make sure using a dynamically formatted SQL query is safe here.,0.2517519982809986,P4 - Low (ML Suppressed / Likely False Alarm),owasp-benchmark:data/benchmark/src/main/java/org/owasp/benchmark/testcode/BenchmarkTest00928.java,60
BenchmarkTest00929,0,CWE-89,1,0,1,0.5746,Make sure using a dynamically formatted SQL query is safe here.,0.1992720305365284,P4 - Low (ML Suppressed / Likely False Alarm),owasp-benchmark:data/benchmark/src/main/java/org/owasp/benchmark/testcode/BenchmarkTest00929.java,75
BenchmarkTest00930,0,CWE-89,0,0,0,0.5746,,0.21771025903164282,P4 - Low (ML Suppressed / Likely False Alarm),,
BenchmarkTest00931,0,CWE-89,0,0,0,0.5746,,0.2093850809927966,P4 - Low (ML Suppressed / Likely False Alarm),,
BenchmarkTest00932,0,CWE-89,0,0,0,0.5746,,0.21920543900824976,P4 - Low (ML Suppressed / Likely False Alarm),,
BenchmarkTest00933,0,CWE-89,0,0,0,0.5746,,0.23431995802528183,P4 - Low (ML Suppressed / Likely False Alarm),,
BenchmarkTest00934,0,CWE-89,0,0,0,0.5746,,0.21920543900824976,P4 - Low (ML Suppressed / Likely False Alarm),,
BenchmarkTest00935,0,CWE-89,0,0,0,0.5746,,0.21920543900824976,P4 - Low (ML Suppressed / Likely False Alarm),,
BenchmarkTest00936,0,CWE-89,0,0,0,0.5746,,0.23431995802528183,P4 - Low (ML Suppressed / Likely False Alarm),,
BenchmarkTest00937,0,CWE-89,2,1,1,0.5746,Detected a formatted string in a SQL statement. This could lead to SQL injection if variables in the SQL statement are not properly sanitized. Use a prepared statements (java.sql.PreparedStatement) instead. You can obtain a PreparedStatement using 'connection.prepareStatement'.,0.5278626301234679,P3 - Medium (ML Moderate / Needs Review),data/benchmark/src/main/java/org/owasp/benchmark/testcode/BenchmarkTest00937.java,73
BenchmarkTest00938,0,CWE-89,2,1,1,0.5746,Detected a formatted string in a SQL statement. This could lead to SQL injection if variables in the SQL statement are not properly sanitized. Use a prepared statements (java.sql.PreparedStatement) instead. You can obtain a PreparedStatement using 'connection.prepareStatement'.,0.5278626301234679,P3 - Medium (ML Moderate / Needs Review),data/benchmark/src/main/java/org/owasp/benchmark/testcode/BenchmarkTest00938.java,61
BenchmarkTest00939,0,CWE-89,2,1,1,0.5746,Detected a formatted string in a SQL statement. This could lead to SQL injection if variables in the SQL statement are not properly sanitized. Use a prepared statements (java.sql.PreparedStatement) instead. You can obtain a PreparedStatement using 'connection.prepareStatement'.,0.490638252758374,P3 - Medium (ML Moderate / Needs Review),data/benchmark/src/main/java/org/owasp/benchmark/testcode/BenchmarkTest00939.java,73
BenchmarkTest00940,0,CWE-89,2,1,1,0.5746,Detected a formatted string in a SQL statement. This could lead to SQL injection if variables in the SQL statement are not properly sanitized. Use a prepared statements (java.sql.PreparedStatement) instead. You can obtain a PreparedStatement using 'connection.prepareStatement'.,0.5278626301234679,P3 - Medium (ML Moderate / Needs Review),data/benchmark/src/main/java/org/owasp/benchmark/testcode/BenchmarkTest00940.java,64
BenchmarkTest00941,0,CWE-643,0,0,0,0.5185,,0.1972260229536796,P4 - Low (ML Suppressed / Likely False Alarm),,
BenchmarkTest00942,0,CWE-327,0,0,0,0.9046,,0.09852596288884,P4 - Low (ML Suppressed / Likely False Alarm),,
BenchmarkTest00943,0,CWE-327,0,0,0,0.9046,,0.09015572836705343,P4 - Low (ML Suppressed / Likely False Alarm),,
BenchmarkTest00944,0,CWE-327,0,0,0,0.9046,,0.09015572836705343,P4 - Low (ML Suppressed / Likely False Alarm),,
BenchmarkTest00945,1,CWE-327,1,1,1,0.9046,Triple DES (3DES or DESede) is considered deprecated. AES is the recommended cipher. Upgrade to use AES.,0.960271073167773,P1 - Critical (ML High-Confidence Vulnerability),data/benchmark/src/main/java/org/owasp/benchmark/testcode/BenchmarkTest00945.java,76
BenchmarkTest00946,1,CWE-327,1,1,1,0.9046,Triple DES (3DES or DESede) is considered deprecated. AES is the recommended cipher. Upgrade to use AES.,0.960271073167773,P1 - Critical (ML High-Confidence Vulnerability),data/benchmark/src/main/java/org/owasp/benchmark/testcode/BenchmarkTest00946.java,76
BenchmarkTest00947,1,CWE-90,1,1,0,0.4815,"Detected input from a HTTPServletRequest going into an LDAP query. This could lead to LDAP injection if the input is not properly sanitized, which could result in attackers modifying objects in the LDAP tree structure. Ensure data passed to an LDAP query is not controllable or properly sanitize the data.",0.4485802845284838,P4 - Low (ML Suppressed / Likely False Alarm),data/benchmark/src/main/java/org/owasp/benchmark/testcode/BenchmarkTest00947.java,79
BenchmarkTest00948,0,CWE-90,1,1,0,0.4815,"Detected input from a HTTPServletRequest going into an LDAP query. This could lead to LDAP injection if the input is not properly sanitized, which could result in attackers modifying objects in the LDAP tree structure. Ensure data passed to an LDAP query is not controllable or properly sanitize the data.",0.5087973542492934,P3 - Medium (ML Moderate / Needs Review),data/benchmark/src/main/java/org/owasp/benchmark/testcode/BenchmarkTest00948.java,78
BenchmarkTest00949,1,CWE-22,1,1,0,0.531,"Detected a potential path traversal. A malicious actor could control the location of this file, to include going backwards in the directory with '../'. To address this, ensure that user-controlled variables in file paths are sanitized. You may also consider using a utility method such as org.apache.commons.io.FilenameUtils.getName(...) to only retrieve the file name from the path.",0.5305215095490278,P3 - Medium (ML Moderate / Needs Review),data/benchmark/src/main/java/org/owasp/benchmark/testcode/BenchmarkTest00949.java,68
BenchmarkTest00950,1,CWE-22,1,1,0,0.531,"Detected a potential path traversal. A malicious actor could control the location of this file, to include going backwards in the directory with '../'. To address this, ensure that user-controlled variables in file paths are sanitized. You may also consider using a utility method such as org.apache.commons.io.FilenameUtils.getName(...) to only retrieve the file name from the path.",0.5305215095490278,P3 - Medium (ML Moderate / Needs Review),data/benchmark/src/main/java/org/owasp/benchmark/testcode/BenchmarkTest00950.java,68
BenchmarkTest00951,0,CWE-22,1,1,0,0.531,"Detected a potential path traversal. A malicious actor could control the location of this file, to include going backwards in the directory with '../'. To address this, ensure that user-controlled variables in file paths are sanitized. You may also consider using a utility method such as org.apache.commons.io.FilenameUtils.getName(...) to only retrieve the file name from the path.",0.5394645256012154,P3 - Medium (ML Moderate / Needs Review),data/benchmark/src/main/java/org/owasp/benchmark/testcode/BenchmarkTest00951.java,85
BenchmarkTest00952,1,CWE-22,1,1,0,0.531,"Detected a potential path traversal. A malicious actor could control the location of this file, to include going backwards in the directory with '../'. To address this, ensure that user-controlled variables in file paths are sanitized. You may also consider using a utility method such as org.apache.commons.io.FilenameUtils.getName(...) to only retrieve the file name from the path.",0.5305215095490278,P3 - Medium (ML Moderate / Needs Review),data/benchmark/src/main/java/org/owasp/benchmark/testcode/BenchmarkTest00952.java,88
BenchmarkTest00953,1,CWE-22,1,1,0,0.531,"Detected a potential path traversal. A malicious actor could control the location of this file, to include going backwards in the directory with '../'. To address this, ensure that user-controlled variables in file paths are sanitized. You may also consider using a utility method such as org.apache.commons.io.FilenameUtils.getName(...) to only retrieve the file name from the path.",0.5349061735858125,P3 - Medium (ML Moderate / Needs Review),data/benchmark/src/main/java/org/owasp/benchmark/testcode/BenchmarkTest00953.java,79
BenchmarkTest00954,0,CWE-22,1,1,0,0.531,"Detected a potential path traversal. A malicious actor could control the location of this file, to include going backwards in the directory with '../'. To address this, ensure that user-controlled variables in file paths are sanitized. You may also consider using a utility method such as org.apache.commons.io.FilenameUtils.getName(...) to only retrieve the file name from the path.",0.5372346090670375,P3 - Medium (ML Moderate / Needs Review),data/benchmark/src/main/java/org/owasp/benchmark/testcode/BenchmarkTest00954.java,79
BenchmarkTest00955,0,CWE-22,1,1,0,0.531,"Detected a potential path traversal. A malicious actor could control the location of this file, to include going backwards in the directory with '../'. To address this, ensure that user-controlled variables in file paths are sanitized. You may also consider using a utility method such as org.apache.commons.io.FilenameUtils.getName(...) to only retrieve the file name from the path.",0.5402428179282152,P3 - Medium (ML Moderate / Needs Review),data/benchmark/src/main/java/org/owasp/benchmark/testcode/BenchmarkTest00955.java,79
BenchmarkTest00956,1,CWE-22,1,1,0,0.531,"Detected a potential path traversal. A malicious actor could control the location of this file, to include going backwards in the directory with '../'. To address this, ensure that user-controlled variables in file paths are sanitized. You may also consider using a utility method such as org.apache.commons.io.FilenameUtils.getName(...) to only retrieve the file name from the path.",0.5305215095490278,P3 - Medium (ML Moderate / Needs Review),data/benchmark/src/main/java/org/owasp/benchmark/testcode/BenchmarkTest00956.java,79
BenchmarkTest00957,0,CWE-22,0,0,0,0.531,,0.224123110314026,P4 - Low (ML Suppressed / Likely False Alarm),,
BenchmarkTest00958,0,CWE-22,0,0,0,0.531,,0.2141818275976563,P4 - Low (ML Suppressed / Likely False Alarm),,
BenchmarkTest00959,1,CWE-90,1,1,0,0.4815,"Detected input from a HTTPServletRequest going into an LDAP query. This could lead to LDAP injection if the input is not properly sanitized, which could result in attackers modifying objects in the LDAP tree structure. Ensure data passed to an LDAP query is not controllable or properly sanitize the data.",0.4960361627169889,P3 - Medium (ML Moderate / Needs Review),data/benchmark/src/main/java/org/owasp/benchmark/testcode/BenchmarkTest00959.java,82
BenchmarkTest00960,1,CWE-330,2,1,1,1.0,"Detected use of the functions `Math.random()` or `java.util.Random()`. These are both not cryptographically strong random number generators (RNGs). If you are using these RNGs to create passwords or secret tokens, use `java.security.SecureRandom` instead.",1.0,P1 - Critical (ML High-Confidence Vulnerability),data/benchmark/src/main/java/org/owasp/benchmark/testcode/BenchmarkTest00960.java,68
BenchmarkTest00961,1,CWE-328,2,1,1,1.0,"Detected SHA1 hash algorithm which is considered insecure. SHA1 is not collision resistant and is therefore not suitable as a cryptographic signature. Instead, use PBKDF2 for password hashing or SHA256 or SHA512 for other hash function applications.",0.9981800784924265,P1 - Critical (ML High-Confidence Vulnerability),data/benchmark/src/main/java/org/owasp/benchmark/testcode/BenchmarkTest00961.java,69
BenchmarkTest00962,0,CWE-328,0,0,0,1.0,,0.231920865694142,P4 - Low (ML Suppressed / Likely False Alarm),,
BenchmarkTest00963,1,CWE-328,2,1,1,1.0,Detected MD5 hash algorithm which is considered insecure. MD5 is not collision resistant and is therefore not suitable as a cryptographic signature. Use HMAC instead.,0.9983424470266575,P1 - Critical (ML High-Confidence Vulnerability),data/benchmark/src/main/java/org/owasp/benchmark/testcode/BenchmarkTest00963.java,69
BenchmarkTest00964,0,CWE-328,0,0,0,1.0,,0.26631103688868035,P4 - Low (ML Suppressed / Likely False Alarm),,
BenchmarkTest00965,0,CWE-328,0,0,0,1.0,,0.231920865694142,P4 - Low (ML Suppressed / Likely False Alarm),,
BenchmarkTest00966,0,CWE-328,0,0,0,1.0,,0.231920865694142,P4 - Low (ML Suppressed / Likely False Alarm),,
BenchmarkTest00967,0,CWE-328,0,0,0,1.0,,0.24087705674222445,P4 - Low (ML Suppressed / Likely False Alarm),,
BenchmarkTest00968,1,CWE-78,1,1,0,0.5177,"Detected input from a HTTPServletRequest going into a 'ProcessBuilder' or 'exec' command. This could lead to command injection if variables passed into the exec commands are not properly sanitized. Instead, avoid using these OS commands with user-supplied input, or, if you must use these commands, use a whitelist of specific values.",0.5683792859920807,P3 - Medium (ML Moderate / Needs Review),data/benchmark/src/main/java/org/owasp/benchmark/testcode/BenchmarkTest00968.java,78
BenchmarkTest00969,0,CWE-78,1,1,0,0.5177,"Detected input from a HTTPServletRequest going into a 'ProcessBuilder' or 'exec' command. This could lead to command injection if variables passed into the exec commands are not properly sanitized. Instead, avoid using these OS commands with user-supplied input, or, if you must use these commands, use a whitelist of specific values.",0.5114755110284748,P3 - Medium (ML Moderate / Needs Review),data/benchmark/src/main/java/org/owasp/benchmark/testcode/BenchmarkTest00969.java,78
BenchmarkTest00970,0,CWE-78,1,1,0,0.5177,"Detected input from a HTTPServletRequest going into a 'ProcessBuilder' or 'exec' command. This could lead to command injection if variables passed into the exec commands are not properly sanitized. Instead, avoid using these OS commands with user-supplied input, or, if you must use these commands, use a whitelist of specific values.",0.5683792859920807,P3 - Medium (ML Moderate / Needs Review),data/benchmark/src/main/java/org/owasp/benchmark/testcode/BenchmarkTest00970.java,78
BenchmarkTest00971,1,CWE-330,2,1,1,1.0,"Detected use of the functions `Math.random()` or `java.util.Random()`. These are both not cryptographically strong random number generators (RNGs). If you are using these RNGs to create passwords or secret tokens, use `java.security.SecureRandom` instead.",1.0,P1 - Critical (ML High-Confidence Vulnerability),data/benchmark/src/main/java/org/owasp/benchmark/testcode/BenchmarkTest00971.java,68
BenchmarkTest00972,1,CWE-330,2,1,1,1.0,"Detected use of the functions `Math.random()` or `java.util.Random()`. These are both not cryptographically strong random number generators (RNGs). If you are using these RNGs to create passwords or secret tokens, use `java.security.SecureRandom` instead.",1.0,P1 - Critical (ML High-Confidence Vulnerability),data/benchmark/src/main/java/org/owasp/benchmark/testcode/BenchmarkTest00972.java,68
BenchmarkTest00973,1,CWE-330,2,1,1,1.0,"Detected use of the functions `Math.random()` or `java.util.Random()`. These are both not cryptographically strong random number generators (RNGs). If you are using these RNGs to create passwords or secret tokens, use `java.security.SecureRandom` instead.",0.9995454545454545,P1 - Critical (ML High-Confidence Vulnerability),data/benchmark/src/main/java/org/owasp/benchmark/testcode/BenchmarkTest00973.java,68
BenchmarkTest00974,1,CWE-330,2,1,1,1.0,"Detected use of the functions `Math.random()` or `java.util.Random()`. These are both not cryptographically strong random number generators (RNGs). If you are using these RNGs to create passwords or secret tokens, use `java.security.SecureRandom` instead.",1.0,P1 - Critical (ML High-Confidence Vulnerability),data/benchmark/src/main/java/org/owasp/benchmark/testcode/BenchmarkTest00974.java,68
BenchmarkTest00975,1,CWE-330,2,1,1,1.0,"Detected use of the functions `Math.random()` or `java.util.Random()`. These are both not cryptographically strong random number generators (RNGs). If you are using these RNGs to create passwords or secret tokens, use `java.security.SecureRandom` instead.",0.9995454545454545,P1 - Critical (ML High-Confidence Vulnerability),data/benchmark/src/main/java/org/owasp/benchmark/testcode/BenchmarkTest00975.java,68
BenchmarkTest00976,1,CWE-330,2,1,1,1.0,"Detected use of the functions `Math.random()` or `java.util.Random()`. These are both not cryptographically strong random number generators (RNGs). If you are using these RNGs to create passwords or secret tokens, use `java.security.SecureRandom` instead.",1.0,P1 - Critical (ML High-Confidence Vulnerability),data/benchmark/src/main/java/org/owasp/benchmark/testcode/BenchmarkTest00976.java,68
BenchmarkTest00977,1,CWE-614,1,1,0,1.0,A cookie was detected without setting the 'secure' flag. The 'secure' flag for cookies prevents the client from transmitting the cookie over insecure channels such as HTTP. Set the 'secure' flag by calling 'cookie.setSecure(true);',0.9328275620907849,P1 - Critical (ML High-Confidence Vulnerability),data/benchmark/src/main/java/org/owasp/benchmark/testcode/BenchmarkTest00977.java,85
BenchmarkTest00978,0,CWE-78,1,1,0,0.5177,"Detected input from a HTTPServletRequest going into a 'ProcessBuilder' or 'exec' command. This could lead to command injection if variables passed into the exec commands are not properly sanitized. Instead, avoid using these OS commands with user-supplied input, or, if you must use these commands, use a whitelist of specific values.",0.5444416118463504,P3 - Medium (ML Moderate / Needs Review),data/benchmark/src/main/java/org/owasp/benchmark/testcode/BenchmarkTest00978.java,89
BenchmarkTest00979,1,CWE-78,1,1,0,0.5177,"Detected input from a HTTPServletRequest going into a 'ProcessBuilder' or 'exec' command. This could lead to command injection if variables passed into the exec commands are not properly sanitized. Instead, avoid using these OS commands with user-supplied input, or, if you must use these commands, use a whitelist of specific values.",0.5114755110284748,P3 - Medium (ML Moderate / Needs Review),data/benchmark/src/main/java/org/owasp/benchmark/testcode/BenchmarkTest00979.java,91
BenchmarkTest00980,0,CWE-78,1,1,0,0.5177,"Detected input from a HTTPServletRequest going into a 'ProcessBuilder' or 'exec' command. This could lead to command injection if variables passed into the exec commands are not properly sanitized. Instead, avoid using these OS commands with user-supplied input, or, if you must use these commands, use a whitelist of specific values.",0.5683792859920807,P3 - Medium (ML Moderate / Needs Review),data/benchmark/src/main/java/org/owasp/benchmark/testcode/BenchmarkTest00980.java,77
BenchmarkTest00981,1,CWE-78,1,1,0,0.5177,"Detected input from a HTTPServletRequest going into a 'ProcessBuilder' or 'exec' command. This could lead to command injection if variables passed into the exec commands are not properly sanitized. Instead, avoid using these OS commands with user-supplied input, or, if you must use these commands, use a whitelist of specific values.",0.5114755110284748,P3 - Medium (ML Moderate / Needs Review),data/benchmark/src/main/java/org/owasp/benchmark/testcode/BenchmarkTest00981.java,91
BenchmarkTest00982,0,CWE-78,1,1,0,0.5177,"Detected input from a HTTPServletRequest going into a 'ProcessBuilder' or 'exec' command. This could lead to command injection if variables passed into the exec commands are not properly sanitized. Instead, avoid using these OS commands with user-supplied input, or, if you must use these commands, use a whitelist of specific values.",0.5089059229256337,P3 - Medium (ML Moderate / Needs Review),data/benchmark/src/main/java/org/owasp/benchmark/testcode/BenchmarkTest00982.java,77
BenchmarkTest00983,1,CWE-78,1,1,0,0.5177,"Detected input from a HTTPServletRequest going into a 'ProcessBuilder' or 'exec' command. This could lead to command injection if variables passed into the exec commands are not properly sanitized. Instead, avoid using these OS commands with user-supplied input, or, if you must use these commands, use a whitelist of specific values.",0.5683792859920807,P3 - Medium (ML Moderate / Needs Review),data/benchmark/src/main/java/org/owasp/benchmark/testcode/BenchmarkTest00983.java,76
BenchmarkTest00984,0,CWE-330,0,0,0,1.0,,0.0331840260624013,P4 - Low (ML Suppressed / Likely False Alarm),,
BenchmarkTest00985,0,CWE-330,0,0,0,1.0,,0.03391968678800127,P4 - Low (ML Suppressed / Likely False Alarm),,
BenchmarkTest00986,0,CWE-330,0,0,0,1.0,,0.04325014794951732,P4 - Low (ML Suppressed / Likely False Alarm),,
BenchmarkTest00987,0,CWE-330,0,0,0,1.0,,0.04325014794951732,P4 - Low (ML Suppressed / Likely False Alarm),,
BenchmarkTest00988,0,CWE-330,0,0,0,1.0,,0.037636823716155926,P4 - Low (ML Suppressed / Likely False Alarm),,
BenchmarkTest00989,0,CWE-330,0,0,0,1.0,,0.03704436789576919,P4 - Low (ML Suppressed / Likely False Alarm),,
BenchmarkTest00990,0,CWE-330,0,0,0,1.0,,0.0331840260624013,P4 - Low (ML Suppressed / Likely False Alarm),,
BenchmarkTest00991,1,CWE-501,1,1,0,0.7234,"Detected a request with potential user-input going into a OutputStream or Writer object. This bypasses any view or template environments, including HTML escaping, which may expose this application to cross-site scripting (XSS) vulnerabilities. Consider using a view technology such as JavaServer Faces (JSFs) which automatically escapes HTML views.",0.7360201729654304,P2 - High (ML Probable Vulnerability),data/benchmark/src/main/java/org/owasp/benchmark/testcode/BenchmarkTest00991.java,71
BenchmarkTest00992,0,CWE-501,1,1,0,0.7234,"Detected a request with potential user-input going into a OutputStream or Writer object. This bypasses any view or template environments, including HTML escaping, which may expose this application to cross-site scripting (XSS) vulnerabilities. Consider using a view technology such as JavaServer Faces (JSFs) which automatically escapes HTML views.",0.7789605520980689,P2 - High (ML Probable Vulnerability),data/benchmark/src/main/java/org/owasp/benchmark/testcode/BenchmarkTest00992.java,71
BenchmarkTest00993,0,CWE-501,1,1,0,0.7234,"Detected input from a HTTPServletRequest going into a session command, like `setAttribute`. User input into such a command could lead to an attacker inputting malicious code into your session parameters, blurring the line between what's trusted and untrusted, and therefore leading to a trust boundary violation. This could lead to programmers trusting unvalidated data. Instead, thoroughly sanitize user input before passing it into such function calls.",0.6998849314813775,P2 - High (ML Probable Vulnerability),data/benchmark/src/main/java/org/owasp/benchmark/testcode/BenchmarkTest00993.java,69
BenchmarkTest00994,1,CWE-501,1,1,0,0.7234,"Detected input from a HTTPServletRequest going into a session command, like `setAttribute`. User input into such a command could lead to an attacker inputting malicious code into your session parameters, blurring the line between what's trusted and untrusted, and therefore leading to a trust boundary violation. This could lead to programmers trusting unvalidated data. Instead, thoroughly sanitize user input before passing it into such function calls.",0.7313191620213231,P2 - High (ML Probable Vulnerability),data/benchmark/src/main/java/org/owasp/benchmark/testcode/BenchmarkTest00994.java,69
BenchmarkTest00995,1,CWE-501,1,1,0,0.7234,"Detected a request with potential user-input going into a OutputStream or Writer object. This bypasses any view or template environments, including HTML escaping, which may expose this application to cross-site scripting (XSS) vulnerabilities. Consider using a view technology such as JavaServer Faces (JSFs) which automatically escapes HTML views.",0.734742393404791,P2 - High (ML Probable Vulnerability),data/benchmark/src/main/java/org/owasp/benchmark/testcode/BenchmarkTest00995.java,71
BenchmarkTest00996,1,CWE-89,2,1,1,0.5746,Detected input from a HTTPServletRequest going into a SQL sink or statement. This could lead to SQL injection if variables in the SQL statement are not properly sanitized. Use parameterized SQL queries or properly sanitize user input instead.,0.6050253134234014,P3 - Medium (ML Moderate / Needs Review),data/benchmark/src/main/java/org/owasp/benchmark/testcode/BenchmarkTest00996.java,74
BenchmarkTest00997,1,CWE-89,2,1,1,0.5746,Detected input from a HTTPServletRequest going into a SQL sink or statement. This could lead to SQL injection if variables in the SQL statement are not properly sanitized. Use parameterized SQL queries or properly sanitize user input instead.,0.6050253134234014,P3 - Medium (ML Moderate / Needs Review),data/benchmark/src/main/java/org/owasp/benchmark/testcode/BenchmarkTest00997.java,74
BenchmarkTest00998,1,CWE-89,2,1,1,0.5746,Detected input from a HTTPServletRequest going into a SQL sink or statement. This could lead to SQL injection if variables in the SQL statement are not properly sanitized. Use parameterized SQL queries or properly sanitize user input instead.,0.6221370751503495,P3 - Medium (ML Moderate / Needs Review),data/benchmark/src/main/java/org/owasp/benchmark/testcode/BenchmarkTest00998.java,74
BenchmarkTest00999,0,CWE-89,2,1,1,0.5746,Detected input from a HTTPServletRequest going into a SQL sink or statement. This could lead to SQL injection if variables in the SQL statement are not properly sanitized. Use parameterized SQL queries or properly sanitize user input instead.,0.6161353418384643,P3 - Medium (ML Moderate / Needs Review),data/benchmark/src/main/java/org/owasp/benchmark/testcode/BenchmarkTest00999.java,74
BenchmarkTest01000,1,CWE-89,2,1,1,0.5746,Detected input from a HTTPServletRequest going into a SQL sink or statement. This could lead to SQL injection if variables in the SQL statement are not properly sanitized. Use parameterized SQL queries or properly sanitize user input instead.,0.6050253134234014,P3 - Medium (ML Moderate / Needs Review),data/benchmark/src/main/java/org/owasp/benchmark/testcode/BenchmarkTest01000.java,74
BenchmarkTest01001,0,CWE-89,2,1,1,0.5746,Detected input from a HTTPServletRequest going into a SQL sink or statement. This could lead to SQL injection if variables in the SQL statement are not properly sanitized. Use parameterized SQL queries or properly sanitize user input instead.,0.6221370751503495,P3 - Medium (ML Moderate / Needs Review),data/benchmark/src/main/java/org/owasp/benchmark/testcode/BenchmarkTest01001.java,73
BenchmarkTest01002,1,CWE-89,2,1,1,0.5746,Detected input from a HTTPServletRequest going into a SQL sink or statement. This could lead to SQL injection if variables in the SQL statement are not properly sanitized. Use parameterized SQL queries or properly sanitize user input instead.,0.6043967051102129,P3 - Medium (ML Moderate / Needs Review),data/benchmark/src/main/java/org/owasp/benchmark/testcode/BenchmarkTest01002.java,73
BenchmarkTest01003,1,CWE-89,2,1,1,0.5746,Detected input from a HTTPServletRequest going into a SQL sink or statement. This could lead to SQL injection if variables in the SQL statement are not properly sanitized. Use parameterized SQL queries or properly sanitize user input instead.,0.6050253134234014,P3 - Medium (ML Moderate / Needs Review),data/benchmark/src/main/java/org/owasp/benchmark/testcode/BenchmarkTest01003.java,73
BenchmarkTest01004,1,CWE-89,2,1,1,0.5746,Detected input from a HTTPServletRequest going into a SQL sink or statement. This could lead to SQL injection if variables in the SQL statement are not properly sanitized. Use parameterized SQL queries or properly sanitize user input instead.,0.6221370751503495,P3 - Medium (ML Moderate / Needs Review),data/benchmark/src/main/java/org/owasp/benchmark/testcode/BenchmarkTest01004.java,73
BenchmarkTest01005,1,CWE-89,1,1,0,0.5746,Detected input from a HTTPServletRequest going into a SQL sink or statement. This could lead to SQL injection if variables in the SQL statement are not properly sanitized. Use parameterized SQL queries or properly sanitize user input instead.,0.6382802301796155,P3 - Medium (ML Moderate / Needs Review),data/benchmark/src/main/java/org/owasp/benchmark/testcode/BenchmarkTest01005.java,71
BenchmarkTest01006,1,CWE-89,1,1,0,0.5746,Detected input from a HTTPServletRequest going into a SQL sink or statement. This could lead to SQL injection if variables in the SQL statement are not properly sanitized. Use parameterized SQL queries or properly sanitize user input instead.,0.6393503814415632,P3 - Medium (ML Moderate / Needs Review),data/benchmark/src/main/java/org/owasp/benchmark/testcode/BenchmarkTest01006.java,72
BenchmarkTest01007,1,CWE-89,1,1,0,0.5746,Detected input from a HTTPServletRequest going into a SQL sink or statement. This could lead to SQL injection if variables in the SQL statement are not properly sanitized. Use parameterized SQL queries or properly sanitize user input instead.,0.6371570818030259,P3 - Medium (ML Moderate / Needs Review),data/benchmark/src/main/java/org/owasp/benchmark/testcode/BenchmarkTest01007.java,71
BenchmarkTest01008,1,CWE-89,1,1,0,0.5746,Detected input from a HTTPServletRequest going into a SQL sink or statement. This could lead to SQL injection if variables in the SQL statement are not properly sanitized. Use parameterized SQL queries or properly sanitize user input instead.,0.63810138505586,P3 - Medium (ML Moderate / Needs Review),data/benchmark/src/main/java/org/owasp/benchmark/testcode/BenchmarkTest01008.java,70
BenchmarkTest01009,1,CWE-89,1,1,0,0.5746,Detected input from a HTTPServletRequest going into a SQL sink or statement. This could lead to SQL injection if variables in the SQL statement are not properly sanitized. Use parameterized SQL queries or properly sanitize user input instead.,0.6393503814415632,P3 - Medium (ML Moderate / Needs Review),data/benchmark/src/main/java/org/owasp/benchmark/testcode/BenchmarkTest01009.java,70
BenchmarkTest01010,0,CWE-89,1,1,0,0.5746,Detected input from a HTTPServletRequest going into a SQL sink or statement. This could lead to SQL injection if variables in the SQL statement are not properly sanitized. Use parameterized SQL queries or properly sanitize user input instead.,0.6371570818030259,P3 - Medium (ML Moderate / Needs Review),data/benchmark/src/main/java/org/owasp/benchmark/testcode/BenchmarkTest01010.java,71
BenchmarkTest01011,1,CWE-89,2,1,1,0.5746,Detected input from a HTTPServletRequest going into a SQL sink or statement. This could lead to SQL injection if variables in the SQL statement are not properly sanitized. Use parameterized SQL queries or properly sanitize user input instead.,0.6043967051102129,P3 - Medium (ML Moderate / Needs Review),data/benchmark/src/main/java/org/owasp/benchmark/testcode/BenchmarkTest01011.java,71
BenchmarkTest01012,0,CWE-89,2,1,1,0.5746,Detected a formatted string in a SQL statement. This could lead to SQL injection if variables in the SQL statement are not properly sanitized. Use a prepared statements (java.sql.PreparedStatement) instead. You can obtain a PreparedStatement using 'connection.prepareStatement'.,0.5278626301234679,P3 - Medium (ML Moderate / Needs Review),data/benchmark/src/main/java/org/owasp/benchmark/testcode/BenchmarkTest01012.java,73
BenchmarkTest01013,0,CWE-643,1,1,0,0.5185,"Detected input from a HTTPServletRequest going into a XPath evaluate or compile command. This could lead to xpath injection if variables passed into the evaluate or compile commands are not properly sanitized. Xpath injection could lead to unauthorized access to sensitive information in XML documents. Instead, thoroughly sanitize user input or use parameterized xpath queries if you can.",0.5378530176248051,P3 - Medium (ML Moderate / Needs Review),data/benchmark/src/main/java/org/owasp/benchmark/testcode/BenchmarkTest01013.java,85
BenchmarkTest01014,0,CWE-643,1,1,0,0.5185,"Detected input from a HTTPServletRequest going into a XPath evaluate or compile command. This could lead to xpath injection if variables passed into the evaluate or compile commands are not properly sanitized. Xpath injection could lead to unauthorized access to sensitive information in XML documents. Instead, thoroughly sanitize user input or use parameterized xpath queries if you can.",0.5218271178138495,P3 - Medium (ML Moderate / Needs Review),data/benchmark/src/main/java/org/owasp/benchmark/testcode/BenchmarkTest01014.java,83
BenchmarkTest01015,1,CWE-327,1,1,1,0.9046,Triple DES (3DES or DESede) is considered deprecated. AES is the recommended cipher. Upgrade to use AES.,0.9646666709532539,P1 - Critical (ML High-Confidence Vulnerability),data/benchmark/src/main/java/org/owasp/benchmark/testcode/BenchmarkTest01015.java,69
BenchmarkTest01016,1,CWE-327,1,1,1,0.9046,Triple DES (3DES or DESede) is considered deprecated. AES is the recommended cipher. Upgrade to use AES.,0.960271073167773,P1 - Critical (ML High-Confidence Vulnerability),data/benchmark/src/main/java/org/owasp/benchmark/testcode/BenchmarkTest01016.java,67
BenchmarkTest01017,1,CWE-327,1,1,1,0.9046,Triple DES (3DES or DESede) is considered deprecated. AES is the recommended cipher. Upgrade to use AES.,0.957153376753586,P1 - Critical (ML High-Confidence Vulnerability),data/benchmark/src/main/java/org/owasp/benchmark/testcode/BenchmarkTest01017.java,67
BenchmarkTest01018,1,CWE-327,2,1,1,0.9046,DES is considered deprecated. AES is the recommended cipher. Upgrade to use AES. See https://www.nist.gov/news-events/news/2005/06/nist-withdraws-outdated-data-encryption-standard for more information.,0.9960648555857615,P1 - Critical (ML High-Confidence Vulnerability),data/benchmark/src/main/java/org/owasp/benchmark/testcode/BenchmarkTest01018.java,64
BenchmarkTest01019,0,CWE-327,0,0,0,0.9046,,0.09852596288884,P4 - Low (ML Suppressed / Likely False Alarm),,
BenchmarkTest01020,1,CWE-327,1,1,1,0.9046,Triple DES (3DES or DESede) is considered deprecated. AES is the recommended cipher. Upgrade to use AES.,0.957153376753586,P1 - Critical (ML High-Confidence Vulnerability),data/benchmark/src/main/java/org/owasp/benchmark/testcode/BenchmarkTest01020.java,61
BenchmarkTest01021,0,CWE-327,1,0,1,0.9046,Use a secure cipher mode.,0.06644021770388953,P4 - Low (ML Suppressed / Likely False Alarm),owasp-benchmark:data/benchmark/src/main/java/org/owasp/benchmark/testcode/BenchmarkTest01021.java,68
BenchmarkTest01022,0,CWE-327,1,0,1,0.9046,Use a secure cipher mode.,0.14797288546515752,P4 - Low (ML Suppressed / Likely False Alarm),owasp-benchmark:data/benchmark/src/main/java/org/owasp/benchmark/testcode/BenchmarkTest01022.java,68
BenchmarkTest01023,1,CWE-90,1,1,0,0.4815,"Detected input from a HTTPServletRequest going into an LDAP query. This could lead to LDAP injection if the input is not properly sanitized, which could result in attackers modifying objects in the LDAP tree structure. Ensure data passed to an LDAP query is not controllable or properly sanitize the data.",0.4485802845284838,P4 - Low (ML Suppressed / Likely False Alarm),data/benchmark/src/main/java/org/owasp/benchmark/testcode/BenchmarkTest01023.java,64
BenchmarkTest01024,0,CWE-90,1,1,0,0.4815,"Detected input from a HTTPServletRequest going into an LDAP query. This could lead to LDAP injection if the input is not properly sanitized, which could result in attackers modifying objects in the LDAP tree structure. Ensure data passed to an LDAP query is not controllable or properly sanitize the data.",0.4643746966999802,P3 - Medium (ML Moderate / Needs Review),data/benchmark/src/main/java/org/owasp/benchmark/testcode/BenchmarkTest01024.java,64
BenchmarkTest01025,1,CWE-22,1,1,0,0.531,"Detected a potential path traversal. A malicious actor could control the location of this file, to include going backwards in the directory with '../'. To address this, ensure that user-controlled variables in file paths are sanitized. You may also consider using a utility method such as org.apache.commons.io.FilenameUtils.getName(...) to only retrieve the file name from the path.",0.5372346090670375,P3 - Medium (ML Moderate / Needs Review),data/benchmark/src/main/java/org/owasp/benchmark/testcode/BenchmarkTest01025.java,53
BenchmarkTest01026,0,CWE-22,1,1,0,0.531,"Detected a potential path traversal. A malicious actor could control the location of this file, to include going backwards in the directory with '../'. To address this, ensure that user-controlled variables in file paths are sanitized. You may also consider using a utility method such as org.apache.commons.io.FilenameUtils.getName(...) to only retrieve the file name from the path.",0.5402428179282152,P3 - Medium (ML Moderate / Needs Review),data/benchmark/src/main/java/org/owasp/benchmark/testcode/BenchmarkTest01026.java,53
BenchmarkTest01027,0,CWE-22,1,1,0,0.531,"Detected a potential path traversal. A malicious actor could control the location of this file, to include going backwards in the directory with '../'. To address this, ensure that user-controlled variables in file paths are sanitized. You may also consider using a utility method such as org.apache.commons.io.FilenameUtils.getName(...) to only retrieve the file name from the path.",0.5394645256012154,P3 - Medium (ML Moderate / Needs Review),data/benchmark/src/main/java/org/owasp/benchmark/testcode/BenchmarkTest01027.java,53
BenchmarkTest01028,0,CWE-22,1,1,0,0.531,"Detected a potential path traversal. A malicious actor could control the location of this file, to include going backwards in the directory with '../'. To address this, ensure that user-controlled variables in file paths are sanitized. You may also consider using a utility method such as org.apache.commons.io.FilenameUtils.getName(...) to only retrieve the file name from the path.",0.5305215095490278,P3 - Medium (ML Moderate / Needs Review),data/benchmark/src/main/java/org/owasp/benchmark/testcode/BenchmarkTest01028.java,70
BenchmarkTest01029,1,CWE-22,1,1,0,0.531,"Detected a potential path traversal. A malicious actor could control the location of this file, to include going backwards in the directory with '../'. To address this, ensure that user-controlled variables in file paths are sanitized. You may also consider using a utility method such as org.apache.commons.io.FilenameUtils.getName(...) to only retrieve the file name from the path.",0.5402428179282152,P3 - Medium (ML Moderate / Needs Review),data/benchmark/src/main/java/org/owasp/benchmark/testcode/BenchmarkTest01029.java,73
BenchmarkTest01030,0,CWE-22,1,1,0,0.531,"Detected a potential path traversal. A malicious actor could control the location of this file, to include going backwards in the directory with '../'. To address this, ensure that user-controlled variables in file paths are sanitized. You may also consider using a utility method such as org.apache.commons.io.FilenameUtils.getName(...) to only retrieve the file name from the path.",0.5402428179282152,P3 - Medium (ML Moderate / Needs Review),data/benchmark/src/main/java/org/owasp/benchmark/testcode/BenchmarkTest01030.java,73
BenchmarkTest01031,0,CWE-22,1,1,0,0.531,"Detected a potential path traversal. A malicious actor could control the location of this file, to include going backwards in the directory with '../'. To address this, ensure that user-controlled variables in file paths are sanitized. You may also consider using a utility method such as org.apache.commons.io.FilenameUtils.getName(...) to only retrieve the file name from the path.",0.5349061735858125,P3 - Medium (ML Moderate / Needs Review),data/benchmark/src/main/java/org/owasp/benchmark/testcode/BenchmarkTest01031.java,58
BenchmarkTest01032,1,CWE-22,1,1,0,0.531,"Detected a potential path traversal. A malicious actor could control the location of this file, to include going backwards in the directory with '../'. To address this, ensure that user-controlled variables in file paths are sanitized. You may also consider using a utility method such as org.apache.commons.io.FilenameUtils.getName(...) to only retrieve the file name from the path.",0.5372346090670375,P3 - Medium (ML Moderate / Needs Review),data/benchmark/src/main/java/org/owasp/benchmark/testcode/BenchmarkTest01032.java,59
BenchmarkTest01033,1,CWE-22,1,1,0,0.531,"Detected a potential path traversal. A malicious actor could control the location of this file, to include going backwards in the directory with '../'. To address this, ensure that user-controlled variables in file paths are sanitized. You may also consider using a utility method such as org.apache.commons.io.FilenameUtils.getName(...) to only retrieve the file name from the path.",0.5305215095490278,P3 - Medium (ML Moderate / Needs Review),data/benchmark/src/main/java/org/owasp/benchmark/testcode/BenchmarkTest01033.java,59
BenchmarkTest01034,1,CWE-22,1,1,0,0.531,"Detected a potential path traversal. A malicious actor could control the location of this file, to include going backwards in the directory with '../'. To address this, ensure that user-controlled variables in file paths are sanitized. You may also consider using a utility method such as org.apache.commons.io.FilenameUtils.getName(...) to only retrieve the file name from the path.",0.5305215095490278,P3 - Medium (ML Moderate / Needs Review),data/benchmark/src/main/java/org/owasp/benchmark/testcode/BenchmarkTest01034.java,59
BenchmarkTest01035,0,CWE-22,1,1,0,0.531,"Detected a potential path traversal. A malicious actor could control the location of this file, to include going backwards in the directory with '../'. To address this, ensure that user-controlled variables in file paths are sanitized. You may also consider using a utility method such as org.apache.commons.io.FilenameUtils.getName(...) to only retrieve the file name from the path.",0.5305215095490278,P3 - Medium (ML Moderate / Needs Review),data/benchmark/src/main/java/org/owasp/benchmark/testcode/BenchmarkTest01035.java,59
BenchmarkTest01036,0,CWE-22,0,0,0,0.531,,0.21923562111917438,P4 - Low (ML Suppressed / Likely False Alarm),,
BenchmarkTest01037,0,CWE-328,0,0,0,1.0,,0.25279536684003723,P4 - Low (ML Suppressed / Likely False Alarm),,
BenchmarkTest01038,1,CWE-328,2,1,1,1.0,Detected MD5 hash algorithm which is considered insecure. MD5 is not collision resistant and is therefore not suitable as a cryptographic signature. Use HMAC instead.,0.9981800784924265,P1 - Critical (ML High-Confidence Vulnerability),data/benchmark/src/main/java/org/owasp/benchmark/testcode/BenchmarkTest01038.java,54
BenchmarkTest01039,0,CWE-328,0,0,0,1.0,,0.23782332489730076,P4 - Low (ML Suppressed / Likely False Alarm),,
BenchmarkTest01040,0,CWE-328,0,0,0,1.0,,0.26631103688868035,P4 - Low (ML Suppressed / Likely False Alarm),,
BenchmarkTest01041,1,CWE-328,0,0,0,1.0,,0.24087705674222445,P4 - Low (ML Suppressed / Likely False Alarm),,
BenchmarkTest01042,1,CWE-328,0,0,0,1.0,,0.23782332489730076,P4 - Low (ML Suppressed / Likely False Alarm),,
BenchmarkTest01043,1,CWE-328,0,0,0,1.0,,0.231920865694142,P4 - Low (ML Suppressed / Likely False Alarm),,
BenchmarkTest01044,1,CWE-328,0,0,0,1.0,,0.24087705674222445,P4 - Low (ML Suppressed / Likely False Alarm),,
BenchmarkTest01045,0,CWE-328,0,0,0,1.0,,0.25279536684003723,P4 - Low (ML Suppressed / Likely False Alarm),,
BenchmarkTest01046,1,CWE-79,1,1,0,0.6516,"Detected a request with potential user-input going into a OutputStream or Writer object. This bypasses any view or template environments, including HTML escaping, which may expose this application to cross-site scripting (XSS) vulnerabilities. Consider using a view technology such as JavaServer Faces (JSFs) which automatically escapes HTML views.",0.6221848022643229,P3 - Medium (ML Moderate / Needs Review),data/benchmark/src/main/java/org/owasp/benchmark/testcode/BenchmarkTest01046.java,57
BenchmarkTest01047,1,CWE-79,1,1,0,0.6516,"Detected a request with potential user-input going into a OutputStream or Writer object. This bypasses any view or template environments, including HTML escaping, which may expose this application to cross-site scripting (XSS) vulnerabilities. Consider using a view technology such as JavaServer Faces (JSFs) which automatically escapes HTML views.",0.6588860833788427,P2 - High (ML Probable Vulnerability),data/benchmark/src/main/java/org/owasp/benchmark/testcode/BenchmarkTest01047.java,57
BenchmarkTest01048,0,CWE-79,1,1,0,0.6516,"Detected a request with potential user-input going into a OutputStream or Writer object. This bypasses any view or template environments, including HTML escaping, which may expose this application to cross-site scripting (XSS) vulnerabilities. Consider using a view technology such as JavaServer Faces (JSFs) which automatically escapes HTML views.",0.6691842611085874,P2 - High (ML Probable Vulnerability),data/benchmark/src/main/java/org/owasp/benchmark/testcode/BenchmarkTest01048.java,55
BenchmarkTest01049,1,CWE-79,1,1,0,0.6516,"Detected a request with potential user-input going into a OutputStream or Writer object. This bypasses any view or template environments, including HTML escaping, which may expose this application to cross-site scripting (XSS) vulnerabilities. Consider using a view technology such as JavaServer Faces (JSFs) which automatically escapes HTML views.",0.6588860833788427,P2 - High (ML Probable Vulnerability),data/benchmark/src/main/java/org/owasp/benchmark/testcode/BenchmarkTest01049.java,55
BenchmarkTest01050,1,CWE-79,1,1,0,0.6516,"Detected a request with potential user-input going into a OutputStream or Writer object. This bypasses any view or template environments, including HTML escaping, which may expose this application to cross-site scripting (XSS) vulnerabilities. Consider using a view technology such as JavaServer Faces (JSFs) which automatically escapes HTML views.",0.6221848022643229,P3 - Medium (ML Moderate / Needs Review),data/benchmark/src/main/java/org/owasp/benchmark/testcode/BenchmarkTest01050.java,54
BenchmarkTest01051,0,CWE-79,1,1,0,0.6516,"Detected a request with potential user-input going into a OutputStream or Writer object. This bypasses any view or template environments, including HTML escaping, which may expose this application to cross-site scripting (XSS) vulnerabilities. Consider using a view technology such as JavaServer Faces (JSFs) which automatically escapes HTML views.",0.6606354491638398,P2 - High (ML Probable Vulnerability),data/benchmark/src/main/java/org/owasp/benchmark/testcode/BenchmarkTest01051.java,55
BenchmarkTest01052,0,CWE-79,1,1,0,0.6516,"Detected a request with potential user-input going into a OutputStream or Writer object. This bypasses any view or template environments, including HTML escaping, which may expose this application to cross-site scripting (XSS) vulnerabilities. Consider using a view technology such as JavaServer Faces (JSFs) which automatically escapes HTML views.",0.6606354491638398,P2 - High (ML Probable Vulnerability),data/benchmark/src/main/java/org/owasp/benchmark/testcode/BenchmarkTest01052.java,55
BenchmarkTest01053,0,CWE-79,1,1,0,0.6516,"Detected a request with potential user-input going into a OutputStream or Writer object. This bypasses any view or template environments, including HTML escaping, which may expose this application to cross-site scripting (XSS) vulnerabilities. Consider using a view technology such as JavaServer Faces (JSFs) which automatically escapes HTML views.",0.6691842611085874,P2 - High (ML Probable Vulnerability),data/benchmark/src/main/java/org/owasp/benchmark/testcode/BenchmarkTest01053.java,54
BenchmarkTest01054,0,CWE-79,1,1,0,0.6516,"Detected a request with potential user-input going into a OutputStream or Writer object. This bypasses any view or template environments, including HTML escaping, which may expose this application to cross-site scripting (XSS) vulnerabilities. Consider using a view technology such as JavaServer Faces (JSFs) which automatically escapes HTML views.",0.6606354491638398,P2 - High (ML Probable Vulnerability),data/benchmark/src/main/java/org/owasp/benchmark/testcode/BenchmarkTest01054.java,54
BenchmarkTest01055,1,CWE-79,1,1,0,0.6516,"Detected a request with potential user-input going into a OutputStream or Writer object. This bypasses any view or template environments, including HTML escaping, which may expose this application to cross-site scripting (XSS) vulnerabilities. Consider using a view technology such as JavaServer Faces (JSFs) which automatically escapes HTML views.",0.6691842611085874,P2 - High (ML Probable Vulnerability),data/benchmark/src/main/java/org/owasp/benchmark/testcode/BenchmarkTest01055.java,54
BenchmarkTest01056,1,CWE-79,1,1,0,0.6516,"Detected a request with potential user-input going into a OutputStream or Writer object. This bypasses any view or template environments, including HTML escaping, which may expose this application to cross-site scripting (XSS) vulnerabilities. Consider using a view technology such as JavaServer Faces (JSFs) which automatically escapes HTML views.",0.6588860833788427,P2 - High (ML Probable Vulnerability),data/benchmark/src/main/java/org/owasp/benchmark/testcode/BenchmarkTest01056.java,57
BenchmarkTest01057,1,CWE-79,1,1,0,0.6516,"Detected a request with potential user-input going into a OutputStream or Writer object. This bypasses any view or template environments, including HTML escaping, which may expose this application to cross-site scripting (XSS) vulnerabilities. Consider using a view technology such as JavaServer Faces (JSFs) which automatically escapes HTML views.",0.6221848022643229,P3 - Medium (ML Moderate / Needs Review),data/benchmark/src/main/java/org/owasp/benchmark/testcode/BenchmarkTest01057.java,54
BenchmarkTest01058,1,CWE-330,2,1,1,1.0,"Detected use of the functions `Math.random()` or `java.util.Random()`. These are both not cryptographically strong random number generators (RNGs). If you are using these RNGs to create passwords or secret tokens, use `java.security.SecureRandom` instead.",0.9995641025641026,P1 - Critical (ML High-Confidence Vulnerability),data/benchmark/src/main/java/org/owasp/benchmark/testcode/BenchmarkTest01058.java,54
BenchmarkTest01059,1,CWE-330,2,1,1,1.0,"Detected use of the functions `Math.random()` or `java.util.Random()`. These are both not cryptographically strong random number generators (RNGs). If you are using these RNGs to create passwords or secret tokens, use `java.security.SecureRandom` instead.",0.9995641025641026,P1 - Critical (ML High-Confidence Vulnerability),data/benchmark/src/main/java/org/owasp/benchmark/testcode/BenchmarkTest01059.java,53
BenchmarkTest01060,1,CWE-330,2,1,1,1.0,"Detected use of the functions `Math.random()` or `java.util.Random()`. These are both not cryptographically strong random number generators (RNGs). If you are using these RNGs to create passwords or secret tokens, use `java.security.SecureRandom` instead.",0.9995454545454545,P1 - Critical (ML High-Confidence Vulnerability),data/benchmark/src/main/java/org/owasp/benchmark/testcode/BenchmarkTest01060.java,53
BenchmarkTest01061,1,CWE-614,1,1,0,1.0,A cookie was detected without setting the 'secure' flag. The 'secure' flag for cookies prevents the client from transmitting the cookie over insecure channels such as HTTP. Set the 'secure' flag by calling 'cookie.setSecure(true);',0.9627534145944583,P1 - Critical (ML High-Confidence Vulnerability),data/benchmark/src/main/java/org/owasp/benchmark/testcode/BenchmarkTest01061.java,70
BenchmarkTest01062,0,CWE-614,0,0,0,1.0,,0.1144990611140598,P4 - Low (ML Suppressed / Likely False Alarm),,
BenchmarkTest01063,1,CWE-79,1,1,0,0.6516,"Detected a request with potential user-input going into a OutputStream or Writer object. This bypasses any view or template environments, including HTML escaping, which may expose this application to cross-site scripting (XSS) vulnerabilities. Consider using a view technology such as JavaServer Faces (JSFs) which automatically escapes HTML views.",0.6447716715602264,P3 - Medium (ML Moderate / Needs Review),data/benchmark/src/main/java/org/owasp/benchmark/testcode/BenchmarkTest01063.java,54
BenchmarkTest01064,1,CWE-78,1,1,0,0.5177,"Detected input from a HTTPServletRequest going into a 'ProcessBuilder' or 'exec' command. This could lead to command injection if variables passed into the exec commands are not properly sanitized. Instead, avoid using these OS commands with user-supplied input, or, if you must use these commands, use a whitelist of specific values.",0.5089059229256337,P3 - Medium (ML Moderate / Needs Review),data/benchmark/src/main/java/org/owasp/benchmark/testcode/BenchmarkTest01064.java,62
BenchmarkTest01065,0,CWE-78,1,1,0,0.5177,"Detected input from a HTTPServletRequest going into a 'ProcessBuilder' or 'exec' command. This could lead to command injection if variables passed into the exec commands are not properly sanitized. Instead, avoid using these OS commands with user-supplied input, or, if you must use these commands, use a whitelist of specific values.",0.5089059229256337,P3 - Medium (ML Moderate / Needs Review),data/benchmark/src/main/java/org/owasp/benchmark/testcode/BenchmarkTest01065.java,74
BenchmarkTest01066,1,CWE-78,1,1,0,0.5177,"Detected input from a HTTPServletRequest going into a 'ProcessBuilder' or 'exec' command. This could lead to command injection if variables passed into the exec commands are not properly sanitized. Instead, avoid using these OS commands with user-supplied input, or, if you must use these commands, use a whitelist of specific values.",0.5752195073482003,P3 - Medium (ML Moderate / Needs Review),data/benchmark/src/main/java/org/owasp/benchmark/testcode/BenchmarkTest01066.java,62
BenchmarkTest01067,0,CWE-78,1,1,0,0.5177,"Detected input from a HTTPServletRequest going into a 'ProcessBuilder' or 'exec' command. This could lead to command injection if variables passed into the exec commands are not properly sanitized. Instead, avoid using these OS commands with user-supplied input, or, if you must use these commands, use a whitelist of specific values.",0.5444416118463504,P3 - Medium (ML Moderate / Needs Review),data/benchmark/src/main/java/org/owasp/benchmark/testcode/BenchmarkTest01067.java,61
BenchmarkTest01068,0,CWE-78,1,1,0,0.5177,"Detected input from a HTTPServletRequest going into a 'ProcessBuilder' or 'exec' command. This could lead to command injection if variables passed into the exec commands are not properly sanitized. Instead, avoid using these OS commands with user-supplied input, or, if you must use these commands, use a whitelist of specific values.",0.5089059229256337,P3 - Medium (ML Moderate / Needs Review),data/benchmark/src/main/java/org/owasp/benchmark/testcode/BenchmarkTest01068.java,63
BenchmarkTest01069,0,CWE-330,0,0,0,1.0,,0.03391968678800127,P4 - Low (ML Suppressed / Likely False Alarm),,
BenchmarkTest01070,0,CWE-330,0,0,0,1.0,,0.03704436789576919,P4 - Low (ML Suppressed / Likely False Alarm),,
BenchmarkTest01071,0,CWE-330,0,0,0,1.0,,0.03704436789576919,P4 - Low (ML Suppressed / Likely False Alarm),,
BenchmarkTest01072,0,CWE-330,0,0,0,1.0,,0.03391968678800127,P4 - Low (ML Suppressed / Likely False Alarm),,
BenchmarkTest01073,0,CWE-330,0,0,0,1.0,,0.03704436789576919,P4 - Low (ML Suppressed / Likely False Alarm),,
BenchmarkTest01074,0,CWE-330,0,0,0,1.0,,0.03704436789576919,P4 - Low (ML Suppressed / Likely False Alarm),,
BenchmarkTest01075,0,CWE-330,0,0,0,1.0,,0.0331840260624013,P4 - Low (ML Suppressed / Likely False Alarm),,
BenchmarkTest01076,0,CWE-330,0,0,0,1.0,,0.03704436789576919,P4 - Low (ML Suppressed / Likely False Alarm),,
BenchmarkTest01077,0,CWE-330,0,0,0,1.0,,0.03391968678800127,P4 - Low (ML Suppressed / Likely False Alarm),,
BenchmarkTest01078,0,CWE-330,0,0,0,1.0,,0.0331840260624013,P4 - Low (ML Suppressed / Likely False Alarm),,
BenchmarkTest01079,0,CWE-330,0,0,0,1.0,,0.037636823716155926,P4 - Low (ML Suppressed / Likely False Alarm),,
BenchmarkTest01080,0,CWE-501,1,1,0,0.7234,"Detected a request with potential user-input going into a OutputStream or Writer object. This bypasses any view or template environments, including HTML escaping, which may expose this application to cross-site scripting (XSS) vulnerabilities. Consider using a view technology such as JavaServer Faces (JSFs) which automatically escapes HTML views.",0.7360201729654304,P2 - High (ML Probable Vulnerability),data/benchmark/src/main/java/org/owasp/benchmark/testcode/BenchmarkTest01080.java,56
BenchmarkTest01081,1,CWE-501,1,1,0,0.7234,"Detected a request with potential user-input going into a OutputStream or Writer object. This bypasses any view or template environments, including HTML escaping, which may expose this application to cross-site scripting (XSS) vulnerabilities. Consider using a view technology such as JavaServer Faces (JSFs) which automatically escapes HTML views.",0.7200463899254512,P2 - High (ML Probable Vulnerability),data/benchmark/src/main/java/org/owasp/benchmark/testcode/BenchmarkTest01081.java,56
BenchmarkTest01082,1,CWE-501,1,1,0,0.7234,"Detected a request with potential user-input going into a OutputStream or Writer object. This bypasses any view or template environments, including HTML escaping, which may expose this application to cross-site scripting (XSS) vulnerabilities. Consider using a view technology such as JavaServer Faces (JSFs) which automatically escapes HTML views.",0.711595332929724,P2 - High (ML Probable Vulnerability),data/benchmark/src/main/java/org/owasp/benchmark/testcode/BenchmarkTest01082.java,56
BenchmarkTest01083,1,CWE-89,2,1,1,0.5746,Detected input from a HTTPServletRequest going into a SQL sink or statement. This could lead to SQL injection if variables in the SQL statement are not properly sanitized. Use parameterized SQL queries or properly sanitize user input instead.,0.6050253134234014,P3 - Medium (ML Moderate / Needs Review),data/benchmark/src/main/java/org/owasp/benchmark/testcode/BenchmarkTest01083.java,58
BenchmarkTest01084,1,CWE-89,2,1,1,0.5746,Detected input from a HTTPServletRequest going into a SQL sink or statement. This could lead to SQL injection if variables in the SQL statement are not properly sanitized. Use parameterized SQL queries or properly sanitize user input instead.,0.6050253134234014,P3 - Medium (ML Moderate / Needs Review),data/benchmark/src/main/java/org/owasp/benchmark/testcode/BenchmarkTest01084.java,58
BenchmarkTest01085,0,CWE-89,1,1,0,0.5746,Detected input from a HTTPServletRequest going into a SQL sink or statement. This could lead to SQL injection if variables in the SQL statement are not properly sanitized. Use parameterized SQL queries or properly sanitize user input instead.,0.6371570818030259,P3 - Medium (ML Moderate / Needs Review),data/benchmark/src/main/java/org/owasp/benchmark/testcode/BenchmarkTest01085.java,56
BenchmarkTest01086,0,CWE-89,1,1,0,0.5746,Detected input from a HTTPServletRequest going into a SQL sink or statement. This could lead to SQL injection if variables in the SQL statement are not properly sanitized. Use parameterized SQL queries or properly sanitize user input instead.,0.6314792486337455,P3 - Medium (ML Moderate / Needs Review),data/benchmark/src/main/java/org/owasp/benchmark/testcode/BenchmarkTest01086.java,56
BenchmarkTest01087,1,CWE-89,1,1,0,0.5746,Detected input from a HTTPServletRequest going into a SQL sink or statement. This could lead to SQL injection if variables in the SQL statement are not properly sanitized. Use parameterized SQL queries or properly sanitize user input instead.,0.6393503814415632,P3 - Medium (ML Moderate / Needs Review),data/benchmark/src/main/java/org/owasp/benchmark/testcode/BenchmarkTest01087.java,58
BenchmarkTest01088,1,CWE-89,1,1,0,0.5746,Detected input from a HTTPServletRequest going into a SQL sink or statement. This could lead to SQL injection if variables in the SQL statement are not properly sanitized. Use parameterized SQL queries or properly sanitize user input instead.,0.6314792486337455,P3 - Medium (ML Moderate / Needs Review),data/benchmark/src/main/java/org/owasp/benchmark/testcode/BenchmarkTest01088.java,57
BenchmarkTest01089,0,CWE-89,1,1,0,0.5746,Detected input from a HTTPServletRequest going into a SQL sink or statement. This could lead to SQL injection if variables in the SQL statement are not properly sanitized. Use parameterized SQL queries or properly sanitize user input instead.,0.6393503814415632,P3 - Medium (ML Moderate / Needs Review),data/benchmark/src/main/java/org/owasp/benchmark/testcode/BenchmarkTest01089.java,56
BenchmarkTest01090,1,CWE-89,2,1,1,0.5746,Detected input from a HTTPServletRequest going into a SQL sink or statement. This could lead to SQL injection if variables in the SQL statement are not properly sanitized. Use parameterized SQL queries or properly sanitize user input instead.,0.6161353418384643,P3 - Medium (ML Moderate / Needs Review),data/benchmark/src/main/java/org/owasp/benchmark/testcode/BenchmarkTest01090.java,56
BenchmarkTest01091,1,CWE-89,2,1,1,0.5746,Detected a formatted string in a SQL statement. This could lead to SQL injection if variables in the SQL statement are not properly sanitized. Use a prepared statements (java.sql.PreparedStatement) instead. You can obtain a PreparedStatement using 'connection.prepareStatement'.,0.46739305534568415,P3 - Medium (ML Moderate / Needs Review),data/benchmark/src/main/java/org/owasp/benchmark/testcode/BenchmarkTest01091.java,58
BenchmarkTest01092,0,CWE-89,2,1,1,0.5746,Detected a formatted string in a SQL statement. This could lead to SQL injection if variables in the SQL statement are not properly sanitized. Use a prepared statements (java.sql.PreparedStatement) instead. You can obtain a PreparedStatement using 'connection.prepareStatement'.,0.4901655263130386,P3 - Medium (ML Moderate / Needs Review),data/benchmark/src/main/java/org/owasp/benchmark/testcode/BenchmarkTest01092.java,58
BenchmarkTest01093,1,CWE-89,2,1,1,0.5746,Detected a formatted string in a SQL statement. This could lead to SQL injection if variables in the SQL statement are not properly sanitized. Use a prepared statements (java.sql.PreparedStatement) instead. You can obtain a PreparedStatement using 'connection.prepareStatement'.,0.46739305534568415,P3 - Medium (ML Moderate / Needs Review),data/benchmark/src/main/java/org/owasp/benchmark/testcode/BenchmarkTest01093.java,58
BenchmarkTest01094,1,CWE-89,2,1,1,0.5746,Detected a formatted string in a SQL statement. This could lead to SQL injection if variables in the SQL statement are not properly sanitized. Use a prepared statements (java.sql.PreparedStatement) instead. You can obtain a PreparedStatement using 'connection.prepareStatement'.,0.490638252758374,P3 - Medium (ML Moderate / Needs Review),data/benchmark/src/main/java/org/owasp/benchmark/testcode/BenchmarkTest01094.java,58
BenchmarkTest01095,0,CWE-89,2,1,1,0.5746,Detected a formatted string in a SQL statement. This could lead to SQL injection if variables in the SQL statement are not properly sanitized. Use a prepared statements (java.sql.PreparedStatement) instead. You can obtain a PreparedStatement using 'connection.prepareStatement'.,0.5278626301234679,P3 - Medium (ML Moderate / Needs Review),data/benchmark/src/main/java/org/owasp/benchmark/testcode/BenchmarkTest01095.java,58
BenchmarkTest01096,0,CWE-89,2,1,1,0.5746,Detected input from a HTTPServletRequest going into a SQL sink or statement. This could lead to SQL injection if variables in the SQL statement are not properly sanitized. Use parameterized SQL queries or properly sanitize user input instead.,0.6043967051102129,P3 - Medium (ML Moderate / Needs Review),data/benchmark/src/main/java/org/owasp/benchmark/testcode/BenchmarkTest01096.java,56
BenchmarkTest01097,1,CWE-89,2,1,1,0.5746,Detected input from a HTTPServletRequest going into a SQL sink or statement. This could lead to SQL injection if variables in the SQL statement are not properly sanitized. Use parameterized SQL queries or properly sanitize user input instead.,0.6315115188114625,P3 - Medium (ML Moderate / Needs Review),data/benchmark/src/main/java/org/owasp/benchmark/testcode/BenchmarkTest01097.java,56
BenchmarkTest01098,0,CWE-89,2,1,1,0.5746,Detected input from a HTTPServletRequest going into a SQL sink or statement. This could lead to SQL injection if variables in the SQL statement are not properly sanitized. Use parameterized SQL queries or properly sanitize user input instead.,0.6221370751503495,P3 - Medium (ML Moderate / Needs Review),data/benchmark/src/main/java/org/owasp/benchmark/testcode/BenchmarkTest01098.java,56
BenchmarkTest01099,1,CWE-327,1,1,1,0.9046,Triple DES (3DES or DESede) is considered deprecated. AES is the recommended cipher. Upgrade to use AES.,0.960271073167773,P1 - Critical (ML High-Confidence Vulnerability),data/benchmark/src/main/java/org/owasp/benchmark/testcode/BenchmarkTest01099.java,79
BenchmarkTest01100,0,CWE-327,0,0,0,0.9046,,0.0878973552674785,P4 - Low (ML Suppressed / Likely False Alarm),,
BenchmarkTest01101,0,CWE-327,0,0,0,0.9046,,0.0878973552674785,P4 - Low (ML Suppressed / Likely False Alarm),,
BenchmarkTest01102,1,CWE-327,2,1,1,0.9046,DES is considered deprecated. AES is the recommended cipher. Upgrade to use AES. See https://www.nist.gov/news-events/news/2005/06/nist-withdraws-outdated-data-encryption-standard for more information.,0.9640713509849929,P1 - Critical (ML High-Confidence Vulnerability),data/benchmark/src/main/java/org/owasp/benchmark/testcode/BenchmarkTest01102.java,74
BenchmarkTest01103,1,CWE-327,2,1,1,0.9046,DES is considered deprecated. AES is the recommended cipher. Upgrade to use AES. See https://www.nist.gov/news-events/news/2005/06/nist-withdraws-outdated-data-encryption-standard for more information.,0.974080729406824,P1 - Critical (ML High-Confidence Vulnerability),data/benchmark/src/main/java/org/owasp/benchmark/testcode/BenchmarkTest01103.java,74
BenchmarkTest01104,0,CWE-327,0,0,0,0.9046,,0.09852596288884,P4 - Low (ML Suppressed / Likely False Alarm),,
BenchmarkTest01105,1,CWE-327,1,1,1,0.9046,Triple DES (3DES or DESede) is considered deprecated. AES is the recommended cipher. Upgrade to use AES.,0.984312041628401,P1 - Critical (ML High-Confidence Vulnerability),data/benchmark/src/main/java/org/owasp/benchmark/testcode/BenchmarkTest01105.java,71
BenchmarkTest01106,1,CWE-327,1,1,1,0.9046,Triple DES (3DES or DESede) is considered deprecated. AES is the recommended cipher. Upgrade to use AES.,0.9653792423396194,P1 - Critical (ML High-Confidence Vulnerability),data/benchmark/src/main/java/org/owasp/benchmark/testcode/BenchmarkTest01106.java,71
BenchmarkTest01107,1,CWE-327,1,1,1,0.9046,Triple DES (3DES or DESede) is considered deprecated. AES is the recommended cipher. Upgrade to use AES.,0.9646666709532539,P1 - Critical (ML High-Confidence Vulnerability),data/benchmark/src/main/java/org/owasp/benchmark/testcode/BenchmarkTest01107.java,71
BenchmarkTest01108,0,CWE-327,1,0,1,0.9046,Use a secure cipher mode.,0.14726906733331507,P4 - Low (ML Suppressed / Likely False Alarm),owasp-benchmark:data/benchmark/src/main/java/org/owasp/benchmark/testcode/BenchmarkTest01108.java,78
BenchmarkTest01109,0,CWE-22,1,1,0,0.531,"Detected a potential path traversal. A malicious actor could control the location of this file, to include going backwards in the directory with '../'. To address this, ensure that user-controlled variables in file paths are sanitized. You may also consider using a utility method such as org.apache.commons.io.FilenameUtils.getName(...) to only retrieve the file name from the path.",0.5349061735858125,P3 - Medium (ML Moderate / Needs Review),data/benchmark/src/main/java/org/owasp/benchmark/testcode/BenchmarkTest01109.java,63
BenchmarkTest01110,0,CWE-22,1,1,0,0.531,"Detected a potential path traversal. A malicious actor could control the location of this file, to include going backwards in the directory with '../'. To address this, ensure that user-controlled variables in file paths are sanitized. You may also consider using a utility method such as org.apache.commons.io.FilenameUtils.getName(...) to only retrieve the file name from the path.",0.5349061735858125,P3 - Medium (ML Moderate / Needs Review),data/benchmark/src/main/java/org/owasp/benchmark/testcode/BenchmarkTest01110.java,80
BenchmarkTest01111,1,CWE-22,1,1,0,0.531,"Detected a potential path traversal. A malicious actor could control the location of this file, to include going backwards in the directory with '../'. To address this, ensure that user-controlled variables in file paths are sanitized. You may also consider using a utility method such as org.apache.commons.io.FilenameUtils.getName(...) to only retrieve the file name from the path.",0.5349061735858125,P3 - Medium (ML Moderate / Needs Review),data/benchmark/src/main/java/org/owasp/benchmark/testcode/BenchmarkTest01111.java,68
BenchmarkTest01112,1,CWE-22,1,1,0,0.531,"Detected a potential path traversal. A malicious actor could control the location of this file, to include going backwards in the directory with '../'. To address this, ensure that user-controlled variables in file paths are sanitized. You may also consider using a utility method such as org.apache.commons.io.FilenameUtils.getName(...) to only retrieve the file name from the path.",0.5305215095490278,P3 - Medium (ML Moderate / Needs Review),data/benchmark/src/main/java/org/owasp/benchmark/testcode/BenchmarkTest01112.java,68
BenchmarkTest01113,0,CWE-22,1,1,0,0.531,"Detected a potential path traversal. A malicious actor could control the location of this file, to include going backwards in the directory with '../'. To address this, ensure that user-controlled variables in file paths are sanitized. You may also consider using a utility method such as org.apache.commons.io.FilenameUtils.getName(...) to only retrieve the file name from the path.",0.5305215095490278,P3 - Medium (ML Moderate / Needs Review),data/benchmark/src/main/java/org/owasp/benchmark/testcode/BenchmarkTest01113.java,69
BenchmarkTest01114,0,CWE-22,1,1,0,0.531,"Detected a potential path traversal. A malicious actor could control the location of this file, to include going backwards in the directory with '../'. To address this, ensure that user-controlled variables in file paths are sanitized. You may also consider using a utility method such as org.apache.commons.io.FilenameUtils.getName(...) to only retrieve the file name from the path.",0.5402428179282152,P3 - Medium (ML Moderate / Needs Review),data/benchmark/src/main/java/org/owasp/benchmark/testcode/BenchmarkTest01114.java,69
BenchmarkTest01115,0,CWE-22,1,1,0,0.531,"Detected a potential path traversal. A malicious actor could control the location of this file, to include going backwards in the directory with '../'. To address this, ensure that user-controlled variables in file paths are sanitized. You may also consider using a utility method such as org.apache.commons.io.FilenameUtils.getName(...) to only retrieve the file name from the path.",0.5394645256012154,P3 - Medium (ML Moderate / Needs Review),data/benchmark/src/main/java/org/owasp/benchmark/testcode/BenchmarkTest01115.java,69
BenchmarkTest01116,1,CWE-22,1,1,0,0.531,"Detected a potential path traversal. A malicious actor could control the location of this file, to include going backwards in the directory with '../'. To address this, ensure that user-controlled variables in file paths are sanitized. You may also consider using a utility method such as org.apache.commons.io.FilenameUtils.getName(...) to only retrieve the file name from the path.",0.5394645256012154,P3 - Medium (ML Moderate / Needs Review),data/benchmark/src/main/java/org/owasp/benchmark/testcode/BenchmarkTest01116.java,74
BenchmarkTest01117,1,CWE-22,1,1,0,0.531,"Detected a potential path traversal. A malicious actor could control the location of this file, to include going backwards in the directory with '../'. To address this, ensure that user-controlled variables in file paths are sanitized. You may also consider using a utility method such as org.apache.commons.io.FilenameUtils.getName(...) to only retrieve the file name from the path.",0.5372346090670375,P3 - Medium (ML Moderate / Needs Review),data/benchmark/src/main/java/org/owasp/benchmark/testcode/BenchmarkTest01117.java,74
BenchmarkTest01118,0,CWE-22,0,0,0,0.531,,0.18290078389950165,P4 - Low (ML Suppressed / Likely False Alarm),,
BenchmarkTest01119,1,CWE-330,2,1,1,1.0,"Detected use of the functions `Math.random()` or `java.util.Random()`. These are both not cryptographically strong random number generators (RNGs). If you are using these RNGs to create passwords or secret tokens, use `java.security.SecureRandom` instead.",1.0,P1 - Critical (ML High-Confidence Vulnerability),data/benchmark/src/main/java/org/owasp/benchmark/testcode/BenchmarkTest01119.java,63
BenchmarkTest01120,0,CWE-328,0,0,0,1.0,,0.231920865694142,P4 - Low (ML Suppressed / Likely False Alarm),,
BenchmarkTest01121,0,CWE-328,0,0,0,1.0,,0.25279536684003723,P4 - Low (ML Suppressed / Likely False Alarm),,
BenchmarkTest01122,0,CWE-328,0,0,0,1.0,,0.231920865694142,P4 - Low (ML Suppressed / Likely False Alarm),,
BenchmarkTest01123,1,CWE-328,2,1,1,1.0,"Detected SHA1 hash algorithm which is considered insecure. SHA1 is not collision resistant and is therefore not suitable as a cryptographic signature. Instead, use PBKDF2 for password hashing or SHA256 or SHA512 for other hash function applications.",0.9983424470266575,P1 - Critical (ML High-Confidence Vulnerability),data/benchmark/src/main/java/org/owasp/benchmark/testcode/BenchmarkTest01123.java,64
BenchmarkTest01124,1,CWE-328,0,0,0,1.0,,0.26631103688868035,P4 - Low (ML Suppressed / Likely False Alarm),,
BenchmarkTest01125,0,CWE-328,0,0,0,1.0,,0.24087705674222445,P4 - Low (ML Suppressed / Likely False Alarm),,
BenchmarkTest01126,0,CWE-328,0,0,0,1.0,,0.25279536684003723,P4 - Low (ML Suppressed / Likely False Alarm),,
BenchmarkTest01127,1,CWE-330,2,1,1,1.0,"Detected use of the functions `Math.random()` or `java.util.Random()`. These are both not cryptographically strong random number generators (RNGs). If you are using these RNGs to create passwords or secret tokens, use `java.security.SecureRandom` instead.",0.9995454545454545,P1 - Critical (ML High-Confidence Vulnerability),data/benchmark/src/main/java/org/owasp/benchmark/testcode/BenchmarkTest01127.java,63
BenchmarkTest01128,1,CWE-330,2,1,1,1.0,"Detected use of the functions `Math.random()` or `java.util.Random()`. These are both not cryptographically strong random number generators (RNGs). If you are using these RNGs to create passwords or secret tokens, use `java.security.SecureRandom` instead.",0.9995641025641026,P1 - Critical (ML High-Confidence Vulnerability),data/benchmark/src/main/java/org/owasp/benchmark/testcode/BenchmarkTest01128.java,63
BenchmarkTest01129,1,CWE-330,2,1,1,1.0,"Detected use of the functions `Math.random()` or `java.util.Random()`. These are both not cryptographically strong random number generators (RNGs). If you are using these RNGs to create passwords or secret tokens, use `java.security.SecureRandom` instead.",1.0,P1 - Critical (ML High-Confidence Vulnerability),data/benchmark/src/main/java/org/owasp/benchmark/testcode/BenchmarkTest01129.java,63
BenchmarkTest01130,1,CWE-330,2,1,1,1.0,"Detected use of the functions `Math.random()` or `java.util.Random()`. These are both not cryptographically strong random number generators (RNGs). If you are using these RNGs to create passwords or secret tokens, use `java.security.SecureRandom` instead.",0.9995641025641026,P1 - Critical (ML High-Confidence Vulnerability),data/benchmark/src/main/java/org/owasp/benchmark/testcode/BenchmarkTest01130.java,63
BenchmarkTest01131,1,CWE-330,2,1,1,1.0,"Detected use of the functions `Math.random()` or `java.util.Random()`. These are both not cryptographically strong random number generators (RNGs). If you are using these RNGs to create passwords or secret tokens, use `java.security.SecureRandom` instead.",1.0,P1 - Critical (ML High-Confidence Vulnerability),data/benchmark/src/main/java/org/owasp/benchmark/testcode/BenchmarkTest01131.java,63
BenchmarkTest01132,1,CWE-330,2,1,1,1.0,"Detected use of the functions `Math.random()` or `java.util.Random()`. These are both not cryptographically strong random number generators (RNGs). If you are using these RNGs to create passwords or secret tokens, use `java.security.SecureRandom` instead.",0.9995641025641026,P1 - Critical (ML High-Confidence Vulnerability),data/benchmark/src/main/java/org/owasp/benchmark/testcode/BenchmarkTest01132.java,63
BenchmarkTest01133,1,CWE-330,2,1,1,1.0,"Detected use of the functions `Math.random()` or `java.util.Random()`. These are both not cryptographically strong random number generators (RNGs). If you are using these RNGs to create passwords or secret tokens, use `java.security.SecureRandom` instead.",1.0,P1 - Critical (ML High-Confidence Vulnerability),data/benchmark/src/main/java/org/owasp/benchmark/testcode/BenchmarkTest01133.java,63
BenchmarkTest01134,1,CWE-614,1,1,0,1.0,A cookie was detected without setting the 'secure' flag. The 'secure' flag for cookies prevents the client from transmitting the cookie over insecure channels such as HTTP. Set the 'secure' flag by calling 'cookie.setSecure(true);',0.9125201649560278,P1 - Critical (ML High-Confidence Vulnerability),data/benchmark/src/main/java/org/owasp/benchmark/testcode/BenchmarkTest01134.java,80
BenchmarkTest01135,0,CWE-330,0,0,0,1.0,,0.037636823716155926,P4 - Low (ML Suppressed / Likely False Alarm),,
BenchmarkTest01136,0,CWE-330,0,0,0,1.0,,0.04325014794951732,P4 - Low (ML Suppressed / Likely False Alarm),,
BenchmarkTest01137,0,CWE-330,0,0,0,1.0,,0.03704436789576919,P4 - Low (ML Suppressed / Likely False Alarm),,
BenchmarkTest01138,0,CWE-330,0,0,0,1.0,,0.03391968678800127,P4 - Low (ML Suppressed / Likely False Alarm),,
BenchmarkTest01139,0,CWE-330,0,0,0,1.0,,0.03704436789576919,P4 - Low (ML Suppressed / Likely False Alarm),,
BenchmarkTest01140,0,CWE-330,0,0,0,1.0,,0.037636823716155926,P4 - Low (ML Suppressed / Likely False Alarm),,
BenchmarkTest01141,0,CWE-330,0,0,0,1.0,,0.0331840260624013,P4 - Low (ML Suppressed / Likely False Alarm),,
BenchmarkTest01142,0,CWE-501,1,1,0,0.7234,"Detected input from a HTTPServletRequest going into a session command, like `setAttribute`. User input into such a command could lead to an attacker inputting malicious code into your session parameters, blurring the line between what's trusted and untrusted, and therefore leading to a trust boundary violation. This could lead to programmers trusting unvalidated data. Instead, thoroughly sanitize user input before passing it into such function calls.",0.7196177864212013,P2 - High (ML Probable Vulnerability),data/benchmark/src/main/java/org/owasp/benchmark/testcode/BenchmarkTest01142.java,64
BenchmarkTest01143,1,CWE-501,1,1,0,0.7234,"Detected input from a HTTPServletRequest going into a session command, like `setAttribute`. User input into such a command could lead to an attacker inputting malicious code into your session parameters, blurring the line between what's trusted and untrusted, and therefore leading to a trust boundary violation. This could lead to programmers trusting unvalidated data. Instead, thoroughly sanitize user input before passing it into such function calls.",0.6998849314813775,P2 - High (ML Probable Vulnerability),data/benchmark/src/main/java/org/owasp/benchmark/testcode/BenchmarkTest01143.java,64
BenchmarkTest01144,0,CWE-501,1,1,0,0.7234,"Detected input from a HTTPServletRequest going into a session command, like `setAttribute`. User input into such a command could lead to an attacker inputting malicious code into your session parameters, blurring the line between what's trusted and untrusted, and therefore leading to a trust boundary violation. This could lead to programmers trusting unvalidated data. Instead, thoroughly sanitize user input before passing it into such function calls.",0.7068358686904922,P2 - High (ML Probable Vulnerability),data/benchmark/src/main/java/org/owasp/benchmark/testcode/BenchmarkTest01144.java,64
BenchmarkTest01145,0,CWE-501,1,1,0,0.7234,"Detected input from a HTTPServletRequest going into a session command, like `setAttribute`. User input into such a command could lead to an attacker inputting malicious code into your session parameters, blurring the line between what's trusted and untrusted, and therefore leading to a trust boundary violation. This could lead to programmers trusting unvalidated data. Instead, thoroughly sanitize user input before passing it into such function calls.",0.6568111284096806,P2 - High (ML Probable Vulnerability),data/benchmark/src/main/java/org/owasp/benchmark/testcode/BenchmarkTest01145.java,64
BenchmarkTest01146,0,CWE-501,1,1,0,0.7234,"Detected input from a HTTPServletRequest going into a session command, like `setAttribute`. User input into such a command could lead to an attacker inputting malicious code into your session parameters, blurring the line between what's trusted and untrusted, and therefore leading to a trust boundary violation. This could lead to programmers trusting unvalidated data. Instead, thoroughly sanitize user input before passing it into such function calls.",0.7313191620213231,P2 - High (ML Probable Vulnerability),data/benchmark/src/main/java/org/owasp/benchmark/testcode/BenchmarkTest01146.java,64
BenchmarkTest01147,0,CWE-327,0,0,0,0.9046,,0.08362763156367758,P4 - Low (ML Suppressed / Likely False Alarm),,
BenchmarkTest01148,1,CWE-327,1,1,1,0.9046,Triple DES (3DES or DESede) is considered deprecated. AES is the recommended cipher. Upgrade to use AES.,0.9653792423396194,P1 - Critical (ML High-Confidence Vulnerability),data/benchmark/src/main/java/org/owasp/benchmark/testcode/BenchmarkTest01148.java,69
BenchmarkTest01149,1,CWE-327,1,1,1,0.9046,Triple DES (3DES or DESede) is considered deprecated. AES is the recommended cipher. Upgrade to use AES.,0.984312041628401,P1 - Critical (ML High-Confidence Vulnerability),data/benchmark/src/main/java/org/owasp/benchmark/testcode/BenchmarkTest01149.java,69
BenchmarkTest01150,1,CWE-327,2,1,1,0.9046,DES is considered deprecated. AES is the recommended cipher. Upgrade to use AES. See https://www.nist.gov/news-events/news/2005/06/nist-withdraws-outdated-data-encryption-standard for more information.,0.974080729406824,P1 - Critical (ML High-Confidence Vulnerability),data/benchmark/src/main/java/org/owasp/benchmark/testcode/BenchmarkTest01150.java,66
BenchmarkTest01151,0,CWE-327,0,0,0,0.9046,,0.08362763156367758,P4 - Low (ML Suppressed / Likely False Alarm),,
BenchmarkTest01152,0,CWE-327,0,0,0,0.9046,,0.09852596288884,P4 - Low (ML Suppressed / Likely False Alarm),,
BenchmarkTest01153,0,CWE-327,1,0,1,0.9046,Use a secure cipher mode.,0.06644021770388953,P4 - Low (ML Suppressed / Likely False Alarm),owasp-benchmark:data/benchmark/src/main/java/org/owasp/benchmark/testcode/BenchmarkTest01153.java,70
BenchmarkTest01154,0,CWE-90,1,1,0,0.4815,"Detected input from a HTTPServletRequest going into an LDAP query. This could lead to LDAP injection if the input is not properly sanitized, which could result in attackers modifying objects in the LDAP tree structure. Ensure data passed to an LDAP query is not controllable or properly sanitize the data.",0.4960361627169889,P3 - Medium (ML Moderate / Needs Review),data/benchmark/src/main/java/org/owasp/benchmark/testcode/BenchmarkTest01154.java,66
BenchmarkTest01155,1,CWE-22,1,1,0,0.531,"Detected a potential path traversal. A malicious actor could control the location of this file, to include going backwards in the directory with '../'. To address this, ensure that user-controlled variables in file paths are sanitized. You may also consider using a utility method such as org.apache.commons.io.FilenameUtils.getName(...) to only retrieve the file name from the path.",0.5349061735858125,P3 - Medium (ML Moderate / Needs Review),data/benchmark/src/main/java/org/owasp/benchmark/testcode/BenchmarkTest01155.java,55
BenchmarkTest01156,1,CWE-22,1,1,0,0.531,"Detected a potential path traversal. A malicious actor could control the location of this file, to include going backwards in the directory with '../'. To address this, ensure that user-controlled variables in file paths are sanitized. You may also consider using a utility method such as org.apache.commons.io.FilenameUtils.getName(...) to only retrieve the file name from the path.",0.5305215095490278,P3 - Medium (ML Moderate / Needs Review),data/benchmark/src/main/java/org/owasp/benchmark/testcode/BenchmarkTest01156.java,72
BenchmarkTest01157,1,CWE-22,1,1,0,0.531,"Detected a potential path traversal. A malicious actor could control the location of this file, to include going backwards in the directory with '../'. To address this, ensure that user-controlled variables in file paths are sanitized. You may also consider using a utility method such as org.apache.commons.io.FilenameUtils.getName(...) to only retrieve the file name from the path.",0.5349061735858125,P3 - Medium (ML Moderate / Needs Review),data/benchmark/src/main/java/org/owasp/benchmark/testcode/BenchmarkTest01157.java,72
BenchmarkTest01158,0,CWE-22,1,1,0,0.531,"Detected a potential path traversal. A malicious actor could control the location of this file, to include going backwards in the directory with '../'. To address this, ensure that user-controlled variables in file paths are sanitized. You may also consider using a utility method such as org.apache.commons.io.FilenameUtils.getName(...) to only retrieve the file name from the path.",0.5305215095490278,P3 - Medium (ML Moderate / Needs Review),data/benchmark/src/main/java/org/owasp/benchmark/testcode/BenchmarkTest01158.java,60
BenchmarkTest01159,0,CWE-22,1,1,0,0.531,"Detected a potential path traversal. A malicious actor could control the location of this file, to include going backwards in the directory with '../'. To address this, ensure that user-controlled variables in file paths are sanitized. You may also consider using a utility method such as org.apache.commons.io.FilenameUtils.getName(...) to only retrieve the file name from the path.",0.5402428179282152,P3 - Medium (ML Moderate / Needs Review),data/benchmark/src/main/java/org/owasp/benchmark/testcode/BenchmarkTest01159.java,60
BenchmarkTest01160,0,CWE-22,1,1,0,0.531,"Detected a potential path traversal. A malicious actor could control the location of this file, to include going backwards in the directory with '../'. To address this, ensure that user-controlled variables in file paths are sanitized. You may also consider using a utility method such as org.apache.commons.io.FilenameUtils.getName(...) to only retrieve the file name from the path.",0.5349061735858125,P3 - Medium (ML Moderate / Needs Review),data/benchmark/src/main/java/org/owasp/benchmark/testcode/BenchmarkTest01160.java,61
BenchmarkTest01161,1,CWE-22,1,1,0,0.531,"Detected a potential path traversal. A malicious actor could control the location of this file, to include going backwards in the directory with '../'. To address this, ensure that user-controlled variables in file paths are sanitized. You may also consider using a utility method such as org.apache.commons.io.FilenameUtils.getName(...) to only retrieve the file name from the path.",0.5394645256012154,P3 - Medium (ML Moderate / Needs Review),data/benchmark/src/main/java/org/owasp/benchmark/testcode/BenchmarkTest01161.java,61
BenchmarkTest01162,1,CWE-330,2,1,1,1.0,"Detected use of the functions `Math.random()` or `java.util.Random()`. These are both not cryptographically strong random number generators (RNGs). If you are using these RNGs to create passwords or secret tokens, use `java.security.SecureRandom` instead.",0.9995454545454545,P1 - Critical (ML High-Confidence Vulnerability),data/benchmark/src/main/java/org/owasp/benchmark/testcode/BenchmarkTest01162.java,55
BenchmarkTest01163,1,CWE-330,2,1,1,1.0,"Detected use of the functions `Math.random()` or `java.util.Random()`. These are both not cryptographically strong random number generators (RNGs). If you are using these RNGs to create passwords or secret tokens, use `java.security.SecureRandom` instead.",0.9995454545454545,P1 - Critical (ML High-Confidence Vulnerability),data/benchmark/src/main/java/org/owasp/benchmark/testcode/BenchmarkTest01163.java,55
BenchmarkTest01164,0,CWE-328,0,0,0,1.0,,0.26631103688868035,P4 - Low (ML Suppressed / Likely False Alarm),,
BenchmarkTest01165,1,CWE-328,2,1,1,1.0,"Detected SHA1 hash algorithm which is considered insecure. SHA1 is not collision resistant and is therefore not suitable as a cryptographic signature. Instead, use PBKDF2 for password hashing or SHA256 or SHA512 for other hash function applications.",0.9966744996793538,P1 - Critical (ML High-Confidence Vulnerability),data/benchmark/src/main/java/org/owasp/benchmark/testcode/BenchmarkTest01165.java,56
BenchmarkTest01166,1,CWE-328,2,1,1,1.0,"Detected SHA1 hash algorithm which is considered insecure. SHA1 is not collision resistant and is therefore not suitable as a cryptographic signature. Instead, use PBKDF2 for password hashing or SHA256 or SHA512 for other hash function applications.",0.9966744996793538,P1 - Critical (ML High-Confidence Vulnerability),data/benchmark/src/main/java/org/owasp/benchmark/testcode/BenchmarkTest01166.java,56
BenchmarkTest01167,1,CWE-328,2,1,1,1.0,Detected MD5 hash algorithm which is considered insecure. MD5 is not collision resistant and is therefore not suitable as a cryptographic signature. Use HMAC instead.,0.9983424470266575,P1 - Critical (ML High-Confidence Vulnerability),data/benchmark/src/main/java/org/owasp/benchmark/testcode/BenchmarkTest01167.java,56
BenchmarkTest01168,1,CWE-328,0,0,0,1.0,,0.231920865694142,P4 - Low (ML Suppressed / Likely False Alarm),,
BenchmarkTest01169,0,CWE-328,0,0,0,1.0,,0.25279536684003723,P4 - Low (ML Suppressed / Likely False Alarm),,
BenchmarkTest01170,0,CWE-328,0,0,0,1.0,,0.24087705674222445,P4 - Low (ML Suppressed / Likely False Alarm),,
BenchmarkTest01171,1,CWE-79,1,1,0,0.6516,"Detected a request with potential user-input going into a OutputStream or Writer object. This bypasses any view or template environments, including HTML escaping, which may expose this application to cross-site scripting (XSS) vulnerabilities. Consider using a view technology such as JavaServer Faces (JSFs) which automatically escapes HTML views.",0.6588860833788427,P2 - High (ML Probable Vulnerability),data/benchmark/src/main/java/org/owasp/benchmark/testcode/BenchmarkTest01171.java,57
BenchmarkTest01172,1,CWE-79,1,1,0,0.6516,"Detected a request with potential user-input going into a OutputStream or Writer object. This bypasses any view or template environments, including HTML escaping, which may expose this application to cross-site scripting (XSS) vulnerabilities. Consider using a view technology such as JavaServer Faces (JSFs) which automatically escapes HTML views.",0.6691842611085874,P2 - High (ML Probable Vulnerability),data/benchmark/src/main/java/org/owasp/benchmark/testcode/BenchmarkTest01172.java,57
BenchmarkTest01173,1,CWE-79,1,1,0,0.6516,"Detected a request with potential user-input going into a OutputStream or Writer object. This bypasses any view or template environments, including HTML escaping, which may expose this application to cross-site scripting (XSS) vulnerabilities. Consider using a view technology such as JavaServer Faces (JSFs) which automatically escapes HTML views.",0.6588860833788427,P2 - High (ML Probable Vulnerability),data/benchmark/src/main/java/org/owasp/benchmark/testcode/BenchmarkTest01173.java,56
BenchmarkTest01174,1,CWE-79,1,1,0,0.6516,"Detected a request with potential user-input going into a OutputStream or Writer object. This bypasses any view or template environments, including HTML escaping, which may expose this application to cross-site scripting (XSS) vulnerabilities. Consider using a view technology such as JavaServer Faces (JSFs) which automatically escapes HTML views.",0.6606354491638398,P2 - High (ML Probable Vulnerability),data/benchmark/src/main/java/org/owasp/benchmark/testcode/BenchmarkTest01174.java,56
BenchmarkTest01175,0,CWE-79,1,1,0,0.6516,"Detected a request with potential user-input going into a OutputStream or Writer object. This bypasses any view or template environments, including HTML escaping, which may expose this application to cross-site scripting (XSS) vulnerabilities. Consider using a view technology such as JavaServer Faces (JSFs) which automatically escapes HTML views.",0.6221848022643229,P3 - Medium (ML Moderate / Needs Review),data/benchmark/src/main/java/org/owasp/benchmark/testcode/BenchmarkTest01175.java,57
BenchmarkTest01176,0,CWE-79,1,1,0,0.6516,"Detected a request with potential user-input going into a OutputStream or Writer object. This bypasses any view or template environments, including HTML escaping, which may expose this application to cross-site scripting (XSS) vulnerabilities. Consider using a view technology such as JavaServer Faces (JSFs) which automatically escapes HTML views.",0.6588860833788427,P2 - High (ML Probable Vulnerability),data/benchmark/src/main/java/org/owasp/benchmark/testcode/BenchmarkTest01176.java,57
BenchmarkTest01177,1,CWE-79,1,1,0,0.6516,"Detected a request with potential user-input going into a OutputStream or Writer object. This bypasses any view or template environments, including HTML escaping, which may expose this application to cross-site scripting (XSS) vulnerabilities. Consider using a view technology such as JavaServer Faces (JSFs) which automatically escapes HTML views.",0.6221848022643229,P3 - Medium (ML Moderate / Needs Review),data/benchmark/src/main/java/org/owasp/benchmark/testcode/BenchmarkTest01177.java,57
BenchmarkTest01178,1,CWE-79,1,1,0,0.6516,"Detected a request with potential user-input going into a OutputStream or Writer object. This bypasses any view or template environments, including HTML escaping, which may expose this application to cross-site scripting (XSS) vulnerabilities. Consider using a view technology such as JavaServer Faces (JSFs) which automatically escapes HTML views.",0.6588860833788427,P2 - High (ML Probable Vulnerability),data/benchmark/src/main/java/org/owasp/benchmark/testcode/BenchmarkTest01178.java,56
BenchmarkTest01179,1,CWE-79,1,1,0,0.6516,"Detected a request with potential user-input going into a OutputStream or Writer object. This bypasses any view or template environments, including HTML escaping, which may expose this application to cross-site scripting (XSS) vulnerabilities. Consider using a view technology such as JavaServer Faces (JSFs) which automatically escapes HTML views.",0.6221848022643229,P3 - Medium (ML Moderate / Needs Review),data/benchmark/src/main/java/org/owasp/benchmark/testcode/BenchmarkTest01179.java,56
BenchmarkTest01180,0,CWE-79,1,1,0,0.6516,"Detected a request with potential user-input going into a OutputStream or Writer object. This bypasses any view or template environments, including HTML escaping, which may expose this application to cross-site scripting (XSS) vulnerabilities. Consider using a view technology such as JavaServer Faces (JSFs) which automatically escapes HTML views.",0.6221848022643229,P3 - Medium (ML Moderate / Needs Review),data/benchmark/src/main/java/org/owasp/benchmark/testcode/BenchmarkTest01180.java,56
BenchmarkTest01181,1,CWE-79,1,1,0,0.6516,"Detected a request with potential user-input going into a OutputStream or Writer object. This bypasses any view or template environments, including HTML escaping, which may expose this application to cross-site scripting (XSS) vulnerabilities. Consider using a view technology such as JavaServer Faces (JSFs) which automatically escapes HTML views.",0.6606354491638398,P2 - High (ML Probable Vulnerability),data/benchmark/src/main/java/org/owasp/benchmark/testcode/BenchmarkTest01181.java,56
BenchmarkTest01182,0,CWE-78,1,1,0,0.5177,"Detected input from a HTTPServletRequest going into a 'ProcessBuilder' or 'exec' command. This could lead to command injection if variables passed into the exec commands are not properly sanitized. Instead, avoid using these OS commands with user-supplied input, or, if you must use these commands, use a whitelist of specific values.",0.5752195073482003,P3 - Medium (ML Moderate / Needs Review),data/benchmark/src/main/java/org/owasp/benchmark/testcode/BenchmarkTest01182.java,65
BenchmarkTest01183,1,CWE-330,2,1,1,1.0,"Detected use of the functions `Math.random()` or `java.util.Random()`. These are both not cryptographically strong random number generators (RNGs). If you are using these RNGs to create passwords or secret tokens, use `java.security.SecureRandom` instead.",1.0,P1 - Critical (ML High-Confidence Vulnerability),data/benchmark/src/main/java/org/owasp/benchmark/testcode/BenchmarkTest01183.java,55
BenchmarkTest01184,1,CWE-330,2,1,1,1.0,"Detected use of the functions `Math.random()` or `java.util.Random()`. These are both not cryptographically strong random number generators (RNGs). If you are using these RNGs to create passwords or secret tokens, use `java.security.SecureRandom` instead.",1.0,P1 - Critical (ML High-Confidence Vulnerability),data/benchmark/src/main/java/org/owasp/benchmark/testcode/BenchmarkTest01184.java,55
BenchmarkTest01185,1,CWE-614,1,1,0,1.0,A cookie was detected without setting the 'secure' flag. The 'secure' flag for cookies prevents the client from transmitting the cookie over insecure channels such as HTTP. Set the 'secure' flag by calling 'cookie.setSecure(true);',0.9532742994240728,P1 - Critical (ML High-Confidence Vulnerability),data/benchmark/src/main/java/org/owasp/benchmark/testcode/BenchmarkTest01185.java,72
BenchmarkTest01186,1,CWE-614,1,1,0,1.0,A cookie was detected without setting the 'secure' flag. The 'secure' flag for cookies prevents the client from transmitting the cookie over insecure channels such as HTTP. Set the 'secure' flag by calling 'cookie.setSecure(true);',0.9532742994240728,P1 - Critical (ML High-Confidence Vulnerability),data/benchmark/src/main/java/org/owasp/benchmark/testcode/BenchmarkTest01186.java,72
BenchmarkTest01187,1,CWE-614,1,1,0,1.0,A cookie was detected without setting the 'secure' flag. The 'secure' flag for cookies prevents the client from transmitting the cookie over insecure channels such as HTTP. Set the 'secure' flag by calling 'cookie.setSecure(true);',0.9627534145944583,P1 - Critical (ML High-Confidence Vulnerability),data/benchmark/src/main/java/org/owasp/benchmark/testcode/BenchmarkTest01187.java,72
BenchmarkTest01188,0,CWE-79,1,1,0,0.6516,"Detected a request with potential user-input going into a OutputStream or Writer object. This bypasses any view or template environments, including HTML escaping, which may expose this application to cross-site scripting (XSS) vulnerabilities. Consider using a view technology such as JavaServer Faces (JSFs) which automatically escapes HTML views.",0.6606354491638398,P2 - High (ML Probable Vulnerability),data/benchmark/src/main/java/org/owasp/benchmark/testcode/BenchmarkTest01188.java,56
BenchmarkTest01189,0,CWE-78,1,1,0,0.5177,"Detected input from a HTTPServletRequest going into a 'ProcessBuilder' or 'exec' command. This could lead to command injection if variables passed into the exec commands are not properly sanitized. Instead, avoid using these OS commands with user-supplied input, or, if you must use these commands, use a whitelist of specific values.",0.5683792859920807,P3 - Medium (ML Moderate / Needs Review),data/benchmark/src/main/java/org/owasp/benchmark/testcode/BenchmarkTest01189.java,76
BenchmarkTest01190,1,CWE-78,1,1,0,0.5177,"Detected input from a HTTPServletRequest going into a 'ProcessBuilder' or 'exec' command. This could lead to command injection if variables passed into the exec commands are not properly sanitized. Instead, avoid using these OS commands with user-supplied input, or, if you must use these commands, use a whitelist of specific values.",0.5089059229256337,P3 - Medium (ML Moderate / Needs Review),data/benchmark/src/main/java/org/owasp/benchmark/testcode/BenchmarkTest01190.java,64
BenchmarkTest01191,1,CWE-78,1,1,0,0.5177,"Detected input from a HTTPServletRequest going into a 'ProcessBuilder' or 'exec' command. This could lead to command injection if variables passed into the exec commands are not properly sanitized. Instead, avoid using these OS commands with user-supplied input, or, if you must use these commands, use a whitelist of specific values.",0.5089059229256337,P3 - Medium (ML Moderate / Needs Review),data/benchmark/src/main/java/org/owasp/benchmark/testcode/BenchmarkTest01191.java,64
BenchmarkTest01192,1,CWE-78,1,1,0,0.5177,"Detected input from a HTTPServletRequest going into a 'ProcessBuilder' or 'exec' command. This could lead to command injection if variables passed into the exec commands are not properly sanitized. Instead, avoid using these OS commands with user-supplied input, or, if you must use these commands, use a whitelist of specific values.",0.5683792859920807,P3 - Medium (ML Moderate / Needs Review),data/benchmark/src/main/java/org/owasp/benchmark/testcode/BenchmarkTest01192.java,64
BenchmarkTest01193,0,CWE-78,1,1,0,0.5177,"Detected input from a HTTPServletRequest going into a 'ProcessBuilder' or 'exec' command. This could lead to command injection if variables passed into the exec commands are not properly sanitized. Instead, avoid using these OS commands with user-supplied input, or, if you must use these commands, use a whitelist of specific values.",0.5089059229256337,P3 - Medium (ML Moderate / Needs Review),data/benchmark/src/main/java/org/owasp/benchmark/testcode/BenchmarkTest01193.java,78
BenchmarkTest01194,1,CWE-78,1,1,0,0.5177,"Detected input from a HTTPServletRequest going into a 'ProcessBuilder' or 'exec' command. This could lead to command injection if variables passed into the exec commands are not properly sanitized. Instead, avoid using these OS commands with user-supplied input, or, if you must use these commands, use a whitelist of specific values.",0.5089059229256337,P3 - Medium (ML Moderate / Needs Review),data/benchmark/src/main/java/org/owasp/benchmark/testcode/BenchmarkTest01194.java,65
BenchmarkTest01195,0,CWE-330,0,0,0,1.0,,0.0331840260624013,P4 - Low (ML Suppressed / Likely False Alarm),,
BenchmarkTest01196,0,CWE-330,0,0,0,1.0,,0.03704436789576919,P4 - Low (ML Suppressed / Likely False Alarm),,
BenchmarkTest01197,0,CWE-330,0,0,0,1.0,,0.03391968678800127,P4 - Low (ML Suppressed / Likely False Alarm),,
BenchmarkTest01198,0,CWE-330,0,0,0,1.0,,0.037636823716155926,P4 - Low (ML Suppressed / Likely False Alarm),,
BenchmarkTest01199,0,CWE-330,0,0,0,1.0,,0.03391968678800127,P4 - Low (ML Suppressed / Likely False Alarm),,
BenchmarkTest01200,0,CWE-330,0,0,0,1.0,,0.03391968678800127,P4 - Low (ML Suppressed / Likely False Alarm),,
BenchmarkTest01201,0,CWE-330,0,0,0,1.0,,0.0331840260624013,P4 - Low (ML Suppressed / Likely False Alarm),,
BenchmarkTest01202,0,CWE-330,0,0,0,1.0,,0.037636823716155926,P4 - Low (ML Suppressed / Likely False Alarm),,
BenchmarkTest01203,1,CWE-501,1,1,0,0.7234,"Detected input from a HTTPServletRequest going into a session command, like `setAttribute`. User input into such a command could lead to an attacker inputting malicious code into your session parameters, blurring the line between what's trusted and untrusted, and therefore leading to a trust boundary violation. This could lead to programmers trusting unvalidated data. Instead, thoroughly sanitize user input before passing it into such function calls.",0.6998849314813775,P2 - High (ML Probable Vulnerability),data/benchmark/src/main/java/org/owasp/benchmark/testcode/BenchmarkTest01203.java,56
BenchmarkTest01204,1,CWE-501,1,1,0,0.7234,"Detected input from a HTTPServletRequest going into a session command, like `setAttribute`. User input into such a command could lead to an attacker inputting malicious code into your session parameters, blurring the line between what's trusted and untrusted, and therefore leading to a trust boundary violation. This could lead to programmers trusting unvalidated data. Instead, thoroughly sanitize user input before passing it into such function calls.",0.7068358686904922,P2 - High (ML Probable Vulnerability),data/benchmark/src/main/java/org/owasp/benchmark/testcode/BenchmarkTest01204.java,56
BenchmarkTest01205,0,CWE-501,1,1,0,0.7234,"Detected input from a HTTPServletRequest going into a session command, like `setAttribute`. User input into such a command could lead to an attacker inputting malicious code into your session parameters, blurring the line between what's trusted and untrusted, and therefore leading to a trust boundary violation. This could lead to programmers trusting unvalidated data. Instead, thoroughly sanitize user input before passing it into such function calls.",0.7068358686904922,P2 - High (ML Probable Vulnerability),data/benchmark/src/main/java/org/owasp/benchmark/testcode/BenchmarkTest01205.java,56
BenchmarkTest01206,1,CWE-501,1,1,0,0.7234,"Detected input from a HTTPServletRequest going into a session command, like `setAttribute`. User input into such a command could lead to an attacker inputting malicious code into your session parameters, blurring the line between what's trusted and untrusted, and therefore leading to a trust boundary violation. This could lead to programmers trusting unvalidated data. Instead, thoroughly sanitize user input before passing it into such function calls.",0.7068358686904922,P2 - High (ML Probable Vulnerability),data/benchmark/src/main/java/org/owasp/benchmark/testcode/BenchmarkTest01206.java,56
BenchmarkTest01207,0,CWE-501,1,1,0,0.7234,"Detected a request with potential user-input going into a OutputStream or Writer object. This bypasses any view or template environments, including HTML escaping, which may expose this application to cross-site scripting (XSS) vulnerabilities. Consider using a view technology such as JavaServer Faces (JSFs) which automatically escapes HTML views.",0.7789605520980689,P2 - High (ML Probable Vulnerability),data/benchmark/src/main/java/org/owasp/benchmark/testcode/BenchmarkTest01207.java,58
BenchmarkTest01208,1,CWE-89,2,1,1,0.5746,Detected input from a HTTPServletRequest going into a SQL sink or statement. This could lead to SQL injection if variables in the SQL statement are not properly sanitized. Use parameterized SQL queries or properly sanitize user input instead.,0.6050253134234014,P3 - Medium (ML Moderate / Needs Review),data/benchmark/src/main/java/org/owasp/benchmark/testcode/BenchmarkTest01208.java,60
BenchmarkTest01209,1,CWE-89,2,1,1,0.5746,Detected input from a HTTPServletRequest going into a SQL sink or statement. This could lead to SQL injection if variables in the SQL statement are not properly sanitized. Use parameterized SQL queries or properly sanitize user input instead.,0.6315115188114625,P3 - Medium (ML Moderate / Needs Review),data/benchmark/src/main/java/org/owasp/benchmark/testcode/BenchmarkTest01209.java,60
BenchmarkTest01210,1,CWE-89,2,1,1,0.5746,Detected input from a HTTPServletRequest going into a SQL sink or statement. This could lead to SQL injection if variables in the SQL statement are not properly sanitized. Use parameterized SQL queries or properly sanitize user input instead.,0.6043967051102129,P3 - Medium (ML Moderate / Needs Review),data/benchmark/src/main/java/org/owasp/benchmark/testcode/BenchmarkTest01210.java,60
BenchmarkTest01211,1,CWE-89,2,1,1,0.5746,Detected input from a HTTPServletRequest going into a SQL sink or statement. This could lead to SQL injection if variables in the SQL statement are not properly sanitized. Use parameterized SQL queries or properly sanitize user input instead.,0.6043967051102129,P3 - Medium (ML Moderate / Needs Review),data/benchmark/src/main/java/org/owasp/benchmark/testcode/BenchmarkTest01211.java,60
BenchmarkTest01212,0,CWE-89,2,1,1,0.5746,Detected input from a HTTPServletRequest going into a SQL sink or statement. This could lead to SQL injection if variables in the SQL statement are not properly sanitized. Use parameterized SQL queries or properly sanitize user input instead.,0.6161353418384643,P3 - Medium (ML Moderate / Needs Review),data/benchmark/src/main/java/org/owasp/benchmark/testcode/BenchmarkTest01212.java,60
BenchmarkTest01213,0,CWE-89,2,1,1,0.5746,Detected input from a HTTPServletRequest going into a SQL sink or statement. This could lead to SQL injection if variables in the SQL statement are not properly sanitized. Use parameterized SQL queries or properly sanitize user input instead.,0.6221370751503495,P3 - Medium (ML Moderate / Needs Review),data/benchmark/src/main/java/org/owasp/benchmark/testcode/BenchmarkTest01213.java,60
BenchmarkTest01214,1,CWE-89,1,1,0,0.5746,Detected input from a HTTPServletRequest going into a SQL sink or statement. This could lead to SQL injection if variables in the SQL statement are not properly sanitized. Use parameterized SQL queries or properly sanitize user input instead.,0.6371570818030259,P3 - Medium (ML Moderate / Needs Review),data/benchmark/src/main/java/org/owasp/benchmark/testcode/BenchmarkTest01214.java,58
BenchmarkTest01215,0,CWE-89,1,1,0,0.5746,Detected input from a HTTPServletRequest going into a SQL sink or statement. This could lead to SQL injection if variables in the SQL statement are not properly sanitized. Use parameterized SQL queries or properly sanitize user input instead.,0.6382802301796155,P3 - Medium (ML Moderate / Needs Review),data/benchmark/src/main/java/org/owasp/benchmark/testcode/BenchmarkTest01215.java,59
BenchmarkTest01216,0,CWE-89,2,1,1,0.5746,Detected input from a HTTPServletRequest going into a SQL sink or statement. This could lead to SQL injection if variables in the SQL statement are not properly sanitized. Use parameterized SQL queries or properly sanitize user input instead.,0.6043967051102129,P3 - Medium (ML Moderate / Needs Review),data/benchmark/src/main/java/org/owasp/benchmark/testcode/BenchmarkTest01216.java,58
BenchmarkTest01217,0,CWE-89,2,1,1,0.5746,Detected input from a HTTPServletRequest going into a SQL sink or statement. This could lead to SQL injection if variables in the SQL statement are not properly sanitized. Use parameterized SQL queries or properly sanitize user input instead.,0.6050253134234014,P3 - Medium (ML Moderate / Needs Review),data/benchmark/src/main/java/org/owasp/benchmark/testcode/BenchmarkTest01217.java,58
BenchmarkTest01218,0,CWE-89,2,1,1,0.5746,Detected input from a HTTPServletRequest going into a SQL sink or statement. This could lead to SQL injection if variables in the SQL statement are not properly sanitized. Use parameterized SQL queries or properly sanitize user input instead.,0.6161353418384643,P3 - Medium (ML Moderate / Needs Review),data/benchmark/src/main/java/org/owasp/benchmark/testcode/BenchmarkTest01218.java,58
BenchmarkTest01219,0,CWE-89,2,1,1,0.5746,Detected input from a HTTPServletRequest going into a SQL sink or statement. This could lead to SQL injection if variables in the SQL statement are not properly sanitized. Use parameterized SQL queries or properly sanitize user input instead.,0.6221370751503495,P3 - Medium (ML Moderate / Needs Review),data/benchmark/src/main/java/org/owasp/benchmark/testcode/BenchmarkTest01219.java,58
BenchmarkTest01220,0,CWE-89,2,1,1,0.5746,Detected input from a HTTPServletRequest going into a SQL sink or statement. This could lead to SQL injection if variables in the SQL statement are not properly sanitized. Use parameterized SQL queries or properly sanitize user input instead.,0.6161353418384643,P3 - Medium (ML Moderate / Needs Review),data/benchmark/src/main/java/org/owasp/benchmark/testcode/BenchmarkTest01220.java,58
BenchmarkTest01221,1,CWE-89,2,1,1,0.5746,Detected input from a HTTPServletRequest going into a SQL sink or statement. This could lead to SQL injection if variables in the SQL statement are not properly sanitized. Use parameterized SQL queries or properly sanitize user input instead.,0.6161353418384643,P3 - Medium (ML Moderate / Needs Review),data/benchmark/src/main/java/org/owasp/benchmark/testcode/BenchmarkTest01221.java,58
BenchmarkTest01222,1,CWE-89,2,1,1,0.5746,Detected input from a HTTPServletRequest going into a SQL sink or statement. This could lead to SQL injection if variables in the SQL statement are not properly sanitized. Use parameterized SQL queries or properly sanitize user input instead.,0.6043967051102129,P3 - Medium (ML Moderate / Needs Review),data/benchmark/src/main/java/org/owasp/benchmark/testcode/BenchmarkTest01222.java,58
BenchmarkTest01223,1,CWE-643,1,1,0,0.5185,"Detected input from a HTTPServletRequest going into a XPath evaluate or compile command. This could lead to xpath injection if variables passed into the evaluate or compile commands are not properly sanitized. Xpath injection could lead to unauthorized access to sensitive information in XML documents. Instead, thoroughly sanitize user input or use parameterized xpath queries if you can.",0.4922262947505719,P3 - Medium (ML Moderate / Needs Review),data/benchmark/src/main/java/org/owasp/benchmark/testcode/BenchmarkTest01223.java,72
BenchmarkTest01224,1,CWE-643,1,1,0,0.5185,"Detected input from a HTTPServletRequest going into a XPath evaluate or compile command. This could lead to xpath injection if variables passed into the evaluate or compile commands are not properly sanitized. Xpath injection could lead to unauthorized access to sensitive information in XML documents. Instead, thoroughly sanitize user input or use parameterized xpath queries if you can.",0.4500384206940105,P3 - Medium (ML Moderate / Needs Review),data/benchmark/src/main/java/org/owasp/benchmark/testcode/BenchmarkTest01224.java,70
BenchmarkTest01225,0,CWE-643,1,1,0,0.5185,"Detected input from a HTTPServletRequest going into a XPath evaluate or compile command. This could lead to xpath injection if variables passed into the evaluate or compile commands are not properly sanitized. Xpath injection could lead to unauthorized access to sensitive information in XML documents. Instead, thoroughly sanitize user input or use parameterized xpath queries if you can.",0.4500384206940105,P3 - Medium (ML Moderate / Needs Review),data/benchmark/src/main/java/org/owasp/benchmark/testcode/BenchmarkTest01225.java,70
BenchmarkTest01226,0,CWE-327,0,0,0,0.9046,,0.09852596288884,P4 - Low (ML Suppressed / Likely False Alarm),,
BenchmarkTest01227,0,CWE-327,0,0,0,0.9046,,0.0878973552674785,P4 - Low (ML Suppressed / Likely False Alarm),,
BenchmarkTest01228,1,CWE-327,2,1,1,0.9046,DES is considered deprecated. AES is the recommended cipher. Upgrade to use AES. See https://www.nist.gov/news-events/news/2005/06/nist-withdraws-outdated-data-encryption-standard for more information.,0.9770668750366887,P1 - Critical (ML High-Confidence Vulnerability),data/benchmark/src/main/java/org/owasp/benchmark/testcode/BenchmarkTest01228.java,59
BenchmarkTest01229,1,CWE-327,2,1,1,0.9046,DES is considered deprecated. AES is the recommended cipher. Upgrade to use AES. See https://www.nist.gov/news-events/news/2005/06/nist-withdraws-outdated-data-encryption-standard for more information.,0.9640713509849929,P1 - Critical (ML High-Confidence Vulnerability),data/benchmark/src/main/java/org/owasp/benchmark/testcode/BenchmarkTest01229.java,59
BenchmarkTest01230,1,CWE-327,1,1,1,0.9046,Triple DES (3DES or DESede) is considered deprecated. AES is the recommended cipher. Upgrade to use AES.,0.957153376753586,P1 - Critical (ML High-Confidence Vulnerability),data/benchmark/src/main/java/org/owasp/benchmark/testcode/BenchmarkTest01230.java,56
BenchmarkTest01231,1,CWE-22,1,1,0,0.531,"Detected a potential path traversal. A malicious actor could control the location of this file, to include going backwards in the directory with '../'. To address this, ensure that user-controlled variables in file paths are sanitized. You may also consider using a utility method such as org.apache.commons.io.FilenameUtils.getName(...) to only retrieve the file name from the path.",0.5402428179282152,P3 - Medium (ML Moderate / Needs Review),data/benchmark/src/main/java/org/owasp/benchmark/testcode/BenchmarkTest01231.java,48
BenchmarkTest01232,1,CWE-22,1,1,0,0.531,"Detected a potential path traversal. A malicious actor could control the location of this file, to include going backwards in the directory with '../'. To address this, ensure that user-controlled variables in file paths are sanitized. You may also consider using a utility method such as org.apache.commons.io.FilenameUtils.getName(...) to only retrieve the file name from the path.",0.5402428179282152,P3 - Medium (ML Moderate / Needs Review),data/benchmark/src/main/java/org/owasp/benchmark/testcode/BenchmarkTest01232.java,48
BenchmarkTest01233,0,CWE-22,1,1,0,0.531,"Detected a potential path traversal. A malicious actor could control the location of this file, to include going backwards in the directory with '../'. To address this, ensure that user-controlled variables in file paths are sanitized. You may also consider using a utility method such as org.apache.commons.io.FilenameUtils.getName(...) to only retrieve the file name from the path.",0.5372346090670375,P3 - Medium (ML Moderate / Needs Review),data/benchmark/src/main/java/org/owasp/benchmark/testcode/BenchmarkTest01233.java,48
BenchmarkTest01234,1,CWE-22,1,1,0,0.531,"Detected a potential path traversal. A malicious actor could control the location of this file, to include going backwards in the directory with '../'. To address this, ensure that user-controlled variables in file paths are sanitized. You may also consider using a utility method such as org.apache.commons.io.FilenameUtils.getName(...) to only retrieve the file name from the path.",0.5349061735858125,P3 - Medium (ML Moderate / Needs Review),data/benchmark/src/main/java/org/owasp/benchmark/testcode/BenchmarkTest01234.java,48
BenchmarkTest01235,1,CWE-22,1,1,0,0.531,"Detected a potential path traversal. A malicious actor could control the location of this file, to include going backwards in the directory with '../'. To address this, ensure that user-controlled variables in file paths are sanitized. You may also consider using a utility method such as org.apache.commons.io.FilenameUtils.getName(...) to only retrieve the file name from the path.",0.5349061735858125,P3 - Medium (ML Moderate / Needs Review),data/benchmark/src/main/java/org/owasp/benchmark/testcode/BenchmarkTest01235.java,65
BenchmarkTest01236,1,CWE-22,1,1,0,0.531,"Detected a potential path traversal. A malicious actor could control the location of this file, to include going backwards in the directory with '../'. To address this, ensure that user-controlled variables in file paths are sanitized. You may also consider using a utility method such as org.apache.commons.io.FilenameUtils.getName(...) to only retrieve the file name from the path.",0.5372346090670375,P3 - Medium (ML Moderate / Needs Review),data/benchmark/src/main/java/org/owasp/benchmark/testcode/BenchmarkTest01236.java,65
BenchmarkTest01237,0,CWE-22,1,1,0,0.531,"Detected a potential path traversal. A malicious actor could control the location of this file, to include going backwards in the directory with '../'. To address this, ensure that user-controlled variables in file paths are sanitized. You may also consider using a utility method such as org.apache.commons.io.FilenameUtils.getName(...) to only retrieve the file name from the path.",0.5349061735858125,P3 - Medium (ML Moderate / Needs Review),data/benchmark/src/main/java/org/owasp/benchmark/testcode/BenchmarkTest01237.java,65
BenchmarkTest01238,1,CWE-22,1,1,0,0.531,"Detected a potential path traversal. A malicious actor could control the location of this file, to include going backwards in the directory with '../'. To address this, ensure that user-controlled variables in file paths are sanitized. You may also consider using a utility method such as org.apache.commons.io.FilenameUtils.getName(...) to only retrieve the file name from the path.",0.5349061735858125,P3 - Medium (ML Moderate / Needs Review),data/benchmark/src/main/java/org/owasp/benchmark/testcode/BenchmarkTest01238.java,54
BenchmarkTest01239,0,CWE-22,1,1,0,0.531,"Detected a potential path traversal. A malicious actor could control the location of this file, to include going backwards in the directory with '../'. To address this, ensure that user-controlled variables in file paths are sanitized. You may also consider using a utility method such as org.apache.commons.io.FilenameUtils.getName(...) to only retrieve the file name from the path.",0.5349061735858125,P3 - Medium (ML Moderate / Needs Review),data/benchmark/src/main/java/org/owasp/benchmark/testcode/BenchmarkTest01239.java,59
BenchmarkTest01240,0,CWE-22,1,1,0,0.531,"Detected a potential path traversal. A malicious actor could control the location of this file, to include going backwards in the directory with '../'. To address this, ensure that user-controlled variables in file paths are sanitized. You may also consider using a utility method such as org.apache.commons.io.FilenameUtils.getName(...) to only retrieve the file name from the path.",0.5372346090670375,P3 - Medium (ML Moderate / Needs Review),data/benchmark/src/main/java/org/owasp/benchmark/testcode/BenchmarkTest01240.java,54
BenchmarkTest01241,1,CWE-90,1,1,0,0.4815,"Detected input from a HTTPServletRequest going into an LDAP query. This could lead to LDAP injection if the input is not properly sanitized, which could result in attackers modifying objects in the LDAP tree structure. Ensure data passed to an LDAP query is not controllable or properly sanitize the data.",0.4485802845284838,P4 - Low (ML Suppressed / Likely False Alarm),data/benchmark/src/main/java/org/owasp/benchmark/testcode/BenchmarkTest01241.java,62
BenchmarkTest01242,1,CWE-90,1,1,0,0.4815,"Detected input from a HTTPServletRequest going into an LDAP query. This could lead to LDAP injection if the input is not properly sanitized, which could result in attackers modifying objects in the LDAP tree structure. Ensure data passed to an LDAP query is not controllable or properly sanitize the data.",0.5087973542492934,P3 - Medium (ML Moderate / Needs Review),data/benchmark/src/main/java/org/owasp/benchmark/testcode/BenchmarkTest01242.java,62
BenchmarkTest01243,1,CWE-90,1,1,0,0.4815,"Detected input from a HTTPServletRequest going into an LDAP query. This could lead to LDAP injection if the input is not properly sanitized, which could result in attackers modifying objects in the LDAP tree structure. Ensure data passed to an LDAP query is not controllable or properly sanitize the data.",0.4960361627169889,P3 - Medium (ML Moderate / Needs Review),data/benchmark/src/main/java/org/owasp/benchmark/testcode/BenchmarkTest01243.java,61
BenchmarkTest01244,1,CWE-328,2,1,1,1.0,"Detected SHA1 hash algorithm which is considered insecure. SHA1 is not collision resistant and is therefore not suitable as a cryptographic signature. Instead, use PBKDF2 for password hashing or SHA256 or SHA512 for other hash function applications.",1.0,P1 - Critical (ML High-Confidence Vulnerability),data/benchmark/src/main/java/org/owasp/benchmark/testcode/BenchmarkTest01244.java,54
BenchmarkTest01245,0,CWE-328,0,0,0,1.0,,0.231920865694142,P4 - Low (ML Suppressed / Likely False Alarm),,
BenchmarkTest01246,1,CWE-328,2,1,1,1.0,"Detected SHA1 hash algorithm which is considered insecure. SHA1 is not collision resistant and is therefore not suitable as a cryptographic signature. Instead, use PBKDF2 for password hashing or SHA256 or SHA512 for other hash function applications.",0.9981800784924265,P1 - Critical (ML High-Confidence Vulnerability),data/benchmark/src/main/java/org/owasp/benchmark/testcode/BenchmarkTest01246.java,49
BenchmarkTest01247,1,CWE-328,2,1,1,1.0,Detected MD5 hash algorithm which is considered insecure. MD5 is not collision resistant and is therefore not suitable as a cryptographic signature. Use HMAC instead.,0.9983424470266575,P1 - Critical (ML High-Confidence Vulnerability),data/benchmark/src/main/java/org/owasp/benchmark/testcode/BenchmarkTest01247.java,49
BenchmarkTest01248,1,CWE-328,0,0,0,1.0,,0.25279536684003723,P4 - Low (ML Suppressed / Likely False Alarm),,
BenchmarkTest01249,0,CWE-328,0,0,0,1.0,,0.23782332489730076,P4 - Low (ML Suppressed / Likely False Alarm),,
BenchmarkTest01250,0,CWE-328,0,0,0,1.0,,0.23782332489730076,P4 - Low (ML Suppressed / Likely False Alarm),,
BenchmarkTest01251,0,CWE-79,1,1,0,0.6516,"Detected a request with potential user-input going into a OutputStream or Writer object. This bypasses any view or template environments, including HTML escaping, which may expose this application to cross-site scripting (XSS) vulnerabilities. Consider using a view technology such as JavaServer Faces (JSFs) which automatically escapes HTML views.",0.6588860833788427,P2 - High (ML Probable Vulnerability),data/benchmark/src/main/java/org/owasp/benchmark/testcode/BenchmarkTest01251.java,52
BenchmarkTest01252,0,CWE-79,1,1,0,0.6516,"Detected a request with potential user-input going into a OutputStream or Writer object. This bypasses any view or template environments, including HTML escaping, which may expose this application to cross-site scripting (XSS) vulnerabilities. Consider using a view technology such as JavaServer Faces (JSFs) which automatically escapes HTML views.",0.6606354491638398,P2 - High (ML Probable Vulnerability),data/benchmark/src/main/java/org/owasp/benchmark/testcode/BenchmarkTest01252.java,50
BenchmarkTest01253,1,CWE-79,1,1,0,0.6516,"Detected a request with potential user-input going into a OutputStream or Writer object. This bypasses any view or template environments, including HTML escaping, which may expose this application to cross-site scripting (XSS) vulnerabilities. Consider using a view technology such as JavaServer Faces (JSFs) which automatically escapes HTML views.",0.6606354491638398,P2 - High (ML Probable Vulnerability),data/benchmark/src/main/java/org/owasp/benchmark/testcode/BenchmarkTest01253.java,50
BenchmarkTest01254,1,CWE-79,1,1,0,0.6516,"Detected a request with potential user-input going into a OutputStream or Writer object. This bypasses any view or template environments, including HTML escaping, which may expose this application to cross-site scripting (XSS) vulnerabilities. Consider using a view technology such as JavaServer Faces (JSFs) which automatically escapes HTML views.",0.6606354491638398,P2 - High (ML Probable Vulnerability),data/benchmark/src/main/java/org/owasp/benchmark/testcode/BenchmarkTest01254.java,49
BenchmarkTest01255,0,CWE-79,1,1,0,0.6516,"Detected a request with potential user-input going into a OutputStream or Writer object. This bypasses any view or template environments, including HTML escaping, which may expose this application to cross-site scripting (XSS) vulnerabilities. Consider using a view technology such as JavaServer Faces (JSFs) which automatically escapes HTML views.",0.6691842611085874,P2 - High (ML Probable Vulnerability),data/benchmark/src/main/java/org/owasp/benchmark/testcode/BenchmarkTest01255.java,49
BenchmarkTest01256,0,CWE-79,1,1,0,0.6516,"Detected a request with potential user-input going into a OutputStream or Writer object. This bypasses any view or template environments, including HTML escaping, which may expose this application to cross-site scripting (XSS) vulnerabilities. Consider using a view technology such as JavaServer Faces (JSFs) which automatically escapes HTML views.",0.6447716715602264,P3 - Medium (ML Moderate / Needs Review),data/benchmark/src/main/java/org/owasp/benchmark/testcode/BenchmarkTest01256.java,49
BenchmarkTest01257,1,CWE-79,1,1,0,0.6516,"Detected a request with potential user-input going into a OutputStream or Writer object. This bypasses any view or template environments, including HTML escaping, which may expose this application to cross-site scripting (XSS) vulnerabilities. Consider using a view technology such as JavaServer Faces (JSFs) which automatically escapes HTML views.",0.6221848022643229,P3 - Medium (ML Moderate / Needs Review),data/benchmark/src/main/java/org/owasp/benchmark/testcode/BenchmarkTest01257.java,49
BenchmarkTest01258,1,CWE-79,1,1,0,0.6516,"Detected a request with potential user-input going into a OutputStream or Writer object. This bypasses any view or template environments, including HTML escaping, which may expose this application to cross-site scripting (XSS) vulnerabilities. Consider using a view technology such as JavaServer Faces (JSFs) which automatically escapes HTML views.",0.6606354491638398,P2 - High (ML Probable Vulnerability),data/benchmark/src/main/java/org/owasp/benchmark/testcode/BenchmarkTest01258.java,50
BenchmarkTest01259,1,CWE-79,1,1,0,0.6516,"Detected a request with potential user-input going into a OutputStream or Writer object. This bypasses any view or template environments, including HTML escaping, which may expose this application to cross-site scripting (XSS) vulnerabilities. Consider using a view technology such as JavaServer Faces (JSFs) which automatically escapes HTML views.",0.6691842611085874,P2 - High (ML Probable Vulnerability),data/benchmark/src/main/java/org/owasp/benchmark/testcode/BenchmarkTest01259.java,50
BenchmarkTest01260,1,CWE-79,1,1,0,0.6516,"Detected a request with potential user-input going into a OutputStream or Writer object. This bypasses any view or template environments, including HTML escaping, which may expose this application to cross-site scripting (XSS) vulnerabilities. Consider using a view technology such as JavaServer Faces (JSFs) which automatically escapes HTML views.",0.6221848022643229,P3 - Medium (ML Moderate / Needs Review),data/benchmark/src/main/java/org/owasp/benchmark/testcode/BenchmarkTest01260.java,50
BenchmarkTest01261,1,CWE-79,1,1,0,0.6516,"Detected a request with potential user-input going into a OutputStream or Writer object. This bypasses any view or template environments, including HTML escaping, which may expose this application to cross-site scripting (XSS) vulnerabilities. Consider using a view technology such as JavaServer Faces (JSFs) which automatically escapes HTML views.",0.6447716715602264,P3 - Medium (ML Moderate / Needs Review),data/benchmark/src/main/java/org/owasp/benchmark/testcode/BenchmarkTest01261.java,49
BenchmarkTest01262,1,CWE-79,1,1,0,0.6516,"Detected a request with potential user-input going into a OutputStream or Writer object. This bypasses any view or template environments, including HTML escaping, which may expose this application to cross-site scripting (XSS) vulnerabilities. Consider using a view technology such as JavaServer Faces (JSFs) which automatically escapes HTML views.",0.6691842611085874,P2 - High (ML Probable Vulnerability),data/benchmark/src/main/java/org/owasp/benchmark/testcode/BenchmarkTest01262.java,49
BenchmarkTest01263,1,CWE-79,1,1,0,0.6516,"Detected a request with potential user-input going into a OutputStream or Writer object. This bypasses any view or template environments, including HTML escaping, which may expose this application to cross-site scripting (XSS) vulnerabilities. Consider using a view technology such as JavaServer Faces (JSFs) which automatically escapes HTML views.",0.6606354491638398,P2 - High (ML Probable Vulnerability),data/benchmark/src/main/java/org/owasp/benchmark/testcode/BenchmarkTest01263.java,49
BenchmarkTest01264,0,CWE-79,1,1,0,0.6516,"Detected a request with potential user-input going into a OutputStream or Writer object. This bypasses any view or template environments, including HTML escaping, which may expose this application to cross-site scripting (XSS) vulnerabilities. Consider using a view technology such as JavaServer Faces (JSFs) which automatically escapes HTML views.",0.6691842611085874,P2 - High (ML Probable Vulnerability),data/benchmark/src/main/java/org/owasp/benchmark/testcode/BenchmarkTest01264.java,49
BenchmarkTest01265,0,CWE-79,1,1,0,0.6516,"Detected a request with potential user-input going into a OutputStream or Writer object. This bypasses any view or template environments, including HTML escaping, which may expose this application to cross-site scripting (XSS) vulnerabilities. Consider using a view technology such as JavaServer Faces (JSFs) which automatically escapes HTML views.",0.6447716715602264,P3 - Medium (ML Moderate / Needs Review),data/benchmark/src/main/java/org/owasp/benchmark/testcode/BenchmarkTest01265.java,52
BenchmarkTest01266,1,CWE-79,1,1,0,0.6516,"Detected a request with potential user-input going into a OutputStream or Writer object. This bypasses any view or template environments, including HTML escaping, which may expose this application to cross-site scripting (XSS) vulnerabilities. Consider using a view technology such as JavaServer Faces (JSFs) which automatically escapes HTML views.",0.6447716715602264,P3 - Medium (ML Moderate / Needs Review),data/benchmark/src/main/java/org/owasp/benchmark/testcode/BenchmarkTest01266.java,52
BenchmarkTest01267,1,CWE-79,1,1,0,0.6516,"Detected a request with potential user-input going into a OutputStream or Writer object. This bypasses any view or template environments, including HTML escaping, which may expose this application to cross-site scripting (XSS) vulnerabilities. Consider using a view technology such as JavaServer Faces (JSFs) which automatically escapes HTML views.",0.6588860833788427,P2 - High (ML Probable Vulnerability),data/benchmark/src/main/java/org/owasp/benchmark/testcode/BenchmarkTest01267.java,49
BenchmarkTest01268,1,CWE-79,1,1,0,0.6516,"Detected a request with potential user-input going into a OutputStream or Writer object. This bypasses any view or template environments, including HTML escaping, which may expose this application to cross-site scripting (XSS) vulnerabilities. Consider using a view technology such as JavaServer Faces (JSFs) which automatically escapes HTML views.",0.6221848022643229,P3 - Medium (ML Moderate / Needs Review),data/benchmark/src/main/java/org/owasp/benchmark/testcode/BenchmarkTest01268.java,52
BenchmarkTest01269,0,CWE-78,1,1,0,0.5177,A formatted or concatenated string was detected as input to a ProcessBuilder call. This is dangerous if a variable is controlled by user input and could result in a command injection. Ensure your variables are not controlled by users or sufficiently sanitized.,0.19372951009996356,P4 - Low (ML Suppressed / Likely False Alarm),data/benchmark/src/main/java/org/owasp/benchmark/testcode/BenchmarkTest01269.java,62
BenchmarkTest01270,1,CWE-78,1,1,0,0.5177,"Detected input from a HTTPServletRequest going into a 'ProcessBuilder' or 'exec' command. This could lead to command injection if variables passed into the exec commands are not properly sanitized. Instead, avoid using these OS commands with user-supplied input, or, if you must use these commands, use a whitelist of specific values.",0.5444416118463504,P3 - Medium (ML Moderate / Needs Review),data/benchmark/src/main/java/org/owasp/benchmark/testcode/BenchmarkTest01270.java,60
BenchmarkTest01271,1,CWE-330,2,1,1,1.0,"Detected use of the functions `Math.random()` or `java.util.Random()`. These are both not cryptographically strong random number generators (RNGs). If you are using these RNGs to create passwords or secret tokens, use `java.security.SecureRandom` instead.",1.0,P1 - Critical (ML High-Confidence Vulnerability),data/benchmark/src/main/java/org/owasp/benchmark/testcode/BenchmarkTest01271.java,48
BenchmarkTest01272,1,CWE-330,2,1,1,1.0,"Detected use of the functions `Math.random()` or `java.util.Random()`. These are both not cryptographically strong random number generators (RNGs). If you are using these RNGs to create passwords or secret tokens, use `java.security.SecureRandom` instead.",1.0,P1 - Critical (ML High-Confidence Vulnerability),data/benchmark/src/main/java/org/owasp/benchmark/testcode/BenchmarkTest01272.java,48
BenchmarkTest01273,1,CWE-330,2,1,1,1.0,"Detected use of the functions `Math.random()` or `java.util.Random()`. These are both not cryptographically strong random number generators (RNGs). If you are using these RNGs to create passwords or secret tokens, use `java.security.SecureRandom` instead.",1.0,P1 - Critical (ML High-Confidence Vulnerability),data/benchmark/src/main/java/org/owasp/benchmark/testcode/BenchmarkTest01273.java,48
BenchmarkTest01274,1,CWE-330,2,1,1,1.0,"Detected use of the functions `Math.random()` or `java.util.Random()`. These are both not cryptographically strong random number generators (RNGs). If you are using these RNGs to create passwords or secret tokens, use `java.security.SecureRandom` instead.",1.0,P1 - Critical (ML High-Confidence Vulnerability),data/benchmark/src/main/java/org/owasp/benchmark/testcode/BenchmarkTest01274.java,48
BenchmarkTest01275,1,CWE-330,2,1,1,1.0,"Detected use of the functions `Math.random()` or `java.util.Random()`. These are both not cryptographically strong random number generators (RNGs). If you are using these RNGs to create passwords or secret tokens, use `java.security.SecureRandom` instead.",0.9995454545454545,P1 - Critical (ML High-Confidence Vulnerability),data/benchmark/src/main/java/org/owasp/benchmark/testcode/BenchmarkTest01275.java,48
BenchmarkTest01276,1,CWE-330,2,1,1,1.0,"Detected use of the functions `Math.random()` or `java.util.Random()`. These are both not cryptographically strong random number generators (RNGs). If you are using these RNGs to create passwords or secret tokens, use `java.security.SecureRandom` instead.",1.0,P1 - Critical (ML High-Confidence Vulnerability),data/benchmark/src/main/java/org/owasp/benchmark/testcode/BenchmarkTest01276.java,48
BenchmarkTest01277,1,CWE-330,2,1,1,1.0,"Detected use of the functions `Math.random()` or `java.util.Random()`. These are both not cryptographically strong random number generators (RNGs). If you are using these RNGs to create passwords or secret tokens, use `java.security.SecureRandom` instead.",0.9995641025641026,P1 - Critical (ML High-Confidence Vulnerability),data/benchmark/src/main/java/org/owasp/benchmark/testcode/BenchmarkTest01277.java,48
BenchmarkTest01278,1,CWE-330,2,1,1,1.0,"Detected use of the functions `Math.random()` or `java.util.Random()`. These are both not cryptographically strong random number generators (RNGs). If you are using these RNGs to create passwords or secret tokens, use `java.security.SecureRandom` instead.",1.0,P1 - Critical (ML High-Confidence Vulnerability),data/benchmark/src/main/java/org/owasp/benchmark/testcode/BenchmarkTest01278.java,48
BenchmarkTest01279,1,CWE-330,2,1,1,1.0,"Detected use of the functions `Math.random()` or `java.util.Random()`. These are both not cryptographically strong random number generators (RNGs). If you are using these RNGs to create passwords or secret tokens, use `java.security.SecureRandom` instead.",0.9995454545454545,P1 - Critical (ML High-Confidence Vulnerability),data/benchmark/src/main/java/org/owasp/benchmark/testcode/BenchmarkTest01279.java,48
BenchmarkTest01280,1,CWE-614,1,1,0,1.0,A cookie was detected without setting the 'secure' flag. The 'secure' flag for cookies prevents the client from transmitting the cookie over insecure channels such as HTTP. Set the 'secure' flag by calling 'cookie.setSecure(true);',0.9532742994240728,P1 - Critical (ML High-Confidence Vulnerability),data/benchmark/src/main/java/org/owasp/benchmark/testcode/BenchmarkTest01280.java,65
BenchmarkTest01281,1,CWE-614,1,1,0,1.0,A cookie was detected without setting the 'secure' flag. The 'secure' flag for cookies prevents the client from transmitting the cookie over insecure channels such as HTTP. Set the 'secure' flag by calling 'cookie.setSecure(true);',0.9624860773602885,P1 - Critical (ML High-Confidence Vulnerability),data/benchmark/src/main/java/org/owasp/benchmark/testcode/BenchmarkTest01281.java,65
BenchmarkTest01282,1,CWE-614,1,1,0,1.0,A cookie was detected without setting the 'secure' flag. The 'secure' flag for cookies prevents the client from transmitting the cookie over insecure channels such as HTTP. Set the 'secure' flag by calling 'cookie.setSecure(true);',0.9125201649560278,P1 - Critical (ML High-Confidence Vulnerability),data/benchmark/src/main/java/org/owasp/benchmark/testcode/BenchmarkTest01282.java,65
BenchmarkTest01283,1,CWE-614,1,1,0,1.0,A cookie was detected without setting the 'secure' flag. The 'secure' flag for cookies prevents the client from transmitting the cookie over insecure channels such as HTTP. Set the 'secure' flag by calling 'cookie.setSecure(true);',0.9627534145944583,P1 - Critical (ML High-Confidence Vulnerability),data/benchmark/src/main/java/org/owasp/benchmark/testcode/BenchmarkTest01283.java,65
BenchmarkTest01284,1,CWE-79,1,1,0,0.6516,"Detected a request with potential user-input going into a OutputStream or Writer object. This bypasses any view or template environments, including HTML escaping, which may expose this application to cross-site scripting (XSS) vulnerabilities. Consider using a view technology such as JavaServer Faces (JSFs) which automatically escapes HTML views.",0.6447716715602264,P3 - Medium (ML Moderate / Needs Review),data/benchmark/src/main/java/org/owasp/benchmark/testcode/BenchmarkTest01284.java,49
BenchmarkTest01285,1,CWE-78,1,1,0,0.5177,"Detected input from a HTTPServletRequest going into a 'ProcessBuilder' or 'exec' command. This could lead to command injection if variables passed into the exec commands are not properly sanitized. Instead, avoid using these OS commands with user-supplied input, or, if you must use these commands, use a whitelist of specific values.",0.5089059229256337,P3 - Medium (ML Moderate / Needs Review),data/benchmark/src/main/java/org/owasp/benchmark/testcode/BenchmarkTest01285.java,57
BenchmarkTest01286,1,CWE-78,1,1,0,0.5177,"Detected input from a HTTPServletRequest going into a 'ProcessBuilder' or 'exec' command. This could lead to command injection if variables passed into the exec commands are not properly sanitized. Instead, avoid using these OS commands with user-supplied input, or, if you must use these commands, use a whitelist of specific values.",0.5089059229256337,P3 - Medium (ML Moderate / Needs Review),data/benchmark/src/main/java/org/owasp/benchmark/testcode/BenchmarkTest01286.java,69
BenchmarkTest01287,1,CWE-78,1,1,0,0.5177,"Detected input from a HTTPServletRequest going into a 'ProcessBuilder' or 'exec' command. This could lead to command injection if variables passed into the exec commands are not properly sanitized. Instead, avoid using these OS commands with user-supplied input, or, if you must use these commands, use a whitelist of specific values.",0.5683792859920807,P3 - Medium (ML Moderate / Needs Review),data/benchmark/src/main/java/org/owasp/benchmark/testcode/BenchmarkTest01287.java,57
BenchmarkTest01288,1,CWE-78,1,1,0,0.5177,"Detected input from a HTTPServletRequest going into a 'ProcessBuilder' or 'exec' command. This could lead to command injection if variables passed into the exec commands are not properly sanitized. Instead, avoid using these OS commands with user-supplied input, or, if you must use these commands, use a whitelist of specific values.",0.5089059229256337,P3 - Medium (ML Moderate / Needs Review),data/benchmark/src/main/java/org/owasp/benchmark/testcode/BenchmarkTest01288.java,57
BenchmarkTest01289,0,CWE-78,1,1,0,0.5177,"Detected input from a HTTPServletRequest going into a 'ProcessBuilder' or 'exec' command. This could lead to command injection if variables passed into the exec commands are not properly sanitized. Instead, avoid using these OS commands with user-supplied input, or, if you must use these commands, use a whitelist of specific values.",0.5683792859920807,P3 - Medium (ML Moderate / Needs Review),data/benchmark/src/main/java/org/owasp/benchmark/testcode/BenchmarkTest01289.java,58
BenchmarkTest01290,0,CWE-78,1,1,0,0.5177,"Detected input from a HTTPServletRequest going into a 'ProcessBuilder' or 'exec' command. This could lead to command injection if variables passed into the exec commands are not properly sanitized. Instead, avoid using these OS commands with user-supplied input, or, if you must use these commands, use a whitelist of specific values.",0.5752195073482003,P3 - Medium (ML Moderate / Needs Review),data/benchmark/src/main/java/org/owasp/benchmark/testcode/BenchmarkTest01290.java,56
BenchmarkTest01291,0,CWE-330,0,0,0,1.0,,0.037636823716155926,P4 - Low (ML Suppressed / Likely False Alarm),,
BenchmarkTest01292,0,CWE-330,0,0,0,1.0,,0.037636823716155926,P4 - Low (ML Suppressed / Likely False Alarm),,
BenchmarkTest01293,0,CWE-330,0,0,0,1.0,,0.03704436789576919,P4 - Low (ML Suppressed / Likely False Alarm),,
BenchmarkTest01294,0,CWE-330,0,0,0,1.0,,0.03704436789576919,P4 - Low (ML Suppressed / Likely False Alarm),,
BenchmarkTest01295,0,CWE-330,0,0,0,1.0,,0.037636823716155926,P4 - Low (ML Suppressed / Likely False Alarm),,
BenchmarkTest01296,0,CWE-330,0,0,0,1.0,,0.0331840260624013,P4 - Low (ML Suppressed / Likely False Alarm),,
BenchmarkTest01297,0,CWE-330,0,0,0,1.0,,0.0331840260624013,P4 - Low (ML Suppressed / Likely False Alarm),,
BenchmarkTest01298,0,CWE-330,0,0,0,1.0,,0.03391968678800127,P4 - Low (ML Suppressed / Likely False Alarm),,
BenchmarkTest01299,1,CWE-501,1,1,0,0.7234,"Detected input from a HTTPServletRequest going into a session command, like `setAttribute`. User input into such a command could lead to an attacker inputting malicious code into your session parameters, blurring the line between what's trusted and untrusted, and therefore leading to a trust boundary violation. This could lead to programmers trusting unvalidated data. Instead, thoroughly sanitize user input before passing it into such function calls.",0.7196177864212013,P2 - High (ML Probable Vulnerability),data/benchmark/src/main/java/org/owasp/benchmark/testcode/BenchmarkTest01299.java,49
BenchmarkTest01300,0,CWE-501,1,1,0,0.7234,"Detected input from a HTTPServletRequest going into a session command, like `setAttribute`. User input into such a command could lead to an attacker inputting malicious code into your session parameters, blurring the line between what's trusted and untrusted, and therefore leading to a trust boundary violation. This could lead to programmers trusting unvalidated data. Instead, thoroughly sanitize user input before passing it into such function calls.",0.7313191620213231,P2 - High (ML Probable Vulnerability),data/benchmark/src/main/java/org/owasp/benchmark/testcode/BenchmarkTest01300.java,49
BenchmarkTest01301,0,CWE-89,2,1,1,0.5746,Detected input from a HTTPServletRequest going into a SQL sink or statement. This could lead to SQL injection if variables in the SQL statement are not properly sanitized. Use parameterized SQL queries or properly sanitize user input instead.,0.6221370751503495,P3 - Medium (ML Moderate / Needs Review),data/benchmark/src/main/java/org/owasp/benchmark/testcode/BenchmarkTest01301.java,53
BenchmarkTest01302,1,CWE-89,2,1,1,0.5746,Detected input from a HTTPServletRequest going into a SQL sink or statement. This could lead to SQL injection if variables in the SQL statement are not properly sanitized. Use parameterized SQL queries or properly sanitize user input instead.,0.6221370751503495,P3 - Medium (ML Moderate / Needs Review),data/benchmark/src/main/java/org/owasp/benchmark/testcode/BenchmarkTest01302.java,53
BenchmarkTest01303,0,CWE-89,2,1,1,0.5746,Detected input from a HTTPServletRequest going into a SQL sink or statement. This could lead to SQL injection if variables in the SQL statement are not properly sanitized. Use parameterized SQL queries or properly sanitize user input instead.,0.6050253134234014,P3 - Medium (ML Moderate / Needs Review),data/benchmark/src/main/java/org/owasp/benchmark/testcode/BenchmarkTest01303.java,53
BenchmarkTest01304,1,CWE-89,2,1,1,0.5746,Detected input from a HTTPServletRequest going into a SQL sink or statement. This could lead to SQL injection if variables in the SQL statement are not properly sanitized. Use parameterized SQL queries or properly sanitize user input instead.,0.6221370751503495,P3 - Medium (ML Moderate / Needs Review),data/benchmark/src/main/java/org/owasp/benchmark/testcode/BenchmarkTest01304.java,53
BenchmarkTest01305,0,CWE-89,2,1,1,0.5746,Detected input from a HTTPServletRequest going into a SQL sink or statement. This could lead to SQL injection if variables in the SQL statement are not properly sanitized. Use parameterized SQL queries or properly sanitize user input instead.,0.6050253134234014,P3 - Medium (ML Moderate / Needs Review),data/benchmark/src/main/java/org/owasp/benchmark/testcode/BenchmarkTest01305.java,53
BenchmarkTest01306,1,CWE-89,2,1,1,0.5746,Detected input from a HTTPServletRequest going into a SQL sink or statement. This could lead to SQL injection if variables in the SQL statement are not properly sanitized. Use parameterized SQL queries or properly sanitize user input instead.,0.6315115188114625,P3 - Medium (ML Moderate / Needs Review),data/benchmark/src/main/java/org/owasp/benchmark/testcode/BenchmarkTest01306.java,53
BenchmarkTest01307,0,CWE-89,2,1,1,0.5746,Detected input from a HTTPServletRequest going into a SQL sink or statement. This could lead to SQL injection if variables in the SQL statement are not properly sanitized. Use parameterized SQL queries or properly sanitize user input instead.,0.6161353418384643,P3 - Medium (ML Moderate / Needs Review),data/benchmark/src/main/java/org/owasp/benchmark/testcode/BenchmarkTest01307.java,53
BenchmarkTest01308,1,CWE-89,1,1,0,0.5746,Detected input from a HTTPServletRequest going into a SQL sink or statement. This could lead to SQL injection if variables in the SQL statement are not properly sanitized. Use parameterized SQL queries or properly sanitize user input instead.,0.6314792486337455,P3 - Medium (ML Moderate / Needs Review),data/benchmark/src/main/java/org/owasp/benchmark/testcode/BenchmarkTest01308.java,52
BenchmarkTest01309,0,CWE-89,1,1,0,0.5746,Detected input from a HTTPServletRequest going into a SQL sink or statement. This could lead to SQL injection if variables in the SQL statement are not properly sanitized. Use parameterized SQL queries or properly sanitize user input instead.,0.6382802301796155,P3 - Medium (ML Moderate / Needs Review),data/benchmark/src/main/java/org/owasp/benchmark/testcode/BenchmarkTest01309.java,51
BenchmarkTest01310,0,CWE-89,2,1,1,0.5746,Detected a formatted string in a SQL statement. This could lead to SQL injection if variables in the SQL statement are not properly sanitized. Use a prepared statements (java.sql.PreparedStatement) instead. You can obtain a PreparedStatement using 'connection.prepareStatement'.,0.5476500971406442,P3 - Medium (ML Moderate / Needs Review),data/benchmark/src/main/java/org/owasp/benchmark/testcode/BenchmarkTest01310.java,53
BenchmarkTest01311,1,CWE-89,2,1,1,0.5746,Detected a formatted string in a SQL statement. This could lead to SQL injection if variables in the SQL statement are not properly sanitized. Use a prepared statements (java.sql.PreparedStatement) instead. You can obtain a PreparedStatement using 'connection.prepareStatement'.,0.5278626301234679,P3 - Medium (ML Moderate / Needs Review),data/benchmark/src/main/java/org/owasp/benchmark/testcode/BenchmarkTest01311.java,53
BenchmarkTest01312,1,CWE-89,2,1,1,0.5746,Detected a formatted string in a SQL statement. This could lead to SQL injection if variables in the SQL statement are not properly sanitized. Use a prepared statements (java.sql.PreparedStatement) instead. You can obtain a PreparedStatement using 'connection.prepareStatement'.,0.490638252758374,P3 - Medium (ML Moderate / Needs Review),data/benchmark/src/main/java/org/owasp/benchmark/testcode/BenchmarkTest01312.java,53
BenchmarkTest01313,1,CWE-89,2,1,1,0.5746,Detected input from a HTTPServletRequest going into a SQL sink or statement. This could lead to SQL injection if variables in the SQL statement are not properly sanitized. Use parameterized SQL queries or properly sanitize user input instead.,0.6043967051102129,P3 - Medium (ML Moderate / Needs Review),data/benchmark/src/main/java/org/owasp/benchmark/testcode/BenchmarkTest01313.java,51
BenchmarkTest01314,1,CWE-89,2,1,1,0.5746,Detected input from a HTTPServletRequest going into a SQL sink or statement. This could lead to SQL injection if variables in the SQL statement are not properly sanitized. Use parameterized SQL queries or properly sanitize user input instead.,0.6043967051102129,P3 - Medium (ML Moderate / Needs Review),data/benchmark/src/main/java/org/owasp/benchmark/testcode/BenchmarkTest01314.java,51
BenchmarkTest01315,0,CWE-89,2,1,1,0.5746,Detected input from a HTTPServletRequest going into a SQL sink or statement. This could lead to SQL injection if variables in the SQL statement are not properly sanitized. Use parameterized SQL queries or properly sanitize user input instead.,0.6221370751503495,P3 - Medium (ML Moderate / Needs Review),data/benchmark/src/main/java/org/owasp/benchmark/testcode/BenchmarkTest01315.java,51
BenchmarkTest01316,1,CWE-643,1,1,0,0.5185,"Detected input from a HTTPServletRequest going into a XPath evaluate or compile command. This could lead to xpath injection if variables passed into the evaluate or compile commands are not properly sanitized. Xpath injection could lead to unauthorized access to sensitive information in XML documents. Instead, thoroughly sanitize user input or use parameterized xpath queries if you can.",0.5218271178138495,P3 - Medium (ML Moderate / Needs Review),data/benchmark/src/main/java/org/owasp/benchmark/testcode/BenchmarkTest01316.java,63
BenchmarkTest01317,1,CWE-327,1,1,1,0.9046,Triple DES (3DES or DESede) is considered deprecated. AES is the recommended cipher. Upgrade to use AES.,0.9646666709532539,P1 - Critical (ML High-Confidence Vulnerability),data/benchmark/src/main/java/org/owasp/benchmark/testcode/BenchmarkTest01317.java,68
BenchmarkTest01318,1,CWE-327,1,1,1,0.9046,Triple DES (3DES or DESede) is considered deprecated. AES is the recommended cipher. Upgrade to use AES.,0.9653792423396194,P1 - Critical (ML High-Confidence Vulnerability),data/benchmark/src/main/java/org/owasp/benchmark/testcode/BenchmarkTest01318.java,68
BenchmarkTest01319,0,CWE-327,0,0,0,0.9046,,0.08362763156367758,P4 - Low (ML Suppressed / Likely False Alarm),,
BenchmarkTest01320,1,CWE-327,1,1,1,0.9046,Triple DES (3DES or DESede) is considered deprecated. AES is the recommended cipher. Upgrade to use AES.,0.984312041628401,P1 - Critical (ML High-Confidence Vulnerability),data/benchmark/src/main/java/org/owasp/benchmark/testcode/BenchmarkTest01320.java,66
BenchmarkTest01321,0,CWE-327,0,0,0,0.9046,,0.0878973552674785,P4 - Low (ML Suppressed / Likely False Alarm),,
BenchmarkTest01322,1,CWE-327,2,1,1,0.9046,DES is considered deprecated. AES is the recommended cipher. Upgrade to use AES. See https://www.nist.gov/news-events/news/2005/06/nist-withdraws-outdated-data-encryption-standard for more information.,0.9640713509849929,P1 - Critical (ML High-Confidence Vulnerability),data/benchmark/src/main/java/org/owasp/benchmark/testcode/BenchmarkTest01322.java,63
BenchmarkTest01323,1,CWE-327,2,1,1,0.9046,DES is considered deprecated. AES is the recommended cipher. Upgrade to use AES. See https://www.nist.gov/news-events/news/2005/06/nist-withdraws-outdated-data-encryption-standard for more information.,0.9640713509849929,P1 - Critical (ML High-Confidence Vulnerability),data/benchmark/src/main/java/org/owasp/benchmark/testcode/BenchmarkTest01323.java,63
BenchmarkTest01324,0,CWE-327,0,0,0,0.9046,,0.09852596288884,P4 - Low (ML Suppressed / Likely False Alarm),,
BenchmarkTest01325,1,CWE-327,1,1,1,0.9046,Triple DES (3DES or DESede) is considered deprecated. AES is the recommended cipher. Upgrade to use AES.,0.9653792423396194,P1 - Critical (ML High-Confidence Vulnerability),data/benchmark/src/main/java/org/owasp/benchmark/testcode/BenchmarkTest01325.java,60
BenchmarkTest01326,1,CWE-90,1,1,0,0.4815,"Detected input from a HTTPServletRequest going into an LDAP query. This could lead to LDAP injection if the input is not properly sanitized, which could result in attackers modifying objects in the LDAP tree structure. Ensure data passed to an LDAP query is not controllable or properly sanitize the data.",0.4643746966999802,P3 - Medium (ML Moderate / Needs Review),data/benchmark/src/main/java/org/owasp/benchmark/testcode/BenchmarkTest01326.java,63
BenchmarkTest01327,0,CWE-90,1,1,0,0.4815,"Detected input from a HTTPServletRequest going into an LDAP query. This could lead to LDAP injection if the input is not properly sanitized, which could result in attackers modifying objects in the LDAP tree structure. Ensure data passed to an LDAP query is not controllable or properly sanitize the data.",0.4960361627169889,P3 - Medium (ML Moderate / Needs Review),data/benchmark/src/main/java/org/owasp/benchmark/testcode/BenchmarkTest01327.java,63
BenchmarkTest01328,0,CWE-22,1,1,0,0.531,"Detected a potential path traversal. A malicious actor could control the location of this file, to include going backwards in the directory with '../'. To address this, ensure that user-controlled variables in file paths are sanitized. You may also consider using a utility method such as org.apache.commons.io.FilenameUtils.getName(...) to only retrieve the file name from the path.",0.5394645256012154,P3 - Medium (ML Moderate / Needs Review),data/benchmark/src/main/java/org/owasp/benchmark/testcode/BenchmarkTest01328.java,69
BenchmarkTest01329,1,CWE-22,1,1,0,0.531,"Detected a potential path traversal. A malicious actor could control the location of this file, to include going backwards in the directory with '../'. To address this, ensure that user-controlled variables in file paths are sanitized. You may also consider using a utility method such as org.apache.commons.io.FilenameUtils.getName(...) to only retrieve the file name from the path.",0.5402428179282152,P3 - Medium (ML Moderate / Needs Review),data/benchmark/src/main/java/org/owasp/benchmark/testcode/BenchmarkTest01329.java,72
BenchmarkTest01330,1,CWE-22,1,1,0,0.531,"Detected a potential path traversal. A malicious actor could control the location of this file, to include going backwards in the directory with '../'. To address this, ensure that user-controlled variables in file paths are sanitized. You may also consider using a utility method such as org.apache.commons.io.FilenameUtils.getName(...) to only retrieve the file name from the path.",0.5372346090670375,P3 - Medium (ML Moderate / Needs Review),data/benchmark/src/main/java/org/owasp/benchmark/testcode/BenchmarkTest01330.java,58
BenchmarkTest01331,0,CWE-22,1,1,0,0.531,"Detected a potential path traversal. A malicious actor could control the location of this file, to include going backwards in the directory with '../'. To address this, ensure that user-controlled variables in file paths are sanitized. You may also consider using a utility method such as org.apache.commons.io.FilenameUtils.getName(...) to only retrieve the file name from the path.",0.5402428179282152,P3 - Medium (ML Moderate / Needs Review),data/benchmark/src/main/java/org/owasp/benchmark/testcode/BenchmarkTest01331.java,58
BenchmarkTest01332,0,CWE-328,0,0,0,1.0,,0.26631103688868035,P4 - Low (ML Suppressed / Likely False Alarm),,
BenchmarkTest01333,1,CWE-328,2,1,1,1.0,Detected MD5 hash algorithm which is considered insecure. MD5 is not collision resistant and is therefore not suitable as a cryptographic signature. Use HMAC instead.,0.9981800784924265,P1 - Critical (ML High-Confidence Vulnerability),data/benchmark/src/main/java/org/owasp/benchmark/testcode/BenchmarkTest01333.java,53
BenchmarkTest01334,1,CWE-328,2,1,1,1.0,Detected MD5 hash algorithm which is considered insecure. MD5 is not collision resistant and is therefore not suitable as a cryptographic signature. Use HMAC instead.,0.997774524693956,P1 - Critical (ML High-Confidence Vulnerability),data/benchmark/src/main/java/org/owasp/benchmark/testcode/BenchmarkTest01334.java,53
BenchmarkTest01335,1,CWE-79,1,1,0,0.6516,"Detected a request with potential user-input going into a OutputStream or Writer object. This bypasses any view or template environments, including HTML escaping, which may expose this application to cross-site scripting (XSS) vulnerabilities. Consider using a view technology such as JavaServer Faces (JSFs) which automatically escapes HTML views.",0.6588860833788427,P2 - High (ML Probable Vulnerability),data/benchmark/src/main/java/org/owasp/benchmark/testcode/BenchmarkTest01335.java,56
BenchmarkTest01336,0,CWE-79,1,1,0,0.6516,"Detected a request with potential user-input going into a OutputStream or Writer object. This bypasses any view or template environments, including HTML escaping, which may expose this application to cross-site scripting (XSS) vulnerabilities. Consider using a view technology such as JavaServer Faces (JSFs) which automatically escapes HTML views.",0.6588860833788427,P2 - High (ML Probable Vulnerability),data/benchmark/src/main/java/org/owasp/benchmark/testcode/BenchmarkTest01336.java,54
BenchmarkTest01337,1,CWE-79,1,1,0,0.6516,"Detected a request with potential user-input going into a OutputStream or Writer object. This bypasses any view or template environments, including HTML escaping, which may expose this application to cross-site scripting (XSS) vulnerabilities. Consider using a view technology such as JavaServer Faces (JSFs) which automatically escapes HTML views.",0.6447716715602264,P3 - Medium (ML Moderate / Needs Review),data/benchmark/src/main/java/org/owasp/benchmark/testcode/BenchmarkTest01337.java,54
BenchmarkTest01338,0,CWE-79,1,1,0,0.6516,"Detected a request with potential user-input going into a OutputStream or Writer object. This bypasses any view or template environments, including HTML escaping, which may expose this application to cross-site scripting (XSS) vulnerabilities. Consider using a view technology such as JavaServer Faces (JSFs) which automatically escapes HTML views.",0.6588860833788427,P2 - High (ML Probable Vulnerability),data/benchmark/src/main/java/org/owasp/benchmark/testcode/BenchmarkTest01338.java,53
BenchmarkTest01339,0,CWE-79,1,1,0,0.6516,"Detected a request with potential user-input going into a OutputStream or Writer object. This bypasses any view or template environments, including HTML escaping, which may expose this application to cross-site scripting (XSS) vulnerabilities. Consider using a view technology such as JavaServer Faces (JSFs) which automatically escapes HTML views.",0.6588860833788427,P2 - High (ML Probable Vulnerability),data/benchmark/src/main/java/org/owasp/benchmark/testcode/BenchmarkTest01339.java,53
BenchmarkTest01340,0,CWE-79,1,1,0,0.6516,"Detected a request with potential user-input going into a OutputStream or Writer object. This bypasses any view or template environments, including HTML escaping, which may expose this application to cross-site scripting (XSS) vulnerabilities. Consider using a view technology such as JavaServer Faces (JSFs) which automatically escapes HTML views.",0.6606354491638398,P2 - High (ML Probable Vulnerability),data/benchmark/src/main/java/org/owasp/benchmark/testcode/BenchmarkTest01340.java,53
BenchmarkTest01341,0,CWE-79,1,1,0,0.6516,"Detected a request with potential user-input going into a OutputStream or Writer object. This bypasses any view or template environments, including HTML escaping, which may expose this application to cross-site scripting (XSS) vulnerabilities. Consider using a view technology such as JavaServer Faces (JSFs) which automatically escapes HTML views.",0.6221848022643229,P3 - Medium (ML Moderate / Needs Review),data/benchmark/src/main/java/org/owasp/benchmark/testcode/BenchmarkTest01341.java,54
BenchmarkTest01342,0,CWE-79,1,1,0,0.6516,"Detected a request with potential user-input going into a OutputStream or Writer object. This bypasses any view or template environments, including HTML escaping, which may expose this application to cross-site scripting (XSS) vulnerabilities. Consider using a view technology such as JavaServer Faces (JSFs) which automatically escapes HTML views.",0.6221848022643229,P3 - Medium (ML Moderate / Needs Review),data/benchmark/src/main/java/org/owasp/benchmark/testcode/BenchmarkTest01342.java,54
BenchmarkTest01343,0,CWE-79,1,1,0,0.6516,"Detected a request with potential user-input going into a OutputStream or Writer object. This bypasses any view or template environments, including HTML escaping, which may expose this application to cross-site scripting (XSS) vulnerabilities. Consider using a view technology such as JavaServer Faces (JSFs) which automatically escapes HTML views.",0.6447716715602264,P3 - Medium (ML Moderate / Needs Review),data/benchmark/src/main/java/org/owasp/benchmark/testcode/BenchmarkTest01343.java,54
BenchmarkTest01344,0,CWE-79,1,1,0,0.6516,"Detected a request with potential user-input going into a OutputStream or Writer object. This bypasses any view or template environments, including HTML escaping, which may expose this application to cross-site scripting (XSS) vulnerabilities. Consider using a view technology such as JavaServer Faces (JSFs) which automatically escapes HTML views.",0.6606354491638398,P2 - High (ML Probable Vulnerability),data/benchmark/src/main/java/org/owasp/benchmark/testcode/BenchmarkTest01344.java,54
BenchmarkTest01345,0,CWE-79,1,1,0,0.6516,"Detected a request with potential user-input going into a OutputStream or Writer object. This bypasses any view or template environments, including HTML escaping, which may expose this application to cross-site scripting (XSS) vulnerabilities. Consider using a view technology such as JavaServer Faces (JSFs) which automatically escapes HTML views.",0.6588860833788427,P2 - High (ML Probable Vulnerability),data/benchmark/src/main/java/org/owasp/benchmark/testcode/BenchmarkTest01345.java,53
BenchmarkTest01346,1,CWE-79,1,1,0,0.6516,"Detected a request with potential user-input going into a OutputStream or Writer object. This bypasses any view or template environments, including HTML escaping, which may expose this application to cross-site scripting (XSS) vulnerabilities. Consider using a view technology such as JavaServer Faces (JSFs) which automatically escapes HTML views.",0.6691842611085874,P2 - High (ML Probable Vulnerability),data/benchmark/src/main/java/org/owasp/benchmark/testcode/BenchmarkTest01346.java,53
BenchmarkTest01347,1,CWE-79,1,1,0,0.6516,"Detected a request with potential user-input going into a OutputStream or Writer object. This bypasses any view or template environments, including HTML escaping, which may expose this application to cross-site scripting (XSS) vulnerabilities. Consider using a view technology such as JavaServer Faces (JSFs) which automatically escapes HTML views.",0.6221848022643229,P3 - Medium (ML Moderate / Needs Review),data/benchmark/src/main/java/org/owasp/benchmark/testcode/BenchmarkTest01347.java,53
BenchmarkTest01348,0,CWE-79,1,1,0,0.6516,"Detected a request with potential user-input going into a OutputStream or Writer object. This bypasses any view or template environments, including HTML escaping, which may expose this application to cross-site scripting (XSS) vulnerabilities. Consider using a view technology such as JavaServer Faces (JSFs) which automatically escapes HTML views.",0.6691842611085874,P2 - High (ML Probable Vulnerability),data/benchmark/src/main/java/org/owasp/benchmark/testcode/BenchmarkTest01348.java,53
BenchmarkTest01349,1,CWE-79,1,1,0,0.6516,"Detected a request with potential user-input going into a OutputStream or Writer object. This bypasses any view or template environments, including HTML escaping, which may expose this application to cross-site scripting (XSS) vulnerabilities. Consider using a view technology such as JavaServer Faces (JSFs) which automatically escapes HTML views.",0.6447716715602264,P3 - Medium (ML Moderate / Needs Review),data/benchmark/src/main/java/org/owasp/benchmark/testcode/BenchmarkTest01349.java,53
BenchmarkTest01350,1,CWE-79,1,1,0,0.6516,"Detected a request with potential user-input going into a OutputStream or Writer object. This bypasses any view or template environments, including HTML escaping, which may expose this application to cross-site scripting (XSS) vulnerabilities. Consider using a view technology such as JavaServer Faces (JSFs) which automatically escapes HTML views.",0.6447716715602264,P3 - Medium (ML Moderate / Needs Review),data/benchmark/src/main/java/org/owasp/benchmark/testcode/BenchmarkTest01350.java,56
BenchmarkTest01351,0,CWE-79,1,1,0,0.6516,"Detected a request with potential user-input going into a OutputStream or Writer object. This bypasses any view or template environments, including HTML escaping, which may expose this application to cross-site scripting (XSS) vulnerabilities. Consider using a view technology such as JavaServer Faces (JSFs) which automatically escapes HTML views.",0.6691842611085874,P2 - High (ML Probable Vulnerability),data/benchmark/src/main/java/org/owasp/benchmark/testcode/BenchmarkTest01351.java,56
BenchmarkTest01352,0,CWE-79,1,1,0,0.6516,"Detected a request with potential user-input going into a OutputStream or Writer object. This bypasses any view or template environments, including HTML escaping, which may expose this application to cross-site scripting (XSS) vulnerabilities. Consider using a view technology such as JavaServer Faces (JSFs) which automatically escapes HTML views.",0.6691842611085874,P2 - High (ML Probable Vulnerability),data/benchmark/src/main/java/org/owasp/benchmark/testcode/BenchmarkTest01352.java,53
BenchmarkTest01353,0,CWE-78,1,1,0,0.5177,"Detected input from a HTTPServletRequest going into a 'ProcessBuilder' or 'exec' command. This could lead to command injection if variables passed into the exec commands are not properly sanitized. Instead, avoid using these OS commands with user-supplied input, or, if you must use these commands, use a whitelist of specific values.",0.5683792859920807,P3 - Medium (ML Moderate / Needs Review),data/benchmark/src/main/java/org/owasp/benchmark/testcode/BenchmarkTest01353.java,62
BenchmarkTest01354,1,CWE-330,2,1,1,1.0,"Detected use of the functions `Math.random()` or `java.util.Random()`. These are both not cryptographically strong random number generators (RNGs). If you are using these RNGs to create passwords or secret tokens, use `java.security.SecureRandom` instead.",0.9995641025641026,P1 - Critical (ML High-Confidence Vulnerability),data/benchmark/src/main/java/org/owasp/benchmark/testcode/BenchmarkTest01354.java,52
BenchmarkTest01355,1,CWE-330,2,1,1,1.0,"Detected use of the functions `Math.random()` or `java.util.Random()`. These are both not cryptographically strong random number generators (RNGs). If you are using these RNGs to create passwords or secret tokens, use `java.security.SecureRandom` instead.",0.9995454545454545,P1 - Critical (ML High-Confidence Vulnerability),data/benchmark/src/main/java/org/owasp/benchmark/testcode/BenchmarkTest01355.java,52
BenchmarkTest01356,1,CWE-330,2,1,1,1.0,"Detected use of the functions `Math.random()` or `java.util.Random()`. These are both not cryptographically strong random number generators (RNGs). If you are using these RNGs to create passwords or secret tokens, use `java.security.SecureRandom` instead.",0.9995454545454545,P1 - Critical (ML High-Confidence Vulnerability),data/benchmark/src/main/java/org/owasp/benchmark/testcode/BenchmarkTest01356.java,52
BenchmarkTest01357,1,CWE-330,2,1,1,1.0,"Detected use of the functions `Math.random()` or `java.util.Random()`. These are both not cryptographically strong random number generators (RNGs). If you are using these RNGs to create passwords or secret tokens, use `java.security.SecureRandom` instead.",0.9995641025641026,P1 - Critical (ML High-Confidence Vulnerability),data/benchmark/src/main/java/org/owasp/benchmark/testcode/BenchmarkTest01357.java,52
BenchmarkTest01358,1,CWE-330,2,1,1,1.0,"Detected use of the functions `Math.random()` or `java.util.Random()`. These are both not cryptographically strong random number generators (RNGs). If you are using these RNGs to create passwords or secret tokens, use `java.security.SecureRandom` instead.",0.9995454545454545,P1 - Critical (ML High-Confidence Vulnerability),data/benchmark/src/main/java/org/owasp/benchmark/testcode/BenchmarkTest01358.java,52
BenchmarkTest01359,0,CWE-614,0,0,0,1.0,,0.1144990611140598,P4 - Low (ML Suppressed / Likely False Alarm),,
BenchmarkTest01360,1,CWE-78,1,1,0,0.5177,"Detected input from a HTTPServletRequest going into a 'ProcessBuilder' or 'exec' command. This could lead to command injection if variables passed into the exec commands are not properly sanitized. Instead, avoid using these OS commands with user-supplied input, or, if you must use these commands, use a whitelist of specific values.",0.5089059229256337,P3 - Medium (ML Moderate / Needs Review),data/benchmark/src/main/java/org/owasp/benchmark/testcode/BenchmarkTest01360.java,61
BenchmarkTest01361,1,CWE-78,1,1,0,0.5177,"Detected input from a HTTPServletRequest going into a 'ProcessBuilder' or 'exec' command. This could lead to command injection if variables passed into the exec commands are not properly sanitized. Instead, avoid using these OS commands with user-supplied input, or, if you must use these commands, use a whitelist of specific values.",0.5089059229256337,P3 - Medium (ML Moderate / Needs Review),data/benchmark/src/main/java/org/owasp/benchmark/testcode/BenchmarkTest01361.java,61
BenchmarkTest01362,1,CWE-78,1,1,0,0.5177,"Detected input from a HTTPServletRequest going into a 'ProcessBuilder' or 'exec' command. This could lead to command injection if variables passed into the exec commands are not properly sanitized. Instead, avoid using these OS commands with user-supplied input, or, if you must use these commands, use a whitelist of specific values.",0.5444416118463504,P3 - Medium (ML Moderate / Needs Review),data/benchmark/src/main/java/org/owasp/benchmark/testcode/BenchmarkTest01362.java,75
BenchmarkTest01363,1,CWE-78,1,1,0,0.5177,"Detected input from a HTTPServletRequest going into a 'ProcessBuilder' or 'exec' command. This could lead to command injection if variables passed into the exec commands are not properly sanitized. Instead, avoid using these OS commands with user-supplied input, or, if you must use these commands, use a whitelist of specific values.",0.5114755110284748,P3 - Medium (ML Moderate / Needs Review),data/benchmark/src/main/java/org/owasp/benchmark/testcode/BenchmarkTest01363.java,60
BenchmarkTest01364,0,CWE-78,1,1,0,0.5177,"Detected input from a HTTPServletRequest going into a 'ProcessBuilder' or 'exec' command. This could lead to command injection if variables passed into the exec commands are not properly sanitized. Instead, avoid using these OS commands with user-supplied input, or, if you must use these commands, use a whitelist of specific values.",0.5089059229256337,P3 - Medium (ML Moderate / Needs Review),data/benchmark/src/main/java/org/owasp/benchmark/testcode/BenchmarkTest01364.java,60
BenchmarkTest01365,0,CWE-78,1,1,0,0.5177,"Detected input from a HTTPServletRequest going into a 'ProcessBuilder' or 'exec' command. This could lead to command injection if variables passed into the exec commands are not properly sanitized. Instead, avoid using these OS commands with user-supplied input, or, if you must use these commands, use a whitelist of specific values.",0.5444416118463504,P3 - Medium (ML Moderate / Needs Review),data/benchmark/src/main/java/org/owasp/benchmark/testcode/BenchmarkTest01365.java,62
BenchmarkTest01366,0,CWE-330,0,0,0,1.0,,0.037636823716155926,P4 - Low (ML Suppressed / Likely False Alarm),,
BenchmarkTest01367,0,CWE-330,0,0,0,1.0,,0.037636823716155926,P4 - Low (ML Suppressed / Likely False Alarm),,
BenchmarkTest01368,0,CWE-330,0,0,0,1.0,,0.04325014794951732,P4 - Low (ML Suppressed / Likely False Alarm),,
BenchmarkTest01369,0,CWE-330,0,0,0,1.0,,0.03704436789576919,P4 - Low (ML Suppressed / Likely False Alarm),,
BenchmarkTest01370,0,CWE-330,0,0,0,1.0,,0.03391968678800127,P4 - Low (ML Suppressed / Likely False Alarm),,
BenchmarkTest01371,0,CWE-330,0,0,0,1.0,,0.03704436789576919,P4 - Low (ML Suppressed / Likely False Alarm),,
BenchmarkTest01372,0,CWE-330,0,0,0,1.0,,0.037636823716155926,P4 - Low (ML Suppressed / Likely False Alarm),,
BenchmarkTest01373,0,CWE-330,0,0,0,1.0,,0.03391968678800127,P4 - Low (ML Suppressed / Likely False Alarm),,
BenchmarkTest01374,1,CWE-501,1,1,0,0.7234,"Detected a request with potential user-input going into a OutputStream or Writer object. This bypasses any view or template environments, including HTML escaping, which may expose this application to cross-site scripting (XSS) vulnerabilities. Consider using a view technology such as JavaServer Faces (JSFs) which automatically escapes HTML views.",0.7789605520980689,P2 - High (ML Probable Vulnerability),data/benchmark/src/main/java/org/owasp/benchmark/testcode/BenchmarkTest01374.java,55
BenchmarkTest01375,1,CWE-501,1,1,0,0.7234,"Detected input from a HTTPServletRequest going into a session command, like `setAttribute`. User input into such a command could lead to an attacker inputting malicious code into your session parameters, blurring the line between what's trusted and untrusted, and therefore leading to a trust boundary violation. This could lead to programmers trusting unvalidated data. Instead, thoroughly sanitize user input before passing it into such function calls.",0.6568111284096806,P2 - High (ML Probable Vulnerability),data/benchmark/src/main/java/org/owasp/benchmark/testcode/BenchmarkTest01375.java,53
BenchmarkTest01376,1,CWE-501,1,1,0,0.7234,"Detected input from a HTTPServletRequest going into a session command, like `setAttribute`. User input into such a command could lead to an attacker inputting malicious code into your session parameters, blurring the line between what's trusted and untrusted, and therefore leading to a trust boundary violation. This could lead to programmers trusting unvalidated data. Instead, thoroughly sanitize user input before passing it into such function calls.",0.6998849314813775,P2 - High (ML Probable Vulnerability),data/benchmark/src/main/java/org/owasp/benchmark/testcode/BenchmarkTest01376.java,53
BenchmarkTest01377,0,CWE-501,1,1,0,0.7234,"Detected input from a HTTPServletRequest going into a session command, like `setAttribute`. User input into such a command could lead to an attacker inputting malicious code into your session parameters, blurring the line between what's trusted and untrusted, and therefore leading to a trust boundary violation. This could lead to programmers trusting unvalidated data. Instead, thoroughly sanitize user input before passing it into such function calls.",0.6568111284096806,P2 - High (ML Probable Vulnerability),data/benchmark/src/main/java/org/owasp/benchmark/testcode/BenchmarkTest01377.java,53
BenchmarkTest01378,0,CWE-89,2,1,1,0.5746,Detected input from a HTTPServletRequest going into a SQL sink or statement. This could lead to SQL injection if variables in the SQL statement are not properly sanitized. Use parameterized SQL queries or properly sanitize user input instead.,0.6161353418384643,P3 - Medium (ML Moderate / Needs Review),data/benchmark/src/main/java/org/owasp/benchmark/testcode/BenchmarkTest01378.java,57
BenchmarkTest01379,1,CWE-89,2,1,1,0.5746,Detected input from a HTTPServletRequest going into a SQL sink or statement. This could lead to SQL injection if variables in the SQL statement are not properly sanitized. Use parameterized SQL queries or properly sanitize user input instead.,0.6161353418384643,P3 - Medium (ML Moderate / Needs Review),data/benchmark/src/main/java/org/owasp/benchmark/testcode/BenchmarkTest01379.java,57
BenchmarkTest01380,0,CWE-89,2,1,1,0.5746,Detected input from a HTTPServletRequest going into a SQL sink or statement. This could lead to SQL injection if variables in the SQL statement are not properly sanitized. Use parameterized SQL queries or properly sanitize user input instead.,0.6043967051102129,P3 - Medium (ML Moderate / Needs Review),data/benchmark/src/main/java/org/owasp/benchmark/testcode/BenchmarkTest01380.java,57
BenchmarkTest01381,1,CWE-89,2,1,1,0.5746,Detected input from a HTTPServletRequest going into a SQL sink or statement. This could lead to SQL injection if variables in the SQL statement are not properly sanitized. Use parameterized SQL queries or properly sanitize user input instead.,0.6043967051102129,P3 - Medium (ML Moderate / Needs Review),data/benchmark/src/main/java/org/owasp/benchmark/testcode/BenchmarkTest01381.java,57
BenchmarkTest01382,1,CWE-89,2,1,1,0.5746,Detected input from a HTTPServletRequest going into a SQL sink or statement. This could lead to SQL injection if variables in the SQL statement are not properly sanitized. Use parameterized SQL queries or properly sanitize user input instead.,0.6221370751503495,P3 - Medium (ML Moderate / Needs Review),data/benchmark/src/main/java/org/owasp/benchmark/testcode/BenchmarkTest01382.java,57
BenchmarkTest01383,1,CWE-89,2,1,1,0.5746,Detected input from a HTTPServletRequest going into a SQL sink or statement. This could lead to SQL injection if variables in the SQL statement are not properly sanitized. Use parameterized SQL queries or properly sanitize user input instead.,0.6050253134234014,P3 - Medium (ML Moderate / Needs Review),data/benchmark/src/main/java/org/owasp/benchmark/testcode/BenchmarkTest01383.java,57
BenchmarkTest01384,1,CWE-89,2,1,1,0.5746,Detected input from a HTTPServletRequest going into a SQL sink or statement. This could lead to SQL injection if variables in the SQL statement are not properly sanitized. Use parameterized SQL queries or properly sanitize user input instead.,0.6043967051102129,P3 - Medium (ML Moderate / Needs Review),data/benchmark/src/main/java/org/owasp/benchmark/testcode/BenchmarkTest01384.java,57
BenchmarkTest01385,0,CWE-89,2,1,1,0.5746,Detected input from a HTTPServletRequest going into a SQL sink or statement. This could lead to SQL injection if variables in the SQL statement are not properly sanitized. Use parameterized SQL queries or properly sanitize user input instead.,0.6161353418384643,P3 - Medium (ML Moderate / Needs Review),data/benchmark/src/main/java/org/owasp/benchmark/testcode/BenchmarkTest01385.java,57
BenchmarkTest01386,0,CWE-89,1,1,0,0.5746,Detected input from a HTTPServletRequest going into a SQL sink or statement. This could lead to SQL injection if variables in the SQL statement are not properly sanitized. Use parameterized SQL queries or properly sanitize user input instead.,0.6382802301796155,P3 - Medium (ML Moderate / Needs Review),data/benchmark/src/main/java/org/owasp/benchmark/testcode/BenchmarkTest01386.java,57
BenchmarkTest01387,0,CWE-89,1,1,0,0.5746,Detected input from a HTTPServletRequest going into a SQL sink or statement. This could lead to SQL injection if variables in the SQL statement are not properly sanitized. Use parameterized SQL queries or properly sanitize user input instead.,0.6393503814415632,P3 - Medium (ML Moderate / Needs Review),data/benchmark/src/main/java/org/owasp/benchmark/testcode/BenchmarkTest01387.java,57
BenchmarkTest01388,1,CWE-89,1,1,0,0.5746,Detected input from a HTTPServletRequest going into a SQL sink or statement. This could lead to SQL injection if variables in the SQL statement are not properly sanitized. Use parameterized SQL queries or properly sanitize user input instead.,0.63810138505586,P3 - Medium (ML Moderate / Needs Review),data/benchmark/src/main/java/org/owasp/benchmark/testcode/BenchmarkTest01388.java,57
BenchmarkTest01389,0,CWE-89,1,1,0,0.5746,Detected input from a HTTPServletRequest going into a SQL sink or statement. This could lead to SQL injection if variables in the SQL statement are not properly sanitized. Use parameterized SQL queries or properly sanitize user input instead.,0.6314792486337455,P3 - Medium (ML Moderate / Needs Review),data/benchmark/src/main/java/org/owasp/benchmark/testcode/BenchmarkTest01389.java,55
BenchmarkTest01390,1,CWE-89,1,1,0,0.5746,Detected input from a HTTPServletRequest going into a SQL sink or statement. This could lead to SQL injection if variables in the SQL statement are not properly sanitized. Use parameterized SQL queries or properly sanitize user input instead.,0.6382802301796155,P3 - Medium (ML Moderate / Needs Review),data/benchmark/src/main/java/org/owasp/benchmark/testcode/BenchmarkTest01390.java,56
BenchmarkTest01391,1,CWE-89,2,1,1,0.5746,Detected input from a HTTPServletRequest going into a SQL sink or statement. This could lead to SQL injection if variables in the SQL statement are not properly sanitized. Use parameterized SQL queries or properly sanitize user input instead.,0.6315115188114625,P3 - Medium (ML Moderate / Needs Review),data/benchmark/src/main/java/org/owasp/benchmark/testcode/BenchmarkTest01391.java,55
BenchmarkTest01392,0,CWE-89,2,1,1,0.5746,Detected input from a HTTPServletRequest going into a SQL sink or statement. This could lead to SQL injection if variables in the SQL statement are not properly sanitized. Use parameterized SQL queries or properly sanitize user input instead.,0.6050253134234014,P3 - Medium (ML Moderate / Needs Review),data/benchmark/src/main/java/org/owasp/benchmark/testcode/BenchmarkTest01392.java,55
BenchmarkTest01393,0,CWE-89,2,1,1,0.5746,Detected input from a HTTPServletRequest going into a SQL sink or statement. This could lead to SQL injection if variables in the SQL statement are not properly sanitized. Use parameterized SQL queries or properly sanitize user input instead.,0.6221370751503495,P3 - Medium (ML Moderate / Needs Review),data/benchmark/src/main/java/org/owasp/benchmark/testcode/BenchmarkTest01393.java,55
BenchmarkTest01394,1,CWE-89,2,1,1,0.5746,Detected input from a HTTPServletRequest going into a SQL sink or statement. This could lead to SQL injection if variables in the SQL statement are not properly sanitized. Use parameterized SQL queries or properly sanitize user input instead.,0.6161353418384643,P3 - Medium (ML Moderate / Needs Review),data/benchmark/src/main/java/org/owasp/benchmark/testcode/BenchmarkTest01394.java,55
BenchmarkTest01395,1,CWE-89,2,1,1,0.5746,Detected input from a HTTPServletRequest going into a SQL sink or statement. This could lead to SQL injection if variables in the SQL statement are not properly sanitized. Use parameterized SQL queries or properly sanitize user input instead.,0.6221370751503495,P3 - Medium (ML Moderate / Needs Review),data/benchmark/src/main/java/org/owasp/benchmark/testcode/BenchmarkTest01395.java,55
BenchmarkTest01396,1,CWE-89,2,1,1,0.5746,Detected input from a HTTPServletRequest going into a SQL sink or statement. This could lead to SQL injection if variables in the SQL statement are not properly sanitized. Use parameterized SQL queries or properly sanitize user input instead.,0.6050253134234014,P3 - Medium (ML Moderate / Needs Review),data/benchmark/src/main/java/org/owasp/benchmark/testcode/BenchmarkTest01396.java,55
BenchmarkTest01397,0,CWE-643,1,1,0,0.5185,"Detected input from a HTTPServletRequest going into a XPath evaluate or compile command. This could lead to xpath injection if variables passed into the evaluate or compile commands are not properly sanitized. Xpath injection could lead to unauthorized access to sensitive information in XML documents. Instead, thoroughly sanitize user input or use parameterized xpath queries if you can.",0.4922262947505719,P3 - Medium (ML Moderate / Needs Review),data/benchmark/src/main/java/org/owasp/benchmark/testcode/BenchmarkTest01397.java,67
BenchmarkTest01398,1,CWE-327,1,1,1,0.9046,Triple DES (3DES or DESede) is considered deprecated. AES is the recommended cipher. Upgrade to use AES.,0.9653792423396194,P1 - Critical (ML High-Confidence Vulnerability),data/benchmark/src/main/java/org/owasp/benchmark/testcode/BenchmarkTest01398.java,76
BenchmarkTest01399,0,CWE-327,0,0,0,0.9046,,0.0878973552674785,P4 - Low (ML Suppressed / Likely False Alarm),,
BenchmarkTest01400,0,CWE-327,0,0,0,0.9046,,0.08362763156367758,P4 - Low (ML Suppressed / Likely False Alarm),,
BenchmarkTest01401,0,CWE-327,1,0,1,0.9046,Use a secure cipher mode.,0.14797288546515752,P4 - Low (ML Suppressed / Likely False Alarm),owasp-benchmark:data/benchmark/src/main/java/org/owasp/benchmark/testcode/BenchmarkTest01401.java,77
BenchmarkTest01402,0,CWE-90,1,1,0,0.4815,"Detected input from a HTTPServletRequest going into an LDAP query. This could lead to LDAP injection if the input is not properly sanitized, which could result in attackers modifying objects in the LDAP tree structure. Ensure data passed to an LDAP query is not controllable or properly sanitize the data.",0.519750625119329,P3 - Medium (ML Moderate / Needs Review),data/benchmark/src/main/java/org/owasp/benchmark/testcode/BenchmarkTest01402.java,73
BenchmarkTest01403,1,CWE-22,1,1,0,0.531,"Detected a potential path traversal. A malicious actor could control the location of this file, to include going backwards in the directory with '../'. To address this, ensure that user-controlled variables in file paths are sanitized. You may also consider using a utility method such as org.apache.commons.io.FilenameUtils.getName(...) to only retrieve the file name from the path.",0.5402428179282152,P3 - Medium (ML Moderate / Needs Review),data/benchmark/src/main/java/org/owasp/benchmark/testcode/BenchmarkTest01403.java,62
BenchmarkTest01404,0,CWE-22,1,1,0,0.531,"Detected a potential path traversal. A malicious actor could control the location of this file, to include going backwards in the directory with '../'. To address this, ensure that user-controlled variables in file paths are sanitized. You may also consider using a utility method such as org.apache.commons.io.FilenameUtils.getName(...) to only retrieve the file name from the path.",0.5349061735858125,P3 - Medium (ML Moderate / Needs Review),data/benchmark/src/main/java/org/owasp/benchmark/testcode/BenchmarkTest01404.java,62
BenchmarkTest01405,1,CWE-22,1,1,0,0.531,"Detected a potential path traversal. A malicious actor could control the location of this file, to include going backwards in the directory with '../'. To address this, ensure that user-controlled variables in file paths are sanitized. You may also consider using a utility method such as org.apache.commons.io.FilenameUtils.getName(...) to only retrieve the file name from the path.",0.5394645256012154,P3 - Medium (ML Moderate / Needs Review),data/benchmark/src/main/java/org/owasp/benchmark/testcode/BenchmarkTest01405.java,67
BenchmarkTest01406,0,CWE-22,1,1,0,0.531,"Detected a potential path traversal. A malicious actor could control the location of this file, to include going backwards in the directory with '../'. To address this, ensure that user-controlled variables in file paths are sanitized. You may also consider using a utility method such as org.apache.commons.io.FilenameUtils.getName(...) to only retrieve the file name from the path.",0.5372346090670375,P3 - Medium (ML Moderate / Needs Review),data/benchmark/src/main/java/org/owasp/benchmark/testcode/BenchmarkTest01406.java,67
BenchmarkTest01407,0,CWE-22,1,1,0,0.531,"Detected a potential path traversal. A malicious actor could control the location of this file, to include going backwards in the directory with '../'. To address this, ensure that user-controlled variables in file paths are sanitized. You may also consider using a utility method such as org.apache.commons.io.FilenameUtils.getName(...) to only retrieve the file name from the path.",0.5372346090670375,P3 - Medium (ML Moderate / Needs Review),data/benchmark/src/main/java/org/owasp/benchmark/testcode/BenchmarkTest01407.java,73
BenchmarkTest01408,1,CWE-22,1,1,0,0.531,"Detected a potential path traversal. A malicious actor could control the location of this file, to include going backwards in the directory with '../'. To address this, ensure that user-controlled variables in file paths are sanitized. You may also consider using a utility method such as org.apache.commons.io.FilenameUtils.getName(...) to only retrieve the file name from the path.",0.5349061735858125,P3 - Medium (ML Moderate / Needs Review),data/benchmark/src/main/java/org/owasp/benchmark/testcode/BenchmarkTest01408.java,68
BenchmarkTest01409,0,CWE-22,0,0,0,0.531,,0.18989096481216886,P4 - Low (ML Suppressed / Likely False Alarm),,
BenchmarkTest01410,0,CWE-328,0,0,0,1.0,,0.23782332489730076,P4 - Low (ML Suppressed / Likely False Alarm),,
BenchmarkTest01411,1,CWE-328,2,1,1,1.0,"Detected SHA1 hash algorithm which is considered insecure. SHA1 is not collision resistant and is therefore not suitable as a cryptographic signature. Instead, use PBKDF2 for password hashing or SHA256 or SHA512 for other hash function applications.",0.9981800784924265,P1 - Critical (ML High-Confidence Vulnerability),data/benchmark/src/main/java/org/owasp/benchmark/testcode/BenchmarkTest01411.java,63
BenchmarkTest01412,0,CWE-328,0,0,0,1.0,,0.231920865694142,P4 - Low (ML Suppressed / Likely False Alarm),,
BenchmarkTest01413,0,CWE-328,0,0,0,1.0,,0.26631103688868035,P4 - Low (ML Suppressed / Likely False Alarm),,
BenchmarkTest01414,1,CWE-328,0,0,0,1.0,,0.23782332489730076,P4 - Low (ML Suppressed / Likely False Alarm),,
BenchmarkTest01415,1,CWE-328,0,0,0,1.0,,0.231920865694142,P4 - Low (ML Suppressed / Likely False Alarm),,
BenchmarkTest01416,1,CWE-328,0,0,0,1.0,,0.26631103688868035,P4 - Low (ML Suppressed / Likely False Alarm),,
BenchmarkTest01417,1,CWE-79,1,1,0,0.6516,"Detected a request with potential user-input going into a OutputStream or Writer object. This bypasses any view or template environments, including HTML escaping, which may expose this application to cross-site scripting (XSS) vulnerabilities. Consider using a view technology such as JavaServer Faces (JSFs) which automatically escapes HTML views.",0.6221848022643229,P3 - Medium (ML Moderate / Needs Review),data/benchmark/src/main/java/org/owasp/benchmark/testcode/BenchmarkTest01417.java,66
BenchmarkTest01418,1,CWE-79,1,1,0,0.6516,"Detected a request with potential user-input going into a OutputStream or Writer object. This bypasses any view or template environments, including HTML escaping, which may expose this application to cross-site scripting (XSS) vulnerabilities. Consider using a view technology such as JavaServer Faces (JSFs) which automatically escapes HTML views.",0.6606354491638398,P2 - High (ML Probable Vulnerability),data/benchmark/src/main/java/org/owasp/benchmark/testcode/BenchmarkTest01418.java,64
BenchmarkTest01419,0,CWE-79,1,1,0,0.6516,"Detected a request with potential user-input going into a OutputStream or Writer object. This bypasses any view or template environments, including HTML escaping, which may expose this application to cross-site scripting (XSS) vulnerabilities. Consider using a view technology such as JavaServer Faces (JSFs) which automatically escapes HTML views.",0.6447716715602264,P3 - Medium (ML Moderate / Needs Review),data/benchmark/src/main/java/org/owasp/benchmark/testcode/BenchmarkTest01419.java,64
BenchmarkTest01420,0,CWE-79,1,1,0,0.6516,"Detected a request with potential user-input going into a OutputStream or Writer object. This bypasses any view or template environments, including HTML escaping, which may expose this application to cross-site scripting (XSS) vulnerabilities. Consider using a view technology such as JavaServer Faces (JSFs) which automatically escapes HTML views.",0.6588860833788427,P2 - High (ML Probable Vulnerability),data/benchmark/src/main/java/org/owasp/benchmark/testcode/BenchmarkTest01420.java,63
BenchmarkTest01421,0,CWE-79,1,1,0,0.6516,"Detected a request with potential user-input going into a OutputStream or Writer object. This bypasses any view or template environments, including HTML escaping, which may expose this application to cross-site scripting (XSS) vulnerabilities. Consider using a view technology such as JavaServer Faces (JSFs) which automatically escapes HTML views.",0.6691842611085874,P2 - High (ML Probable Vulnerability),data/benchmark/src/main/java/org/owasp/benchmark/testcode/BenchmarkTest01421.java,64
BenchmarkTest01422,0,CWE-79,1,1,0,0.6516,"Detected a request with potential user-input going into a OutputStream or Writer object. This bypasses any view or template environments, including HTML escaping, which may expose this application to cross-site scripting (XSS) vulnerabilities. Consider using a view technology such as JavaServer Faces (JSFs) which automatically escapes HTML views.",0.6606354491638398,P2 - High (ML Probable Vulnerability),data/benchmark/src/main/java/org/owasp/benchmark/testcode/BenchmarkTest01422.java,64
BenchmarkTest01423,1,CWE-79,1,1,0,0.6516,"Detected a request with potential user-input going into a OutputStream or Writer object. This bypasses any view or template environments, including HTML escaping, which may expose this application to cross-site scripting (XSS) vulnerabilities. Consider using a view technology such as JavaServer Faces (JSFs) which automatically escapes HTML views.",0.6691842611085874,P2 - High (ML Probable Vulnerability),data/benchmark/src/main/java/org/owasp/benchmark/testcode/BenchmarkTest01423.java,64
BenchmarkTest01424,1,CWE-79,1,1,0,0.6516,"Detected a request with potential user-input going into a OutputStream or Writer object. This bypasses any view or template environments, including HTML escaping, which may expose this application to cross-site scripting (XSS) vulnerabilities. Consider using a view technology such as JavaServer Faces (JSFs) which automatically escapes HTML views.",0.6588860833788427,P2 - High (ML Probable Vulnerability),data/benchmark/src/main/java/org/owasp/benchmark/testcode/BenchmarkTest01424.java,64
BenchmarkTest01425,0,CWE-79,1,1,0,0.6516,"Detected a request with potential user-input going into a OutputStream or Writer object. This bypasses any view or template environments, including HTML escaping, which may expose this application to cross-site scripting (XSS) vulnerabilities. Consider using a view technology such as JavaServer Faces (JSFs) which automatically escapes HTML views.",0.6691842611085874,P2 - High (ML Probable Vulnerability),data/benchmark/src/main/java/org/owasp/benchmark/testcode/BenchmarkTest01425.java,63
BenchmarkTest01426,1,CWE-79,1,1,0,0.6516,"Detected a request with potential user-input going into a OutputStream or Writer object. This bypasses any view or template environments, including HTML escaping, which may expose this application to cross-site scripting (XSS) vulnerabilities. Consider using a view technology such as JavaServer Faces (JSFs) which automatically escapes HTML views.",0.6221848022643229,P3 - Medium (ML Moderate / Needs Review),data/benchmark/src/main/java/org/owasp/benchmark/testcode/BenchmarkTest01426.java,63
BenchmarkTest01427,1,CWE-79,1,1,0,0.6516,"Detected a request with potential user-input going into a OutputStream or Writer object. This bypasses any view or template environments, including HTML escaping, which may expose this application to cross-site scripting (XSS) vulnerabilities. Consider using a view technology such as JavaServer Faces (JSFs) which automatically escapes HTML views.",0.6221848022643229,P3 - Medium (ML Moderate / Needs Review),data/benchmark/src/main/java/org/owasp/benchmark/testcode/BenchmarkTest01427.java,63
BenchmarkTest01428,1,CWE-79,1,1,0,0.6516,"Detected a request with potential user-input going into a OutputStream or Writer object. This bypasses any view or template environments, including HTML escaping, which may expose this application to cross-site scripting (XSS) vulnerabilities. Consider using a view technology such as JavaServer Faces (JSFs) which automatically escapes HTML views.",0.6588860833788427,P2 - High (ML Probable Vulnerability),data/benchmark/src/main/java/org/owasp/benchmark/testcode/BenchmarkTest01428.java,63
BenchmarkTest01429,1,CWE-79,1,1,0,0.6516,"Detected a request with potential user-input going into a OutputStream or Writer object. This bypasses any view or template environments, including HTML escaping, which may expose this application to cross-site scripting (XSS) vulnerabilities. Consider using a view technology such as JavaServer Faces (JSFs) which automatically escapes HTML views.",0.6221848022643229,P3 - Medium (ML Moderate / Needs Review),data/benchmark/src/main/java/org/owasp/benchmark/testcode/BenchmarkTest01429.java,63
BenchmarkTest01430,1,CWE-78,1,1,0,0.5177,"Detected input from a HTTPServletRequest going into a 'ProcessBuilder' or 'exec' command. This could lead to command injection if variables passed into the exec commands are not properly sanitized. Instead, avoid using these OS commands with user-supplied input, or, if you must use these commands, use a whitelist of specific values.",0.5752195073482003,P3 - Medium (ML Moderate / Needs Review),data/benchmark/src/main/java/org/owasp/benchmark/testcode/BenchmarkTest01430.java,74
BenchmarkTest01431,1,CWE-330,2,1,1,1.0,"Detected use of the functions `Math.random()` or `java.util.Random()`. These are both not cryptographically strong random number generators (RNGs). If you are using these RNGs to create passwords or secret tokens, use `java.security.SecureRandom` instead.",1.0,P1 - Critical (ML High-Confidence Vulnerability),data/benchmark/src/main/java/org/owasp/benchmark/testcode/BenchmarkTest01431.java,62
BenchmarkTest01432,1,CWE-330,2,1,1,1.0,"Detected use of the functions `Math.random()` or `java.util.Random()`. These are both not cryptographically strong random number generators (RNGs). If you are using these RNGs to create passwords or secret tokens, use `java.security.SecureRandom` instead.",0.9995454545454545,P1 - Critical (ML High-Confidence Vulnerability),data/benchmark/src/main/java/org/owasp/benchmark/testcode/BenchmarkTest01432.java,62
BenchmarkTest01433,1,CWE-330,2,1,1,1.0,"Detected use of the functions `Math.random()` or `java.util.Random()`. These are both not cryptographically strong random number generators (RNGs). If you are using these RNGs to create passwords or secret tokens, use `java.security.SecureRandom` instead.",0.9995641025641026,P1 - Critical (ML High-Confidence Vulnerability),data/benchmark/src/main/java/org/owasp/benchmark/testcode/BenchmarkTest01433.java,62
BenchmarkTest01434,1,CWE-330,2,1,1,1.0,"Detected use of the functions `Math.random()` or `java.util.Random()`. These are both not cryptographically strong random number generators (RNGs). If you are using these RNGs to create passwords or secret tokens, use `java.security.SecureRandom` instead.",1.0,P1 - Critical (ML High-Confidence Vulnerability),data/benchmark/src/main/java/org/owasp/benchmark/testcode/BenchmarkTest01434.java,62
BenchmarkTest01435,1,CWE-330,2,1,1,1.0,"Detected use of the functions `Math.random()` or `java.util.Random()`. These are both not cryptographically strong random number generators (RNGs). If you are using these RNGs to create passwords or secret tokens, use `java.security.SecureRandom` instead.",0.9995641025641026,P1 - Critical (ML High-Confidence Vulnerability),data/benchmark/src/main/java/org/owasp/benchmark/testcode/BenchmarkTest01435.java,62
BenchmarkTest01436,0,CWE-614,0,0,0,1.0,,0.08749518622573861,P4 - Low (ML Suppressed / Likely False Alarm),,
BenchmarkTest01437,1,CWE-79,1,1,0,0.6516,"Detected a request with potential user-input going into a OutputStream or Writer object. This bypasses any view or template environments, including HTML escaping, which may expose this application to cross-site scripting (XSS) vulnerabilities. Consider using a view technology such as JavaServer Faces (JSFs) which automatically escapes HTML views.",0.6606354491638398,P2 - High (ML Probable Vulnerability),data/benchmark/src/main/java/org/owasp/benchmark/testcode/BenchmarkTest01437.java,63
BenchmarkTest01438,1,CWE-79,1,1,0,0.6516,"Detected a request with potential user-input going into a OutputStream or Writer object. This bypasses any view or template environments, including HTML escaping, which may expose this application to cross-site scripting (XSS) vulnerabilities. Consider using a view technology such as JavaServer Faces (JSFs) which automatically escapes HTML views.",0.6447716715602264,P3 - Medium (ML Moderate / Needs Review),data/benchmark/src/main/java/org/owasp/benchmark/testcode/BenchmarkTest01438.java,63
BenchmarkTest01439,0,CWE-79,1,1,0,0.6516,"Detected a request with potential user-input going into a OutputStream or Writer object. This bypasses any view or template environments, including HTML escaping, which may expose this application to cross-site scripting (XSS) vulnerabilities. Consider using a view technology such as JavaServer Faces (JSFs) which automatically escapes HTML views.",0.6606354491638398,P2 - High (ML Probable Vulnerability),data/benchmark/src/main/java/org/owasp/benchmark/testcode/BenchmarkTest01439.java,63
BenchmarkTest01440,0,CWE-78,1,1,0,0.5177,"Detected input from a HTTPServletRequest going into a 'ProcessBuilder' or 'exec' command. This could lead to command injection if variables passed into the exec commands are not properly sanitized. Instead, avoid using these OS commands with user-supplied input, or, if you must use these commands, use a whitelist of specific values.",0.5683792859920807,P3 - Medium (ML Moderate / Needs Review),data/benchmark/src/main/java/org/owasp/benchmark/testcode/BenchmarkTest01440.java,71
BenchmarkTest01441,1,CWE-78,1,1,0,0.5177,"Detected input from a HTTPServletRequest going into a 'ProcessBuilder' or 'exec' command. This could lead to command injection if variables passed into the exec commands are not properly sanitized. Instead, avoid using these OS commands with user-supplied input, or, if you must use these commands, use a whitelist of specific values.",0.5114755110284748,P3 - Medium (ML Moderate / Needs Review),data/benchmark/src/main/java/org/owasp/benchmark/testcode/BenchmarkTest01441.java,83
BenchmarkTest01442,1,CWE-78,1,1,0,0.5177,"Detected input from a HTTPServletRequest going into a 'ProcessBuilder' or 'exec' command. This could lead to command injection if variables passed into the exec commands are not properly sanitized. Instead, avoid using these OS commands with user-supplied input, or, if you must use these commands, use a whitelist of specific values.",0.5752195073482003,P3 - Medium (ML Moderate / Needs Review),data/benchmark/src/main/java/org/owasp/benchmark/testcode/BenchmarkTest01442.java,71
BenchmarkTest01443,0,CWE-78,1,1,0,0.5177,"Detected input from a HTTPServletRequest going into a 'ProcessBuilder' or 'exec' command. This could lead to command injection if variables passed into the exec commands are not properly sanitized. Instead, avoid using these OS commands with user-supplied input, or, if you must use these commands, use a whitelist of specific values.",0.5752195073482003,P3 - Medium (ML Moderate / Needs Review),data/benchmark/src/main/java/org/owasp/benchmark/testcode/BenchmarkTest01443.java,72
BenchmarkTest01444,0,CWE-78,1,1,0,0.5177,"Detected input from a HTTPServletRequest going into a 'ProcessBuilder' or 'exec' command. This could lead to command injection if variables passed into the exec commands are not properly sanitized. Instead, avoid using these OS commands with user-supplied input, or, if you must use these commands, use a whitelist of specific values.",0.5683792859920807,P3 - Medium (ML Moderate / Needs Review),data/benchmark/src/main/java/org/owasp/benchmark/testcode/BenchmarkTest01444.java,70
BenchmarkTest01445,0,CWE-78,1,1,0,0.5177,"Detected input from a HTTPServletRequest going into a 'ProcessBuilder' or 'exec' command. This could lead to command injection if variables passed into the exec commands are not properly sanitized. Instead, avoid using these OS commands with user-supplied input, or, if you must use these commands, use a whitelist of specific values.",0.5683792859920807,P3 - Medium (ML Moderate / Needs Review),data/benchmark/src/main/java/org/owasp/benchmark/testcode/BenchmarkTest01445.java,70
BenchmarkTest01446,1,CWE-78,1,1,0,0.5177,"Detected input from a HTTPServletRequest going into a 'ProcessBuilder' or 'exec' command. This could lead to command injection if variables passed into the exec commands are not properly sanitized. Instead, avoid using these OS commands with user-supplied input, or, if you must use these commands, use a whitelist of specific values.",0.5444416118463504,P3 - Medium (ML Moderate / Needs Review),data/benchmark/src/main/java/org/owasp/benchmark/testcode/BenchmarkTest01446.java,72
BenchmarkTest01447,0,CWE-330,0,0,0,1.0,,0.03391968678800127,P4 - Low (ML Suppressed / Likely False Alarm),,
BenchmarkTest01448,0,CWE-330,0,0,0,1.0,,0.037636823716155926,P4 - Low (ML Suppressed / Likely False Alarm),,
BenchmarkTest01449,0,CWE-330,0,0,0,1.0,,0.037636823716155926,P4 - Low (ML Suppressed / Likely False Alarm),,
BenchmarkTest01450,0,CWE-330,0,0,0,1.0,,0.03391968678800127,P4 - Low (ML Suppressed / Likely False Alarm),,
BenchmarkTest01451,0,CWE-330,0,0,0,1.0,,0.03704436789576919,P4 - Low (ML Suppressed / Likely False Alarm),,
BenchmarkTest01452,0,CWE-330,0,0,0,1.0,,0.04325014794951732,P4 - Low (ML Suppressed / Likely False Alarm),,
BenchmarkTest01453,0,CWE-330,0,0,0,1.0,,0.037636823716155926,P4 - Low (ML Suppressed / Likely False Alarm),,
BenchmarkTest01454,0,CWE-501,1,1,0,0.7234,"Detected input from a HTTPServletRequest going into a session command, like `setAttribute`. User input into such a command could lead to an attacker inputting malicious code into your session parameters, blurring the line between what's trusted and untrusted, and therefore leading to a trust boundary violation. This could lead to programmers trusting unvalidated data. Instead, thoroughly sanitize user input before passing it into such function calls.",0.7196177864212013,P2 - High (ML Probable Vulnerability),data/benchmark/src/main/java/org/owasp/benchmark/testcode/BenchmarkTest01454.java,63
BenchmarkTest01455,1,CWE-501,1,1,0,0.7234,"Detected input from a HTTPServletRequest going into a session command, like `setAttribute`. User input into such a command could lead to an attacker inputting malicious code into your session parameters, blurring the line between what's trusted and untrusted, and therefore leading to a trust boundary violation. This could lead to programmers trusting unvalidated data. Instead, thoroughly sanitize user input before passing it into such function calls.",0.7196177864212013,P2 - High (ML Probable Vulnerability),data/benchmark/src/main/java/org/owasp/benchmark/testcode/BenchmarkTest01455.java,63
BenchmarkTest01456,1,CWE-501,1,1,0,0.7234,"Detected input from a HTTPServletRequest going into a session command, like `setAttribute`. User input into such a command could lead to an attacker inputting malicious code into your session parameters, blurring the line between what's trusted and untrusted, and therefore leading to a trust boundary violation. This could lead to programmers trusting unvalidated data. Instead, thoroughly sanitize user input before passing it into such function calls.",0.6998849314813775,P2 - High (ML Probable Vulnerability),data/benchmark/src/main/java/org/owasp/benchmark/testcode/BenchmarkTest01456.java,63
BenchmarkTest01457,1,CWE-501,1,1,0,0.7234,"Detected input from a HTTPServletRequest going into a session command, like `setAttribute`. User input into such a command could lead to an attacker inputting malicious code into your session parameters, blurring the line between what's trusted and untrusted, and therefore leading to a trust boundary violation. This could lead to programmers trusting unvalidated data. Instead, thoroughly sanitize user input before passing it into such function calls.",0.6568111284096806,P2 - High (ML Probable Vulnerability),data/benchmark/src/main/java/org/owasp/benchmark/testcode/BenchmarkTest01457.java,63
BenchmarkTest01458,1,CWE-501,1,1,0,0.7234,"Detected a request with potential user-input going into a OutputStream or Writer object. This bypasses any view or template environments, including HTML escaping, which may expose this application to cross-site scripting (XSS) vulnerabilities. Consider using a view technology such as JavaServer Faces (JSFs) which automatically escapes HTML views.",0.711595332929724,P2 - High (ML Probable Vulnerability),data/benchmark/src/main/java/org/owasp/benchmark/testcode/BenchmarkTest01458.java,65
BenchmarkTest01459,0,CWE-89,2,1,1,0.5746,Detected input from a HTTPServletRequest going into a SQL sink or statement. This could lead to SQL injection if variables in the SQL statement are not properly sanitized. Use parameterized SQL queries or properly sanitize user input instead.,0.6315115188114625,P3 - Medium (ML Moderate / Needs Review),data/benchmark/src/main/java/org/owasp/benchmark/testcode/BenchmarkTest01459.java,67
BenchmarkTest01460,1,CWE-89,2,1,1,0.5746,Detected input from a HTTPServletRequest going into a SQL sink or statement. This could lead to SQL injection if variables in the SQL statement are not properly sanitized. Use parameterized SQL queries or properly sanitize user input instead.,0.6315115188114625,P3 - Medium (ML Moderate / Needs Review),data/benchmark/src/main/java/org/owasp/benchmark/testcode/BenchmarkTest01460.java,67
BenchmarkTest01461,0,CWE-89,2,1,1,0.5746,Detected input from a HTTPServletRequest going into a SQL sink or statement. This could lead to SQL injection if variables in the SQL statement are not properly sanitized. Use parameterized SQL queries or properly sanitize user input instead.,0.6315115188114625,P3 - Medium (ML Moderate / Needs Review),data/benchmark/src/main/java/org/owasp/benchmark/testcode/BenchmarkTest01461.java,67
BenchmarkTest01462,1,CWE-89,2,1,1,0.5746,Detected input from a HTTPServletRequest going into a SQL sink or statement. This could lead to SQL injection if variables in the SQL statement are not properly sanitized. Use parameterized SQL queries or properly sanitize user input instead.,0.6050253134234014,P3 - Medium (ML Moderate / Needs Review),data/benchmark/src/main/java/org/owasp/benchmark/testcode/BenchmarkTest01462.java,67
BenchmarkTest01463,1,CWE-89,2,1,1,0.5746,Detected input from a HTTPServletRequest going into a SQL sink or statement. This could lead to SQL injection if variables in the SQL statement are not properly sanitized. Use parameterized SQL queries or properly sanitize user input instead.,0.6043967051102129,P3 - Medium (ML Moderate / Needs Review),data/benchmark/src/main/java/org/owasp/benchmark/testcode/BenchmarkTest01463.java,67
BenchmarkTest01464,1,CWE-89,2,1,1,0.5746,Detected input from a HTTPServletRequest going into a SQL sink or statement. This could lead to SQL injection if variables in the SQL statement are not properly sanitized. Use parameterized SQL queries or properly sanitize user input instead.,0.6221370751503495,P3 - Medium (ML Moderate / Needs Review),data/benchmark/src/main/java/org/owasp/benchmark/testcode/BenchmarkTest01464.java,67
BenchmarkTest01465,1,CWE-89,1,1,0,0.5746,Detected input from a HTTPServletRequest going into a SQL sink or statement. This could lead to SQL injection if variables in the SQL statement are not properly sanitized. Use parameterized SQL queries or properly sanitize user input instead.,0.6371570818030259,P3 - Medium (ML Moderate / Needs Review),data/benchmark/src/main/java/org/owasp/benchmark/testcode/BenchmarkTest01465.java,65
BenchmarkTest01466,1,CWE-89,1,1,0,0.5746,Detected input from a HTTPServletRequest going into a SQL sink or statement. This could lead to SQL injection if variables in the SQL statement are not properly sanitized. Use parameterized SQL queries or properly sanitize user input instead.,0.6371570818030259,P3 - Medium (ML Moderate / Needs Review),data/benchmark/src/main/java/org/owasp/benchmark/testcode/BenchmarkTest01466.java,64
BenchmarkTest01467,0,CWE-89,1,1,0,0.5746,Detected input from a HTTPServletRequest going into a SQL sink or statement. This could lead to SQL injection if variables in the SQL statement are not properly sanitized. Use parameterized SQL queries or properly sanitize user input instead.,0.63810138505586,P3 - Medium (ML Moderate / Needs Review),data/benchmark/src/main/java/org/owasp/benchmark/testcode/BenchmarkTest01467.java,65
BenchmarkTest01468,0,CWE-89,1,1,0,0.5746,Detected input from a HTTPServletRequest going into a SQL sink or statement. This could lead to SQL injection if variables in the SQL statement are not properly sanitized. Use parameterized SQL queries or properly sanitize user input instead.,0.63810138505586,P3 - Medium (ML Moderate / Needs Review),data/benchmark/src/main/java/org/owasp/benchmark/testcode/BenchmarkTest01468.java,65
BenchmarkTest01469,0,CWE-89,1,1,0,0.5746,Detected input from a HTTPServletRequest going into a SQL sink or statement. This could lead to SQL injection if variables in the SQL statement are not properly sanitized. Use parameterized SQL queries or properly sanitize user input instead.,0.6314792486337455,P3 - Medium (ML Moderate / Needs Review),data/benchmark/src/main/java/org/owasp/benchmark/testcode/BenchmarkTest01469.java,65
BenchmarkTest01470,1,CWE-89,1,1,0,0.5746,Detected input from a HTTPServletRequest going into a SQL sink or statement. This could lead to SQL injection if variables in the SQL statement are not properly sanitized. Use parameterized SQL queries or properly sanitize user input instead.,0.6371570818030259,P3 - Medium (ML Moderate / Needs Review),data/benchmark/src/main/java/org/owasp/benchmark/testcode/BenchmarkTest01470.java,65
BenchmarkTest01471,1,CWE-89,1,1,0,0.5746,Detected input from a HTTPServletRequest going into a SQL sink or statement. This could lead to SQL injection if variables in the SQL statement are not properly sanitized. Use parameterized SQL queries or properly sanitize user input instead.,0.6314792486337455,P3 - Medium (ML Moderate / Needs Review),data/benchmark/src/main/java/org/owasp/benchmark/testcode/BenchmarkTest01471.java,65
BenchmarkTest01472,0,CWE-89,2,1,1,0.5746,Detected input from a HTTPServletRequest going into a SQL sink or statement. This could lead to SQL injection if variables in the SQL statement are not properly sanitized. Use parameterized SQL queries or properly sanitize user input instead.,0.6221370751503495,P3 - Medium (ML Moderate / Needs Review),data/benchmark/src/main/java/org/owasp/benchmark/testcode/BenchmarkTest01472.java,65
BenchmarkTest01473,1,CWE-89,2,1,1,0.5746,Detected a formatted string in a SQL statement. This could lead to SQL injection if variables in the SQL statement are not properly sanitized. Use a prepared statements (java.sql.PreparedStatement) instead. You can obtain a PreparedStatement using 'connection.prepareStatement'.,0.4901655263130386,P3 - Medium (ML Moderate / Needs Review),data/benchmark/src/main/java/org/owasp/benchmark/testcode/BenchmarkTest01473.java,67
BenchmarkTest01474,1,CWE-89,2,1,1,0.5746,Detected input from a HTTPServletRequest going into a SQL sink or statement. This could lead to SQL injection if variables in the SQL statement are not properly sanitized. Use parameterized SQL queries or properly sanitize user input instead.,0.6221370751503495,P3 - Medium (ML Moderate / Needs Review),data/benchmark/src/main/java/org/owasp/benchmark/testcode/BenchmarkTest01474.java,65
BenchmarkTest01475,1,CWE-89,2,1,1,0.5746,Detected input from a HTTPServletRequest going into a SQL sink or statement. This could lead to SQL injection if variables in the SQL statement are not properly sanitized. Use parameterized SQL queries or properly sanitize user input instead.,0.6315115188114625,P3 - Medium (ML Moderate / Needs Review),data/benchmark/src/main/java/org/owasp/benchmark/testcode/BenchmarkTest01475.java,65
BenchmarkTest01476,1,CWE-89,2,1,1,0.5746,Detected input from a HTTPServletRequest going into a SQL sink or statement. This could lead to SQL injection if variables in the SQL statement are not properly sanitized. Use parameterized SQL queries or properly sanitize user input instead.,0.6043967051102129,P3 - Medium (ML Moderate / Needs Review),data/benchmark/src/main/java/org/owasp/benchmark/testcode/BenchmarkTest01476.java,65
BenchmarkTest01477,1,CWE-89,2,1,1,0.5746,Detected input from a HTTPServletRequest going into a SQL sink or statement. This could lead to SQL injection if variables in the SQL statement are not properly sanitized. Use parameterized SQL queries or properly sanitize user input instead.,0.6315115188114625,P3 - Medium (ML Moderate / Needs Review),data/benchmark/src/main/java/org/owasp/benchmark/testcode/BenchmarkTest01477.java,65
BenchmarkTest01478,1,CWE-643,1,1,0,0.5185,"Detected input from a HTTPServletRequest going into a XPath evaluate or compile command. This could lead to xpath injection if variables passed into the evaluate or compile commands are not properly sanitized. Xpath injection could lead to unauthorized access to sensitive information in XML documents. Instead, thoroughly sanitize user input or use parameterized xpath queries if you can.",0.4500384206940105,P3 - Medium (ML Moderate / Needs Review),data/benchmark/src/main/java/org/owasp/benchmark/testcode/BenchmarkTest01478.java,79
BenchmarkTest01479,0,CWE-643,1,1,0,0.5185,"Detected input from a HTTPServletRequest going into a XPath evaluate or compile command. This could lead to xpath injection if variables passed into the evaluate or compile commands are not properly sanitized. Xpath injection could lead to unauthorized access to sensitive information in XML documents. Instead, thoroughly sanitize user input or use parameterized xpath queries if you can.",0.5736924789216268,P3 - Medium (ML Moderate / Needs Review),data/benchmark/src/main/java/org/owasp/benchmark/testcode/BenchmarkTest01479.java,79
BenchmarkTest01480,1,CWE-327,1,1,1,0.9046,Triple DES (3DES or DESede) is considered deprecated. AES is the recommended cipher. Upgrade to use AES.,0.960271073167773,P1 - Critical (ML High-Confidence Vulnerability),data/benchmark/src/main/java/org/owasp/benchmark/testcode/BenchmarkTest01480.java,66
BenchmarkTest01481,0,CWE-327,0,0,0,0.9046,,0.08362763156367758,P4 - Low (ML Suppressed / Likely False Alarm),,
BenchmarkTest01482,0,CWE-327,0,0,0,0.9046,,0.0878973552674785,P4 - Low (ML Suppressed / Likely False Alarm),,
BenchmarkTest01483,1,CWE-327,1,1,1,0.9046,Triple DES (3DES or DESede) is considered deprecated. AES is the recommended cipher. Upgrade to use AES.,0.960271073167773,P1 - Critical (ML High-Confidence Vulnerability),data/benchmark/src/main/java/org/owasp/benchmark/testcode/BenchmarkTest01483.java,64
BenchmarkTest01484,1,CWE-327,1,1,1,0.9046,Triple DES (3DES or DESede) is considered deprecated. AES is the recommended cipher. Upgrade to use AES.,0.9646666709532539,P1 - Critical (ML High-Confidence Vulnerability),data/benchmark/src/main/java/org/owasp/benchmark/testcode/BenchmarkTest01484.java,64
BenchmarkTest01485,0,CWE-327,0,0,0,0.9046,,0.09015572836705343,P4 - Low (ML Suppressed / Likely False Alarm),,
BenchmarkTest01486,1,CWE-327,2,1,1,0.9046,DES is considered deprecated. AES is the recommended cipher. Upgrade to use AES. See https://www.nist.gov/news-events/news/2005/06/nist-withdraws-outdated-data-encryption-standard for more information.,0.974080729406824,P1 - Critical (ML High-Confidence Vulnerability),data/benchmark/src/main/java/org/owasp/benchmark/testcode/BenchmarkTest01486.java,61
BenchmarkTest01487,0,CWE-327,0,0,0,0.9046,,0.0878973552674785,P4 - Low (ML Suppressed / Likely False Alarm),,
BenchmarkTest01488,0,CWE-327,0,0,0,0.9046,,0.09015572836705343,P4 - Low (ML Suppressed / Likely False Alarm),,
BenchmarkTest01489,1,CWE-327,1,1,1,0.9046,Triple DES (3DES or DESede) is considered deprecated. AES is the recommended cipher. Upgrade to use AES.,0.9646666709532539,P1 - Critical (ML High-Confidence Vulnerability),data/benchmark/src/main/java/org/owasp/benchmark/testcode/BenchmarkTest01489.java,58
BenchmarkTest01490,1,CWE-90,1,1,0,0.4815,"Detected input from a HTTPServletRequest going into an LDAP query. This could lead to LDAP injection if the input is not properly sanitized, which could result in attackers modifying objects in the LDAP tree structure. Ensure data passed to an LDAP query is not controllable or properly sanitize the data.",0.4643746966999802,P3 - Medium (ML Moderate / Needs Review),data/benchmark/src/main/java/org/owasp/benchmark/testcode/BenchmarkTest01490.java,61
BenchmarkTest01491,0,CWE-90,1,1,0,0.4815,"Detected input from a HTTPServletRequest going into an LDAP query. This could lead to LDAP injection if the input is not properly sanitized, which could result in attackers modifying objects in the LDAP tree structure. Ensure data passed to an LDAP query is not controllable or properly sanitize the data.",0.5087973542492934,P3 - Medium (ML Moderate / Needs Review),data/benchmark/src/main/java/org/owasp/benchmark/testcode/BenchmarkTest01491.java,60
BenchmarkTest01492,0,CWE-90,1,1,0,0.4815,"Detected input from a HTTPServletRequest going into an LDAP query. This could lead to LDAP injection if the input is not properly sanitized, which could result in attackers modifying objects in the LDAP tree structure. Ensure data passed to an LDAP query is not controllable or properly sanitize the data.",0.4485802845284838,P4 - Low (ML Suppressed / Likely False Alarm),data/benchmark/src/main/java/org/owasp/benchmark/testcode/BenchmarkTest01492.java,60
BenchmarkTest01493,0,CWE-22,1,1,0,0.531,"Detected a potential path traversal. A malicious actor could control the location of this file, to include going backwards in the directory with '../'. To address this, ensure that user-controlled variables in file paths are sanitized. You may also consider using a utility method such as org.apache.commons.io.FilenameUtils.getName(...) to only retrieve the file name from the path.",0.5372346090670375,P3 - Medium (ML Moderate / Needs Review),data/benchmark/src/main/java/org/owasp/benchmark/testcode/BenchmarkTest01493.java,50
BenchmarkTest01494,1,CWE-22,1,1,0,0.531,"Detected a potential path traversal. A malicious actor could control the location of this file, to include going backwards in the directory with '../'. To address this, ensure that user-controlled variables in file paths are sanitized. You may also consider using a utility method such as org.apache.commons.io.FilenameUtils.getName(...) to only retrieve the file name from the path.",0.5402428179282152,P3 - Medium (ML Moderate / Needs Review),data/benchmark/src/main/java/org/owasp/benchmark/testcode/BenchmarkTest01494.java,50
BenchmarkTest01495,1,CWE-22,1,1,0,0.531,"Detected a potential path traversal. A malicious actor could control the location of this file, to include going backwards in the directory with '../'. To address this, ensure that user-controlled variables in file paths are sanitized. You may also consider using a utility method such as org.apache.commons.io.FilenameUtils.getName(...) to only retrieve the file name from the path.",0.5372346090670375,P3 - Medium (ML Moderate / Needs Review),data/benchmark/src/main/java/org/owasp/benchmark/testcode/BenchmarkTest01495.java,70
BenchmarkTest01496,1,CWE-22,1,1,0,0.531,"Detected a potential path traversal. A malicious actor could control the location of this file, to include going backwards in the directory with '../'. To address this, ensure that user-controlled variables in file paths are sanitized. You may also consider using a utility method such as org.apache.commons.io.FilenameUtils.getName(...) to only retrieve the file name from the path.",0.5394645256012154,P3 - Medium (ML Moderate / Needs Review),data/benchmark/src/main/java/org/owasp/benchmark/testcode/BenchmarkTest01496.java,55
BenchmarkTest01497,1,CWE-22,1,1,0,0.531,"Detected a potential path traversal. A malicious actor could control the location of this file, to include going backwards in the directory with '../'. To address this, ensure that user-controlled variables in file paths are sanitized. You may also consider using a utility method such as org.apache.commons.io.FilenameUtils.getName(...) to only retrieve the file name from the path.",0.5402428179282152,P3 - Medium (ML Moderate / Needs Review),data/benchmark/src/main/java/org/owasp/benchmark/testcode/BenchmarkTest01497.java,56
BenchmarkTest01498,1,CWE-22,1,1,0,0.531,"Detected a potential path traversal. A malicious actor could control the location of this file, to include going backwards in the directory with '../'. To address this, ensure that user-controlled variables in file paths are sanitized. You may also consider using a utility method such as org.apache.commons.io.FilenameUtils.getName(...) to only retrieve the file name from the path.",0.5349061735858125,P3 - Medium (ML Moderate / Needs Review),data/benchmark/src/main/java/org/owasp/benchmark/testcode/BenchmarkTest01498.java,61
BenchmarkTest01499,0,CWE-22,1,1,0,0.531,"Detected a potential path traversal. A malicious actor could control the location of this file, to include going backwards in the directory with '../'. To address this, ensure that user-controlled variables in file paths are sanitized. You may also consider using a utility method such as org.apache.commons.io.FilenameUtils.getName(...) to only retrieve the file name from the path.",0.5402428179282152,P3 - Medium (ML Moderate / Needs Review),data/benchmark/src/main/java/org/owasp/benchmark/testcode/BenchmarkTest01499.java,56
BenchmarkTest01500,1,CWE-22,0,0,0,0.531,,0.2141818275976563,P4 - Low (ML Suppressed / Likely False Alarm),,
BenchmarkTest01501,1,CWE-90,1,1,0,0.4815,"Detected input from a HTTPServletRequest going into an LDAP query. This could lead to LDAP injection if the input is not properly sanitized, which could result in attackers modifying objects in the LDAP tree structure. Ensure data passed to an LDAP query is not controllable or properly sanitize the data.",0.4960361627169889,P3 - Medium (ML Moderate / Needs Review),data/benchmark/src/main/java/org/owasp/benchmark/testcode/BenchmarkTest01501.java,63
BenchmarkTest01502,1,CWE-330,2,1,1,1.0,"Detected use of the functions `Math.random()` or `java.util.Random()`. These are both not cryptographically strong random number generators (RNGs). If you are using these RNGs to create passwords or secret tokens, use `java.security.SecureRandom` instead.",0.9995641025641026,P1 - Critical (ML High-Confidence Vulnerability),data/benchmark/src/main/java/org/owasp/benchmark/testcode/BenchmarkTest01502.java,50
BenchmarkTest01503,1,CWE-328,2,1,1,1.0,"Detected SHA1 hash algorithm which is considered insecure. SHA1 is not collision resistant and is therefore not suitable as a cryptographic signature. Instead, use PBKDF2 for password hashing or SHA256 or SHA512 for other hash function applications.",0.9981800784924265,P1 - Critical (ML High-Confidence Vulnerability),data/benchmark/src/main/java/org/owasp/benchmark/testcode/BenchmarkTest01503.java,56
BenchmarkTest01504,1,CWE-328,2,1,1,1.0,Detected MD5 hash algorithm which is considered insecure. MD5 is not collision resistant and is therefore not suitable as a cryptographic signature. Use HMAC instead.,0.9966744996793538,P1 - Critical (ML High-Confidence Vulnerability),data/benchmark/src/main/java/org/owasp/benchmark/testcode/BenchmarkTest01504.java,51
BenchmarkTest01505,1,CWE-79,0,0,0,0.6516,,0.2300172252494595,P4 - Low (ML Suppressed / Likely False Alarm),,
BenchmarkTest01506,1,CWE-79,0,0,0,0.6516,,0.278739919364882,P4 - Low (ML Suppressed / Likely False Alarm),,
BenchmarkTest01507,1,CWE-79,0,0,0,0.6516,,0.2300172252494595,P4 - Low (ML Suppressed / Likely False Alarm),,
BenchmarkTest01508,0,CWE-79,0,0,0,0.6516,,0.2300172252494595,P4 - Low (ML Suppressed / Likely False Alarm),,
BenchmarkTest01509,1,CWE-79,0,0,0,0.6516,,0.2300172252494595,P4 - Low (ML Suppressed / Likely False Alarm),,
BenchmarkTest01510,1,CWE-79,0,0,0,0.6516,,0.313915809627834,P4 - Low (ML Suppressed / Likely False Alarm),,
BenchmarkTest01511,1,CWE-79,0,0,0,0.6516,,0.2300172252494595,P4 - Low (ML Suppressed / Likely False Alarm),,
BenchmarkTest01512,1,CWE-79,0,0,0,0.6516,,0.24970671366531938,P4 - Low (ML Suppressed / Likely False Alarm),,
BenchmarkTest01513,0,CWE-79,0,0,0,0.6516,,0.24970671366531938,P4 - Low (ML Suppressed / Likely False Alarm),,
BenchmarkTest01514,0,CWE-79,0,0,0,0.6516,,0.24970671366531938,P4 - Low (ML Suppressed / Likely False Alarm),,
BenchmarkTest01515,0,CWE-79,0,0,0,0.6516,,0.278739919364882,P4 - Low (ML Suppressed / Likely False Alarm),,
BenchmarkTest01516,0,CWE-78,1,1,0,0.5177,A formatted or concatenated string was detected as input to a ProcessBuilder call. This is dangerous if a variable is controlled by user input and could result in a command injection. Ensure your variables are not controlled by users or sufficiently sanitized.,0.33217358855541107,P4 - Low (ML Suppressed / Likely False Alarm),data/benchmark/src/main/java/org/owasp/benchmark/testcode/BenchmarkTest01516.java,64
BenchmarkTest01517,1,CWE-78,1,1,0,0.5177,"Detected input from a HTTPServletRequest going into a 'ProcessBuilder' or 'exec' command. This could lead to command injection if variables passed into the exec commands are not properly sanitized. Instead, avoid using these OS commands with user-supplied input, or, if you must use these commands, use a whitelist of specific values.",0.5114755110284748,P3 - Medium (ML Moderate / Needs Review),data/benchmark/src/main/java/org/owasp/benchmark/testcode/BenchmarkTest01517.java,62
BenchmarkTest01518,1,CWE-330,2,1,1,1.0,"Detected use of the functions `Math.random()` or `java.util.Random()`. These are both not cryptographically strong random number generators (RNGs). If you are using these RNGs to create passwords or secret tokens, use `java.security.SecureRandom` instead.",1.0,P1 - Critical (ML High-Confidence Vulnerability),data/benchmark/src/main/java/org/owasp/benchmark/testcode/BenchmarkTest01518.java,50
BenchmarkTest01519,1,CWE-330,2,1,1,1.0,"Detected use of the functions `Math.random()` or `java.util.Random()`. These are both not cryptographically strong random number generators (RNGs). If you are using these RNGs to create passwords or secret tokens, use `java.security.SecureRandom` instead.",0.9995454545454545,P1 - Critical (ML High-Confidence Vulnerability),data/benchmark/src/main/java/org/owasp/benchmark/testcode/BenchmarkTest01519.java,50
BenchmarkTest01520,1,CWE-330,2,1,1,1.0,"Detected use of the functions `Math.random()` or `java.util.Random()`. These are both not cryptographically strong random number generators (RNGs). If you are using these RNGs to create passwords or secret tokens, use `java.security.SecureRandom` instead.",1.0,P1 - Critical (ML High-Confidence Vulnerability),data/benchmark/src/main/java/org/owasp/benchmark/testcode/BenchmarkTest01520.java,50
BenchmarkTest01521,1,CWE-614,1,1,0,1.0,A cookie was detected without setting the 'secure' flag. The 'secure' flag for cookies prevents the client from transmitting the cookie over insecure channels such as HTTP. Set the 'secure' flag by calling 'cookie.setSecure(true);',0.9532742994240728,P1 - Critical (ML High-Confidence Vulnerability),data/benchmark/src/main/java/org/owasp/benchmark/testcode/BenchmarkTest01521.java,67
BenchmarkTest01522,0,CWE-614,0,0,0,1.0,,0.1432577520584313,P4 - Low (ML Suppressed / Likely False Alarm),,
BenchmarkTest01523,0,CWE-614,0,0,0,1.0,,0.1432577520584313,P4 - Low (ML Suppressed / Likely False Alarm),,
BenchmarkTest01524,0,CWE-614,0,0,0,1.0,,0.11559067511198239,P4 - Low (ML Suppressed / Likely False Alarm),,
BenchmarkTest01525,1,CWE-79,0,0,0,0.6516,,0.278739919364882,P4 - Low (ML Suppressed / Likely False Alarm),,
BenchmarkTest01526,0,CWE-78,1,1,0,0.5177,"Detected input from a HTTPServletRequest going into a 'ProcessBuilder' or 'exec' command. This could lead to command injection if variables passed into the exec commands are not properly sanitized. Instead, avoid using these OS commands with user-supplied input, or, if you must use these commands, use a whitelist of specific values.",0.5114755110284748,P3 - Medium (ML Moderate / Needs Review),data/benchmark/src/main/java/org/owasp/benchmark/testcode/BenchmarkTest01526.java,59
BenchmarkTest01527,0,CWE-78,1,1,0,0.5177,"Detected input from a HTTPServletRequest going into a 'ProcessBuilder' or 'exec' command. This could lead to command injection if variables passed into the exec commands are not properly sanitized. Instead, avoid using these OS commands with user-supplied input, or, if you must use these commands, use a whitelist of specific values.",0.5752195073482003,P3 - Medium (ML Moderate / Needs Review),data/benchmark/src/main/java/org/owasp/benchmark/testcode/BenchmarkTest01527.java,59
BenchmarkTest01528,0,CWE-78,1,1,0,0.5177,"Detected input from a HTTPServletRequest going into a 'ProcessBuilder' or 'exec' command. This could lead to command injection if variables passed into the exec commands are not properly sanitized. Instead, avoid using these OS commands with user-supplied input, or, if you must use these commands, use a whitelist of specific values.",0.5752195073482003,P3 - Medium (ML Moderate / Needs Review),data/benchmark/src/main/java/org/owasp/benchmark/testcode/BenchmarkTest01528.java,59
BenchmarkTest01529,0,CWE-78,1,1,0,0.5177,"Detected input from a HTTPServletRequest going into a 'ProcessBuilder' or 'exec' command. This could lead to command injection if variables passed into the exec commands are not properly sanitized. Instead, avoid using these OS commands with user-supplied input, or, if you must use these commands, use a whitelist of specific values.",0.5752195073482003,P3 - Medium (ML Moderate / Needs Review),data/benchmark/src/main/java/org/owasp/benchmark/testcode/BenchmarkTest01529.java,71
BenchmarkTest01530,0,CWE-78,1,1,0,0.5177,"Detected input from a HTTPServletRequest going into a 'ProcessBuilder' or 'exec' command. This could lead to command injection if variables passed into the exec commands are not properly sanitized. Instead, avoid using these OS commands with user-supplied input, or, if you must use these commands, use a whitelist of specific values.",0.5752195073482003,P3 - Medium (ML Moderate / Needs Review),data/benchmark/src/main/java/org/owasp/benchmark/testcode/BenchmarkTest01530.java,73
BenchmarkTest01531,1,CWE-78,1,1,0,0.5177,"Detected input from a HTTPServletRequest going into a 'ProcessBuilder' or 'exec' command. This could lead to command injection if variables passed into the exec commands are not properly sanitized. Instead, avoid using these OS commands with user-supplied input, or, if you must use these commands, use a whitelist of specific values.",0.5752195073482003,P3 - Medium (ML Moderate / Needs Review),data/benchmark/src/main/java/org/owasp/benchmark/testcode/BenchmarkTest01531.java,59
BenchmarkTest01532,0,CWE-78,1,1,0,0.5177,"Detected input from a HTTPServletRequest going into a 'ProcessBuilder' or 'exec' command. This could lead to command injection if variables passed into the exec commands are not properly sanitized. Instead, avoid using these OS commands with user-supplied input, or, if you must use these commands, use a whitelist of specific values.",0.5683792859920807,P3 - Medium (ML Moderate / Needs Review),data/benchmark/src/main/java/org/owasp/benchmark/testcode/BenchmarkTest01532.java,60
BenchmarkTest01533,1,CWE-78,1,1,0,0.5177,"Detected input from a HTTPServletRequest going into a 'ProcessBuilder' or 'exec' command. This could lead to command injection if variables passed into the exec commands are not properly sanitized. Instead, avoid using these OS commands with user-supplied input, or, if you must use these commands, use a whitelist of specific values.",0.5089059229256337,P3 - Medium (ML Moderate / Needs Review),data/benchmark/src/main/java/org/owasp/benchmark/testcode/BenchmarkTest01533.java,56
BenchmarkTest01534,0,CWE-330,0,0,0,1.0,,0.04325014794951732,P4 - Low (ML Suppressed / Likely False Alarm),,
BenchmarkTest01535,0,CWE-330,0,0,0,1.0,,0.04325014794951732,P4 - Low (ML Suppressed / Likely False Alarm),,
BenchmarkTest01536,0,CWE-330,0,0,0,1.0,,0.037636823716155926,P4 - Low (ML Suppressed / Likely False Alarm),,
BenchmarkTest01537,0,CWE-330,0,0,0,1.0,,0.03391968678800127,P4 - Low (ML Suppressed / Likely False Alarm),,
BenchmarkTest01538,0,CWE-330,0,0,0,1.0,,0.0331840260624013,P4 - Low (ML Suppressed / Likely False Alarm),,
BenchmarkTest01539,0,CWE-330,0,0,0,1.0,,0.03391968678800127,P4 - Low (ML Suppressed / Likely False Alarm),,
BenchmarkTest01540,0,CWE-330,0,0,0,1.0,,0.04325014794951732,P4 - Low (ML Suppressed / Likely False Alarm),,
BenchmarkTest01541,0,CWE-330,0,0,0,1.0,,0.03391968678800127,P4 - Low (ML Suppressed / Likely False Alarm),,
BenchmarkTest01542,0,CWE-330,0,0,0,1.0,,0.037636823716155926,P4 - Low (ML Suppressed / Likely False Alarm),,
BenchmarkTest01543,0,CWE-330,0,0,0,1.0,,0.0331840260624013,P4 - Low (ML Suppressed / Likely False Alarm),,
BenchmarkTest01544,0,CWE-330,0,0,0,1.0,,0.037636823716155926,P4 - Low (ML Suppressed / Likely False Alarm),,
BenchmarkTest01545,0,CWE-330,0,0,0,1.0,,0.0331840260624013,P4 - Low (ML Suppressed / Likely False Alarm),,
BenchmarkTest01546,1,CWE-501,0,0,0,0.7234,,0.32432943290492355,P4 - Low (ML Suppressed / Likely False Alarm),,
BenchmarkTest01547,1,CWE-501,0,0,0,0.7234,,0.341104770423293,P4 - Low (ML Suppressed / Likely False Alarm),,
BenchmarkTest01548,1,CWE-501,0,0,0,0.7234,,0.3634091879376683,P4 - Low (ML Suppressed / Likely False Alarm),,
BenchmarkTest01549,1,CWE-501,0,0,0,0.7234,,0.32432943290492355,P4 - Low (ML Suppressed / Likely False Alarm),,
BenchmarkTest01550,1,CWE-501,0,0,0,0.7234,,0.33174281572012776,P4 - Low (ML Suppressed / Likely False Alarm),,
BenchmarkTest01551,1,CWE-501,0,0,0,0.7234,,0.341104770423293,P4 - Low (ML Suppressed / Likely False Alarm),,
BenchmarkTest01552,1,CWE-89,1,0,1,0.5746,Make sure using a dynamically formatted SQL query is safe here.,0.1992720305365284,P4 - Low (ML Suppressed / Likely False Alarm),owasp-benchmark:data/benchmark/src/main/java/org/owasp/benchmark/testcode/BenchmarkTest01552.java,57
BenchmarkTest01553,0,CWE-89,0,0,0,0.5746,,0.22805439478118394,P4 - Low (ML Suppressed / Likely False Alarm),,
BenchmarkTest01554,1,CWE-89,0,0,0,0.5746,,0.21920543900824976,P4 - Low (ML Suppressed / Likely False Alarm),,
BenchmarkTest01555,0,CWE-89,0,0,0,0.5746,,0.22805439478118394,P4 - Low (ML Suppressed / Likely False Alarm),,
BenchmarkTest01556,0,CWE-89,0,0,0,0.5746,,0.23431995802528183,P4 - Low (ML Suppressed / Likely False Alarm),,
BenchmarkTest01557,1,CWE-89,2,1,1,0.5746,Detected a formatted string in a SQL statement. This could lead to SQL injection if variables in the SQL statement are not properly sanitized. Use a prepared statements (java.sql.PreparedStatement) instead. You can obtain a PreparedStatement using 'connection.prepareStatement'.,0.5278626301234679,P3 - Medium (ML Moderate / Needs Review),data/benchmark/src/main/java/org/owasp/benchmark/testcode/BenchmarkTest01557.java,55
BenchmarkTest01558,1,CWE-89,2,1,1,0.5746,Detected a formatted string in a SQL statement. This could lead to SQL injection if variables in the SQL statement are not properly sanitized. Use a prepared statements (java.sql.PreparedStatement) instead. You can obtain a PreparedStatement using 'connection.prepareStatement'.,0.46739305534568415,P3 - Medium (ML Moderate / Needs Review),data/benchmark/src/main/java/org/owasp/benchmark/testcode/BenchmarkTest01558.java,55
BenchmarkTest01559,1,CWE-89,2,1,1,0.5746,Detected a formatted string in a SQL statement. This could lead to SQL injection if variables in the SQL statement are not properly sanitized. Use a prepared statements (java.sql.PreparedStatement) instead. You can obtain a PreparedStatement using 'connection.prepareStatement'.,0.4901655263130386,P3 - Medium (ML Moderate / Needs Review),data/benchmark/src/main/java/org/owasp/benchmark/testcode/BenchmarkTest01559.java,55
BenchmarkTest01560,1,CWE-89,2,1,1,0.5746,Detected a formatted string in a SQL statement. This could lead to SQL injection if variables in the SQL statement are not properly sanitized. Use a prepared statements (java.sql.PreparedStatement) instead. You can obtain a PreparedStatement using 'connection.prepareStatement'.,0.5476500971406442,P3 - Medium (ML Moderate / Needs Review),data/benchmark/src/main/java/org/owasp/benchmark/testcode/BenchmarkTest01560.java,55
BenchmarkTest01561,1,CWE-643,0,0,0,0.5185,,0.11451088766595113,P4 - Low (ML Suppressed / Likely False Alarm),,
BenchmarkTest01562,0,CWE-643,0,0,0,0.5185,,0.1972260229536796,P4 - Low (ML Suppressed / Likely False Alarm),,
BenchmarkTest01563,0,CWE-327,0,0,0,0.9046,,0.09462285501385369,P4 - Low (ML Suppressed / Likely False Alarm),,
BenchmarkTest01564,0,CWE-327,0,0,0,0.9046,,0.09015572836705343,P4 - Low (ML Suppressed / Likely False Alarm),,
BenchmarkTest01565,1,CWE-327,2,1,1,0.9046,DES is considered deprecated. AES is the recommended cipher. Upgrade to use AES. See https://www.nist.gov/news-events/news/2005/06/nist-withdraws-outdated-data-encryption-standard for more information.,0.9960648555857615,P1 - Critical (ML High-Confidence Vulnerability),data/benchmark/src/main/java/org/owasp/benchmark/testcode/BenchmarkTest01565.java,61
BenchmarkTest01566,1,CWE-327,1,1,1,0.9046,Triple DES (3DES or DESede) is considered deprecated. AES is the recommended cipher. Upgrade to use AES.,0.9646666709532539,P1 - Critical (ML High-Confidence Vulnerability),data/benchmark/src/main/java/org/owasp/benchmark/testcode/BenchmarkTest01566.java,58
BenchmarkTest01567,0,CWE-327,1,0,1,0.9046,Use a secure cipher mode.,0.06644021770388953,P4 - Low (ML Suppressed / Likely False Alarm),owasp-benchmark:data/benchmark/src/main/java/org/owasp/benchmark/testcode/BenchmarkTest01567.java,65
BenchmarkTest01568,1,CWE-90,1,1,0,0.4815,"Detected input from a HTTPServletRequest going into an LDAP query. This could lead to LDAP injection if the input is not properly sanitized, which could result in attackers modifying objects in the LDAP tree structure. Ensure data passed to an LDAP query is not controllable or properly sanitize the data.",0.4960361627169889,P3 - Medium (ML Moderate / Needs Review),data/benchmark/src/main/java/org/owasp/benchmark/testcode/BenchmarkTest01568.java,60
BenchmarkTest01569,0,CWE-90,1,1,0,0.4815,"Detected input from a HTTPServletRequest going into an LDAP query. This could lead to LDAP injection if the input is not properly sanitized, which could result in attackers modifying objects in the LDAP tree structure. Ensure data passed to an LDAP query is not controllable or properly sanitize the data.",0.5087973542492934,P3 - Medium (ML Moderate / Needs Review),data/benchmark/src/main/java/org/owasp/benchmark/testcode/BenchmarkTest01569.java,60
BenchmarkTest01570,0,CWE-22,1,1,0,0.531,"Detected a potential path traversal. A malicious actor could control the location of this file, to include going backwards in the directory with '../'. To address this, ensure that user-controlled variables in file paths are sanitized. You may also consider using a utility method such as org.apache.commons.io.FilenameUtils.getName(...) to only retrieve the file name from the path.",0.5349061735858125,P3 - Medium (ML Moderate / Needs Review),data/benchmark/src/main/java/org/owasp/benchmark/testcode/BenchmarkTest01570.java,50
BenchmarkTest01571,1,CWE-22,1,1,0,0.531,"Detected a potential path traversal. A malicious actor could control the location of this file, to include going backwards in the directory with '../'. To address this, ensure that user-controlled variables in file paths are sanitized. You may also consider using a utility method such as org.apache.commons.io.FilenameUtils.getName(...) to only retrieve the file name from the path.",0.5372346090670375,P3 - Medium (ML Moderate / Needs Review),data/benchmark/src/main/java/org/owasp/benchmark/testcode/BenchmarkTest01571.java,50
BenchmarkTest01572,1,CWE-22,1,1,0,0.531,"Detected a potential path traversal. A malicious actor could control the location of this file, to include going backwards in the directory with '../'. To address this, ensure that user-controlled variables in file paths are sanitized. You may also consider using a utility method such as org.apache.commons.io.FilenameUtils.getName(...) to only retrieve the file name from the path.",0.5305215095490278,P3 - Medium (ML Moderate / Needs Review),data/benchmark/src/main/java/org/owasp/benchmark/testcode/BenchmarkTest01572.java,55
BenchmarkTest01573,0,CWE-22,1,1,0,0.531,"Detected a potential path traversal. A malicious actor could control the location of this file, to include going backwards in the directory with '../'. To address this, ensure that user-controlled variables in file paths are sanitized. You may also consider using a utility method such as org.apache.commons.io.FilenameUtils.getName(...) to only retrieve the file name from the path.",0.5402428179282152,P3 - Medium (ML Moderate / Needs Review),data/benchmark/src/main/java/org/owasp/benchmark/testcode/BenchmarkTest01573.java,55
BenchmarkTest01574,0,CWE-22,1,1,0,0.531,"Detected a potential path traversal. A malicious actor could control the location of this file, to include going backwards in the directory with '../'. To address this, ensure that user-controlled variables in file paths are sanitized. You may also consider using a utility method such as org.apache.commons.io.FilenameUtils.getName(...) to only retrieve the file name from the path.",0.5372346090670375,P3 - Medium (ML Moderate / Needs Review),data/benchmark/src/main/java/org/owasp/benchmark/testcode/BenchmarkTest01574.java,56
BenchmarkTest01575,1,CWE-330,2,1,1,1.0,"Detected use of the functions `Math.random()` or `java.util.Random()`. These are both not cryptographically strong random number generators (RNGs). If you are using these RNGs to create passwords or secret tokens, use `java.security.SecureRandom` instead.",1.0,P1 - Critical (ML High-Confidence Vulnerability),data/benchmark/src/main/java/org/owasp/benchmark/testcode/BenchmarkTest01575.java,50
BenchmarkTest01576,0,CWE-328,0,0,0,1.0,,0.231920865694142,P4 - Low (ML Suppressed / Likely False Alarm),,
BenchmarkTest01577,1,CWE-328,2,1,1,1.0,Detected MD5 hash algorithm which is considered insecure. MD5 is not collision resistant and is therefore not suitable as a cryptographic signature. Use HMAC instead.,0.9966744996793538,P1 - Critical (ML High-Confidence Vulnerability),data/benchmark/src/main/java/org/owasp/benchmark/testcode/BenchmarkTest01577.java,51
BenchmarkTest01578,0,CWE-328,0,0,0,1.0,,0.26631103688868035,P4 - Low (ML Suppressed / Likely False Alarm),,
BenchmarkTest01579,1,CWE-328,0,0,0,1.0,,0.24087705674222445,P4 - Low (ML Suppressed / Likely False Alarm),,
BenchmarkTest01580,1,CWE-328,0,0,0,1.0,,0.23782332489730076,P4 - Low (ML Suppressed / Likely False Alarm),,
BenchmarkTest01581,0,CWE-328,0,0,0,1.0,,0.24087705674222445,P4 - Low (ML Suppressed / Likely False Alarm),,
BenchmarkTest01582,0,CWE-328,0,0,0,1.0,,0.231920865694142,P4 - Low (ML Suppressed / Likely False Alarm),,
BenchmarkTest01583,1,CWE-79,1,1,0,0.6516,"Detected a request with potential user-input going into a OutputStream or Writer object. This bypasses any view or template environments, including HTML escaping, which may expose this application to cross-site scripting (XSS) vulnerabilities. Consider using a view technology such as JavaServer Faces (JSFs) which automatically escapes HTML views.",0.6221848022643229,P3 - Medium (ML Moderate / Needs Review),data/benchmark/src/main/java/org/owasp/benchmark/testcode/BenchmarkTest01583.java,54
BenchmarkTest01584,1,CWE-79,1,1,0,0.6516,"Detected a request with potential user-input going into a OutputStream or Writer object. This bypasses any view or template environments, including HTML escaping, which may expose this application to cross-site scripting (XSS) vulnerabilities. Consider using a view technology such as JavaServer Faces (JSFs) which automatically escapes HTML views.",0.6606354491638398,P2 - High (ML Probable Vulnerability),data/benchmark/src/main/java/org/owasp/benchmark/testcode/BenchmarkTest01584.java,52
BenchmarkTest01585,0,CWE-79,1,1,0,0.6516,"Detected a request with potential user-input going into a OutputStream or Writer object. This bypasses any view or template environments, including HTML escaping, which may expose this application to cross-site scripting (XSS) vulnerabilities. Consider using a view technology such as JavaServer Faces (JSFs) which automatically escapes HTML views.",0.6606354491638398,P2 - High (ML Probable Vulnerability),data/benchmark/src/main/java/org/owasp/benchmark/testcode/BenchmarkTest01585.java,52
BenchmarkTest01586,0,CWE-79,1,1,0,0.6516,"Detected a request with potential user-input going into a OutputStream or Writer object. This bypasses any view or template environments, including HTML escaping, which may expose this application to cross-site scripting (XSS) vulnerabilities. Consider using a view technology such as JavaServer Faces (JSFs) which automatically escapes HTML views.",0.6588860833788427,P2 - High (ML Probable Vulnerability),data/benchmark/src/main/java/org/owasp/benchmark/testcode/BenchmarkTest01586.java,51
BenchmarkTest01587,1,CWE-79,1,1,0,0.6516,"Detected a request with potential user-input going into a OutputStream or Writer object. This bypasses any view or template environments, including HTML escaping, which may expose this application to cross-site scripting (XSS) vulnerabilities. Consider using a view technology such as JavaServer Faces (JSFs) which automatically escapes HTML views.",0.6606354491638398,P2 - High (ML Probable Vulnerability),data/benchmark/src/main/java/org/owasp/benchmark/testcode/BenchmarkTest01587.java,52
BenchmarkTest01588,0,CWE-79,1,1,0,0.6516,"Detected a request with potential user-input going into a OutputStream or Writer object. This bypasses any view or template environments, including HTML escaping, which may expose this application to cross-site scripting (XSS) vulnerabilities. Consider using a view technology such as JavaServer Faces (JSFs) which automatically escapes HTML views.",0.6606354491638398,P2 - High (ML Probable Vulnerability),data/benchmark/src/main/java/org/owasp/benchmark/testcode/BenchmarkTest01588.java,52
BenchmarkTest01589,1,CWE-79,1,1,0,0.6516,"Detected a request with potential user-input going into a OutputStream or Writer object. This bypasses any view or template environments, including HTML escaping, which may expose this application to cross-site scripting (XSS) vulnerabilities. Consider using a view technology such as JavaServer Faces (JSFs) which automatically escapes HTML views.",0.6588860833788427,P2 - High (ML Probable Vulnerability),data/benchmark/src/main/java/org/owasp/benchmark/testcode/BenchmarkTest01589.java,52
BenchmarkTest01590,1,CWE-79,1,1,0,0.6516,"Detected a request with potential user-input going into a OutputStream or Writer object. This bypasses any view or template environments, including HTML escaping, which may expose this application to cross-site scripting (XSS) vulnerabilities. Consider using a view technology such as JavaServer Faces (JSFs) which automatically escapes HTML views.",0.6606354491638398,P2 - High (ML Probable Vulnerability),data/benchmark/src/main/java/org/owasp/benchmark/testcode/BenchmarkTest01590.java,52
BenchmarkTest01591,0,CWE-79,1,1,0,0.6516,"Detected a request with potential user-input going into a OutputStream or Writer object. This bypasses any view or template environments, including HTML escaping, which may expose this application to cross-site scripting (XSS) vulnerabilities. Consider using a view technology such as JavaServer Faces (JSFs) which automatically escapes HTML views.",0.6588860833788427,P2 - High (ML Probable Vulnerability),data/benchmark/src/main/java/org/owasp/benchmark/testcode/BenchmarkTest01591.java,52
BenchmarkTest01592,1,CWE-79,1,1,0,0.6516,"Detected a request with potential user-input going into a OutputStream or Writer object. This bypasses any view or template environments, including HTML escaping, which may expose this application to cross-site scripting (XSS) vulnerabilities. Consider using a view technology such as JavaServer Faces (JSFs) which automatically escapes HTML views.",0.6606354491638398,P2 - High (ML Probable Vulnerability),data/benchmark/src/main/java/org/owasp/benchmark/testcode/BenchmarkTest01592.java,51
BenchmarkTest01593,0,CWE-79,1,1,0,0.6516,"Detected a request with potential user-input going into a OutputStream or Writer object. This bypasses any view or template environments, including HTML escaping, which may expose this application to cross-site scripting (XSS) vulnerabilities. Consider using a view technology such as JavaServer Faces (JSFs) which automatically escapes HTML views.",0.6447716715602264,P3 - Medium (ML Moderate / Needs Review),data/benchmark/src/main/java/org/owasp/benchmark/testcode/BenchmarkTest01593.java,51
BenchmarkTest01594,1,CWE-79,1,1,0,0.6516,"Detected a request with potential user-input going into a OutputStream or Writer object. This bypasses any view or template environments, including HTML escaping, which may expose this application to cross-site scripting (XSS) vulnerabilities. Consider using a view technology such as JavaServer Faces (JSFs) which automatically escapes HTML views.",0.6691842611085874,P2 - High (ML Probable Vulnerability),data/benchmark/src/main/java/org/owasp/benchmark/testcode/BenchmarkTest01594.java,51
BenchmarkTest01595,0,CWE-79,1,1,0,0.6516,"Detected a request with potential user-input going into a OutputStream or Writer object. This bypasses any view or template environments, including HTML escaping, which may expose this application to cross-site scripting (XSS) vulnerabilities. Consider using a view technology such as JavaServer Faces (JSFs) which automatically escapes HTML views.",0.6606354491638398,P2 - High (ML Probable Vulnerability),data/benchmark/src/main/java/org/owasp/benchmark/testcode/BenchmarkTest01595.java,51
BenchmarkTest01596,1,CWE-79,1,1,0,0.6516,"Detected a request with potential user-input going into a OutputStream or Writer object. This bypasses any view or template environments, including HTML escaping, which may expose this application to cross-site scripting (XSS) vulnerabilities. Consider using a view technology such as JavaServer Faces (JSFs) which automatically escapes HTML views.",0.6691842611085874,P2 - High (ML Probable Vulnerability),data/benchmark/src/main/java/org/owasp/benchmark/testcode/BenchmarkTest01596.java,54
BenchmarkTest01597,1,CWE-79,1,1,0,0.6516,"Detected a request with potential user-input going into a OutputStream or Writer object. This bypasses any view or template environments, including HTML escaping, which may expose this application to cross-site scripting (XSS) vulnerabilities. Consider using a view technology such as JavaServer Faces (JSFs) which automatically escapes HTML views.",0.6606354491638398,P2 - High (ML Probable Vulnerability),data/benchmark/src/main/java/org/owasp/benchmark/testcode/BenchmarkTest01597.java,54
BenchmarkTest01598,1,CWE-79,1,1,0,0.6516,"Detected a request with potential user-input going into a OutputStream or Writer object. This bypasses any view or template environments, including HTML escaping, which may expose this application to cross-site scripting (XSS) vulnerabilities. Consider using a view technology such as JavaServer Faces (JSFs) which automatically escapes HTML views.",0.6691842611085874,P2 - High (ML Probable Vulnerability),data/benchmark/src/main/java/org/owasp/benchmark/testcode/BenchmarkTest01598.java,51
BenchmarkTest01599,0,CWE-79,1,1,0,0.6516,"Detected a request with potential user-input going into a OutputStream or Writer object. This bypasses any view or template environments, including HTML escaping, which may expose this application to cross-site scripting (XSS) vulnerabilities. Consider using a view technology such as JavaServer Faces (JSFs) which automatically escapes HTML views.",0.6588860833788427,P2 - High (ML Probable Vulnerability),data/benchmark/src/main/java/org/owasp/benchmark/testcode/BenchmarkTest01599.java,51
BenchmarkTest01600,0,CWE-78,1,1,0,0.5177,"Detected input from a HTTPServletRequest going into a 'ProcessBuilder' or 'exec' command. This could lead to command injection if variables passed into the exec commands are not properly sanitized. Instead, avoid using these OS commands with user-supplied input, or, if you must use these commands, use a whitelist of specific values.",0.5089059229256337,P3 - Medium (ML Moderate / Needs Review),data/benchmark/src/main/java/org/owasp/benchmark/testcode/BenchmarkTest01600.java,60
BenchmarkTest01601,1,CWE-78,1,1,0,0.5177,"Detected input from a HTTPServletRequest going into a 'ProcessBuilder' or 'exec' command. This could lead to command injection if variables passed into the exec commands are not properly sanitized. Instead, avoid using these OS commands with user-supplied input, or, if you must use these commands, use a whitelist of specific values.",0.5752195073482003,P3 - Medium (ML Moderate / Needs Review),data/benchmark/src/main/java/org/owasp/benchmark/testcode/BenchmarkTest01601.java,60
BenchmarkTest01602,1,CWE-330,2,1,1,1.0,"Detected use of the functions `Math.random()` or `java.util.Random()`. These are both not cryptographically strong random number generators (RNGs). If you are using these RNGs to create passwords or secret tokens, use `java.security.SecureRandom` instead.",1.0,P1 - Critical (ML High-Confidence Vulnerability),data/benchmark/src/main/java/org/owasp/benchmark/testcode/BenchmarkTest01602.java,50
BenchmarkTest01603,1,CWE-330,2,1,1,1.0,"Detected use of the functions `Math.random()` or `java.util.Random()`. These are both not cryptographically strong random number generators (RNGs). If you are using these RNGs to create passwords or secret tokens, use `java.security.SecureRandom` instead.",1.0,P1 - Critical (ML High-Confidence Vulnerability),data/benchmark/src/main/java/org/owasp/benchmark/testcode/BenchmarkTest01603.java,50
BenchmarkTest01604,0,CWE-614,0,0,0,1.0,,0.1144990611140598,P4 - Low (ML Suppressed / Likely False Alarm),,
BenchmarkTest01605,0,CWE-614,0,0,0,1.0,,0.1144990611140598,P4 - Low (ML Suppressed / Likely False Alarm),,
BenchmarkTest01606,0,CWE-78,1,1,0,0.5177,"Detected input from a HTTPServletRequest going into a 'ProcessBuilder' or 'exec' command. This could lead to command injection if variables passed into the exec commands are not properly sanitized. Instead, avoid using these OS commands with user-supplied input, or, if you must use these commands, use a whitelist of specific values.",0.5114755110284748,P3 - Medium (ML Moderate / Needs Review),data/benchmark/src/main/java/org/owasp/benchmark/testcode/BenchmarkTest01606.java,59
BenchmarkTest01607,0,CWE-78,1,1,0,0.5177,"Detected input from a HTTPServletRequest going into a 'ProcessBuilder' or 'exec' command. This could lead to command injection if variables passed into the exec commands are not properly sanitized. Instead, avoid using these OS commands with user-supplied input, or, if you must use these commands, use a whitelist of specific values.",0.5444416118463504,P3 - Medium (ML Moderate / Needs Review),data/benchmark/src/main/java/org/owasp/benchmark/testcode/BenchmarkTest01607.java,71
BenchmarkTest01608,0,CWE-78,1,1,0,0.5177,"Detected input from a HTTPServletRequest going into a 'ProcessBuilder' or 'exec' command. This could lead to command injection if variables passed into the exec commands are not properly sanitized. Instead, avoid using these OS commands with user-supplied input, or, if you must use these commands, use a whitelist of specific values.",0.5752195073482003,P3 - Medium (ML Moderate / Needs Review),data/benchmark/src/main/java/org/owasp/benchmark/testcode/BenchmarkTest01608.java,59
BenchmarkTest01609,1,CWE-78,1,1,0,0.5177,"Detected input from a HTTPServletRequest going into a 'ProcessBuilder' or 'exec' command. This could lead to command injection if variables passed into the exec commands are not properly sanitized. Instead, avoid using these OS commands with user-supplied input, or, if you must use these commands, use a whitelist of specific values.",0.5089059229256337,P3 - Medium (ML Moderate / Needs Review),data/benchmark/src/main/java/org/owasp/benchmark/testcode/BenchmarkTest01609.java,60
BenchmarkTest01610,1,CWE-78,1,1,0,0.5177,"Detected input from a HTTPServletRequest going into a 'ProcessBuilder' or 'exec' command. This could lead to command injection if variables passed into the exec commands are not properly sanitized. Instead, avoid using these OS commands with user-supplied input, or, if you must use these commands, use a whitelist of specific values.",0.5444416118463504,P3 - Medium (ML Moderate / Needs Review),data/benchmark/src/main/java/org/owasp/benchmark/testcode/BenchmarkTest01610.java,60
BenchmarkTest01611,0,CWE-330,0,0,0,1.0,,0.037636823716155926,P4 - Low (ML Suppressed / Likely False Alarm),,
BenchmarkTest01612,0,CWE-330,0,0,0,1.0,,0.03391968678800127,P4 - Low (ML Suppressed / Likely False Alarm),,
BenchmarkTest01613,0,CWE-330,0,0,0,1.0,,0.0331840260624013,P4 - Low (ML Suppressed / Likely False Alarm),,
BenchmarkTest01614,0,CWE-330,0,0,0,1.0,,0.03391968678800127,P4 - Low (ML Suppressed / Likely False Alarm),,
BenchmarkTest01615,1,CWE-501,1,1,0,0.7234,"Detected a request with potential user-input going into a OutputStream or Writer object. This bypasses any view or template environments, including HTML escaping, which may expose this application to cross-site scripting (XSS) vulnerabilities. Consider using a view technology such as JavaServer Faces (JSFs) which automatically escapes HTML views.",0.7360201729654304,P2 - High (ML Probable Vulnerability),data/benchmark/src/main/java/org/owasp/benchmark/testcode/BenchmarkTest01615.java,53
BenchmarkTest01616,1,CWE-501,1,1,0,0.7234,"Detected input from a HTTPServletRequest going into a session command, like `setAttribute`. User input into such a command could lead to an attacker inputting malicious code into your session parameters, blurring the line between what's trusted and untrusted, and therefore leading to a trust boundary violation. This could lead to programmers trusting unvalidated data. Instead, thoroughly sanitize user input before passing it into such function calls.",0.6998849314813775,P2 - High (ML Probable Vulnerability),data/benchmark/src/main/java/org/owasp/benchmark/testcode/BenchmarkTest01616.java,51
BenchmarkTest01617,1,CWE-501,1,1,0,0.7234,"Detected a request with potential user-input going into a OutputStream or Writer object. This bypasses any view or template environments, including HTML escaping, which may expose this application to cross-site scripting (XSS) vulnerabilities. Consider using a view technology such as JavaServer Faces (JSFs) which automatically escapes HTML views.",0.711595332929724,P2 - High (ML Probable Vulnerability),data/benchmark/src/main/java/org/owasp/benchmark/testcode/BenchmarkTest01617.java,53
BenchmarkTest01618,1,CWE-501,1,1,0,0.7234,"Detected input from a HTTPServletRequest going into a session command, like `setAttribute`. User input into such a command could lead to an attacker inputting malicious code into your session parameters, blurring the line between what's trusted and untrusted, and therefore leading to a trust boundary violation. This could lead to programmers trusting unvalidated data. Instead, thoroughly sanitize user input before passing it into such function calls.",0.7196177864212013,P2 - High (ML Probable Vulnerability),data/benchmark/src/main/java/org/owasp/benchmark/testcode/BenchmarkTest01618.java,51
BenchmarkTest01619,1,CWE-501,1,1,0,0.7234,"Detected input from a HTTPServletRequest going into a session command, like `setAttribute`. User input into such a command could lead to an attacker inputting malicious code into your session parameters, blurring the line between what's trusted and untrusted, and therefore leading to a trust boundary violation. This could lead to programmers trusting unvalidated data. Instead, thoroughly sanitize user input before passing it into such function calls.",0.6568111284096806,P2 - High (ML Probable Vulnerability),data/benchmark/src/main/java/org/owasp/benchmark/testcode/BenchmarkTest01619.java,51
BenchmarkTest01620,1,CWE-89,2,1,1,0.5746,Detected input from a HTTPServletRequest going into a SQL sink or statement. This could lead to SQL injection if variables in the SQL statement are not properly sanitized. Use parameterized SQL queries or properly sanitize user input instead.,0.6221370751503495,P3 - Medium (ML Moderate / Needs Review),data/benchmark/src/main/java/org/owasp/benchmark/testcode/BenchmarkTest01620.java,55
BenchmarkTest01621,1,CWE-89,2,1,1,0.5746,Detected input from a HTTPServletRequest going into a SQL sink or statement. This could lead to SQL injection if variables in the SQL statement are not properly sanitized. Use parameterized SQL queries or properly sanitize user input instead.,0.6043967051102129,P3 - Medium (ML Moderate / Needs Review),data/benchmark/src/main/java/org/owasp/benchmark/testcode/BenchmarkTest01621.java,55
BenchmarkTest01622,0,CWE-89,2,1,1,0.5746,Detected input from a HTTPServletRequest going into a SQL sink or statement. This could lead to SQL injection if variables in the SQL statement are not properly sanitized. Use parameterized SQL queries or properly sanitize user input instead.,0.6315115188114625,P3 - Medium (ML Moderate / Needs Review),data/benchmark/src/main/java/org/owasp/benchmark/testcode/BenchmarkTest01622.java,55
BenchmarkTest01623,1,CWE-89,2,1,1,0.5746,Detected input from a HTTPServletRequest going into a SQL sink or statement. This could lead to SQL injection if variables in the SQL statement are not properly sanitized. Use parameterized SQL queries or properly sanitize user input instead.,0.6161353418384643,P3 - Medium (ML Moderate / Needs Review),data/benchmark/src/main/java/org/owasp/benchmark/testcode/BenchmarkTest01623.java,55
BenchmarkTest01624,1,CWE-89,1,1,0,0.5746,Detected input from a HTTPServletRequest going into a SQL sink or statement. This could lead to SQL injection if variables in the SQL statement are not properly sanitized. Use parameterized SQL queries or properly sanitize user input instead.,0.63810138505586,P3 - Medium (ML Moderate / Needs Review),data/benchmark/src/main/java/org/owasp/benchmark/testcode/BenchmarkTest01624.java,53
BenchmarkTest01625,1,CWE-89,1,1,0,0.5746,Detected input from a HTTPServletRequest going into a SQL sink or statement. This could lead to SQL injection if variables in the SQL statement are not properly sanitized. Use parameterized SQL queries or properly sanitize user input instead.,0.63810138505586,P3 - Medium (ML Moderate / Needs Review),data/benchmark/src/main/java/org/owasp/benchmark/testcode/BenchmarkTest01625.java,54
BenchmarkTest01626,1,CWE-89,2,1,1,0.5746,Detected input from a HTTPServletRequest going into a SQL sink or statement. This could lead to SQL injection if variables in the SQL statement are not properly sanitized. Use parameterized SQL queries or properly sanitize user input instead.,0.6050253134234014,P3 - Medium (ML Moderate / Needs Review),data/benchmark/src/main/java/org/owasp/benchmark/testcode/BenchmarkTest01626.java,53
BenchmarkTest01627,1,CWE-89,2,1,1,0.5746,Detected a formatted string in a SQL statement. This could lead to SQL injection if variables in the SQL statement are not properly sanitized. Use a prepared statements (java.sql.PreparedStatement) instead. You can obtain a PreparedStatement using 'connection.prepareStatement'.,0.46739305534568415,P3 - Medium (ML Moderate / Needs Review),data/benchmark/src/main/java/org/owasp/benchmark/testcode/BenchmarkTest01627.java,55
BenchmarkTest01628,0,CWE-89,2,1,1,0.5746,Detected a formatted string in a SQL statement. This could lead to SQL injection if variables in the SQL statement are not properly sanitized. Use a prepared statements (java.sql.PreparedStatement) instead. You can obtain a PreparedStatement using 'connection.prepareStatement'.,0.5278626301234679,P3 - Medium (ML Moderate / Needs Review),data/benchmark/src/main/java/org/owasp/benchmark/testcode/BenchmarkTest01628.java,55
BenchmarkTest01629,0,CWE-89,2,1,1,0.5746,Detected input from a HTTPServletRequest going into a SQL sink or statement. This could lead to SQL injection if variables in the SQL statement are not properly sanitized. Use parameterized SQL queries or properly sanitize user input instead.,0.6050253134234014,P3 - Medium (ML Moderate / Needs Review),data/benchmark/src/main/java/org/owasp/benchmark/testcode/BenchmarkTest01629.java,53
BenchmarkTest01630,1,CWE-89,2,1,1,0.5746,Detected input from a HTTPServletRequest going into a SQL sink or statement. This could lead to SQL injection if variables in the SQL statement are not properly sanitized. Use parameterized SQL queries or properly sanitize user input instead.,0.6043967051102129,P3 - Medium (ML Moderate / Needs Review),data/benchmark/src/main/java/org/owasp/benchmark/testcode/BenchmarkTest01630.java,53
BenchmarkTest01631,1,CWE-89,2,1,1,0.5746,Detected input from a HTTPServletRequest going into a SQL sink or statement. This could lead to SQL injection if variables in the SQL statement are not properly sanitized. Use parameterized SQL queries or properly sanitize user input instead.,0.6050253134234014,P3 - Medium (ML Moderate / Needs Review),data/benchmark/src/main/java/org/owasp/benchmark/testcode/BenchmarkTest01631.java,53
BenchmarkTest01632,0,CWE-643,1,1,0,0.5185,"Detected input from a HTTPServletRequest going into a XPath evaluate or compile command. This could lead to xpath injection if variables passed into the evaluate or compile commands are not properly sanitized. Xpath injection could lead to unauthorized access to sensitive information in XML documents. Instead, thoroughly sanitize user input or use parameterized xpath queries if you can.",0.5218271178138495,P3 - Medium (ML Moderate / Needs Review),data/benchmark/src/main/java/org/owasp/benchmark/testcode/BenchmarkTest01632.java,67
BenchmarkTest01633,0,CWE-643,1,1,0,0.5185,"Detected input from a HTTPServletRequest going into a XPath evaluate or compile command. This could lead to xpath injection if variables passed into the evaluate or compile commands are not properly sanitized. Xpath injection could lead to unauthorized access to sensitive information in XML documents. Instead, thoroughly sanitize user input or use parameterized xpath queries if you can.",0.4500384206940105,P3 - Medium (ML Moderate / Needs Review),data/benchmark/src/main/java/org/owasp/benchmark/testcode/BenchmarkTest01633.java,65
BenchmarkTest01634,1,CWE-327,1,1,1,0.9046,Triple DES (3DES or DESede) is considered deprecated. AES is the recommended cipher. Upgrade to use AES.,0.9646666709532539,P1 - Critical (ML High-Confidence Vulnerability),data/benchmark/src/main/java/org/owasp/benchmark/testcode/BenchmarkTest01634.java,88
BenchmarkTest01635,0,CWE-327,0,0,0,0.9046,,0.09852596288884,P4 - Low (ML Suppressed / Likely False Alarm),,
BenchmarkTest01636,0,CWE-327,0,0,0,0.9046,,0.09462285501385369,P4 - Low (ML Suppressed / Likely False Alarm),,
BenchmarkTest01637,1,CWE-327,1,1,1,0.9046,Triple DES (3DES or DESede) is considered deprecated. AES is the recommended cipher. Upgrade to use AES.,0.9646666709532539,P1 - Critical (ML High-Confidence Vulnerability),data/benchmark/src/main/java/org/owasp/benchmark/testcode/BenchmarkTest01637.java,86
BenchmarkTest01638,1,CWE-327,2,1,1,0.9046,DES is considered deprecated. AES is the recommended cipher. Upgrade to use AES. See https://www.nist.gov/news-events/news/2005/06/nist-withdraws-outdated-data-encryption-standard for more information.,0.974080729406824,P1 - Critical (ML High-Confidence Vulnerability),data/benchmark/src/main/java/org/owasp/benchmark/testcode/BenchmarkTest01638.java,83
BenchmarkTest01639,1,CWE-327,2,1,1,0.9046,DES is considered deprecated. AES is the recommended cipher. Upgrade to use AES. See https://www.nist.gov/news-events/news/2005/06/nist-withdraws-outdated-data-encryption-standard for more information.,0.9640713509849929,P1 - Critical (ML High-Confidence Vulnerability),data/benchmark/src/main/java/org/owasp/benchmark/testcode/BenchmarkTest01639.java,83
BenchmarkTest01640,0,CWE-327,0,0,0,0.9046,,0.09015572836705343,P4 - Low (ML Suppressed / Likely False Alarm),,
BenchmarkTest01641,1,CWE-327,1,1,1,0.9046,Triple DES (3DES or DESede) is considered deprecated. AES is the recommended cipher. Upgrade to use AES.,0.957153376753586,P1 - Critical (ML High-Confidence Vulnerability),data/benchmark/src/main/java/org/owasp/benchmark/testcode/BenchmarkTest01641.java,80
BenchmarkTest01642,1,CWE-22,1,1,0,0.531,"Detected a potential path traversal. A malicious actor could control the location of this file, to include going backwards in the directory with '../'. To address this, ensure that user-controlled variables in file paths are sanitized. You may also consider using a utility method such as org.apache.commons.io.FilenameUtils.getName(...) to only retrieve the file name from the path.",0.5394645256012154,P3 - Medium (ML Moderate / Needs Review),data/benchmark/src/main/java/org/owasp/benchmark/testcode/BenchmarkTest01642.java,72
BenchmarkTest01643,1,CWE-22,1,1,0,0.531,"Detected a potential path traversal. A malicious actor could control the location of this file, to include going backwards in the directory with '../'. To address this, ensure that user-controlled variables in file paths are sanitized. You may also consider using a utility method such as org.apache.commons.io.FilenameUtils.getName(...) to only retrieve the file name from the path.",0.5349061735858125,P3 - Medium (ML Moderate / Needs Review),data/benchmark/src/main/java/org/owasp/benchmark/testcode/BenchmarkTest01643.java,89
BenchmarkTest01644,0,CWE-22,1,1,0,0.531,"Detected a potential path traversal. A malicious actor could control the location of this file, to include going backwards in the directory with '../'. To address this, ensure that user-controlled variables in file paths are sanitized. You may also consider using a utility method such as org.apache.commons.io.FilenameUtils.getName(...) to only retrieve the file name from the path.",0.5402428179282152,P3 - Medium (ML Moderate / Needs Review),data/benchmark/src/main/java/org/owasp/benchmark/testcode/BenchmarkTest01644.java,77
BenchmarkTest01645,1,CWE-22,1,1,0,0.531,"Detected a potential path traversal. A malicious actor could control the location of this file, to include going backwards in the directory with '../'. To address this, ensure that user-controlled variables in file paths are sanitized. You may also consider using a utility method such as org.apache.commons.io.FilenameUtils.getName(...) to only retrieve the file name from the path.",0.5349061735858125,P3 - Medium (ML Moderate / Needs Review),data/benchmark/src/main/java/org/owasp/benchmark/testcode/BenchmarkTest01645.java,77
BenchmarkTest01646,0,CWE-22,1,1,0,0.531,"Detected a potential path traversal. A malicious actor could control the location of this file, to include going backwards in the directory with '../'. To address this, ensure that user-controlled variables in file paths are sanitized. You may also consider using a utility method such as org.apache.commons.io.FilenameUtils.getName(...) to only retrieve the file name from the path.",0.5394645256012154,P3 - Medium (ML Moderate / Needs Review),data/benchmark/src/main/java/org/owasp/benchmark/testcode/BenchmarkTest01646.java,78
BenchmarkTest01647,1,CWE-22,1,1,0,0.531,"Detected a potential path traversal. A malicious actor could control the location of this file, to include going backwards in the directory with '../'. To address this, ensure that user-controlled variables in file paths are sanitized. You may also consider using a utility method such as org.apache.commons.io.FilenameUtils.getName(...) to only retrieve the file name from the path.",0.5402428179282152,P3 - Medium (ML Moderate / Needs Review),data/benchmark/src/main/java/org/owasp/benchmark/testcode/BenchmarkTest01647.java,78
BenchmarkTest01648,1,CWE-330,2,1,1,1.0,"Detected use of the functions `Math.random()` or `java.util.Random()`. These are both not cryptographically strong random number generators (RNGs). If you are using these RNGs to create passwords or secret tokens, use `java.security.SecureRandom` instead.",0.9995454545454545,P1 - Critical (ML High-Confidence Vulnerability),data/benchmark/src/main/java/org/owasp/benchmark/testcode/BenchmarkTest01648.java,72
BenchmarkTest01649,1,CWE-328,2,1,1,1.0,"Detected SHA1 hash algorithm which is considered insecure. SHA1 is not collision resistant and is therefore not suitable as a cryptographic signature. Instead, use PBKDF2 for password hashing or SHA256 or SHA512 for other hash function applications.",0.9983424470266575,P1 - Critical (ML High-Confidence Vulnerability),data/benchmark/src/main/java/org/owasp/benchmark/testcode/BenchmarkTest01649.java,73
BenchmarkTest01650,1,CWE-328,2,1,1,1.0,"Detected SHA1 hash algorithm which is considered insecure. SHA1 is not collision resistant and is therefore not suitable as a cryptographic signature. Instead, use PBKDF2 for password hashing or SHA256 or SHA512 for other hash function applications.",1.0,P1 - Critical (ML High-Confidence Vulnerability),data/benchmark/src/main/java/org/owasp/benchmark/testcode/BenchmarkTest01650.java,73
BenchmarkTest01651,1,CWE-328,2,1,1,1.0,"Detected SHA1 hash algorithm which is considered insecure. SHA1 is not collision resistant and is therefore not suitable as a cryptographic signature. Instead, use PBKDF2 for password hashing or SHA256 or SHA512 for other hash function applications.",0.9966744996793538,P1 - Critical (ML High-Confidence Vulnerability),data/benchmark/src/main/java/org/owasp/benchmark/testcode/BenchmarkTest01651.java,73
BenchmarkTest01652,0,CWE-328,0,0,0,1.0,,0.25279536684003723,P4 - Low (ML Suppressed / Likely False Alarm),,
BenchmarkTest01653,1,CWE-328,2,1,1,1.0,Detected MD5 hash algorithm which is considered insecure. MD5 is not collision resistant and is therefore not suitable as a cryptographic signature. Use HMAC instead.,0.997774524693956,P1 - Critical (ML High-Confidence Vulnerability),data/benchmark/src/main/java/org/owasp/benchmark/testcode/BenchmarkTest01653.java,73
BenchmarkTest01654,1,CWE-328,0,0,0,1.0,,0.26631103688868035,P4 - Low (ML Suppressed / Likely False Alarm),,
BenchmarkTest01655,0,CWE-328,0,0,0,1.0,,0.231920865694142,P4 - Low (ML Suppressed / Likely False Alarm),,
BenchmarkTest01656,0,CWE-328,0,0,0,1.0,,0.26631103688868035,P4 - Low (ML Suppressed / Likely False Alarm),,
BenchmarkTest01657,1,CWE-79,1,1,0,0.6516,"Detected a request with potential user-input going into a OutputStream or Writer object. This bypasses any view or template environments, including HTML escaping, which may expose this application to cross-site scripting (XSS) vulnerabilities. Consider using a view technology such as JavaServer Faces (JSFs) which automatically escapes HTML views.",0.6606354491638398,P2 - High (ML Probable Vulnerability),data/benchmark/src/main/java/org/owasp/benchmark/testcode/BenchmarkTest01657.java,76
BenchmarkTest01658,1,CWE-79,1,1,0,0.6516,"Detected a request with potential user-input going into a OutputStream or Writer object. This bypasses any view or template environments, including HTML escaping, which may expose this application to cross-site scripting (XSS) vulnerabilities. Consider using a view technology such as JavaServer Faces (JSFs) which automatically escapes HTML views.",0.6606354491638398,P2 - High (ML Probable Vulnerability),data/benchmark/src/main/java/org/owasp/benchmark/testcode/BenchmarkTest01658.java,74
BenchmarkTest01659,0,CWE-79,1,1,0,0.6516,"Detected a request with potential user-input going into a OutputStream or Writer object. This bypasses any view or template environments, including HTML escaping, which may expose this application to cross-site scripting (XSS) vulnerabilities. Consider using a view technology such as JavaServer Faces (JSFs) which automatically escapes HTML views.",0.6691842611085874,P2 - High (ML Probable Vulnerability),data/benchmark/src/main/java/org/owasp/benchmark/testcode/BenchmarkTest01659.java,73
BenchmarkTest01660,1,CWE-79,1,1,0,0.6516,"Detected a request with potential user-input going into a OutputStream or Writer object. This bypasses any view or template environments, including HTML escaping, which may expose this application to cross-site scripting (XSS) vulnerabilities. Consider using a view technology such as JavaServer Faces (JSFs) which automatically escapes HTML views.",0.6691842611085874,P2 - High (ML Probable Vulnerability),data/benchmark/src/main/java/org/owasp/benchmark/testcode/BenchmarkTest01660.java,73
BenchmarkTest01661,0,CWE-79,1,1,0,0.6516,"Detected a request with potential user-input going into a OutputStream or Writer object. This bypasses any view or template environments, including HTML escaping, which may expose this application to cross-site scripting (XSS) vulnerabilities. Consider using a view technology such as JavaServer Faces (JSFs) which automatically escapes HTML views.",0.6606354491638398,P2 - High (ML Probable Vulnerability),data/benchmark/src/main/java/org/owasp/benchmark/testcode/BenchmarkTest01661.java,74
BenchmarkTest01662,1,CWE-79,1,1,0,0.6516,"Detected a request with potential user-input going into a OutputStream or Writer object. This bypasses any view or template environments, including HTML escaping, which may expose this application to cross-site scripting (XSS) vulnerabilities. Consider using a view technology such as JavaServer Faces (JSFs) which automatically escapes HTML views.",0.6447716715602264,P3 - Medium (ML Moderate / Needs Review),data/benchmark/src/main/java/org/owasp/benchmark/testcode/BenchmarkTest01662.java,74
BenchmarkTest01663,0,CWE-79,1,1,0,0.6516,"Detected a request with potential user-input going into a OutputStream or Writer object. This bypasses any view or template environments, including HTML escaping, which may expose this application to cross-site scripting (XSS) vulnerabilities. Consider using a view technology such as JavaServer Faces (JSFs) which automatically escapes HTML views.",0.6691842611085874,P2 - High (ML Probable Vulnerability),data/benchmark/src/main/java/org/owasp/benchmark/testcode/BenchmarkTest01663.java,74
BenchmarkTest01664,0,CWE-79,1,1,0,0.6516,"Detected a request with potential user-input going into a OutputStream or Writer object. This bypasses any view or template environments, including HTML escaping, which may expose this application to cross-site scripting (XSS) vulnerabilities. Consider using a view technology such as JavaServer Faces (JSFs) which automatically escapes HTML views.",0.6221848022643229,P3 - Medium (ML Moderate / Needs Review),data/benchmark/src/main/java/org/owasp/benchmark/testcode/BenchmarkTest01664.java,73
BenchmarkTest01665,1,CWE-79,1,1,0,0.6516,"Detected a request with potential user-input going into a OutputStream or Writer object. This bypasses any view or template environments, including HTML escaping, which may expose this application to cross-site scripting (XSS) vulnerabilities. Consider using a view technology such as JavaServer Faces (JSFs) which automatically escapes HTML views.",0.6447716715602264,P3 - Medium (ML Moderate / Needs Review),data/benchmark/src/main/java/org/owasp/benchmark/testcode/BenchmarkTest01665.java,73
BenchmarkTest01666,1,CWE-79,1,1,0,0.6516,"Detected a request with potential user-input going into a OutputStream or Writer object. This bypasses any view or template environments, including HTML escaping, which may expose this application to cross-site scripting (XSS) vulnerabilities. Consider using a view technology such as JavaServer Faces (JSFs) which automatically escapes HTML views.",0.6691842611085874,P2 - High (ML Probable Vulnerability),data/benchmark/src/main/java/org/owasp/benchmark/testcode/BenchmarkTest01666.java,73
BenchmarkTest01667,1,CWE-79,1,1,0,0.6516,"Detected a request with potential user-input going into a OutputStream or Writer object. This bypasses any view or template environments, including HTML escaping, which may expose this application to cross-site scripting (XSS) vulnerabilities. Consider using a view technology such as JavaServer Faces (JSFs) which automatically escapes HTML views.",0.6447716715602264,P3 - Medium (ML Moderate / Needs Review),data/benchmark/src/main/java/org/owasp/benchmark/testcode/BenchmarkTest01667.java,73
BenchmarkTest01668,0,CWE-79,1,1,0,0.6516,"Detected a request with potential user-input going into a OutputStream or Writer object. This bypasses any view or template environments, including HTML escaping, which may expose this application to cross-site scripting (XSS) vulnerabilities. Consider using a view technology such as JavaServer Faces (JSFs) which automatically escapes HTML views.",0.6447716715602264,P3 - Medium (ML Moderate / Needs Review),data/benchmark/src/main/java/org/owasp/benchmark/testcode/BenchmarkTest01668.java,73
BenchmarkTest01669,0,CWE-79,1,1,0,0.6516,"Detected a request with potential user-input going into a OutputStream or Writer object. This bypasses any view or template environments, including HTML escaping, which may expose this application to cross-site scripting (XSS) vulnerabilities. Consider using a view technology such as JavaServer Faces (JSFs) which automatically escapes HTML views.",0.6447716715602264,P3 - Medium (ML Moderate / Needs Review),data/benchmark/src/main/java/org/owasp/benchmark/testcode/BenchmarkTest01669.java,73
BenchmarkTest01670,1,CWE-79,1,1,0,0.6516,"Detected a request with potential user-input going into a OutputStream or Writer object. This bypasses any view or template environments, including HTML escaping, which may expose this application to cross-site scripting (XSS) vulnerabilities. Consider using a view technology such as JavaServer Faces (JSFs) which automatically escapes HTML views.",0.6588860833788427,P2 - High (ML Probable Vulnerability),data/benchmark/src/main/java/org/owasp/benchmark/testcode/BenchmarkTest01670.java,73
BenchmarkTest01671,0,CWE-79,1,1,0,0.6516,"Detected a request with potential user-input going into a OutputStream or Writer object. This bypasses any view or template environments, including HTML escaping, which may expose this application to cross-site scripting (XSS) vulnerabilities. Consider using a view technology such as JavaServer Faces (JSFs) which automatically escapes HTML views.",0.6447716715602264,P3 - Medium (ML Moderate / Needs Review),data/benchmark/src/main/java/org/owasp/benchmark/testcode/BenchmarkTest01671.java,73
BenchmarkTest01672,0,CWE-78,1,1,0,0.5177,A formatted or concatenated string was detected as input to a ProcessBuilder call. This is dangerous if a variable is controlled by user input and could result in a command injection. Ensure your variables are not controlled by users or sufficiently sanitized.,0.33217358855541107,P4 - Low (ML Suppressed / Likely False Alarm),data/benchmark/src/main/java/org/owasp/benchmark/testcode/BenchmarkTest01672.java,86
BenchmarkTest01673,1,CWE-78,1,1,0,0.5177,"Detected input from a HTTPServletRequest going into a 'ProcessBuilder' or 'exec' command. This could lead to command injection if variables passed into the exec commands are not properly sanitized. Instead, avoid using these OS commands with user-supplied input, or, if you must use these commands, use a whitelist of specific values.",0.5114755110284748,P3 - Medium (ML Moderate / Needs Review),data/benchmark/src/main/java/org/owasp/benchmark/testcode/BenchmarkTest01673.java,82
BenchmarkTest01674,1,CWE-78,1,1,0,0.5177,"Detected input from a HTTPServletRequest going into a 'ProcessBuilder' or 'exec' command. This could lead to command injection if variables passed into the exec commands are not properly sanitized. Instead, avoid using these OS commands with user-supplied input, or, if you must use these commands, use a whitelist of specific values.",0.5114755110284748,P3 - Medium (ML Moderate / Needs Review),data/benchmark/src/main/java/org/owasp/benchmark/testcode/BenchmarkTest01674.java,84
BenchmarkTest01675,1,CWE-330,2,1,1,1.0,"Detected use of the functions `Math.random()` or `java.util.Random()`. These are both not cryptographically strong random number generators (RNGs). If you are using these RNGs to create passwords or secret tokens, use `java.security.SecureRandom` instead.",0.9995641025641026,P1 - Critical (ML High-Confidence Vulnerability),data/benchmark/src/main/java/org/owasp/benchmark/testcode/BenchmarkTest01675.java,73
BenchmarkTest01676,1,CWE-330,2,1,1,1.0,"Detected use of the functions `Math.random()` or `java.util.Random()`. These are both not cryptographically strong random number generators (RNGs). If you are using these RNGs to create passwords or secret tokens, use `java.security.SecureRandom` instead.",1.0,P1 - Critical (ML High-Confidence Vulnerability),data/benchmark/src/main/java/org/owasp/benchmark/testcode/BenchmarkTest01676.java,72
BenchmarkTest01677,1,CWE-330,2,1,1,1.0,"Detected use of the functions `Math.random()` or `java.util.Random()`. These are both not cryptographically strong random number generators (RNGs). If you are using these RNGs to create passwords or secret tokens, use `java.security.SecureRandom` instead.",1.0,P1 - Critical (ML High-Confidence Vulnerability),data/benchmark/src/main/java/org/owasp/benchmark/testcode/BenchmarkTest01677.java,72
BenchmarkTest01678,1,CWE-330,2,1,1,1.0,"Detected use of the functions `Math.random()` or `java.util.Random()`. These are both not cryptographically strong random number generators (RNGs). If you are using these RNGs to create passwords or secret tokens, use `java.security.SecureRandom` instead.",1.0,P1 - Critical (ML High-Confidence Vulnerability),data/benchmark/src/main/java/org/owasp/benchmark/testcode/BenchmarkTest01678.java,72
BenchmarkTest01679,1,CWE-330,2,1,1,1.0,"Detected use of the functions `Math.random()` or `java.util.Random()`. These are both not cryptographically strong random number generators (RNGs). If you are using these RNGs to create passwords or secret tokens, use `java.security.SecureRandom` instead.",1.0,P1 - Critical (ML High-Confidence Vulnerability),data/benchmark/src/main/java/org/owasp/benchmark/testcode/BenchmarkTest01679.java,72
BenchmarkTest01680,1,CWE-330,2,1,1,1.0,"Detected use of the functions `Math.random()` or `java.util.Random()`. These are both not cryptographically strong random number generators (RNGs). If you are using these RNGs to create passwords or secret tokens, use `java.security.SecureRandom` instead.",1.0,P1 - Critical (ML High-Confidence Vulnerability),data/benchmark/src/main/java/org/owasp/benchmark/testcode/BenchmarkTest01680.java,72
BenchmarkTest01681,1,CWE-330,2,1,1,1.0,"Detected use of the functions `Math.random()` or `java.util.Random()`. These are both not cryptographically strong random number generators (RNGs). If you are using these RNGs to create passwords or secret tokens, use `java.security.SecureRandom` instead.",1.0,P1 - Critical (ML High-Confidence Vulnerability),data/benchmark/src/main/java/org/owasp/benchmark/testcode/BenchmarkTest01681.java,72
BenchmarkTest01682,1,CWE-614,1,1,0,1.0,A cookie was detected without setting the 'secure' flag. The 'secure' flag for cookies prevents the client from transmitting the cookie over insecure channels such as HTTP. Set the 'secure' flag by calling 'cookie.setSecure(true);',0.9125201649560278,P1 - Critical (ML High-Confidence Vulnerability),data/benchmark/src/main/java/org/owasp/benchmark/testcode/BenchmarkTest01682.java,89
BenchmarkTest01683,1,CWE-614,1,1,0,1.0,A cookie was detected without setting the 'secure' flag. The 'secure' flag for cookies prevents the client from transmitting the cookie over insecure channels such as HTTP. Set the 'secure' flag by calling 'cookie.setSecure(true);',0.9125201649560278,P1 - Critical (ML High-Confidence Vulnerability),data/benchmark/src/main/java/org/owasp/benchmark/testcode/BenchmarkTest01683.java,89
BenchmarkTest01684,0,CWE-614,0,0,0,1.0,,0.10974908684119335,P4 - Low (ML Suppressed / Likely False Alarm),,
BenchmarkTest01685,1,CWE-78,1,1,0,0.5177,"Detected input from a HTTPServletRequest going into a 'ProcessBuilder' or 'exec' command. This could lead to command injection if variables passed into the exec commands are not properly sanitized. Instead, avoid using these OS commands with user-supplied input, or, if you must use these commands, use a whitelist of specific values.",0.5089059229256337,P3 - Medium (ML Moderate / Needs Review),data/benchmark/src/main/java/org/owasp/benchmark/testcode/BenchmarkTest01685.java,95
BenchmarkTest01686,0,CWE-78,1,1,0,0.5177,"Detected input from a HTTPServletRequest going into a 'ProcessBuilder' or 'exec' command. This could lead to command injection if variables passed into the exec commands are not properly sanitized. Instead, avoid using these OS commands with user-supplied input, or, if you must use these commands, use a whitelist of specific values.",0.5683792859920807,P3 - Medium (ML Moderate / Needs Review),data/benchmark/src/main/java/org/owasp/benchmark/testcode/BenchmarkTest01686.java,81
BenchmarkTest01687,0,CWE-78,1,1,0,0.5177,"Detected input from a HTTPServletRequest going into a 'ProcessBuilder' or 'exec' command. This could lead to command injection if variables passed into the exec commands are not properly sanitized. Instead, avoid using these OS commands with user-supplied input, or, if you must use these commands, use a whitelist of specific values.",0.5752195073482003,P3 - Medium (ML Moderate / Needs Review),data/benchmark/src/main/java/org/owasp/benchmark/testcode/BenchmarkTest01687.java,95
BenchmarkTest01688,0,CWE-78,1,1,0,0.5177,"Detected input from a HTTPServletRequest going into a 'ProcessBuilder' or 'exec' command. This could lead to command injection if variables passed into the exec commands are not properly sanitized. Instead, avoid using these OS commands with user-supplied input, or, if you must use these commands, use a whitelist of specific values.",0.5683792859920807,P3 - Medium (ML Moderate / Needs Review),data/benchmark/src/main/java/org/owasp/benchmark/testcode/BenchmarkTest01688.java,82
BenchmarkTest01689,1,CWE-78,1,1,0,0.5177,"Detected input from a HTTPServletRequest going into a 'ProcessBuilder' or 'exec' command. This could lead to command injection if variables passed into the exec commands are not properly sanitized. Instead, avoid using these OS commands with user-supplied input, or, if you must use these commands, use a whitelist of specific values.",0.5114755110284748,P3 - Medium (ML Moderate / Needs Review),data/benchmark/src/main/java/org/owasp/benchmark/testcode/BenchmarkTest01689.java,82
BenchmarkTest01690,1,CWE-78,1,1,0,0.5177,"Detected input from a HTTPServletRequest going into a 'ProcessBuilder' or 'exec' command. This could lead to command injection if variables passed into the exec commands are not properly sanitized. Instead, avoid using these OS commands with user-supplied input, or, if you must use these commands, use a whitelist of specific values.",0.5114755110284748,P3 - Medium (ML Moderate / Needs Review),data/benchmark/src/main/java/org/owasp/benchmark/testcode/BenchmarkTest01690.java,80
BenchmarkTest01691,1,CWE-78,1,1,0,0.5177,"Detected input from a HTTPServletRequest going into a 'ProcessBuilder' or 'exec' command. This could lead to command injection if variables passed into the exec commands are not properly sanitized. Instead, avoid using these OS commands with user-supplied input, or, if you must use these commands, use a whitelist of specific values.",0.5752195073482003,P3 - Medium (ML Moderate / Needs Review),data/benchmark/src/main/java/org/owasp/benchmark/testcode/BenchmarkTest01691.java,80
BenchmarkTest01692,0,CWE-78,1,1,0,0.5177,"Detected input from a HTTPServletRequest going into a 'ProcessBuilder' or 'exec' command. This could lead to command injection if variables passed into the exec commands are not properly sanitized. Instead, avoid using these OS commands with user-supplied input, or, if you must use these commands, use a whitelist of specific values.",0.5683792859920807,P3 - Medium (ML Moderate / Needs Review),data/benchmark/src/main/java/org/owasp/benchmark/testcode/BenchmarkTest01692.java,82
BenchmarkTest01693,0,CWE-78,1,1,0,0.5177,"Detected input from a HTTPServletRequest going into a 'ProcessBuilder' or 'exec' command. This could lead to command injection if variables passed into the exec commands are not properly sanitized. Instead, avoid using these OS commands with user-supplied input, or, if you must use these commands, use a whitelist of specific values.",0.5444416118463504,P3 - Medium (ML Moderate / Needs Review),data/benchmark/src/main/java/org/owasp/benchmark/testcode/BenchmarkTest01693.java,82
BenchmarkTest01694,0,CWE-330,0,0,0,1.0,,0.04325014794951732,P4 - Low (ML Suppressed / Likely False Alarm),,
BenchmarkTest01695,0,CWE-330,0,0,0,1.0,,0.03391968678800127,P4 - Low (ML Suppressed / Likely False Alarm),,
BenchmarkTest01696,0,CWE-330,0,0,0,1.0,,0.03704436789576919,P4 - Low (ML Suppressed / Likely False Alarm),,
BenchmarkTest01697,0,CWE-330,0,0,0,1.0,,0.03391968678800127,P4 - Low (ML Suppressed / Likely False Alarm),,
BenchmarkTest01698,0,CWE-330,0,0,0,1.0,,0.03704436789576919,P4 - Low (ML Suppressed / Likely False Alarm),,
BenchmarkTest01699,0,CWE-330,0,0,0,1.0,,0.0331840260624013,P4 - Low (ML Suppressed / Likely False Alarm),,
BenchmarkTest01700,0,CWE-330,0,0,0,1.0,,0.04325014794951732,P4 - Low (ML Suppressed / Likely False Alarm),,
BenchmarkTest01701,0,CWE-330,0,0,0,1.0,,0.04325014794951732,P4 - Low (ML Suppressed / Likely False Alarm),,
BenchmarkTest01702,0,CWE-330,0,0,0,1.0,,0.04325014794951732,P4 - Low (ML Suppressed / Likely False Alarm),,
BenchmarkTest01703,0,CWE-330,0,0,0,1.0,,0.03704436789576919,P4 - Low (ML Suppressed / Likely False Alarm),,
BenchmarkTest01704,0,CWE-330,0,0,0,1.0,,0.0331840260624013,P4 - Low (ML Suppressed / Likely False Alarm),,
BenchmarkTest01705,0,CWE-330,0,0,0,1.0,,0.0331840260624013,P4 - Low (ML Suppressed / Likely False Alarm),,
BenchmarkTest01706,0,CWE-330,0,0,0,1.0,,0.03704436789576919,P4 - Low (ML Suppressed / Likely False Alarm),,
BenchmarkTest01707,0,CWE-330,0,0,0,1.0,,0.037636823716155926,P4 - Low (ML Suppressed / Likely False Alarm),,
BenchmarkTest01708,1,CWE-501,1,1,0,0.7234,"Detected a request with potential user-input going into a OutputStream or Writer object. This bypasses any view or template environments, including HTML escaping, which may expose this application to cross-site scripting (XSS) vulnerabilities. Consider using a view technology such as JavaServer Faces (JSFs) which automatically escapes HTML views.",0.7789605520980689,P2 - High (ML Probable Vulnerability),data/benchmark/src/main/java/org/owasp/benchmark/testcode/BenchmarkTest01708.java,75
BenchmarkTest01709,1,CWE-501,1,1,0,0.7234,"Detected input from a HTTPServletRequest going into a session command, like `setAttribute`. User input into such a command could lead to an attacker inputting malicious code into your session parameters, blurring the line between what's trusted and untrusted, and therefore leading to a trust boundary violation. This could lead to programmers trusting unvalidated data. Instead, thoroughly sanitize user input before passing it into such function calls.",0.6998849314813775,P2 - High (ML Probable Vulnerability),data/benchmark/src/main/java/org/owasp/benchmark/testcode/BenchmarkTest01709.java,73
BenchmarkTest01710,1,CWE-501,1,1,0,0.7234,"Detected input from a HTTPServletRequest going into a session command, like `setAttribute`. User input into such a command could lead to an attacker inputting malicious code into your session parameters, blurring the line between what's trusted and untrusted, and therefore leading to a trust boundary violation. This could lead to programmers trusting unvalidated data. Instead, thoroughly sanitize user input before passing it into such function calls.",0.7196177864212013,P2 - High (ML Probable Vulnerability),data/benchmark/src/main/java/org/owasp/benchmark/testcode/BenchmarkTest01710.java,73
BenchmarkTest01711,1,CWE-501,1,1,0,0.7234,"Detected input from a HTTPServletRequest going into a session command, like `setAttribute`. User input into such a command could lead to an attacker inputting malicious code into your session parameters, blurring the line between what's trusted and untrusted, and therefore leading to a trust boundary violation. This could lead to programmers trusting unvalidated data. Instead, thoroughly sanitize user input before passing it into such function calls.",0.6568111284096806,P2 - High (ML Probable Vulnerability),data/benchmark/src/main/java/org/owasp/benchmark/testcode/BenchmarkTest01711.java,73
BenchmarkTest01712,1,CWE-89,2,1,1,0.5746,Detected input from a HTTPServletRequest going into a SQL sink or statement. This could lead to SQL injection if variables in the SQL statement are not properly sanitized. Use parameterized SQL queries or properly sanitize user input instead.,0.6221370751503495,P3 - Medium (ML Moderate / Needs Review),data/benchmark/src/main/java/org/owasp/benchmark/testcode/BenchmarkTest01712.java,77
BenchmarkTest01713,0,CWE-89,2,1,1,0.5746,Detected input from a HTTPServletRequest going into a SQL sink or statement. This could lead to SQL injection if variables in the SQL statement are not properly sanitized. Use parameterized SQL queries or properly sanitize user input instead.,0.6315115188114625,P3 - Medium (ML Moderate / Needs Review),data/benchmark/src/main/java/org/owasp/benchmark/testcode/BenchmarkTest01713.java,77
BenchmarkTest01714,0,CWE-89,2,1,1,0.5746,Detected input from a HTTPServletRequest going into a SQL sink or statement. This could lead to SQL injection if variables in the SQL statement are not properly sanitized. Use parameterized SQL queries or properly sanitize user input instead.,0.6043967051102129,P3 - Medium (ML Moderate / Needs Review),data/benchmark/src/main/java/org/owasp/benchmark/testcode/BenchmarkTest01714.java,77
BenchmarkTest01715,1,CWE-89,2,1,1,0.5746,Detected input from a HTTPServletRequest going into a SQL sink or statement. This could lead to SQL injection if variables in the SQL statement are not properly sanitized. Use parameterized SQL queries or properly sanitize user input instead.,0.6315115188114625,P3 - Medium (ML Moderate / Needs Review),data/benchmark/src/main/java/org/owasp/benchmark/testcode/BenchmarkTest01715.java,77
BenchmarkTest01716,1,CWE-89,2,1,1,0.5746,Detected input from a HTTPServletRequest going into a SQL sink or statement. This could lead to SQL injection if variables in the SQL statement are not properly sanitized. Use parameterized SQL queries or properly sanitize user input instead.,0.6315115188114625,P3 - Medium (ML Moderate / Needs Review),data/benchmark/src/main/java/org/owasp/benchmark/testcode/BenchmarkTest01716.java,77
BenchmarkTest01717,0,CWE-89,2,1,1,0.5746,Detected input from a HTTPServletRequest going into a SQL sink or statement. This could lead to SQL injection if variables in the SQL statement are not properly sanitized. Use parameterized SQL queries or properly sanitize user input instead.,0.6221370751503495,P3 - Medium (ML Moderate / Needs Review),data/benchmark/src/main/java/org/owasp/benchmark/testcode/BenchmarkTest01717.java,77
BenchmarkTest01718,1,CWE-89,2,1,1,0.5746,Detected input from a HTTPServletRequest going into a SQL sink or statement. This could lead to SQL injection if variables in the SQL statement are not properly sanitized. Use parameterized SQL queries or properly sanitize user input instead.,0.6050253134234014,P3 - Medium (ML Moderate / Needs Review),data/benchmark/src/main/java/org/owasp/benchmark/testcode/BenchmarkTest01718.java,77
BenchmarkTest01719,0,CWE-89,2,1,1,0.5746,Detected input from a HTTPServletRequest going into a SQL sink or statement. This could lead to SQL injection if variables in the SQL statement are not properly sanitized. Use parameterized SQL queries or properly sanitize user input instead.,0.6043967051102129,P3 - Medium (ML Moderate / Needs Review),data/benchmark/src/main/java/org/owasp/benchmark/testcode/BenchmarkTest01719.java,77
BenchmarkTest01720,1,CWE-89,1,1,0,0.5746,Detected input from a HTTPServletRequest going into a SQL sink or statement. This could lead to SQL injection if variables in the SQL statement are not properly sanitized. Use parameterized SQL queries or properly sanitize user input instead.,0.6393503814415632,P3 - Medium (ML Moderate / Needs Review),data/benchmark/src/main/java/org/owasp/benchmark/testcode/BenchmarkTest01720.java,75
BenchmarkTest01721,1,CWE-89,1,1,0,0.5746,Detected input from a HTTPServletRequest going into a SQL sink or statement. This could lead to SQL injection if variables in the SQL statement are not properly sanitized. Use parameterized SQL queries or properly sanitize user input instead.,0.6314792486337455,P3 - Medium (ML Moderate / Needs Review),data/benchmark/src/main/java/org/owasp/benchmark/testcode/BenchmarkTest01721.java,74
BenchmarkTest01722,0,CWE-89,1,1,0,0.5746,Detected input from a HTTPServletRequest going into a SQL sink or statement. This could lead to SQL injection if variables in the SQL statement are not properly sanitized. Use parameterized SQL queries or properly sanitize user input instead.,0.6371570818030259,P3 - Medium (ML Moderate / Needs Review),data/benchmark/src/main/java/org/owasp/benchmark/testcode/BenchmarkTest01722.java,74
BenchmarkTest01723,1,CWE-89,1,1,0,0.5746,Detected input from a HTTPServletRequest going into a SQL sink or statement. This could lead to SQL injection if variables in the SQL statement are not properly sanitized. Use parameterized SQL queries or properly sanitize user input instead.,0.6393503814415632,P3 - Medium (ML Moderate / Needs Review),data/benchmark/src/main/java/org/owasp/benchmark/testcode/BenchmarkTest01723.java,77
BenchmarkTest01724,1,CWE-89,1,1,0,0.5746,Detected input from a HTTPServletRequest going into a SQL sink or statement. This could lead to SQL injection if variables in the SQL statement are not properly sanitized. Use parameterized SQL queries or properly sanitize user input instead.,0.6314792486337455,P3 - Medium (ML Moderate / Needs Review),data/benchmark/src/main/java/org/owasp/benchmark/testcode/BenchmarkTest01724.java,75
BenchmarkTest01725,1,CWE-89,1,1,0,0.5746,Detected input from a HTTPServletRequest going into a SQL sink or statement. This could lead to SQL injection if variables in the SQL statement are not properly sanitized. Use parameterized SQL queries or properly sanitize user input instead.,0.6371570818030259,P3 - Medium (ML Moderate / Needs Review),data/benchmark/src/main/java/org/owasp/benchmark/testcode/BenchmarkTest01725.java,75
BenchmarkTest01726,1,CWE-89,1,1,0,0.5746,Detected input from a HTTPServletRequest going into a SQL sink or statement. This could lead to SQL injection if variables in the SQL statement are not properly sanitized. Use parameterized SQL queries or properly sanitize user input instead.,0.6371570818030259,P3 - Medium (ML Moderate / Needs Review),data/benchmark/src/main/java/org/owasp/benchmark/testcode/BenchmarkTest01726.java,74
BenchmarkTest01727,1,CWE-89,1,1,0,0.5746,Detected input from a HTTPServletRequest going into a SQL sink or statement. This could lead to SQL injection if variables in the SQL statement are not properly sanitized. Use parameterized SQL queries or properly sanitize user input instead.,0.6314792486337455,P3 - Medium (ML Moderate / Needs Review),data/benchmark/src/main/java/org/owasp/benchmark/testcode/BenchmarkTest01727.java,75
BenchmarkTest01728,1,CWE-89,2,1,1,0.5746,Detected input from a HTTPServletRequest going into a SQL sink or statement. This could lead to SQL injection if variables in the SQL statement are not properly sanitized. Use parameterized SQL queries or properly sanitize user input instead.,0.6043967051102129,P3 - Medium (ML Moderate / Needs Review),data/benchmark/src/main/java/org/owasp/benchmark/testcode/BenchmarkTest01728.java,75
BenchmarkTest01729,0,CWE-89,2,1,1,0.5746,Detected input from a HTTPServletRequest going into a SQL sink or statement. This could lead to SQL injection if variables in the SQL statement are not properly sanitized. Use parameterized SQL queries or properly sanitize user input instead.,0.6050253134234014,P3 - Medium (ML Moderate / Needs Review),data/benchmark/src/main/java/org/owasp/benchmark/testcode/BenchmarkTest01729.java,75
BenchmarkTest01730,1,CWE-89,2,1,1,0.5746,Detected a formatted string in a SQL statement. This could lead to SQL injection if variables in the SQL statement are not properly sanitized. Use a prepared statements (java.sql.PreparedStatement) instead. You can obtain a PreparedStatement using 'connection.prepareStatement'.,0.5278626301234679,P3 - Medium (ML Moderate / Needs Review),data/benchmark/src/main/java/org/owasp/benchmark/testcode/BenchmarkTest01730.java,77
BenchmarkTest01731,1,CWE-89,2,1,1,0.5746,Detected a formatted string in a SQL statement. This could lead to SQL injection if variables in the SQL statement are not properly sanitized. Use a prepared statements (java.sql.PreparedStatement) instead. You can obtain a PreparedStatement using 'connection.prepareStatement'.,0.46739305534568415,P3 - Medium (ML Moderate / Needs Review),data/benchmark/src/main/java/org/owasp/benchmark/testcode/BenchmarkTest01731.java,77
BenchmarkTest01732,0,CWE-89,2,1,1,0.5746,Detected input from a HTTPServletRequest going into a SQL sink or statement. This could lead to SQL injection if variables in the SQL statement are not properly sanitized. Use parameterized SQL queries or properly sanitize user input instead.,0.6161353418384643,P3 - Medium (ML Moderate / Needs Review),data/benchmark/src/main/java/org/owasp/benchmark/testcode/BenchmarkTest01732.java,75
BenchmarkTest01733,1,CWE-89,2,1,1,0.5746,Detected input from a HTTPServletRequest going into a SQL sink or statement. This could lead to SQL injection if variables in the SQL statement are not properly sanitized. Use parameterized SQL queries or properly sanitize user input instead.,0.6221370751503495,P3 - Medium (ML Moderate / Needs Review),data/benchmark/src/main/java/org/owasp/benchmark/testcode/BenchmarkTest01733.java,75
BenchmarkTest01734,1,CWE-643,1,1,0,0.5185,"Detected input from a HTTPServletRequest going into a XPath evaluate or compile command. This could lead to xpath injection if variables passed into the evaluate or compile commands are not properly sanitized. Xpath injection could lead to unauthorized access to sensitive information in XML documents. Instead, thoroughly sanitize user input or use parameterized xpath queries if you can.",0.4922262947505719,P3 - Medium (ML Moderate / Needs Review),data/benchmark/src/main/java/org/owasp/benchmark/testcode/BenchmarkTest01734.java,89
BenchmarkTest01735,0,CWE-643,1,1,0,0.5185,"Detected input from a HTTPServletRequest going into a XPath evaluate or compile command. This could lead to xpath injection if variables passed into the evaluate or compile commands are not properly sanitized. Xpath injection could lead to unauthorized access to sensitive information in XML documents. Instead, thoroughly sanitize user input or use parameterized xpath queries if you can.",0.5378530176248051,P3 - Medium (ML Moderate / Needs Review),data/benchmark/src/main/java/org/owasp/benchmark/testcode/BenchmarkTest01735.java,89
BenchmarkTest01736,1,CWE-643,1,1,0,0.5185,"Detected input from a HTTPServletRequest going into a XPath evaluate or compile command. This could lead to xpath injection if variables passed into the evaluate or compile commands are not properly sanitized. Xpath injection could lead to unauthorized access to sensitive information in XML documents. Instead, thoroughly sanitize user input or use parameterized xpath queries if you can.",0.4500384206940105,P3 - Medium (ML Moderate / Needs Review),data/benchmark/src/main/java/org/owasp/benchmark/testcode/BenchmarkTest01736.java,87
BenchmarkTest01737,0,CWE-327,0,0,0,0.9046,,0.09852596288884,P4 - Low (ML Suppressed / Likely False Alarm),,
BenchmarkTest01738,0,CWE-327,0,0,0,0.9046,,0.08362763156367758,P4 - Low (ML Suppressed / Likely False Alarm),,
BenchmarkTest01739,0,CWE-327,0,0,0,0.9046,,0.0878973552674785,P4 - Low (ML Suppressed / Likely False Alarm),,
BenchmarkTest01740,1,CWE-327,1,1,1,0.9046,Triple DES (3DES or DESede) is considered deprecated. AES is the recommended cipher. Upgrade to use AES.,0.984312041628401,P1 - Critical (ML High-Confidence Vulnerability),data/benchmark/src/main/java/org/owasp/benchmark/testcode/BenchmarkTest01740.java,57
BenchmarkTest01741,1,CWE-327,1,1,1,0.9046,Triple DES (3DES or DESede) is considered deprecated. AES is the recommended cipher. Upgrade to use AES.,0.960271073167773,P1 - Critical (ML High-Confidence Vulnerability),data/benchmark/src/main/java/org/owasp/benchmark/testcode/BenchmarkTest01741.java,57
BenchmarkTest01742,1,CWE-327,1,1,1,0.9046,Triple DES (3DES or DESede) is considered deprecated. AES is the recommended cipher. Upgrade to use AES.,0.984312041628401,P1 - Critical (ML High-Confidence Vulnerability),data/benchmark/src/main/java/org/owasp/benchmark/testcode/BenchmarkTest01742.java,57
BenchmarkTest01743,0,CWE-90,1,1,0,0.4815,"Detected input from a HTTPServletRequest going into an LDAP query. This could lead to LDAP injection if the input is not properly sanitized, which could result in attackers modifying objects in the LDAP tree structure. Ensure data passed to an LDAP query is not controllable or properly sanitize the data.",0.4960361627169889,P3 - Medium (ML Moderate / Needs Review),data/benchmark/src/main/java/org/owasp/benchmark/testcode/BenchmarkTest01743.java,60
BenchmarkTest01744,0,CWE-22,1,1,0,0.531,"Detected a potential path traversal. A malicious actor could control the location of this file, to include going backwards in the directory with '../'. To address this, ensure that user-controlled variables in file paths are sanitized. You may also consider using a utility method such as org.apache.commons.io.FilenameUtils.getName(...) to only retrieve the file name from the path.",0.5372346090670375,P3 - Medium (ML Moderate / Needs Review),data/benchmark/src/main/java/org/owasp/benchmark/testcode/BenchmarkTest01744.java,49
BenchmarkTest01745,0,CWE-22,1,1,0,0.531,"Detected a potential path traversal. A malicious actor could control the location of this file, to include going backwards in the directory with '../'. To address this, ensure that user-controlled variables in file paths are sanitized. You may also consider using a utility method such as org.apache.commons.io.FilenameUtils.getName(...) to only retrieve the file name from the path.",0.5349061735858125,P3 - Medium (ML Moderate / Needs Review),data/benchmark/src/main/java/org/owasp/benchmark/testcode/BenchmarkTest01745.java,49
BenchmarkTest01746,0,CWE-22,1,1,0,0.531,"Detected a potential path traversal. A malicious actor could control the location of this file, to include going backwards in the directory with '../'. To address this, ensure that user-controlled variables in file paths are sanitized. You may also consider using a utility method such as org.apache.commons.io.FilenameUtils.getName(...) to only retrieve the file name from the path.",0.5305215095490278,P3 - Medium (ML Moderate / Needs Review),data/benchmark/src/main/java/org/owasp/benchmark/testcode/BenchmarkTest01746.java,66
BenchmarkTest01747,0,CWE-22,1,1,0,0.531,"Detected a potential path traversal. A malicious actor could control the location of this file, to include going backwards in the directory with '../'. To address this, ensure that user-controlled variables in file paths are sanitized. You may also consider using a utility method such as org.apache.commons.io.FilenameUtils.getName(...) to only retrieve the file name from the path.",0.5305215095490278,P3 - Medium (ML Moderate / Needs Review),data/benchmark/src/main/java/org/owasp/benchmark/testcode/BenchmarkTest01747.java,69
BenchmarkTest01748,0,CWE-22,1,1,0,0.531,"Detected a potential path traversal. A malicious actor could control the location of this file, to include going backwards in the directory with '../'. To address this, ensure that user-controlled variables in file paths are sanitized. You may also consider using a utility method such as org.apache.commons.io.FilenameUtils.getName(...) to only retrieve the file name from the path.",0.5349061735858125,P3 - Medium (ML Moderate / Needs Review),data/benchmark/src/main/java/org/owasp/benchmark/testcode/BenchmarkTest01748.java,54
BenchmarkTest01749,0,CWE-22,1,1,0,0.531,"Detected a potential path traversal. A malicious actor could control the location of this file, to include going backwards in the directory with '../'. To address this, ensure that user-controlled variables in file paths are sanitized. You may also consider using a utility method such as org.apache.commons.io.FilenameUtils.getName(...) to only retrieve the file name from the path.",0.5372346090670375,P3 - Medium (ML Moderate / Needs Review),data/benchmark/src/main/java/org/owasp/benchmark/testcode/BenchmarkTest01749.java,54
BenchmarkTest01750,0,CWE-22,1,1,0,0.531,"Detected a potential path traversal. A malicious actor could control the location of this file, to include going backwards in the directory with '../'. To address this, ensure that user-controlled variables in file paths are sanitized. You may also consider using a utility method such as org.apache.commons.io.FilenameUtils.getName(...) to only retrieve the file name from the path.",0.5394645256012154,P3 - Medium (ML Moderate / Needs Review),data/benchmark/src/main/java/org/owasp/benchmark/testcode/BenchmarkTest01750.java,54
BenchmarkTest01751,0,CWE-22,1,1,0,0.531,"Detected a potential path traversal. A malicious actor could control the location of this file, to include going backwards in the directory with '../'. To address this, ensure that user-controlled variables in file paths are sanitized. You may also consider using a utility method such as org.apache.commons.io.FilenameUtils.getName(...) to only retrieve the file name from the path.",0.5349061735858125,P3 - Medium (ML Moderate / Needs Review),data/benchmark/src/main/java/org/owasp/benchmark/testcode/BenchmarkTest01751.java,55
BenchmarkTest01752,0,CWE-22,1,1,0,0.531,"Detected a potential path traversal. A malicious actor could control the location of this file, to include going backwards in the directory with '../'. To address this, ensure that user-controlled variables in file paths are sanitized. You may also consider using a utility method such as org.apache.commons.io.FilenameUtils.getName(...) to only retrieve the file name from the path.",0.5372346090670375,P3 - Medium (ML Moderate / Needs Review),data/benchmark/src/main/java/org/owasp/benchmark/testcode/BenchmarkTest01752.java,60
BenchmarkTest01753,0,CWE-90,1,1,0,0.4815,"Detected input from a HTTPServletRequest going into an LDAP query. This could lead to LDAP injection if the input is not properly sanitized, which could result in attackers modifying objects in the LDAP tree structure. Ensure data passed to an LDAP query is not controllable or properly sanitize the data.",0.4485802845284838,P4 - Low (ML Suppressed / Likely False Alarm),data/benchmark/src/main/java/org/owasp/benchmark/testcode/BenchmarkTest01753.java,63
BenchmarkTest01754,0,CWE-90,1,1,0,0.4815,"Detected input from a HTTPServletRequest going into an LDAP query. This could lead to LDAP injection if the input is not properly sanitized, which could result in attackers modifying objects in the LDAP tree structure. Ensure data passed to an LDAP query is not controllable or properly sanitize the data.",0.5087973542492934,P3 - Medium (ML Moderate / Needs Review),data/benchmark/src/main/java/org/owasp/benchmark/testcode/BenchmarkTest01754.java,63
BenchmarkTest01755,0,CWE-90,1,1,0,0.4815,"Detected input from a HTTPServletRequest going into an LDAP query. This could lead to LDAP injection if the input is not properly sanitized, which could result in attackers modifying objects in the LDAP tree structure. Ensure data passed to an LDAP query is not controllable or properly sanitize the data.",0.5087973542492934,P3 - Medium (ML Moderate / Needs Review),data/benchmark/src/main/java/org/owasp/benchmark/testcode/BenchmarkTest01755.java,62
BenchmarkTest01756,0,CWE-90,1,1,0,0.4815,"Detected input from a HTTPServletRequest going into an LDAP query. This could lead to LDAP injection if the input is not properly sanitized, which could result in attackers modifying objects in the LDAP tree structure. Ensure data passed to an LDAP query is not controllable or properly sanitize the data.",0.519750625119329,P3 - Medium (ML Moderate / Needs Review),data/benchmark/src/main/java/org/owasp/benchmark/testcode/BenchmarkTest01756.java,62
BenchmarkTest01757,1,CWE-328,2,1,1,1.0,"Detected SHA1 hash algorithm which is considered insecure. SHA1 is not collision resistant and is therefore not suitable as a cryptographic signature. Instead, use PBKDF2 for password hashing or SHA256 or SHA512 for other hash function applications.",0.9966744996793538,P1 - Critical (ML High-Confidence Vulnerability),data/benchmark/src/main/java/org/owasp/benchmark/testcode/BenchmarkTest01757.java,55
BenchmarkTest01758,0,CWE-328,0,0,0,1.0,,0.23782332489730076,P4 - Low (ML Suppressed / Likely False Alarm),,
BenchmarkTest01759,0,CWE-328,0,0,0,1.0,,0.26631103688868035,P4 - Low (ML Suppressed / Likely False Alarm),,
BenchmarkTest01760,0,CWE-328,0,0,0,1.0,,0.26631103688868035,P4 - Low (ML Suppressed / Likely False Alarm),,
BenchmarkTest01761,1,CWE-328,2,1,1,1.0,"Detected SHA1 hash algorithm which is considered insecure. SHA1 is not collision resistant and is therefore not suitable as a cryptographic signature. Instead, use PBKDF2 for password hashing or SHA256 or SHA512 for other hash function applications.",0.997774524693956,P1 - Critical (ML High-Confidence Vulnerability),data/benchmark/src/main/java/org/owasp/benchmark/testcode/BenchmarkTest01761.java,50
BenchmarkTest01762,0,CWE-328,0,0,0,1.0,,0.26631103688868035,P4 - Low (ML Suppressed / Likely False Alarm),,
BenchmarkTest01763,0,CWE-328,0,0,0,1.0,,0.23782332489730076,P4 - Low (ML Suppressed / Likely False Alarm),,
BenchmarkTest01764,0,CWE-328,0,0,0,1.0,,0.24087705674222445,P4 - Low (ML Suppressed / Likely False Alarm),,
BenchmarkTest01765,1,CWE-328,0,0,0,1.0,,0.24087705674222445,P4 - Low (ML Suppressed / Likely False Alarm),,
BenchmarkTest01766,1,CWE-328,0,0,0,1.0,,0.23782332489730076,P4 - Low (ML Suppressed / Likely False Alarm),,
BenchmarkTest01767,0,CWE-79,0,0,0,0.6516,,0.278739919364882,P4 - Low (ML Suppressed / Likely False Alarm),,
BenchmarkTest01768,0,CWE-79,0,0,0,0.6516,,0.24970671366531938,P4 - Low (ML Suppressed / Likely False Alarm),,
BenchmarkTest01769,0,CWE-79,0,0,0,0.6516,,0.2659189177021378,P4 - Low (ML Suppressed / Likely False Alarm),,
BenchmarkTest01770,0,CWE-79,0,0,0,0.6516,,0.313915809627834,P4 - Low (ML Suppressed / Likely False Alarm),,
BenchmarkTest01771,0,CWE-79,0,0,0,0.6516,,0.278739919364882,P4 - Low (ML Suppressed / Likely False Alarm),,
BenchmarkTest01772,0,CWE-79,0,0,0,0.6516,,0.278739919364882,P4 - Low (ML Suppressed / Likely False Alarm),,
BenchmarkTest01773,0,CWE-79,0,0,0,0.6516,,0.2659189177021378,P4 - Low (ML Suppressed / Likely False Alarm),,
BenchmarkTest01774,0,CWE-79,0,0,0,0.6516,,0.2300172252494595,P4 - Low (ML Suppressed / Likely False Alarm),,
BenchmarkTest01775,0,CWE-79,0,0,0,0.6516,,0.313915809627834,P4 - Low (ML Suppressed / Likely False Alarm),,
BenchmarkTest01776,0,CWE-79,0,0,0,0.6516,,0.278739919364882,P4 - Low (ML Suppressed / Likely False Alarm),,
BenchmarkTest01777,0,CWE-79,0,0,0,0.6516,,0.313915809627834,P4 - Low (ML Suppressed / Likely False Alarm),,
BenchmarkTest01778,0,CWE-78,1,1,0,0.5177,A formatted or concatenated string was detected as input to a ProcessBuilder call. This is dangerous if a variable is controlled by user input and could result in a command injection. Ensure your variables are not controlled by users or sufficiently sanitized.,0.3384009885131837,P4 - Low (ML Suppressed / Likely False Alarm),data/benchmark/src/main/java/org/owasp/benchmark/testcode/BenchmarkTest01778.java,63
BenchmarkTest01779,0,CWE-78,1,1,0,0.5177,A formatted or concatenated string was detected as input to a ProcessBuilder call. This is dangerous if a variable is controlled by user input and could result in a command injection. Ensure your variables are not controlled by users or sufficiently sanitized.,0.3450783768253897,P4 - Low (ML Suppressed / Likely False Alarm),data/benchmark/src/main/java/org/owasp/benchmark/testcode/BenchmarkTest01779.java,63
BenchmarkTest01780,0,CWE-78,1,1,0,0.5177,"Detected input from a HTTPServletRequest going into a 'ProcessBuilder' or 'exec' command. This could lead to command injection if variables passed into the exec commands are not properly sanitized. Instead, avoid using these OS commands with user-supplied input, or, if you must use these commands, use a whitelist of specific values.",0.5114755110284748,P3 - Medium (ML Moderate / Needs Review),data/benchmark/src/main/java/org/owasp/benchmark/testcode/BenchmarkTest01780.java,61
BenchmarkTest01781,1,CWE-330,2,1,1,1.0,"Detected use of the functions `Math.random()` or `java.util.Random()`. These are both not cryptographically strong random number generators (RNGs). If you are using these RNGs to create passwords or secret tokens, use `java.security.SecureRandom` instead.",1.0,P1 - Critical (ML High-Confidence Vulnerability),data/benchmark/src/main/java/org/owasp/benchmark/testcode/BenchmarkTest01781.java,49
BenchmarkTest01782,1,CWE-330,2,1,1,1.0,"Detected use of the functions `Math.random()` or `java.util.Random()`. These are both not cryptographically strong random number generators (RNGs). If you are using these RNGs to create passwords or secret tokens, use `java.security.SecureRandom` instead.",1.0,P1 - Critical (ML High-Confidence Vulnerability),data/benchmark/src/main/java/org/owasp/benchmark/testcode/BenchmarkTest01782.java,49
BenchmarkTest01783,1,CWE-330,2,1,1,1.0,"Detected use of the functions `Math.random()` or `java.util.Random()`. These are both not cryptographically strong random number generators (RNGs). If you are using these RNGs to create passwords or secret tokens, use `java.security.SecureRandom` instead.",0.9995454545454545,P1 - Critical (ML High-Confidence Vulnerability),data/benchmark/src/main/java/org/owasp/benchmark/testcode/BenchmarkTest01783.java,49
BenchmarkTest01784,1,CWE-330,2,1,1,1.0,"Detected use of the functions `Math.random()` or `java.util.Random()`. These are both not cryptographically strong random number generators (RNGs). If you are using these RNGs to create passwords or secret tokens, use `java.security.SecureRandom` instead.",0.9995641025641026,P1 - Critical (ML High-Confidence Vulnerability),data/benchmark/src/main/java/org/owasp/benchmark/testcode/BenchmarkTest01784.java,49
BenchmarkTest01785,1,CWE-330,2,1,1,1.0,"Detected use of the functions `Math.random()` or `java.util.Random()`. These are both not cryptographically strong random number generators (RNGs). If you are using these RNGs to create passwords or secret tokens, use `java.security.SecureRandom` instead.",1.0,P1 - Critical (ML High-Confidence Vulnerability),data/benchmark/src/main/java/org/owasp/benchmark/testcode/BenchmarkTest01785.java,49
BenchmarkTest01786,1,CWE-330,2,1,1,1.0,"Detected use of the functions `Math.random()` or `java.util.Random()`. These are both not cryptographically strong random number generators (RNGs). If you are using these RNGs to create passwords or secret tokens, use `java.security.SecureRandom` instead.",0.9995641025641026,P1 - Critical (ML High-Confidence Vulnerability),data/benchmark/src/main/java/org/owasp/benchmark/testcode/BenchmarkTest01786.java,49
BenchmarkTest01787,1,CWE-330,2,1,1,1.0,"Detected use of the functions `Math.random()` or `java.util.Random()`. These are both not cryptographically strong random number generators (RNGs). If you are using these RNGs to create passwords or secret tokens, use `java.security.SecureRandom` instead.",1.0,P1 - Critical (ML High-Confidence Vulnerability),data/benchmark/src/main/java/org/owasp/benchmark/testcode/BenchmarkTest01787.java,49
BenchmarkTest01788,1,CWE-330,2,1,1,1.0,"Detected use of the functions `Math.random()` or `java.util.Random()`. These are both not cryptographically strong random number generators (RNGs). If you are using these RNGs to create passwords or secret tokens, use `java.security.SecureRandom` instead.",1.0,P1 - Critical (ML High-Confidence Vulnerability),data/benchmark/src/main/java/org/owasp/benchmark/testcode/BenchmarkTest01788.java,49
BenchmarkTest01789,1,CWE-614,1,1,0,1.0,A cookie was detected without setting the 'secure' flag. The 'secure' flag for cookies prevents the client from transmitting the cookie over insecure channels such as HTTP. Set the 'secure' flag by calling 'cookie.setSecure(true);',0.9624860773602885,P1 - Critical (ML High-Confidence Vulnerability),data/benchmark/src/main/java/org/owasp/benchmark/testcode/BenchmarkTest01789.java,66
BenchmarkTest01790,0,CWE-79,0,0,0,0.6516,,0.313915809627834,P4 - Low (ML Suppressed / Likely False Alarm),,
BenchmarkTest01791,0,CWE-78,1,1,0,0.5177,"Detected input from a HTTPServletRequest going into a 'ProcessBuilder' or 'exec' command. This could lead to command injection if variables passed into the exec commands are not properly sanitized. Instead, avoid using these OS commands with user-supplied input, or, if you must use these commands, use a whitelist of specific values.",0.5752195073482003,P3 - Medium (ML Moderate / Needs Review),data/benchmark/src/main/java/org/owasp/benchmark/testcode/BenchmarkTest01791.java,58
BenchmarkTest01792,0,CWE-78,1,1,0,0.5177,"Detected input from a HTTPServletRequest going into a 'ProcessBuilder' or 'exec' command. This could lead to command injection if variables passed into the exec commands are not properly sanitized. Instead, avoid using these OS commands with user-supplied input, or, if you must use these commands, use a whitelist of specific values.",0.5114755110284748,P3 - Medium (ML Moderate / Needs Review),data/benchmark/src/main/java/org/owasp/benchmark/testcode/BenchmarkTest01792.java,72
BenchmarkTest01793,0,CWE-78,1,1,0,0.5177,"Detected input from a HTTPServletRequest going into a 'ProcessBuilder' or 'exec' command. This could lead to command injection if variables passed into the exec commands are not properly sanitized. Instead, avoid using these OS commands with user-supplied input, or, if you must use these commands, use a whitelist of specific values.",0.5683792859920807,P3 - Medium (ML Moderate / Needs Review),data/benchmark/src/main/java/org/owasp/benchmark/testcode/BenchmarkTest01793.java,58
BenchmarkTest01794,0,CWE-78,1,1,0,0.5177,"Detected input from a HTTPServletRequest going into a 'ProcessBuilder' or 'exec' command. This could lead to command injection if variables passed into the exec commands are not properly sanitized. Instead, avoid using these OS commands with user-supplied input, or, if you must use these commands, use a whitelist of specific values.",0.5752195073482003,P3 - Medium (ML Moderate / Needs Review),data/benchmark/src/main/java/org/owasp/benchmark/testcode/BenchmarkTest01794.java,72
BenchmarkTest01795,0,CWE-78,1,1,0,0.5177,"Detected input from a HTTPServletRequest going into a 'ProcessBuilder' or 'exec' command. This could lead to command injection if variables passed into the exec commands are not properly sanitized. Instead, avoid using these OS commands with user-supplied input, or, if you must use these commands, use a whitelist of specific values.",0.5752195073482003,P3 - Medium (ML Moderate / Needs Review),data/benchmark/src/main/java/org/owasp/benchmark/testcode/BenchmarkTest01795.java,58
BenchmarkTest01796,0,CWE-78,1,1,0,0.5177,"Detected input from a HTTPServletRequest going into a 'ProcessBuilder' or 'exec' command. This could lead to command injection if variables passed into the exec commands are not properly sanitized. Instead, avoid using these OS commands with user-supplied input, or, if you must use these commands, use a whitelist of specific values.",0.5683792859920807,P3 - Medium (ML Moderate / Needs Review),data/benchmark/src/main/java/org/owasp/benchmark/testcode/BenchmarkTest01796.java,58
BenchmarkTest01797,0,CWE-330,0,0,0,1.0,,0.037636823716155926,P4 - Low (ML Suppressed / Likely False Alarm),,
BenchmarkTest01798,0,CWE-330,0,0,0,1.0,,0.0331840260624013,P4 - Low (ML Suppressed / Likely False Alarm),,
BenchmarkTest01799,0,CWE-330,0,0,0,1.0,,0.04325014794951732,P4 - Low (ML Suppressed / Likely False Alarm),,
BenchmarkTest01800,0,CWE-330,0,0,0,1.0,,0.03704436789576919,P4 - Low (ML Suppressed / Likely False Alarm),,
BenchmarkTest01801,0,CWE-330,0,0,0,1.0,,0.037636823716155926,P4 - Low (ML Suppressed / Likely False Alarm),,
BenchmarkTest01802,0,CWE-501,0,0,0,0.7234,,0.33174281572012776,P4 - Low (ML Suppressed / Likely False Alarm),,
BenchmarkTest01803,0,CWE-89,1,0,1,0.5746,Make sure using a dynamically formatted SQL query is safe here.,0.27192466062372905,P4 - Low (ML Suppressed / Likely False Alarm),owasp-benchmark:data/benchmark/src/main/java/org/owasp/benchmark/testcode/BenchmarkTest01803.java,54
BenchmarkTest01804,0,CWE-89,1,0,1,0.5746,Make sure using a dynamically formatted SQL query is safe here.,0.27192466062372905,P4 - Low (ML Suppressed / Likely False Alarm),owasp-benchmark:data/benchmark/src/main/java/org/owasp/benchmark/testcode/BenchmarkTest01804.java,54
BenchmarkTest01805,0,CWE-89,1,0,1,0.5746,Make sure using a dynamically formatted SQL query is safe here.,0.2517519982809986,P4 - Low (ML Suppressed / Likely False Alarm),owasp-benchmark:data/benchmark/src/main/java/org/owasp/benchmark/testcode/BenchmarkTest01805.java,56
BenchmarkTest01806,0,CWE-89,0,0,0,0.5746,,0.21920543900824976,P4 - Low (ML Suppressed / Likely False Alarm),,
BenchmarkTest01807,0,CWE-89,0,0,0,0.5746,,0.21771025903164282,P4 - Low (ML Suppressed / Likely False Alarm),,
BenchmarkTest01808,0,CWE-89,0,0,0,0.5746,,0.21920543900824976,P4 - Low (ML Suppressed / Likely False Alarm),,
BenchmarkTest01809,0,CWE-89,0,0,0,0.5746,,0.21920543900824976,P4 - Low (ML Suppressed / Likely False Alarm),,
BenchmarkTest01810,0,CWE-89,0,0,0,0.5746,,0.23431995802528183,P4 - Low (ML Suppressed / Likely False Alarm),,
BenchmarkTest01811,0,CWE-89,0,0,0,0.5746,,0.2093850809927966,P4 - Low (ML Suppressed / Likely False Alarm),,
BenchmarkTest01812,0,CWE-89,0,0,0,0.5746,,0.23431995802528183,P4 - Low (ML Suppressed / Likely False Alarm),,
BenchmarkTest01813,0,CWE-89,0,0,0,0.5746,,0.23431995802528183,P4 - Low (ML Suppressed / Likely False Alarm),,
BenchmarkTest01814,0,CWE-89,0,0,0,0.5746,,0.2093850809927966,P4 - Low (ML Suppressed / Likely False Alarm),,
BenchmarkTest01815,0,CWE-89,2,1,1,0.5746,Detected a formatted string in a SQL statement. This could lead to SQL injection if variables in the SQL statement are not properly sanitized. Use a prepared statements (java.sql.PreparedStatement) instead. You can obtain a PreparedStatement using 'connection.prepareStatement'.,0.46739305534568415,P3 - Medium (ML Moderate / Needs Review),data/benchmark/src/main/java/org/owasp/benchmark/testcode/BenchmarkTest01815.java,54
BenchmarkTest01816,0,CWE-89,2,1,1,0.5746,Detected a formatted string in a SQL statement. This could lead to SQL injection if variables in the SQL statement are not properly sanitized. Use a prepared statements (java.sql.PreparedStatement) instead. You can obtain a PreparedStatement using 'connection.prepareStatement'.,0.4901655263130386,P3 - Medium (ML Moderate / Needs Review),data/benchmark/src/main/java/org/owasp/benchmark/testcode/BenchmarkTest01816.java,54
BenchmarkTest01817,0,CWE-89,2,1,1,0.5746,Detected a formatted string in a SQL statement. This could lead to SQL injection if variables in the SQL statement are not properly sanitized. Use a prepared statements (java.sql.PreparedStatement) instead. You can obtain a PreparedStatement using 'connection.prepareStatement'.,0.490638252758374,P3 - Medium (ML Moderate / Needs Review),data/benchmark/src/main/java/org/owasp/benchmark/testcode/BenchmarkTest01817.java,54
BenchmarkTest01818,0,CWE-89,2,1,1,0.5746,Detected a formatted string in a SQL statement. This could lead to SQL injection if variables in the SQL statement are not properly sanitized. Use a prepared statements (java.sql.PreparedStatement) instead. You can obtain a PreparedStatement using 'connection.prepareStatement'.,0.5476500971406442,P3 - Medium (ML Moderate / Needs Review),data/benchmark/src/main/java/org/owasp/benchmark/testcode/BenchmarkTest01818.java,54
BenchmarkTest01819,0,CWE-89,2,1,1,0.5746,Detected a formatted string in a SQL statement. This could lead to SQL injection if variables in the SQL statement are not properly sanitized. Use a prepared statements (java.sql.PreparedStatement) instead. You can obtain a PreparedStatement using 'connection.prepareStatement'.,0.4901655263130386,P3 - Medium (ML Moderate / Needs Review),data/benchmark/src/main/java/org/owasp/benchmark/testcode/BenchmarkTest01819.java,54
BenchmarkTest01820,0,CWE-89,2,1,1,0.5746,Detected a formatted string in a SQL statement. This could lead to SQL injection if variables in the SQL statement are not properly sanitized. Use a prepared statements (java.sql.PreparedStatement) instead. You can obtain a PreparedStatement using 'connection.prepareStatement'.,0.5278626301234679,P3 - Medium (ML Moderate / Needs Review),data/benchmark/src/main/java/org/owasp/benchmark/testcode/BenchmarkTest01820.java,54
BenchmarkTest01821,0,CWE-643,0,0,0,0.5185,,0.1814495565943412,P4 - Low (ML Suppressed / Likely False Alarm),,
BenchmarkTest01822,1,CWE-327,1,1,1,0.9046,Triple DES (3DES or DESede) is considered deprecated. AES is the recommended cipher. Upgrade to use AES.,0.960271073167773,P1 - Critical (ML High-Confidence Vulnerability),data/benchmark/src/main/java/org/owasp/benchmark/testcode/BenchmarkTest01822.java,84
BenchmarkTest01823,1,CWE-327,1,1,1,0.9046,Triple DES (3DES or DESede) is considered deprecated. AES is the recommended cipher. Upgrade to use AES.,0.984312041628401,P1 - Critical (ML High-Confidence Vulnerability),data/benchmark/src/main/java/org/owasp/benchmark/testcode/BenchmarkTest01823.java,84
BenchmarkTest01824,0,CWE-327,0,0,0,0.9046,,0.09852596288884,P4 - Low (ML Suppressed / Likely False Alarm),,
BenchmarkTest01825,0,CWE-327,0,0,0,0.9046,,0.09852596288884,P4 - Low (ML Suppressed / Likely False Alarm),,
BenchmarkTest01826,0,CWE-327,0,0,0,0.9046,,0.09015572836705343,P4 - Low (ML Suppressed / Likely False Alarm),,
BenchmarkTest01827,0,CWE-327,0,0,0,0.9046,,0.08362763156367758,P4 - Low (ML Suppressed / Likely False Alarm),,
BenchmarkTest01828,0,CWE-327,0,0,0,0.9046,,0.09852596288884,P4 - Low (ML Suppressed / Likely False Alarm),,
BenchmarkTest01829,1,CWE-327,1,1,1,0.9046,Triple DES (3DES or DESede) is considered deprecated. AES is the recommended cipher. Upgrade to use AES.,0.9653792423396194,P1 - Critical (ML High-Confidence Vulnerability),data/benchmark/src/main/java/org/owasp/benchmark/testcode/BenchmarkTest01829.java,76
BenchmarkTest01830,1,CWE-327,1,1,1,0.9046,Triple DES (3DES or DESede) is considered deprecated. AES is the recommended cipher. Upgrade to use AES.,0.9653792423396194,P1 - Critical (ML High-Confidence Vulnerability),data/benchmark/src/main/java/org/owasp/benchmark/testcode/BenchmarkTest01830.java,76
BenchmarkTest01831,1,CWE-90,1,1,0,0.4815,"Detected input from a HTTPServletRequest going into an LDAP query. This could lead to LDAP injection if the input is not properly sanitized, which could result in attackers modifying objects in the LDAP tree structure. Ensure data passed to an LDAP query is not controllable or properly sanitize the data.",0.4960361627169889,P3 - Medium (ML Moderate / Needs Review),data/benchmark/src/main/java/org/owasp/benchmark/testcode/BenchmarkTest01831.java,79
BenchmarkTest01832,1,CWE-90,1,1,0,0.4815,"Detected input from a HTTPServletRequest going into an LDAP query. This could lead to LDAP injection if the input is not properly sanitized, which could result in attackers modifying objects in the LDAP tree structure. Ensure data passed to an LDAP query is not controllable or properly sanitize the data.",0.5087973542492934,P3 - Medium (ML Moderate / Needs Review),data/benchmark/src/main/java/org/owasp/benchmark/testcode/BenchmarkTest01832.java,79
BenchmarkTest01833,1,CWE-22,1,1,0,0.531,"Detected a potential path traversal. A malicious actor could control the location of this file, to include going backwards in the directory with '../'. To address this, ensure that user-controlled variables in file paths are sanitized. You may also consider using a utility method such as org.apache.commons.io.FilenameUtils.getName(...) to only retrieve the file name from the path.",0.5394645256012154,P3 - Medium (ML Moderate / Needs Review),data/benchmark/src/main/java/org/owasp/benchmark/testcode/BenchmarkTest01833.java,68
BenchmarkTest01834,0,CWE-22,1,1,0,0.531,"Detected a potential path traversal. A malicious actor could control the location of this file, to include going backwards in the directory with '../'. To address this, ensure that user-controlled variables in file paths are sanitized. You may also consider using a utility method such as org.apache.commons.io.FilenameUtils.getName(...) to only retrieve the file name from the path.",0.5402428179282152,P3 - Medium (ML Moderate / Needs Review),data/benchmark/src/main/java/org/owasp/benchmark/testcode/BenchmarkTest01834.java,68
BenchmarkTest01835,1,CWE-22,1,1,0,0.531,"Detected a potential path traversal. A malicious actor could control the location of this file, to include going backwards in the directory with '../'. To address this, ensure that user-controlled variables in file paths are sanitized. You may also consider using a utility method such as org.apache.commons.io.FilenameUtils.getName(...) to only retrieve the file name from the path.",0.5394645256012154,P3 - Medium (ML Moderate / Needs Review),data/benchmark/src/main/java/org/owasp/benchmark/testcode/BenchmarkTest01835.java,68
BenchmarkTest01836,1,CWE-22,1,1,0,0.531,"Detected a potential path traversal. A malicious actor could control the location of this file, to include going backwards in the directory with '../'. To address this, ensure that user-controlled variables in file paths are sanitized. You may also consider using a utility method such as org.apache.commons.io.FilenameUtils.getName(...) to only retrieve the file name from the path.",0.5305215095490278,P3 - Medium (ML Moderate / Needs Review),data/benchmark/src/main/java/org/owasp/benchmark/testcode/BenchmarkTest01836.java,85
BenchmarkTest01837,0,CWE-22,1,1,0,0.531,"Detected a potential path traversal. A malicious actor could control the location of this file, to include going backwards in the directory with '../'. To address this, ensure that user-controlled variables in file paths are sanitized. You may also consider using a utility method such as org.apache.commons.io.FilenameUtils.getName(...) to only retrieve the file name from the path.",0.5349061735858125,P3 - Medium (ML Moderate / Needs Review),data/benchmark/src/main/java/org/owasp/benchmark/testcode/BenchmarkTest01837.java,88
BenchmarkTest01838,0,CWE-22,1,1,0,0.531,"Detected a potential path traversal. A malicious actor could control the location of this file, to include going backwards in the directory with '../'. To address this, ensure that user-controlled variables in file paths are sanitized. You may also consider using a utility method such as org.apache.commons.io.FilenameUtils.getName(...) to only retrieve the file name from the path.",0.5394645256012154,P3 - Medium (ML Moderate / Needs Review),data/benchmark/src/main/java/org/owasp/benchmark/testcode/BenchmarkTest01838.java,73
BenchmarkTest01839,1,CWE-22,1,1,0,0.531,"Detected a potential path traversal. A malicious actor could control the location of this file, to include going backwards in the directory with '../'. To address this, ensure that user-controlled variables in file paths are sanitized. You may also consider using a utility method such as org.apache.commons.io.FilenameUtils.getName(...) to only retrieve the file name from the path.",0.5402428179282152,P3 - Medium (ML Moderate / Needs Review),data/benchmark/src/main/java/org/owasp/benchmark/testcode/BenchmarkTest01839.java,74
BenchmarkTest01840,1,CWE-22,1,1,0,0.531,"Detected a potential path traversal. A malicious actor could control the location of this file, to include going backwards in the directory with '../'. To address this, ensure that user-controlled variables in file paths are sanitized. You may also consider using a utility method such as org.apache.commons.io.FilenameUtils.getName(...) to only retrieve the file name from the path.",0.5349061735858125,P3 - Medium (ML Moderate / Needs Review),data/benchmark/src/main/java/org/owasp/benchmark/testcode/BenchmarkTest01840.java,74
BenchmarkTest01841,0,CWE-22,1,1,0,0.531,"Detected a potential path traversal. A malicious actor could control the location of this file, to include going backwards in the directory with '../'. To address this, ensure that user-controlled variables in file paths are sanitized. You may also consider using a utility method such as org.apache.commons.io.FilenameUtils.getName(...) to only retrieve the file name from the path.",0.5305215095490278,P3 - Medium (ML Moderate / Needs Review),data/benchmark/src/main/java/org/owasp/benchmark/testcode/BenchmarkTest01841.java,79
BenchmarkTest01842,1,CWE-330,2,1,1,1.0,"Detected use of the functions `Math.random()` or `java.util.Random()`. These are both not cryptographically strong random number generators (RNGs). If you are using these RNGs to create passwords or secret tokens, use `java.security.SecureRandom` instead.",1.0,P1 - Critical (ML High-Confidence Vulnerability),data/benchmark/src/main/java/org/owasp/benchmark/testcode/BenchmarkTest01842.java,68
BenchmarkTest01843,1,CWE-330,2,1,1,1.0,"Detected use of the functions `Math.random()` or `java.util.Random()`. These are both not cryptographically strong random number generators (RNGs). If you are using these RNGs to create passwords or secret tokens, use `java.security.SecureRandom` instead.",1.0,P1 - Critical (ML High-Confidence Vulnerability),data/benchmark/src/main/java/org/owasp/benchmark/testcode/BenchmarkTest01843.java,68
BenchmarkTest01844,1,CWE-328,2,1,1,1.0,"Detected SHA1 hash algorithm which is considered insecure. SHA1 is not collision resistant and is therefore not suitable as a cryptographic signature. Instead, use PBKDF2 for password hashing or SHA256 or SHA512 for other hash function applications.",0.9983424470266575,P1 - Critical (ML High-Confidence Vulnerability),data/benchmark/src/main/java/org/owasp/benchmark/testcode/BenchmarkTest01844.java,74
BenchmarkTest01845,1,CWE-328,2,1,1,1.0,"Detected SHA1 hash algorithm which is considered insecure. SHA1 is not collision resistant and is therefore not suitable as a cryptographic signature. Instead, use PBKDF2 for password hashing or SHA256 or SHA512 for other hash function applications.",0.9981800784924265,P1 - Critical (ML High-Confidence Vulnerability),data/benchmark/src/main/java/org/owasp/benchmark/testcode/BenchmarkTest01845.java,74
BenchmarkTest01846,1,CWE-328,2,1,1,1.0,"Detected SHA1 hash algorithm which is considered insecure. SHA1 is not collision resistant and is therefore not suitable as a cryptographic signature. Instead, use PBKDF2 for password hashing or SHA256 or SHA512 for other hash function applications.",1.0,P1 - Critical (ML High-Confidence Vulnerability),data/benchmark/src/main/java/org/owasp/benchmark/testcode/BenchmarkTest01846.java,74
BenchmarkTest01847,0,CWE-328,0,0,0,1.0,,0.26631103688868035,P4 - Low (ML Suppressed / Likely False Alarm),,
BenchmarkTest01848,0,CWE-328,0,0,0,1.0,,0.26631103688868035,P4 - Low (ML Suppressed / Likely False Alarm),,
BenchmarkTest01849,0,CWE-328,0,0,0,1.0,,0.231920865694142,P4 - Low (ML Suppressed / Likely False Alarm),,
BenchmarkTest01850,1,CWE-78,1,1,0,0.5177,"Detected input from a HTTPServletRequest going into a 'ProcessBuilder' or 'exec' command. This could lead to command injection if variables passed into the exec commands are not properly sanitized. Instead, avoid using these OS commands with user-supplied input, or, if you must use these commands, use a whitelist of specific values.",0.5752195073482003,P3 - Medium (ML Moderate / Needs Review),data/benchmark/src/main/java/org/owasp/benchmark/testcode/BenchmarkTest01850.java,78
BenchmarkTest01851,1,CWE-78,1,1,0,0.5177,"Detected input from a HTTPServletRequest going into a 'ProcessBuilder' or 'exec' command. This could lead to command injection if variables passed into the exec commands are not properly sanitized. Instead, avoid using these OS commands with user-supplied input, or, if you must use these commands, use a whitelist of specific values.",0.5683792859920807,P3 - Medium (ML Moderate / Needs Review),data/benchmark/src/main/java/org/owasp/benchmark/testcode/BenchmarkTest01851.java,78
BenchmarkTest01852,1,CWE-78,1,1,0,0.5177,"Detected input from a HTTPServletRequest going into a 'ProcessBuilder' or 'exec' command. This could lead to command injection if variables passed into the exec commands are not properly sanitized. Instead, avoid using these OS commands with user-supplied input, or, if you must use these commands, use a whitelist of specific values.",0.5444416118463504,P3 - Medium (ML Moderate / Needs Review),data/benchmark/src/main/java/org/owasp/benchmark/testcode/BenchmarkTest01852.java,80
BenchmarkTest01853,1,CWE-330,2,1,1,1.0,"Detected use of the functions `Math.random()` or `java.util.Random()`. These are both not cryptographically strong random number generators (RNGs). If you are using these RNGs to create passwords or secret tokens, use `java.security.SecureRandom` instead.",0.9995454545454545,P1 - Critical (ML High-Confidence Vulnerability),data/benchmark/src/main/java/org/owasp/benchmark/testcode/BenchmarkTest01853.java,69
BenchmarkTest01854,1,CWE-330,2,1,1,1.0,"Detected use of the functions `Math.random()` or `java.util.Random()`. These are both not cryptographically strong random number generators (RNGs). If you are using these RNGs to create passwords or secret tokens, use `java.security.SecureRandom` instead.",1.0,P1 - Critical (ML High-Confidence Vulnerability),data/benchmark/src/main/java/org/owasp/benchmark/testcode/BenchmarkTest01854.java,68
BenchmarkTest01855,1,CWE-330,2,1,1,1.0,"Detected use of the functions `Math.random()` or `java.util.Random()`. These are both not cryptographically strong random number generators (RNGs). If you are using these RNGs to create passwords or secret tokens, use `java.security.SecureRandom` instead.",0.9995641025641026,P1 - Critical (ML High-Confidence Vulnerability),data/benchmark/src/main/java/org/owasp/benchmark/testcode/BenchmarkTest01855.java,68
BenchmarkTest01856,1,CWE-330,2,1,1,1.0,"Detected use of the functions `Math.random()` or `java.util.Random()`. These are both not cryptographically strong random number generators (RNGs). If you are using these RNGs to create passwords or secret tokens, use `java.security.SecureRandom` instead.",1.0,P1 - Critical (ML High-Confidence Vulnerability),data/benchmark/src/main/java/org/owasp/benchmark/testcode/BenchmarkTest01856.java,68
BenchmarkTest01857,1,CWE-330,2,1,1,1.0,"Detected use of the functions `Math.random()` or `java.util.Random()`. These are both not cryptographically strong random number generators (RNGs). If you are using these RNGs to create passwords or secret tokens, use `java.security.SecureRandom` instead.",1.0,P1 - Critical (ML High-Confidence Vulnerability),data/benchmark/src/main/java/org/owasp/benchmark/testcode/BenchmarkTest01857.java,68
BenchmarkTest01858,1,CWE-330,2,1,1,1.0,"Detected use of the functions `Math.random()` or `java.util.Random()`. These are both not cryptographically strong random number generators (RNGs). If you are using these RNGs to create passwords or secret tokens, use `java.security.SecureRandom` instead.",1.0,P1 - Critical (ML High-Confidence Vulnerability),data/benchmark/src/main/java/org/owasp/benchmark/testcode/BenchmarkTest01858.java,68
BenchmarkTest01859,1,CWE-330,2,1,1,1.0,"Detected use of the functions `Math.random()` or `java.util.Random()`. These are both not cryptographically strong random number generators (RNGs). If you are using these RNGs to create passwords or secret tokens, use `java.security.SecureRandom` instead.",0.9995641025641026,P1 - Critical (ML High-Confidence Vulnerability),data/benchmark/src/main/java/org/owasp/benchmark/testcode/BenchmarkTest01859.java,68
BenchmarkTest01860,1,CWE-330,2,1,1,1.0,"Detected use of the functions `Math.random()` or `java.util.Random()`. These are both not cryptographically strong random number generators (RNGs). If you are using these RNGs to create passwords or secret tokens, use `java.security.SecureRandom` instead.",1.0,P1 - Critical (ML High-Confidence Vulnerability),data/benchmark/src/main/java/org/owasp/benchmark/testcode/BenchmarkTest01860.java,68
BenchmarkTest01861,1,CWE-614,1,1,0,1.0,A cookie was detected without setting the 'secure' flag. The 'secure' flag for cookies prevents the client from transmitting the cookie over insecure channels such as HTTP. Set the 'secure' flag by calling 'cookie.setSecure(true);',0.9532742994240728,P1 - Critical (ML High-Confidence Vulnerability),data/benchmark/src/main/java/org/owasp/benchmark/testcode/BenchmarkTest01861.java,85
BenchmarkTest01862,0,CWE-614,0,0,0,1.0,,0.10974908684119335,P4 - Low (ML Suppressed / Likely False Alarm),,
BenchmarkTest01863,0,CWE-614,0,0,0,1.0,,0.1432577520584313,P4 - Low (ML Suppressed / Likely False Alarm),,
BenchmarkTest01864,1,CWE-78,1,1,0,0.5177,"Detected input from a HTTPServletRequest going into a 'ProcessBuilder' or 'exec' command. This could lead to command injection if variables passed into the exec commands are not properly sanitized. Instead, avoid using these OS commands with user-supplied input, or, if you must use these commands, use a whitelist of specific values.",0.5752195073482003,P3 - Medium (ML Moderate / Needs Review),data/benchmark/src/main/java/org/owasp/benchmark/testcode/BenchmarkTest01864.java,78
BenchmarkTest01865,0,CWE-78,1,1,0,0.5177,"Detected input from a HTTPServletRequest going into a 'ProcessBuilder' or 'exec' command. This could lead to command injection if variables passed into the exec commands are not properly sanitized. Instead, avoid using these OS commands with user-supplied input, or, if you must use these commands, use a whitelist of specific values.",0.5114755110284748,P3 - Medium (ML Moderate / Needs Review),data/benchmark/src/main/java/org/owasp/benchmark/testcode/BenchmarkTest01865.java,78
BenchmarkTest01866,0,CWE-330,0,0,0,1.0,,0.04325014794951732,P4 - Low (ML Suppressed / Likely False Alarm),,
BenchmarkTest01867,0,CWE-330,0,0,0,1.0,,0.04325014794951732,P4 - Low (ML Suppressed / Likely False Alarm),,
BenchmarkTest01868,0,CWE-330,0,0,0,1.0,,0.04325014794951732,P4 - Low (ML Suppressed / Likely False Alarm),,
BenchmarkTest01869,0,CWE-330,0,0,0,1.0,,0.04325014794951732,P4 - Low (ML Suppressed / Likely False Alarm),,
BenchmarkTest01870,0,CWE-330,0,0,0,1.0,,0.04325014794951732,P4 - Low (ML Suppressed / Likely False Alarm),,
BenchmarkTest01871,0,CWE-330,0,0,0,1.0,,0.03704436789576919,P4 - Low (ML Suppressed / Likely False Alarm),,
BenchmarkTest01872,1,CWE-501,1,1,0,0.7234,"Detected a request with potential user-input going into a OutputStream or Writer object. This bypasses any view or template environments, including HTML escaping, which may expose this application to cross-site scripting (XSS) vulnerabilities. Consider using a view technology such as JavaServer Faces (JSFs) which automatically escapes HTML views.",0.7789605520980689,P2 - High (ML Probable Vulnerability),data/benchmark/src/main/java/org/owasp/benchmark/testcode/BenchmarkTest01872.java,71
BenchmarkTest01873,0,CWE-501,1,1,0,0.7234,"Detected input from a HTTPServletRequest going into a session command, like `setAttribute`. User input into such a command could lead to an attacker inputting malicious code into your session parameters, blurring the line between what's trusted and untrusted, and therefore leading to a trust boundary violation. This could lead to programmers trusting unvalidated data. Instead, thoroughly sanitize user input before passing it into such function calls.",0.6568111284096806,P2 - High (ML Probable Vulnerability),data/benchmark/src/main/java/org/owasp/benchmark/testcode/BenchmarkTest01873.java,69
BenchmarkTest01874,1,CWE-501,1,1,0,0.7234,"Detected a request with potential user-input going into a OutputStream or Writer object. This bypasses any view or template environments, including HTML escaping, which may expose this application to cross-site scripting (XSS) vulnerabilities. Consider using a view technology such as JavaServer Faces (JSFs) which automatically escapes HTML views.",0.711595332929724,P2 - High (ML Probable Vulnerability),data/benchmark/src/main/java/org/owasp/benchmark/testcode/BenchmarkTest01874.java,71
BenchmarkTest01875,1,CWE-501,1,1,0,0.7234,"Detected a request with potential user-input going into a OutputStream or Writer object. This bypasses any view or template environments, including HTML escaping, which may expose this application to cross-site scripting (XSS) vulnerabilities. Consider using a view technology such as JavaServer Faces (JSFs) which automatically escapes HTML views.",0.711595332929724,P2 - High (ML Probable Vulnerability),data/benchmark/src/main/java/org/owasp/benchmark/testcode/BenchmarkTest01875.java,71
BenchmarkTest01876,1,CWE-501,1,1,0,0.7234,"Detected input from a HTTPServletRequest going into a session command, like `setAttribute`. User input into such a command could lead to an attacker inputting malicious code into your session parameters, blurring the line between what's trusted and untrusted, and therefore leading to a trust boundary violation. This could lead to programmers trusting unvalidated data. Instead, thoroughly sanitize user input before passing it into such function calls.",0.7068358686904922,P2 - High (ML Probable Vulnerability),data/benchmark/src/main/java/org/owasp/benchmark/testcode/BenchmarkTest01876.java,69
BenchmarkTest01877,0,CWE-89,2,1,1,0.5746,Detected input from a HTTPServletRequest going into a SQL sink or statement. This could lead to SQL injection if variables in the SQL statement are not properly sanitized. Use parameterized SQL queries or properly sanitize user input instead.,0.6043967051102129,P3 - Medium (ML Moderate / Needs Review),data/benchmark/src/main/java/org/owasp/benchmark/testcode/BenchmarkTest01877.java,74
BenchmarkTest01878,0,CWE-89,2,1,1,0.5746,Detected input from a HTTPServletRequest going into a SQL sink or statement. This could lead to SQL injection if variables in the SQL statement are not properly sanitized. Use parameterized SQL queries or properly sanitize user input instead.,0.6315115188114625,P3 - Medium (ML Moderate / Needs Review),data/benchmark/src/main/java/org/owasp/benchmark/testcode/BenchmarkTest01878.java,73
BenchmarkTest01879,0,CWE-89,2,1,1,0.5746,Detected input from a HTTPServletRequest going into a SQL sink or statement. This could lead to SQL injection if variables in the SQL statement are not properly sanitized. Use parameterized SQL queries or properly sanitize user input instead.,0.6050253134234014,P3 - Medium (ML Moderate / Needs Review),data/benchmark/src/main/java/org/owasp/benchmark/testcode/BenchmarkTest01879.java,73
BenchmarkTest01880,0,CWE-89,2,1,1,0.5746,Detected input from a HTTPServletRequest going into a SQL sink or statement. This could lead to SQL injection if variables in the SQL statement are not properly sanitized. Use parameterized SQL queries or properly sanitize user input instead.,0.6043967051102129,P3 - Medium (ML Moderate / Needs Review),data/benchmark/src/main/java/org/owasp/benchmark/testcode/BenchmarkTest01880.java,73
BenchmarkTest01881,1,CWE-89,1,1,0,0.5746,Detected input from a HTTPServletRequest going into a SQL sink or statement. This could lead to SQL injection if variables in the SQL statement are not properly sanitized. Use parameterized SQL queries or properly sanitize user input instead.,0.6393503814415632,P3 - Medium (ML Moderate / Needs Review),data/benchmark/src/main/java/org/owasp/benchmark/testcode/BenchmarkTest01881.java,71
BenchmarkTest01882,1,CWE-89,1,1,0,0.5746,Detected input from a HTTPServletRequest going into a SQL sink or statement. This could lead to SQL injection if variables in the SQL statement are not properly sanitized. Use parameterized SQL queries or properly sanitize user input instead.,0.63810138505586,P3 - Medium (ML Moderate / Needs Review),data/benchmark/src/main/java/org/owasp/benchmark/testcode/BenchmarkTest01882.java,70
BenchmarkTest01883,1,CWE-89,1,1,0,0.5746,Detected input from a HTTPServletRequest going into a SQL sink or statement. This could lead to SQL injection if variables in the SQL statement are not properly sanitized. Use parameterized SQL queries or properly sanitize user input instead.,0.6393503814415632,P3 - Medium (ML Moderate / Needs Review),data/benchmark/src/main/java/org/owasp/benchmark/testcode/BenchmarkTest01883.java,70
BenchmarkTest01884,0,CWE-89,1,1,0,0.5746,Detected input from a HTTPServletRequest going into a SQL sink or statement. This could lead to SQL injection if variables in the SQL statement are not properly sanitized. Use parameterized SQL queries or properly sanitize user input instead.,0.6314792486337455,P3 - Medium (ML Moderate / Needs Review),data/benchmark/src/main/java/org/owasp/benchmark/testcode/BenchmarkTest01884.java,71
BenchmarkTest01885,0,CWE-89,2,1,1,0.5746,Detected a formatted string in a SQL statement. This could lead to SQL injection if variables in the SQL statement are not properly sanitized. Use a prepared statements (java.sql.PreparedStatement) instead. You can obtain a PreparedStatement using 'connection.prepareStatement'.,0.5476500971406442,P3 - Medium (ML Moderate / Needs Review),data/benchmark/src/main/java/org/owasp/benchmark/testcode/BenchmarkTest01885.java,73
BenchmarkTest01886,0,CWE-89,2,1,1,0.5746,Detected a formatted string in a SQL statement. This could lead to SQL injection if variables in the SQL statement are not properly sanitized. Use a prepared statements (java.sql.PreparedStatement) instead. You can obtain a PreparedStatement using 'connection.prepareStatement'.,0.4901655263130386,P3 - Medium (ML Moderate / Needs Review),data/benchmark/src/main/java/org/owasp/benchmark/testcode/BenchmarkTest01886.java,73
BenchmarkTest01887,1,CWE-89,2,1,1,0.5746,Detected input from a HTTPServletRequest going into a SQL sink or statement. This could lead to SQL injection if variables in the SQL statement are not properly sanitized. Use parameterized SQL queries or properly sanitize user input instead.,0.6221370751503495,P3 - Medium (ML Moderate / Needs Review),data/benchmark/src/main/java/org/owasp/benchmark/testcode/BenchmarkTest01887.java,71
BenchmarkTest01888,1,CWE-89,2,1,1,0.5746,Detected input from a HTTPServletRequest going into a SQL sink or statement. This could lead to SQL injection if variables in the SQL statement are not properly sanitized. Use parameterized SQL queries or properly sanitize user input instead.,0.6050253134234014,P3 - Medium (ML Moderate / Needs Review),data/benchmark/src/main/java/org/owasp/benchmark/testcode/BenchmarkTest01888.java,71
BenchmarkTest01889,1,CWE-89,2,1,1,0.5746,Detected input from a HTTPServletRequest going into a SQL sink or statement. This could lead to SQL injection if variables in the SQL statement are not properly sanitized. Use parameterized SQL queries or properly sanitize user input instead.,0.6050253134234014,P3 - Medium (ML Moderate / Needs Review),data/benchmark/src/main/java/org/owasp/benchmark/testcode/BenchmarkTest01889.java,71
BenchmarkTest01890,1,CWE-89,2,1,1,0.5746,Detected input from a HTTPServletRequest going into a SQL sink or statement. This could lead to SQL injection if variables in the SQL statement are not properly sanitized. Use parameterized SQL queries or properly sanitize user input instead.,0.6043967051102129,P3 - Medium (ML Moderate / Needs Review),data/benchmark/src/main/java/org/owasp/benchmark/testcode/BenchmarkTest01890.java,71
BenchmarkTest01891,1,CWE-89,2,1,1,0.5746,Detected input from a HTTPServletRequest going into a SQL sink or statement. This could lead to SQL injection if variables in the SQL statement are not properly sanitized. Use parameterized SQL queries or properly sanitize user input instead.,0.6161353418384643,P3 - Medium (ML Moderate / Needs Review),data/benchmark/src/main/java/org/owasp/benchmark/testcode/BenchmarkTest01891.java,71
BenchmarkTest01892,1,CWE-643,1,1,0,0.5185,"Detected input from a HTTPServletRequest going into a XPath evaluate or compile command. This could lead to xpath injection if variables passed into the evaluate or compile commands are not properly sanitized. Xpath injection could lead to unauthorized access to sensitive information in XML documents. Instead, thoroughly sanitize user input or use parameterized xpath queries if you can.",0.5378530176248051,P3 - Medium (ML Moderate / Needs Review),data/benchmark/src/main/java/org/owasp/benchmark/testcode/BenchmarkTest01892.java,85
BenchmarkTest01893,0,CWE-643,1,1,0,0.5185,"Detected input from a HTTPServletRequest going into a XPath evaluate or compile command. This could lead to xpath injection if variables passed into the evaluate or compile commands are not properly sanitized. Xpath injection could lead to unauthorized access to sensitive information in XML documents. Instead, thoroughly sanitize user input or use parameterized xpath queries if you can.",0.5736924789216268,P3 - Medium (ML Moderate / Needs Review),data/benchmark/src/main/java/org/owasp/benchmark/testcode/BenchmarkTest01893.java,85
BenchmarkTest01894,1,CWE-643,1,1,0,0.5185,"Detected input from a HTTPServletRequest going into a XPath evaluate or compile command. This could lead to xpath injection if variables passed into the evaluate or compile commands are not properly sanitized. Xpath injection could lead to unauthorized access to sensitive information in XML documents. Instead, thoroughly sanitize user input or use parameterized xpath queries if you can.",0.5218271178138495,P3 - Medium (ML Moderate / Needs Review),data/benchmark/src/main/java/org/owasp/benchmark/testcode/BenchmarkTest01894.java,83
BenchmarkTest01895,1,CWE-327,1,1,1,0.9046,Triple DES (3DES or DESede) is considered deprecated. AES is the recommended cipher. Upgrade to use AES.,0.960271073167773,P1 - Critical (ML High-Confidence Vulnerability),data/benchmark/src/main/java/org/owasp/benchmark/testcode/BenchmarkTest01895.java,67
BenchmarkTest01896,0,CWE-327,0,0,0,0.9046,,0.09852596288884,P4 - Low (ML Suppressed / Likely False Alarm),,
BenchmarkTest01897,1,CWE-327,2,1,1,0.9046,DES is considered deprecated. AES is the recommended cipher. Upgrade to use AES. See https://www.nist.gov/news-events/news/2005/06/nist-withdraws-outdated-data-encryption-standard for more information.,0.9895465333843201,P1 - Critical (ML High-Confidence Vulnerability),data/benchmark/src/main/java/org/owasp/benchmark/testcode/BenchmarkTest01897.java,64
BenchmarkTest01898,1,CWE-327,2,1,1,0.9046,DES is considered deprecated. AES is the recommended cipher. Upgrade to use AES. See https://www.nist.gov/news-events/news/2005/06/nist-withdraws-outdated-data-encryption-standard for more information.,0.9770668750366887,P1 - Critical (ML High-Confidence Vulnerability),data/benchmark/src/main/java/org/owasp/benchmark/testcode/BenchmarkTest01898.java,64
BenchmarkTest01899,0,CWE-327,0,0,0,0.9046,,0.09015572836705343,P4 - Low (ML Suppressed / Likely False Alarm),,
BenchmarkTest01900,1,CWE-327,1,1,1,0.9046,Triple DES (3DES or DESede) is considered deprecated. AES is the recommended cipher. Upgrade to use AES.,0.960271073167773,P1 - Critical (ML High-Confidence Vulnerability),data/benchmark/src/main/java/org/owasp/benchmark/testcode/BenchmarkTest01900.java,61
BenchmarkTest01901,0,CWE-327,1,0,1,0.9046,Use a secure cipher mode.,0.14726906733331507,P4 - Low (ML Suppressed / Likely False Alarm),owasp-benchmark:data/benchmark/src/main/java/org/owasp/benchmark/testcode/BenchmarkTest01901.java,68
BenchmarkTest01902,1,CWE-90,1,1,0,0.4815,"Detected input from a HTTPServletRequest going into an LDAP query. This could lead to LDAP injection if the input is not properly sanitized, which could result in attackers modifying objects in the LDAP tree structure. Ensure data passed to an LDAP query is not controllable or properly sanitize the data.",0.4643746966999802,P3 - Medium (ML Moderate / Needs Review),data/benchmark/src/main/java/org/owasp/benchmark/testcode/BenchmarkTest01902.java,63
BenchmarkTest01903,0,CWE-90,1,1,0,0.4815,"Detected input from a HTTPServletRequest going into an LDAP query. This could lead to LDAP injection if the input is not properly sanitized, which could result in attackers modifying objects in the LDAP tree structure. Ensure data passed to an LDAP query is not controllable or properly sanitize the data.",0.4960361627169889,P3 - Medium (ML Moderate / Needs Review),data/benchmark/src/main/java/org/owasp/benchmark/testcode/BenchmarkTest01903.java,63
BenchmarkTest01904,1,CWE-22,1,1,0,0.531,"Detected a potential path traversal. A malicious actor could control the location of this file, to include going backwards in the directory with '../'. To address this, ensure that user-controlled variables in file paths are sanitized. You may also consider using a utility method such as org.apache.commons.io.FilenameUtils.getName(...) to only retrieve the file name from the path.",0.5402428179282152,P3 - Medium (ML Moderate / Needs Review),data/benchmark/src/main/java/org/owasp/benchmark/testcode/BenchmarkTest01904.java,53
BenchmarkTest01905,0,CWE-22,1,1,0,0.531,"Detected a potential path traversal. A malicious actor could control the location of this file, to include going backwards in the directory with '../'. To address this, ensure that user-controlled variables in file paths are sanitized. You may also consider using a utility method such as org.apache.commons.io.FilenameUtils.getName(...) to only retrieve the file name from the path.",0.5394645256012154,P3 - Medium (ML Moderate / Needs Review),data/benchmark/src/main/java/org/owasp/benchmark/testcode/BenchmarkTest01905.java,58
BenchmarkTest01906,1,CWE-22,1,1,0,0.531,"Detected a potential path traversal. A malicious actor could control the location of this file, to include going backwards in the directory with '../'. To address this, ensure that user-controlled variables in file paths are sanitized. You may also consider using a utility method such as org.apache.commons.io.FilenameUtils.getName(...) to only retrieve the file name from the path.",0.5372346090670375,P3 - Medium (ML Moderate / Needs Review),data/benchmark/src/main/java/org/owasp/benchmark/testcode/BenchmarkTest01906.java,59
BenchmarkTest01907,1,CWE-22,1,1,0,0.531,"Detected a potential path traversal. A malicious actor could control the location of this file, to include going backwards in the directory with '../'. To address this, ensure that user-controlled variables in file paths are sanitized. You may also consider using a utility method such as org.apache.commons.io.FilenameUtils.getName(...) to only retrieve the file name from the path.",0.5394645256012154,P3 - Medium (ML Moderate / Needs Review),data/benchmark/src/main/java/org/owasp/benchmark/testcode/BenchmarkTest01907.java,59
BenchmarkTest01908,1,CWE-22,0,0,0,0.531,,0.18290078389950165,P4 - Low (ML Suppressed / Likely False Alarm),,
BenchmarkTest01909,0,CWE-90,1,1,0,0.4815,"Detected input from a HTTPServletRequest going into an LDAP query. This could lead to LDAP injection if the input is not properly sanitized, which could result in attackers modifying objects in the LDAP tree structure. Ensure data passed to an LDAP query is not controllable or properly sanitize the data.",0.4485802845284838,P4 - Low (ML Suppressed / Likely False Alarm),data/benchmark/src/main/java/org/owasp/benchmark/testcode/BenchmarkTest01909.java,66
BenchmarkTest01910,1,CWE-330,2,1,1,1.0,"Detected use of the functions `Math.random()` or `java.util.Random()`. These are both not cryptographically strong random number generators (RNGs). If you are using these RNGs to create passwords or secret tokens, use `java.security.SecureRandom` instead.",1.0,P1 - Critical (ML High-Confidence Vulnerability),data/benchmark/src/main/java/org/owasp/benchmark/testcode/BenchmarkTest01910.java,53
BenchmarkTest01911,1,CWE-328,2,1,1,1.0,"Detected SHA1 hash algorithm which is considered insecure. SHA1 is not collision resistant and is therefore not suitable as a cryptographic signature. Instead, use PBKDF2 for password hashing or SHA256 or SHA512 for other hash function applications.",0.9983424470266575,P1 - Critical (ML High-Confidence Vulnerability),data/benchmark/src/main/java/org/owasp/benchmark/testcode/BenchmarkTest01911.java,59
BenchmarkTest01912,0,CWE-328,0,0,0,1.0,,0.23782332489730076,P4 - Low (ML Suppressed / Likely False Alarm),,
BenchmarkTest01913,0,CWE-328,0,0,0,1.0,,0.26631103688868035,P4 - Low (ML Suppressed / Likely False Alarm),,
BenchmarkTest01914,0,CWE-79,1,1,0,0.6516,"Detected a request with potential user-input going into a OutputStream or Writer object. This bypasses any view or template environments, including HTML escaping, which may expose this application to cross-site scripting (XSS) vulnerabilities. Consider using a view technology such as JavaServer Faces (JSFs) which automatically escapes HTML views.",0.6606354491638398,P2 - High (ML Probable Vulnerability),data/benchmark/src/main/java/org/owasp/benchmark/testcode/BenchmarkTest01914.java,57
BenchmarkTest01915,0,CWE-79,1,1,0,0.6516,"Detected a request with potential user-input going into a OutputStream or Writer object. This bypasses any view or template environments, including HTML escaping, which may expose this application to cross-site scripting (XSS) vulnerabilities. Consider using a view technology such as JavaServer Faces (JSFs) which automatically escapes HTML views.",0.6588860833788427,P2 - High (ML Probable Vulnerability),data/benchmark/src/main/java/org/owasp/benchmark/testcode/BenchmarkTest01915.java,55
BenchmarkTest01916,1,CWE-79,1,1,0,0.6516,"Detected a request with potential user-input going into a OutputStream or Writer object. This bypasses any view or template environments, including HTML escaping, which may expose this application to cross-site scripting (XSS) vulnerabilities. Consider using a view technology such as JavaServer Faces (JSFs) which automatically escapes HTML views.",0.6447716715602264,P3 - Medium (ML Moderate / Needs Review),data/benchmark/src/main/java/org/owasp/benchmark/testcode/BenchmarkTest01916.java,54
BenchmarkTest01917,0,CWE-79,1,1,0,0.6516,"Detected a request with potential user-input going into a OutputStream or Writer object. This bypasses any view or template environments, including HTML escaping, which may expose this application to cross-site scripting (XSS) vulnerabilities. Consider using a view technology such as JavaServer Faces (JSFs) which automatically escapes HTML views.",0.6606354491638398,P2 - High (ML Probable Vulnerability),data/benchmark/src/main/java/org/owasp/benchmark/testcode/BenchmarkTest01917.java,54
BenchmarkTest01918,0,CWE-79,1,1,0,0.6516,"Detected a request with potential user-input going into a OutputStream or Writer object. This bypasses any view or template environments, including HTML escaping, which may expose this application to cross-site scripting (XSS) vulnerabilities. Consider using a view technology such as JavaServer Faces (JSFs) which automatically escapes HTML views.",0.6606354491638398,P2 - High (ML Probable Vulnerability),data/benchmark/src/main/java/org/owasp/benchmark/testcode/BenchmarkTest01918.java,55
BenchmarkTest01919,1,CWE-79,1,1,0,0.6516,"Detected a request with potential user-input going into a OutputStream or Writer object. This bypasses any view or template environments, including HTML escaping, which may expose this application to cross-site scripting (XSS) vulnerabilities. Consider using a view technology such as JavaServer Faces (JSFs) which automatically escapes HTML views.",0.6447716715602264,P3 - Medium (ML Moderate / Needs Review),data/benchmark/src/main/java/org/owasp/benchmark/testcode/BenchmarkTest01919.java,55
BenchmarkTest01920,1,CWE-79,1,1,0,0.6516,"Detected a request with potential user-input going into a OutputStream or Writer object. This bypasses any view or template environments, including HTML escaping, which may expose this application to cross-site scripting (XSS) vulnerabilities. Consider using a view technology such as JavaServer Faces (JSFs) which automatically escapes HTML views.",0.6447716715602264,P3 - Medium (ML Moderate / Needs Review),data/benchmark/src/main/java/org/owasp/benchmark/testcode/BenchmarkTest01920.java,55
BenchmarkTest01921,1,CWE-79,1,1,0,0.6516,"Detected a request with potential user-input going into a OutputStream or Writer object. This bypasses any view or template environments, including HTML escaping, which may expose this application to cross-site scripting (XSS) vulnerabilities. Consider using a view technology such as JavaServer Faces (JSFs) which automatically escapes HTML views.",0.6691842611085874,P2 - High (ML Probable Vulnerability),data/benchmark/src/main/java/org/owasp/benchmark/testcode/BenchmarkTest01921.java,55
BenchmarkTest01922,1,CWE-79,1,1,0,0.6516,"Detected a request with potential user-input going into a OutputStream or Writer object. This bypasses any view or template environments, including HTML escaping, which may expose this application to cross-site scripting (XSS) vulnerabilities. Consider using a view technology such as JavaServer Faces (JSFs) which automatically escapes HTML views.",0.6447716715602264,P3 - Medium (ML Moderate / Needs Review),data/benchmark/src/main/java/org/owasp/benchmark/testcode/BenchmarkTest01922.java,55
BenchmarkTest01923,1,CWE-79,1,1,0,0.6516,"Detected a request with potential user-input going into a OutputStream or Writer object. This bypasses any view or template environments, including HTML escaping, which may expose this application to cross-site scripting (XSS) vulnerabilities. Consider using a view technology such as JavaServer Faces (JSFs) which automatically escapes HTML views.",0.6606354491638398,P2 - High (ML Probable Vulnerability),data/benchmark/src/main/java/org/owasp/benchmark/testcode/BenchmarkTest01923.java,55
BenchmarkTest01924,0,CWE-79,1,1,0,0.6516,"Detected a request with potential user-input going into a OutputStream or Writer object. This bypasses any view or template environments, including HTML escaping, which may expose this application to cross-site scripting (XSS) vulnerabilities. Consider using a view technology such as JavaServer Faces (JSFs) which automatically escapes HTML views.",0.6606354491638398,P2 - High (ML Probable Vulnerability),data/benchmark/src/main/java/org/owasp/benchmark/testcode/BenchmarkTest01924.java,55
BenchmarkTest01925,1,CWE-79,1,1,0,0.6516,"Detected a request with potential user-input going into a OutputStream or Writer object. This bypasses any view or template environments, including HTML escaping, which may expose this application to cross-site scripting (XSS) vulnerabilities. Consider using a view technology such as JavaServer Faces (JSFs) which automatically escapes HTML views.",0.6588860833788427,P2 - High (ML Probable Vulnerability),data/benchmark/src/main/java/org/owasp/benchmark/testcode/BenchmarkTest01925.java,54
BenchmarkTest01926,1,CWE-79,1,1,0,0.6516,"Detected a request with potential user-input going into a OutputStream or Writer object. This bypasses any view or template environments, including HTML escaping, which may expose this application to cross-site scripting (XSS) vulnerabilities. Consider using a view technology such as JavaServer Faces (JSFs) which automatically escapes HTML views.",0.6691842611085874,P2 - High (ML Probable Vulnerability),data/benchmark/src/main/java/org/owasp/benchmark/testcode/BenchmarkTest01926.java,54
BenchmarkTest01927,1,CWE-79,1,1,0,0.6516,"Detected a request with potential user-input going into a OutputStream or Writer object. This bypasses any view or template environments, including HTML escaping, which may expose this application to cross-site scripting (XSS) vulnerabilities. Consider using a view technology such as JavaServer Faces (JSFs) which automatically escapes HTML views.",0.6606354491638398,P2 - High (ML Probable Vulnerability),data/benchmark/src/main/java/org/owasp/benchmark/testcode/BenchmarkTest01927.java,54
BenchmarkTest01928,1,CWE-78,1,1,0,0.5177,"Detected input from a HTTPServletRequest going into a 'ProcessBuilder' or 'exec' command. This could lead to command injection if variables passed into the exec commands are not properly sanitized. Instead, avoid using these OS commands with user-supplied input, or, if you must use these commands, use a whitelist of specific values.",0.5114755110284748,P3 - Medium (ML Moderate / Needs Review),data/benchmark/src/main/java/org/owasp/benchmark/testcode/BenchmarkTest01928.java,63
BenchmarkTest01929,1,CWE-78,1,1,0,0.5177,"Detected input from a HTTPServletRequest going into a 'ProcessBuilder' or 'exec' command. This could lead to command injection if variables passed into the exec commands are not properly sanitized. Instead, avoid using these OS commands with user-supplied input, or, if you must use these commands, use a whitelist of specific values.",0.5683792859920807,P3 - Medium (ML Moderate / Needs Review),data/benchmark/src/main/java/org/owasp/benchmark/testcode/BenchmarkTest01929.java,65
BenchmarkTest01930,1,CWE-330,2,1,1,1.0,"Detected use of the functions `Math.random()` or `java.util.Random()`. These are both not cryptographically strong random number generators (RNGs). If you are using these RNGs to create passwords or secret tokens, use `java.security.SecureRandom` instead.",1.0,P1 - Critical (ML High-Confidence Vulnerability),data/benchmark/src/main/java/org/owasp/benchmark/testcode/BenchmarkTest01930.java,53
BenchmarkTest01931,1,CWE-330,2,1,1,1.0,"Detected use of the functions `Math.random()` or `java.util.Random()`. These are both not cryptographically strong random number generators (RNGs). If you are using these RNGs to create passwords or secret tokens, use `java.security.SecureRandom` instead.",1.0,P1 - Critical (ML High-Confidence Vulnerability),data/benchmark/src/main/java/org/owasp/benchmark/testcode/BenchmarkTest01931.java,53
BenchmarkTest01932,1,CWE-330,2,1,1,1.0,"Detected use of the functions `Math.random()` or `java.util.Random()`. These are both not cryptographically strong random number generators (RNGs). If you are using these RNGs to create passwords or secret tokens, use `java.security.SecureRandom` instead.",1.0,P1 - Critical (ML High-Confidence Vulnerability),data/benchmark/src/main/java/org/owasp/benchmark/testcode/BenchmarkTest01932.java,53
BenchmarkTest01933,1,CWE-330,2,1,1,1.0,"Detected use of the functions `Math.random()` or `java.util.Random()`. These are both not cryptographically strong random number generators (RNGs). If you are using these RNGs to create passwords or secret tokens, use `java.security.SecureRandom` instead.",1.0,P1 - Critical (ML High-Confidence Vulnerability),data/benchmark/src/main/java/org/owasp/benchmark/testcode/BenchmarkTest01933.java,53
BenchmarkTest01934,1,CWE-330,2,1,1,1.0,"Detected use of the functions `Math.random()` or `java.util.Random()`. These are both not cryptographically strong random number generators (RNGs). If you are using these RNGs to create passwords or secret tokens, use `java.security.SecureRandom` instead.",0.9995641025641026,P1 - Critical (ML High-Confidence Vulnerability),data/benchmark/src/main/java/org/owasp/benchmark/testcode/BenchmarkTest01934.java,53
BenchmarkTest01935,0,CWE-614,0,0,0,1.0,,0.1144990611140598,P4 - Low (ML Suppressed / Likely False Alarm),,
BenchmarkTest01936,1,CWE-78,1,1,0,0.5177,"Detected input from a HTTPServletRequest going into a 'ProcessBuilder' or 'exec' command. This could lead to command injection if variables passed into the exec commands are not properly sanitized. Instead, avoid using these OS commands with user-supplied input, or, if you must use these commands, use a whitelist of specific values.",0.5089059229256337,P3 - Medium (ML Moderate / Needs Review),data/benchmark/src/main/java/org/owasp/benchmark/testcode/BenchmarkTest01936.java,62
BenchmarkTest01937,0,CWE-78,1,1,0,0.5177,"Detected input from a HTTPServletRequest going into a 'ProcessBuilder' or 'exec' command. This could lead to command injection if variables passed into the exec commands are not properly sanitized. Instead, avoid using these OS commands with user-supplied input, or, if you must use these commands, use a whitelist of specific values.",0.5114755110284748,P3 - Medium (ML Moderate / Needs Review),data/benchmark/src/main/java/org/owasp/benchmark/testcode/BenchmarkTest01937.java,62
BenchmarkTest01938,1,CWE-78,1,1,0,0.5177,"Detected input from a HTTPServletRequest going into a 'ProcessBuilder' or 'exec' command. This could lead to command injection if variables passed into the exec commands are not properly sanitized. Instead, avoid using these OS commands with user-supplied input, or, if you must use these commands, use a whitelist of specific values.",0.5089059229256337,P3 - Medium (ML Moderate / Needs Review),data/benchmark/src/main/java/org/owasp/benchmark/testcode/BenchmarkTest01938.java,76
BenchmarkTest01939,0,CWE-78,1,1,0,0.5177,"Detected input from a HTTPServletRequest going into a 'ProcessBuilder' or 'exec' command. This could lead to command injection if variables passed into the exec commands are not properly sanitized. Instead, avoid using these OS commands with user-supplied input, or, if you must use these commands, use a whitelist of specific values.",0.5683792859920807,P3 - Medium (ML Moderate / Needs Review),data/benchmark/src/main/java/org/owasp/benchmark/testcode/BenchmarkTest01939.java,62
BenchmarkTest01940,1,CWE-78,1,1,0,0.5177,"Detected input from a HTTPServletRequest going into a 'ProcessBuilder' or 'exec' command. This could lead to command injection if variables passed into the exec commands are not properly sanitized. Instead, avoid using these OS commands with user-supplied input, or, if you must use these commands, use a whitelist of specific values.",0.5752195073482003,P3 - Medium (ML Moderate / Needs Review),data/benchmark/src/main/java/org/owasp/benchmark/testcode/BenchmarkTest01940.java,63
BenchmarkTest01941,0,CWE-78,1,1,0,0.5177,"Detected input from a HTTPServletRequest going into a 'ProcessBuilder' or 'exec' command. This could lead to command injection if variables passed into the exec commands are not properly sanitized. Instead, avoid using these OS commands with user-supplied input, or, if you must use these commands, use a whitelist of specific values.",0.5089059229256337,P3 - Medium (ML Moderate / Needs Review),data/benchmark/src/main/java/org/owasp/benchmark/testcode/BenchmarkTest01941.java,61
BenchmarkTest01942,1,CWE-78,1,1,0,0.5177,"Detected input from a HTTPServletRequest going into a 'ProcessBuilder' or 'exec' command. This could lead to command injection if variables passed into the exec commands are not properly sanitized. Instead, avoid using these OS commands with user-supplied input, or, if you must use these commands, use a whitelist of specific values.",0.5089059229256337,P3 - Medium (ML Moderate / Needs Review),data/benchmark/src/main/java/org/owasp/benchmark/testcode/BenchmarkTest01942.java,63
BenchmarkTest01943,0,CWE-78,1,1,0,0.5177,"Detected input from a HTTPServletRequest going into a 'ProcessBuilder' or 'exec' command. This could lead to command injection if variables passed into the exec commands are not properly sanitized. Instead, avoid using these OS commands with user-supplied input, or, if you must use these commands, use a whitelist of specific values.",0.5444416118463504,P3 - Medium (ML Moderate / Needs Review),data/benchmark/src/main/java/org/owasp/benchmark/testcode/BenchmarkTest01943.java,63
BenchmarkTest01944,1,CWE-78,1,1,0,0.5177,"Detected input from a HTTPServletRequest going into a 'ProcessBuilder' or 'exec' command. This could lead to command injection if variables passed into the exec commands are not properly sanitized. Instead, avoid using these OS commands with user-supplied input, or, if you must use these commands, use a whitelist of specific values.",0.5683792859920807,P3 - Medium (ML Moderate / Needs Review),data/benchmark/src/main/java/org/owasp/benchmark/testcode/BenchmarkTest01944.java,63
BenchmarkTest01945,0,CWE-330,0,0,0,1.0,,0.037636823716155926,P4 - Low (ML Suppressed / Likely False Alarm),,
BenchmarkTest01946,0,CWE-330,0,0,0,1.0,,0.03704436789576919,P4 - Low (ML Suppressed / Likely False Alarm),,
BenchmarkTest01947,0,CWE-330,0,0,0,1.0,,0.037636823716155926,P4 - Low (ML Suppressed / Likely False Alarm),,
BenchmarkTest01948,0,CWE-330,0,0,0,1.0,,0.03704436789576919,P4 - Low (ML Suppressed / Likely False Alarm),,
BenchmarkTest01949,0,CWE-330,0,0,0,1.0,,0.03391968678800127,P4 - Low (ML Suppressed / Likely False Alarm),,
BenchmarkTest01950,0,CWE-330,0,0,0,1.0,,0.037636823716155926,P4 - Low (ML Suppressed / Likely False Alarm),,
BenchmarkTest01951,0,CWE-330,0,0,0,1.0,,0.0331840260624013,P4 - Low (ML Suppressed / Likely False Alarm),,
BenchmarkTest01952,0,CWE-330,0,0,0,1.0,,0.04325014794951732,P4 - Low (ML Suppressed / Likely False Alarm),,
BenchmarkTest01953,0,CWE-330,0,0,0,1.0,,0.03704436789576919,P4 - Low (ML Suppressed / Likely False Alarm),,
BenchmarkTest01954,0,CWE-330,0,0,0,1.0,,0.0331840260624013,P4 - Low (ML Suppressed / Likely False Alarm),,
BenchmarkTest01955,1,CWE-501,1,1,0,0.7234,"Detected a request with potential user-input going into a OutputStream or Writer object. This bypasses any view or template environments, including HTML escaping, which may expose this application to cross-site scripting (XSS) vulnerabilities. Consider using a view technology such as JavaServer Faces (JSFs) which automatically escapes HTML views.",0.7360201729654304,P2 - High (ML Probable Vulnerability),data/benchmark/src/main/java/org/owasp/benchmark/testcode/BenchmarkTest01955.java,56
BenchmarkTest01956,0,CWE-501,1,1,0,0.7234,"Detected a request with potential user-input going into a OutputStream or Writer object. This bypasses any view or template environments, including HTML escaping, which may expose this application to cross-site scripting (XSS) vulnerabilities. Consider using a view technology such as JavaServer Faces (JSFs) which automatically escapes HTML views.",0.7360201729654304,P2 - High (ML Probable Vulnerability),data/benchmark/src/main/java/org/owasp/benchmark/testcode/BenchmarkTest01956.java,56
BenchmarkTest01957,0,CWE-501,1,1,0,0.7234,"Detected a request with potential user-input going into a OutputStream or Writer object. This bypasses any view or template environments, including HTML escaping, which may expose this application to cross-site scripting (XSS) vulnerabilities. Consider using a view technology such as JavaServer Faces (JSFs) which automatically escapes HTML views.",0.7789605520980689,P2 - High (ML Probable Vulnerability),data/benchmark/src/main/java/org/owasp/benchmark/testcode/BenchmarkTest01957.java,56
BenchmarkTest01958,1,CWE-501,1,1,0,0.7234,"Detected input from a HTTPServletRequest going into a session command, like `setAttribute`. User input into such a command could lead to an attacker inputting malicious code into your session parameters, blurring the line between what's trusted and untrusted, and therefore leading to a trust boundary violation. This could lead to programmers trusting unvalidated data. Instead, thoroughly sanitize user input before passing it into such function calls.",0.7068358686904922,P2 - High (ML Probable Vulnerability),data/benchmark/src/main/java/org/owasp/benchmark/testcode/BenchmarkTest01958.java,54
BenchmarkTest01959,0,CWE-501,1,1,0,0.7234,"Detected input from a HTTPServletRequest going into a session command, like `setAttribute`. User input into such a command could lead to an attacker inputting malicious code into your session parameters, blurring the line between what's trusted and untrusted, and therefore leading to a trust boundary violation. This could lead to programmers trusting unvalidated data. Instead, thoroughly sanitize user input before passing it into such function calls.",0.6998849314813775,P2 - High (ML Probable Vulnerability),data/benchmark/src/main/java/org/owasp/benchmark/testcode/BenchmarkTest01959.java,54
BenchmarkTest01960,1,CWE-501,1,1,0,0.7234,"Detected input from a HTTPServletRequest going into a session command, like `setAttribute`. User input into such a command could lead to an attacker inputting malicious code into your session parameters, blurring the line between what's trusted and untrusted, and therefore leading to a trust boundary violation. This could lead to programmers trusting unvalidated data. Instead, thoroughly sanitize user input before passing it into such function calls.",0.7313191620213231,P2 - High (ML Probable Vulnerability),data/benchmark/src/main/java/org/owasp/benchmark/testcode/BenchmarkTest01960.java,54
BenchmarkTest01961,0,CWE-89,2,1,1,0.5746,Detected input from a HTTPServletRequest going into a SQL sink or statement. This could lead to SQL injection if variables in the SQL statement are not properly sanitized. Use parameterized SQL queries or properly sanitize user input instead.,0.6221370751503495,P3 - Medium (ML Moderate / Needs Review),data/benchmark/src/main/java/org/owasp/benchmark/testcode/BenchmarkTest01961.java,58
BenchmarkTest01962,1,CWE-89,2,1,1,0.5746,Detected input from a HTTPServletRequest going into a SQL sink or statement. This could lead to SQL injection if variables in the SQL statement are not properly sanitized. Use parameterized SQL queries or properly sanitize user input instead.,0.6043967051102129,P3 - Medium (ML Moderate / Needs Review),data/benchmark/src/main/java/org/owasp/benchmark/testcode/BenchmarkTest01962.java,58
BenchmarkTest01963,1,CWE-89,1,1,0,0.5746,Detected input from a HTTPServletRequest going into a SQL sink or statement. This could lead to SQL injection if variables in the SQL statement are not properly sanitized. Use parameterized SQL queries or properly sanitize user input instead.,0.6382802301796155,P3 - Medium (ML Moderate / Needs Review),data/benchmark/src/main/java/org/owasp/benchmark/testcode/BenchmarkTest01963.java,56
BenchmarkTest01964,1,CWE-89,1,1,0,0.5746,Detected input from a HTTPServletRequest going into a SQL sink or statement. This could lead to SQL injection if variables in the SQL statement are not properly sanitized. Use parameterized SQL queries or properly sanitize user input instead.,0.63810138505586,P3 - Medium (ML Moderate / Needs Review),data/benchmark/src/main/java/org/owasp/benchmark/testcode/BenchmarkTest01964.java,55
BenchmarkTest01965,0,CWE-89,1,1,0,0.5746,Detected input from a HTTPServletRequest going into a SQL sink or statement. This could lead to SQL injection if variables in the SQL statement are not properly sanitized. Use parameterized SQL queries or properly sanitize user input instead.,0.6314792486337455,P3 - Medium (ML Moderate / Needs Review),data/benchmark/src/main/java/org/owasp/benchmark/testcode/BenchmarkTest01965.java,57
BenchmarkTest01966,0,CWE-89,1,1,0,0.5746,Detected input from a HTTPServletRequest going into a SQL sink or statement. This could lead to SQL injection if variables in the SQL statement are not properly sanitized. Use parameterized SQL queries or properly sanitize user input instead.,0.6371570818030259,P3 - Medium (ML Moderate / Needs Review),data/benchmark/src/main/java/org/owasp/benchmark/testcode/BenchmarkTest01966.java,56
BenchmarkTest01967,0,CWE-89,1,1,0,0.5746,Detected input from a HTTPServletRequest going into a SQL sink or statement. This could lead to SQL injection if variables in the SQL statement are not properly sanitized. Use parameterized SQL queries or properly sanitize user input instead.,0.6314792486337455,P3 - Medium (ML Moderate / Needs Review),data/benchmark/src/main/java/org/owasp/benchmark/testcode/BenchmarkTest01967.java,56
BenchmarkTest01968,0,CWE-89,1,1,0,0.5746,Detected input from a HTTPServletRequest going into a SQL sink or statement. This could lead to SQL injection if variables in the SQL statement are not properly sanitized. Use parameterized SQL queries or properly sanitize user input instead.,0.6371570818030259,P3 - Medium (ML Moderate / Needs Review),data/benchmark/src/main/java/org/owasp/benchmark/testcode/BenchmarkTest01968.java,56
BenchmarkTest01969,0,CWE-89,2,1,1,0.5746,Detected input from a HTTPServletRequest going into a SQL sink or statement. This could lead to SQL injection if variables in the SQL statement are not properly sanitized. Use parameterized SQL queries or properly sanitize user input instead.,0.6315115188114625,P3 - Medium (ML Moderate / Needs Review),data/benchmark/src/main/java/org/owasp/benchmark/testcode/BenchmarkTest01969.java,56
BenchmarkTest01970,1,CWE-89,2,1,1,0.5746,Detected input from a HTTPServletRequest going into a SQL sink or statement. This could lead to SQL injection if variables in the SQL statement are not properly sanitized. Use parameterized SQL queries or properly sanitize user input instead.,0.6161353418384643,P3 - Medium (ML Moderate / Needs Review),data/benchmark/src/main/java/org/owasp/benchmark/testcode/BenchmarkTest01970.java,56
BenchmarkTest01971,1,CWE-89,2,1,1,0.5746,Detected a formatted string in a SQL statement. This could lead to SQL injection if variables in the SQL statement are not properly sanitized. Use a prepared statements (java.sql.PreparedStatement) instead. You can obtain a PreparedStatement using 'connection.prepareStatement'.,0.490638252758374,P3 - Medium (ML Moderate / Needs Review),data/benchmark/src/main/java/org/owasp/benchmark/testcode/BenchmarkTest01971.java,58
BenchmarkTest01972,1,CWE-89,2,1,1,0.5746,Detected a formatted string in a SQL statement. This could lead to SQL injection if variables in the SQL statement are not properly sanitized. Use a prepared statements (java.sql.PreparedStatement) instead. You can obtain a PreparedStatement using 'connection.prepareStatement'.,0.46739305534568415,P3 - Medium (ML Moderate / Needs Review),data/benchmark/src/main/java/org/owasp/benchmark/testcode/BenchmarkTest01972.java,58
BenchmarkTest01973,0,CWE-89,2,1,1,0.5746,Detected input from a HTTPServletRequest going into a SQL sink or statement. This could lead to SQL injection if variables in the SQL statement are not properly sanitized. Use parameterized SQL queries or properly sanitize user input instead.,0.6221370751503495,P3 - Medium (ML Moderate / Needs Review),data/benchmark/src/main/java/org/owasp/benchmark/testcode/BenchmarkTest01973.java,56
BenchmarkTest01974,1,CWE-643,1,1,0,0.5185,"Detected input from a HTTPServletRequest going into a XPath evaluate or compile command. This could lead to xpath injection if variables passed into the evaluate or compile commands are not properly sanitized. Xpath injection could lead to unauthorized access to sensitive information in XML documents. Instead, thoroughly sanitize user input or use parameterized xpath queries if you can.",0.4922262947505719,P3 - Medium (ML Moderate / Needs Review),data/benchmark/src/main/java/org/owasp/benchmark/testcode/BenchmarkTest01974.java,70
BenchmarkTest01975,0,CWE-327,0,0,0,0.9046,,0.09015572836705343,P4 - Low (ML Suppressed / Likely False Alarm),,
BenchmarkTest01976,0,CWE-327,0,0,0,0.9046,,0.09852596288884,P4 - Low (ML Suppressed / Likely False Alarm),,
BenchmarkTest01977,0,CWE-327,0,0,0,0.9046,,0.09852596288884,P4 - Low (ML Suppressed / Likely False Alarm),,
BenchmarkTest01978,1,CWE-327,2,1,1,0.9046,DES is considered deprecated. AES is the recommended cipher. Upgrade to use AES. See https://www.nist.gov/news-events/news/2005/06/nist-withdraws-outdated-data-encryption-standard for more information.,0.9770668750366887,P1 - Critical (ML High-Confidence Vulnerability),data/benchmark/src/main/java/org/owasp/benchmark/testcode/BenchmarkTest01978.java,74
BenchmarkTest01979,0,CWE-327,0,0,0,0.9046,,0.08362763156367758,P4 - Low (ML Suppressed / Likely False Alarm),,
BenchmarkTest01980,1,CWE-327,1,1,1,0.9046,Triple DES (3DES or DESede) is considered deprecated. AES is the recommended cipher. Upgrade to use AES.,0.9653792423396194,P1 - Critical (ML High-Confidence Vulnerability),data/benchmark/src/main/java/org/owasp/benchmark/testcode/BenchmarkTest01980.java,71
BenchmarkTest01981,1,CWE-327,1,1,1,0.9046,Triple DES (3DES or DESede) is considered deprecated. AES is the recommended cipher. Upgrade to use AES.,0.9653792423396194,P1 - Critical (ML High-Confidence Vulnerability),data/benchmark/src/main/java/org/owasp/benchmark/testcode/BenchmarkTest01981.java,71
BenchmarkTest01982,0,CWE-327,1,0,1,0.9046,Use a secure cipher mode.,0.1391230575322935,P4 - Low (ML Suppressed / Likely False Alarm),owasp-benchmark:data/benchmark/src/main/java/org/owasp/benchmark/testcode/BenchmarkTest01982.java,78
BenchmarkTest01983,1,CWE-22,1,1,0,0.531,"Detected a potential path traversal. A malicious actor could control the location of this file, to include going backwards in the directory with '../'. To address this, ensure that user-controlled variables in file paths are sanitized. You may also consider using a utility method such as org.apache.commons.io.FilenameUtils.getName(...) to only retrieve the file name from the path.",0.5349061735858125,P3 - Medium (ML Moderate / Needs Review),data/benchmark/src/main/java/org/owasp/benchmark/testcode/BenchmarkTest01983.java,63
BenchmarkTest01984,0,CWE-22,1,1,0,0.531,"Detected a potential path traversal. A malicious actor could control the location of this file, to include going backwards in the directory with '../'. To address this, ensure that user-controlled variables in file paths are sanitized. You may also consider using a utility method such as org.apache.commons.io.FilenameUtils.getName(...) to only retrieve the file name from the path.",0.5394645256012154,P3 - Medium (ML Moderate / Needs Review),data/benchmark/src/main/java/org/owasp/benchmark/testcode/BenchmarkTest01984.java,63
BenchmarkTest01985,1,CWE-22,1,1,0,0.531,"Detected a potential path traversal. A malicious actor could control the location of this file, to include going backwards in the directory with '../'. To address this, ensure that user-controlled variables in file paths are sanitized. You may also consider using a utility method such as org.apache.commons.io.FilenameUtils.getName(...) to only retrieve the file name from the path.",0.5372346090670375,P3 - Medium (ML Moderate / Needs Review),data/benchmark/src/main/java/org/owasp/benchmark/testcode/BenchmarkTest01985.java,63
BenchmarkTest01986,0,CWE-22,1,1,0,0.531,"Detected a potential path traversal. A malicious actor could control the location of this file, to include going backwards in the directory with '../'. To address this, ensure that user-controlled variables in file paths are sanitized. You may also consider using a utility method such as org.apache.commons.io.FilenameUtils.getName(...) to only retrieve the file name from the path.",0.5349061735858125,P3 - Medium (ML Moderate / Needs Review),data/benchmark/src/main/java/org/owasp/benchmark/testcode/BenchmarkTest01986.java,83
BenchmarkTest01987,1,CWE-22,1,1,0,0.531,"Detected a potential path traversal. A malicious actor could control the location of this file, to include going backwards in the directory with '../'. To address this, ensure that user-controlled variables in file paths are sanitized. You may also consider using a utility method such as org.apache.commons.io.FilenameUtils.getName(...) to only retrieve the file name from the path.",0.5394645256012154,P3 - Medium (ML Moderate / Needs Review),data/benchmark/src/main/java/org/owasp/benchmark/testcode/BenchmarkTest01987.java,83
BenchmarkTest01988,1,CWE-22,1,1,0,0.531,"Detected a potential path traversal. A malicious actor could control the location of this file, to include going backwards in the directory with '../'. To address this, ensure that user-controlled variables in file paths are sanitized. You may also consider using a utility method such as org.apache.commons.io.FilenameUtils.getName(...) to only retrieve the file name from the path.",0.5372346090670375,P3 - Medium (ML Moderate / Needs Review),data/benchmark/src/main/java/org/owasp/benchmark/testcode/BenchmarkTest01988.java,68
BenchmarkTest01989,1,CWE-22,1,1,0,0.531,"Detected a potential path traversal. A malicious actor could control the location of this file, to include going backwards in the directory with '../'. To address this, ensure that user-controlled variables in file paths are sanitized. You may also consider using a utility method such as org.apache.commons.io.FilenameUtils.getName(...) to only retrieve the file name from the path.",0.5394645256012154,P3 - Medium (ML Moderate / Needs Review),data/benchmark/src/main/java/org/owasp/benchmark/testcode/BenchmarkTest01989.java,69
BenchmarkTest01990,0,CWE-22,1,1,0,0.531,"Detected a potential path traversal. A malicious actor could control the location of this file, to include going backwards in the directory with '../'. To address this, ensure that user-controlled variables in file paths are sanitized. You may also consider using a utility method such as org.apache.commons.io.FilenameUtils.getName(...) to only retrieve the file name from the path.",0.5305215095490278,P3 - Medium (ML Moderate / Needs Review),data/benchmark/src/main/java/org/owasp/benchmark/testcode/BenchmarkTest01990.java,69
BenchmarkTest01991,0,CWE-22,0,0,0,0.531,,0.21923562111917438,P4 - Low (ML Suppressed / Likely False Alarm),,
BenchmarkTest01992,1,CWE-330,2,1,1,1.0,"Detected use of the functions `Math.random()` or `java.util.Random()`. These are both not cryptographically strong random number generators (RNGs). If you are using these RNGs to create passwords or secret tokens, use `java.security.SecureRandom` instead.",0.9995454545454545,P1 - Critical (ML High-Confidence Vulnerability),data/benchmark/src/main/java/org/owasp/benchmark/testcode/BenchmarkTest01992.java,63
BenchmarkTest01993,0,CWE-328,0,0,0,1.0,,0.231920865694142,P4 - Low (ML Suppressed / Likely False Alarm),,
BenchmarkTest01994,0,CWE-328,0,0,0,1.0,,0.26631103688868035,P4 - Low (ML Suppressed / Likely False Alarm),,
BenchmarkTest01995,0,CWE-328,0,0,0,1.0,,0.26631103688868035,P4 - Low (ML Suppressed / Likely False Alarm),,
BenchmarkTest01996,1,CWE-328,0,0,0,1.0,,0.23782332489730076,P4 - Low (ML Suppressed / Likely False Alarm),,
BenchmarkTest01997,1,CWE-328,0,0,0,1.0,,0.231920865694142,P4 - Low (ML Suppressed / Likely False Alarm),,
BenchmarkTest01998,0,CWE-328,0,0,0,1.0,,0.231920865694142,P4 - Low (ML Suppressed / Likely False Alarm),,
BenchmarkTest01999,1,CWE-330,2,1,1,1.0,"Detected use of the functions `Math.random()` or `java.util.Random()`. These are both not cryptographically strong random number generators (RNGs). If you are using these RNGs to create passwords or secret tokens, use `java.security.SecureRandom` instead.",0.9995641025641026,P1 - Critical (ML High-Confidence Vulnerability),data/benchmark/src/main/java/org/owasp/benchmark/testcode/BenchmarkTest01999.java,64
BenchmarkTest02000,1,CWE-330,2,1,1,1.0,"Detected use of the functions `Math.random()` or `java.util.Random()`. These are both not cryptographically strong random number generators (RNGs). If you are using these RNGs to create passwords or secret tokens, use `java.security.SecureRandom` instead.",0.9995454545454545,P1 - Critical (ML High-Confidence Vulnerability),data/benchmark/src/main/java/org/owasp/benchmark/testcode/BenchmarkTest02000.java,64
BenchmarkTest02001,1,CWE-330,2,1,1,1.0,"Detected use of the functions `Math.random()` or `java.util.Random()`. These are both not cryptographically strong random number generators (RNGs). If you are using these RNGs to create passwords or secret tokens, use `java.security.SecureRandom` instead.",1.0,P1 - Critical (ML High-Confidence Vulnerability),data/benchmark/src/main/java/org/owasp/benchmark/testcode/BenchmarkTest02001.java,63
BenchmarkTest02002,1,CWE-330,2,1,1,1.0,"Detected use of the functions `Math.random()` or `java.util.Random()`. These are both not cryptographically strong random number generators (RNGs). If you are using these RNGs to create passwords or secret tokens, use `java.security.SecureRandom` instead.",1.0,P1 - Critical (ML High-Confidence Vulnerability),data/benchmark/src/main/java/org/owasp/benchmark/testcode/BenchmarkTest02002.java,63
BenchmarkTest02003,1,CWE-330,2,1,1,1.0,"Detected use of the functions `Math.random()` or `java.util.Random()`. These are both not cryptographically strong random number generators (RNGs). If you are using these RNGs to create passwords or secret tokens, use `java.security.SecureRandom` instead.",1.0,P1 - Critical (ML High-Confidence Vulnerability),data/benchmark/src/main/java/org/owasp/benchmark/testcode/BenchmarkTest02003.java,63
BenchmarkTest02004,1,CWE-330,2,1,1,1.0,"Detected use of the functions `Math.random()` or `java.util.Random()`. These are both not cryptographically strong random number generators (RNGs). If you are using these RNGs to create passwords or secret tokens, use `java.security.SecureRandom` instead.",1.0,P1 - Critical (ML High-Confidence Vulnerability),data/benchmark/src/main/java/org/owasp/benchmark/testcode/BenchmarkTest02004.java,63
BenchmarkTest02005,1,CWE-614,1,1,0,1.0,A cookie was detected without setting the 'secure' flag. The 'secure' flag for cookies prevents the client from transmitting the cookie over insecure channels such as HTTP. Set the 'secure' flag by calling 'cookie.setSecure(true);',0.9624860773602885,P1 - Critical (ML High-Confidence Vulnerability),data/benchmark/src/main/java/org/owasp/benchmark/testcode/BenchmarkTest02005.java,80
BenchmarkTest02006,0,CWE-614,0,0,0,1.0,,0.11559067511198239,P4 - Low (ML Suppressed / Likely False Alarm),,
BenchmarkTest02007,0,CWE-330,0,0,0,1.0,,0.03391968678800127,P4 - Low (ML Suppressed / Likely False Alarm),,
BenchmarkTest02008,0,CWE-330,0,0,0,1.0,,0.037636823716155926,P4 - Low (ML Suppressed / Likely False Alarm),,
BenchmarkTest02009,0,CWE-330,0,0,0,1.0,,0.0331840260624013,P4 - Low (ML Suppressed / Likely False Alarm),,
BenchmarkTest02010,0,CWE-330,0,0,0,1.0,,0.0331840260624013,P4 - Low (ML Suppressed / Likely False Alarm),,
BenchmarkTest02011,0,CWE-330,0,0,0,1.0,,0.037636823716155926,P4 - Low (ML Suppressed / Likely False Alarm),,
BenchmarkTest02012,0,CWE-330,0,0,0,1.0,,0.03391968678800127,P4 - Low (ML Suppressed / Likely False Alarm),,
BenchmarkTest02013,0,CWE-330,0,0,0,1.0,,0.03704436789576919,P4 - Low (ML Suppressed / Likely False Alarm),,
BenchmarkTest02014,0,CWE-330,0,0,0,1.0,,0.0331840260624013,P4 - Low (ML Suppressed / Likely False Alarm),,
BenchmarkTest02015,1,CWE-501,1,1,0,0.7234,"Detected a request with potential user-input going into a OutputStream or Writer object. This bypasses any view or template environments, including HTML escaping, which may expose this application to cross-site scripting (XSS) vulnerabilities. Consider using a view technology such as JavaServer Faces (JSFs) which automatically escapes HTML views.",0.734742393404791,P2 - High (ML Probable Vulnerability),data/benchmark/src/main/java/org/owasp/benchmark/testcode/BenchmarkTest02015.java,66
BenchmarkTest02016,1,CWE-501,1,1,0,0.7234,"Detected input from a HTTPServletRequest going into a session command, like `setAttribute`. User input into such a command could lead to an attacker inputting malicious code into your session parameters, blurring the line between what's trusted and untrusted, and therefore leading to a trust boundary violation. This could lead to programmers trusting unvalidated data. Instead, thoroughly sanitize user input before passing it into such function calls.",0.7068358686904922,P2 - High (ML Probable Vulnerability),data/benchmark/src/main/java/org/owasp/benchmark/testcode/BenchmarkTest02016.java,64
BenchmarkTest02017,1,CWE-327,1,1,1,0.9046,Triple DES (3DES or DESede) is considered deprecated. AES is the recommended cipher. Upgrade to use AES.,0.9653792423396194,P1 - Critical (ML High-Confidence Vulnerability),data/benchmark/src/main/java/org/owasp/benchmark/testcode/BenchmarkTest02017.java,71
BenchmarkTest02018,1,CWE-327,1,1,1,0.9046,Triple DES (3DES or DESede) is considered deprecated. AES is the recommended cipher. Upgrade to use AES.,0.984312041628401,P1 - Critical (ML High-Confidence Vulnerability),data/benchmark/src/main/java/org/owasp/benchmark/testcode/BenchmarkTest02018.java,71
BenchmarkTest02019,1,CWE-327,1,1,1,0.9046,Triple DES (3DES or DESede) is considered deprecated. AES is the recommended cipher. Upgrade to use AES.,0.9653792423396194,P1 - Critical (ML High-Confidence Vulnerability),data/benchmark/src/main/java/org/owasp/benchmark/testcode/BenchmarkTest02019.java,71
BenchmarkTest02020,1,CWE-327,1,1,1,0.9046,Triple DES (3DES or DESede) is considered deprecated. AES is the recommended cipher. Upgrade to use AES.,0.984312041628401,P1 - Critical (ML High-Confidence Vulnerability),data/benchmark/src/main/java/org/owasp/benchmark/testcode/BenchmarkTest02020.java,69
BenchmarkTest02021,0,CWE-327,0,0,0,0.9046,,0.0878973552674785,P4 - Low (ML Suppressed / Likely False Alarm),,
BenchmarkTest02022,1,CWE-327,1,1,1,0.9046,Triple DES (3DES or DESede) is considered deprecated. AES is the recommended cipher. Upgrade to use AES.,0.960271073167773,P1 - Critical (ML High-Confidence Vulnerability),data/benchmark/src/main/java/org/owasp/benchmark/testcode/BenchmarkTest02022.java,63
BenchmarkTest02023,1,CWE-327,1,1,1,0.9046,Triple DES (3DES or DESede) is considered deprecated. AES is the recommended cipher. Upgrade to use AES.,0.984312041628401,P1 - Critical (ML High-Confidence Vulnerability),data/benchmark/src/main/java/org/owasp/benchmark/testcode/BenchmarkTest02023.java,63
BenchmarkTest02024,0,CWE-327,1,0,1,0.9046,Use a secure cipher mode.,0.14726906733331507,P4 - Low (ML Suppressed / Likely False Alarm),owasp-benchmark:data/benchmark/src/main/java/org/owasp/benchmark/testcode/BenchmarkTest02024.java,70
BenchmarkTest02025,0,CWE-90,1,1,0,0.4815,"Detected input from a HTTPServletRequest going into an LDAP query. This could lead to LDAP injection if the input is not properly sanitized, which could result in attackers modifying objects in the LDAP tree structure. Ensure data passed to an LDAP query is not controllable or properly sanitize the data.",0.519750625119329,P3 - Medium (ML Moderate / Needs Review),data/benchmark/src/main/java/org/owasp/benchmark/testcode/BenchmarkTest02025.java,65
BenchmarkTest02026,0,CWE-22,1,1,0,0.531,"Detected a potential path traversal. A malicious actor could control the location of this file, to include going backwards in the directory with '../'. To address this, ensure that user-controlled variables in file paths are sanitized. You may also consider using a utility method such as org.apache.commons.io.FilenameUtils.getName(...) to only retrieve the file name from the path.",0.5349061735858125,P3 - Medium (ML Moderate / Needs Review),data/benchmark/src/main/java/org/owasp/benchmark/testcode/BenchmarkTest02026.java,55
BenchmarkTest02027,1,CWE-22,1,1,0,0.531,"Detected a potential path traversal. A malicious actor could control the location of this file, to include going backwards in the directory with '../'. To address this, ensure that user-controlled variables in file paths are sanitized. You may also consider using a utility method such as org.apache.commons.io.FilenameUtils.getName(...) to only retrieve the file name from the path.",0.5349061735858125,P3 - Medium (ML Moderate / Needs Review),data/benchmark/src/main/java/org/owasp/benchmark/testcode/BenchmarkTest02027.java,55
BenchmarkTest02028,0,CWE-22,1,1,0,0.531,"Detected a potential path traversal. A malicious actor could control the location of this file, to include going backwards in the directory with '../'. To address this, ensure that user-controlled variables in file paths are sanitized. You may also consider using a utility method such as org.apache.commons.io.FilenameUtils.getName(...) to only retrieve the file name from the path.",0.5402428179282152,P3 - Medium (ML Moderate / Needs Review),data/benchmark/src/main/java/org/owasp/benchmark/testcode/BenchmarkTest02028.java,55
BenchmarkTest02029,0,CWE-22,1,1,0,0.531,"Detected a potential path traversal. A malicious actor could control the location of this file, to include going backwards in the directory with '../'. To address this, ensure that user-controlled variables in file paths are sanitized. You may also consider using a utility method such as org.apache.commons.io.FilenameUtils.getName(...) to only retrieve the file name from the path.",0.5372346090670375,P3 - Medium (ML Moderate / Needs Review),data/benchmark/src/main/java/org/owasp/benchmark/testcode/BenchmarkTest02029.java,55
BenchmarkTest02030,0,CWE-22,1,1,0,0.531,"Detected a potential path traversal. A malicious actor could control the location of this file, to include going backwards in the directory with '../'. To address this, ensure that user-controlled variables in file paths are sanitized. You may also consider using a utility method such as org.apache.commons.io.FilenameUtils.getName(...) to only retrieve the file name from the path.",0.5394645256012154,P3 - Medium (ML Moderate / Needs Review),data/benchmark/src/main/java/org/owasp/benchmark/testcode/BenchmarkTest02030.java,75
BenchmarkTest02031,0,CWE-22,1,1,0,0.531,"Detected a potential path traversal. A malicious actor could control the location of this file, to include going backwards in the directory with '../'. To address this, ensure that user-controlled variables in file paths are sanitized. You may also consider using a utility method such as org.apache.commons.io.FilenameUtils.getName(...) to only retrieve the file name from the path.",0.5305215095490278,P3 - Medium (ML Moderate / Needs Review),data/benchmark/src/main/java/org/owasp/benchmark/testcode/BenchmarkTest02031.java,60
BenchmarkTest02032,1,CWE-22,1,1,0,0.531,"Detected a potential path traversal. A malicious actor could control the location of this file, to include going backwards in the directory with '../'. To address this, ensure that user-controlled variables in file paths are sanitized. You may also consider using a utility method such as org.apache.commons.io.FilenameUtils.getName(...) to only retrieve the file name from the path.",0.5402428179282152,P3 - Medium (ML Moderate / Needs Review),data/benchmark/src/main/java/org/owasp/benchmark/testcode/BenchmarkTest02032.java,60
BenchmarkTest02033,0,CWE-22,1,1,0,0.531,"Detected a potential path traversal. A malicious actor could control the location of this file, to include going backwards in the directory with '../'. To address this, ensure that user-controlled variables in file paths are sanitized. You may also consider using a utility method such as org.apache.commons.io.FilenameUtils.getName(...) to only retrieve the file name from the path.",0.5372346090670375,P3 - Medium (ML Moderate / Needs Review),data/benchmark/src/main/java/org/owasp/benchmark/testcode/BenchmarkTest02033.java,61
BenchmarkTest02034,1,CWE-22,1,1,0,0.531,"Detected a potential path traversal. A malicious actor could control the location of this file, to include going backwards in the directory with '../'. To address this, ensure that user-controlled variables in file paths are sanitized. You may also consider using a utility method such as org.apache.commons.io.FilenameUtils.getName(...) to only retrieve the file name from the path.",0.5402428179282152,P3 - Medium (ML Moderate / Needs Review),data/benchmark/src/main/java/org/owasp/benchmark/testcode/BenchmarkTest02034.java,66
BenchmarkTest02035,0,CWE-22,0,0,0,0.531,,0.2141818275976563,P4 - Low (ML Suppressed / Likely False Alarm),,
BenchmarkTest02036,1,CWE-90,1,1,0,0.4815,"Detected input from a HTTPServletRequest going into an LDAP query. This could lead to LDAP injection if the input is not properly sanitized, which could result in attackers modifying objects in the LDAP tree structure. Ensure data passed to an LDAP query is not controllable or properly sanitize the data.",0.5087973542492934,P3 - Medium (ML Moderate / Needs Review),data/benchmark/src/main/java/org/owasp/benchmark/testcode/BenchmarkTest02036.java,69
BenchmarkTest02037,1,CWE-90,1,1,0,0.4815,"Detected input from a HTTPServletRequest going into an LDAP query. This could lead to LDAP injection if the input is not properly sanitized, which could result in attackers modifying objects in the LDAP tree structure. Ensure data passed to an LDAP query is not controllable or properly sanitize the data.",0.4643746966999802,P3 - Medium (ML Moderate / Needs Review),data/benchmark/src/main/java/org/owasp/benchmark/testcode/BenchmarkTest02037.java,69
BenchmarkTest02038,1,CWE-330,2,1,1,1.0,"Detected use of the functions `Math.random()` or `java.util.Random()`. These are both not cryptographically strong random number generators (RNGs). If you are using these RNGs to create passwords or secret tokens, use `java.security.SecureRandom` instead.",1.0,P1 - Critical (ML High-Confidence Vulnerability),data/benchmark/src/main/java/org/owasp/benchmark/testcode/BenchmarkTest02038.java,55
BenchmarkTest02039,1,CWE-330,2,1,1,1.0,"Detected use of the functions `Math.random()` or `java.util.Random()`. These are both not cryptographically strong random number generators (RNGs). If you are using these RNGs to create passwords or secret tokens, use `java.security.SecureRandom` instead.",1.0,P1 - Critical (ML High-Confidence Vulnerability),data/benchmark/src/main/java/org/owasp/benchmark/testcode/BenchmarkTest02039.java,55
BenchmarkTest02040,1,CWE-330,2,1,1,1.0,"Detected use of the functions `Math.random()` or `java.util.Random()`. These are both not cryptographically strong random number generators (RNGs). If you are using these RNGs to create passwords or secret tokens, use `java.security.SecureRandom` instead.",0.9995454545454545,P1 - Critical (ML High-Confidence Vulnerability),data/benchmark/src/main/java/org/owasp/benchmark/testcode/BenchmarkTest02040.java,55
BenchmarkTest02041,0,CWE-328,0,0,0,1.0,,0.25279536684003723,P4 - Low (ML Suppressed / Likely False Alarm),,
BenchmarkTest02042,1,CWE-328,2,1,1,1.0,"Detected SHA1 hash algorithm which is considered insecure. SHA1 is not collision resistant and is therefore not suitable as a cryptographic signature. Instead, use PBKDF2 for password hashing or SHA256 or SHA512 for other hash function applications.",1.0,P1 - Critical (ML High-Confidence Vulnerability),data/benchmark/src/main/java/org/owasp/benchmark/testcode/BenchmarkTest02042.java,56
BenchmarkTest02043,0,CWE-328,0,0,0,1.0,,0.23782332489730076,P4 - Low (ML Suppressed / Likely False Alarm),,
BenchmarkTest02044,0,CWE-328,0,0,0,1.0,,0.23782332489730076,P4 - Low (ML Suppressed / Likely False Alarm),,
BenchmarkTest02045,0,CWE-79,1,1,0,0.6516,"Detected a request with potential user-input going into a OutputStream or Writer object. This bypasses any view or template environments, including HTML escaping, which may expose this application to cross-site scripting (XSS) vulnerabilities. Consider using a view technology such as JavaServer Faces (JSFs) which automatically escapes HTML views.",0.6691842611085874,P2 - High (ML Probable Vulnerability),data/benchmark/src/main/java/org/owasp/benchmark/testcode/BenchmarkTest02045.java,59
BenchmarkTest02046,1,CWE-79,1,1,0,0.6516,"Detected a request with potential user-input going into a OutputStream or Writer object. This bypasses any view or template environments, including HTML escaping, which may expose this application to cross-site scripting (XSS) vulnerabilities. Consider using a view technology such as JavaServer Faces (JSFs) which automatically escapes HTML views.",0.6447716715602264,P3 - Medium (ML Moderate / Needs Review),data/benchmark/src/main/java/org/owasp/benchmark/testcode/BenchmarkTest02046.java,56
BenchmarkTest02047,1,CWE-79,1,1,0,0.6516,"Detected a request with potential user-input going into a OutputStream or Writer object. This bypasses any view or template environments, including HTML escaping, which may expose this application to cross-site scripting (XSS) vulnerabilities. Consider using a view technology such as JavaServer Faces (JSFs) which automatically escapes HTML views.",0.6221848022643229,P3 - Medium (ML Moderate / Needs Review),data/benchmark/src/main/java/org/owasp/benchmark/testcode/BenchmarkTest02047.java,56
BenchmarkTest02048,0,CWE-79,1,1,0,0.6516,"Detected a request with potential user-input going into a OutputStream or Writer object. This bypasses any view or template environments, including HTML escaping, which may expose this application to cross-site scripting (XSS) vulnerabilities. Consider using a view technology such as JavaServer Faces (JSFs) which automatically escapes HTML views.",0.6606354491638398,P2 - High (ML Probable Vulnerability),data/benchmark/src/main/java/org/owasp/benchmark/testcode/BenchmarkTest02048.java,57
BenchmarkTest02049,0,CWE-79,1,1,0,0.6516,"Detected a request with potential user-input going into a OutputStream or Writer object. This bypasses any view or template environments, including HTML escaping, which may expose this application to cross-site scripting (XSS) vulnerabilities. Consider using a view technology such as JavaServer Faces (JSFs) which automatically escapes HTML views.",0.6691842611085874,P2 - High (ML Probable Vulnerability),data/benchmark/src/main/java/org/owasp/benchmark/testcode/BenchmarkTest02049.java,57
BenchmarkTest02050,1,CWE-79,1,1,0,0.6516,"Detected a request with potential user-input going into a OutputStream or Writer object. This bypasses any view or template environments, including HTML escaping, which may expose this application to cross-site scripting (XSS) vulnerabilities. Consider using a view technology such as JavaServer Faces (JSFs) which automatically escapes HTML views.",0.6447716715602264,P3 - Medium (ML Moderate / Needs Review),data/benchmark/src/main/java/org/owasp/benchmark/testcode/BenchmarkTest02050.java,57
BenchmarkTest02051,1,CWE-79,1,1,0,0.6516,"Detected a request with potential user-input going into a OutputStream or Writer object. This bypasses any view or template environments, including HTML escaping, which may expose this application to cross-site scripting (XSS) vulnerabilities. Consider using a view technology such as JavaServer Faces (JSFs) which automatically escapes HTML views.",0.6691842611085874,P2 - High (ML Probable Vulnerability),data/benchmark/src/main/java/org/owasp/benchmark/testcode/BenchmarkTest02051.java,57
BenchmarkTest02052,0,CWE-79,1,1,0,0.6516,"Detected a request with potential user-input going into a OutputStream or Writer object. This bypasses any view or template environments, including HTML escaping, which may expose this application to cross-site scripting (XSS) vulnerabilities. Consider using a view technology such as JavaServer Faces (JSFs) which automatically escapes HTML views.",0.6221848022643229,P3 - Medium (ML Moderate / Needs Review),data/benchmark/src/main/java/org/owasp/benchmark/testcode/BenchmarkTest02052.java,57
BenchmarkTest02053,0,CWE-79,1,1,0,0.6516,"Detected a request with potential user-input going into a OutputStream or Writer object. This bypasses any view or template environments, including HTML escaping, which may expose this application to cross-site scripting (XSS) vulnerabilities. Consider using a view technology such as JavaServer Faces (JSFs) which automatically escapes HTML views.",0.6588860833788427,P2 - High (ML Probable Vulnerability),data/benchmark/src/main/java/org/owasp/benchmark/testcode/BenchmarkTest02053.java,57
BenchmarkTest02054,1,CWE-79,1,1,0,0.6516,"Detected a request with potential user-input going into a OutputStream or Writer object. This bypasses any view or template environments, including HTML escaping, which may expose this application to cross-site scripting (XSS) vulnerabilities. Consider using a view technology such as JavaServer Faces (JSFs) which automatically escapes HTML views.",0.6588860833788427,P2 - High (ML Probable Vulnerability),data/benchmark/src/main/java/org/owasp/benchmark/testcode/BenchmarkTest02054.java,57
BenchmarkTest02055,1,CWE-79,1,1,0,0.6516,"Detected a request with potential user-input going into a OutputStream or Writer object. This bypasses any view or template environments, including HTML escaping, which may expose this application to cross-site scripting (XSS) vulnerabilities. Consider using a view technology such as JavaServer Faces (JSFs) which automatically escapes HTML views.",0.6447716715602264,P3 - Medium (ML Moderate / Needs Review),data/benchmark/src/main/java/org/owasp/benchmark/testcode/BenchmarkTest02055.java,56
BenchmarkTest02056,1,CWE-79,1,1,0,0.6516,"Detected a request with potential user-input going into a OutputStream or Writer object. This bypasses any view or template environments, including HTML escaping, which may expose this application to cross-site scripting (XSS) vulnerabilities. Consider using a view technology such as JavaServer Faces (JSFs) which automatically escapes HTML views.",0.6447716715602264,P3 - Medium (ML Moderate / Needs Review),data/benchmark/src/main/java/org/owasp/benchmark/testcode/BenchmarkTest02056.java,56
BenchmarkTest02057,1,CWE-79,1,1,0,0.6516,"Detected a request with potential user-input going into a OutputStream or Writer object. This bypasses any view or template environments, including HTML escaping, which may expose this application to cross-site scripting (XSS) vulnerabilities. Consider using a view technology such as JavaServer Faces (JSFs) which automatically escapes HTML views.",0.6221848022643229,P3 - Medium (ML Moderate / Needs Review),data/benchmark/src/main/java/org/owasp/benchmark/testcode/BenchmarkTest02057.java,59
BenchmarkTest02058,0,CWE-78,1,1,0,0.5177,"Detected input from a HTTPServletRequest going into a 'ProcessBuilder' or 'exec' command. This could lead to command injection if variables passed into the exec commands are not properly sanitized. Instead, avoid using these OS commands with user-supplied input, or, if you must use these commands, use a whitelist of specific values.",0.5752195073482003,P3 - Medium (ML Moderate / Needs Review),data/benchmark/src/main/java/org/owasp/benchmark/testcode/BenchmarkTest02058.java,65
BenchmarkTest02059,1,CWE-78,1,1,0,0.5177,"Detected input from a HTTPServletRequest going into a 'ProcessBuilder' or 'exec' command. This could lead to command injection if variables passed into the exec commands are not properly sanitized. Instead, avoid using these OS commands with user-supplied input, or, if you must use these commands, use a whitelist of specific values.",0.5089059229256337,P3 - Medium (ML Moderate / Needs Review),data/benchmark/src/main/java/org/owasp/benchmark/testcode/BenchmarkTest02059.java,67
BenchmarkTest02060,1,CWE-330,2,1,1,1.0,"Detected use of the functions `Math.random()` or `java.util.Random()`. These are both not cryptographically strong random number generators (RNGs). If you are using these RNGs to create passwords or secret tokens, use `java.security.SecureRandom` instead.",0.9995641025641026,P1 - Critical (ML High-Confidence Vulnerability),data/benchmark/src/main/java/org/owasp/benchmark/testcode/BenchmarkTest02060.java,55
BenchmarkTest02061,1,CWE-330,2,1,1,1.0,"Detected use of the functions `Math.random()` or `java.util.Random()`. These are both not cryptographically strong random number generators (RNGs). If you are using these RNGs to create passwords or secret tokens, use `java.security.SecureRandom` instead.",0.9995454545454545,P1 - Critical (ML High-Confidence Vulnerability),data/benchmark/src/main/java/org/owasp/benchmark/testcode/BenchmarkTest02061.java,55
BenchmarkTest02062,1,CWE-330,2,1,1,1.0,"Detected use of the functions `Math.random()` or `java.util.Random()`. These are both not cryptographically strong random number generators (RNGs). If you are using these RNGs to create passwords or secret tokens, use `java.security.SecureRandom` instead.",0.9995641025641026,P1 - Critical (ML High-Confidence Vulnerability),data/benchmark/src/main/java/org/owasp/benchmark/testcode/BenchmarkTest02062.java,55
BenchmarkTest02063,1,CWE-330,2,1,1,1.0,"Detected use of the functions `Math.random()` or `java.util.Random()`. These are both not cryptographically strong random number generators (RNGs). If you are using these RNGs to create passwords or secret tokens, use `java.security.SecureRandom` instead.",1.0,P1 - Critical (ML High-Confidence Vulnerability),data/benchmark/src/main/java/org/owasp/benchmark/testcode/BenchmarkTest02063.java,55
BenchmarkTest02064,0,CWE-614,0,0,0,1.0,,0.1144990611140598,P4 - Low (ML Suppressed / Likely False Alarm),,
BenchmarkTest02065,0,CWE-614,0,0,0,1.0,,0.11559067511198239,P4 - Low (ML Suppressed / Likely False Alarm),,
BenchmarkTest02066,0,CWE-614,0,0,0,1.0,,0.08749518622573861,P4 - Low (ML Suppressed / Likely False Alarm),,
BenchmarkTest02067,0,CWE-78,1,1,0,0.5177,"Detected input from a HTTPServletRequest going into a 'ProcessBuilder' or 'exec' command. This could lead to command injection if variables passed into the exec commands are not properly sanitized. Instead, avoid using these OS commands with user-supplied input, or, if you must use these commands, use a whitelist of specific values.",0.5114755110284748,P3 - Medium (ML Moderate / Needs Review),data/benchmark/src/main/java/org/owasp/benchmark/testcode/BenchmarkTest02067.java,78
BenchmarkTest02068,0,CWE-78,1,1,0,0.5177,"Detected input from a HTTPServletRequest going into a 'ProcessBuilder' or 'exec' command. This could lead to command injection if variables passed into the exec commands are not properly sanitized. Instead, avoid using these OS commands with user-supplied input, or, if you must use these commands, use a whitelist of specific values.",0.5114755110284748,P3 - Medium (ML Moderate / Needs Review),data/benchmark/src/main/java/org/owasp/benchmark/testcode/BenchmarkTest02068.java,64
BenchmarkTest02069,0,CWE-78,1,1,0,0.5177,"Detected input from a HTTPServletRequest going into a 'ProcessBuilder' or 'exec' command. This could lead to command injection if variables passed into the exec commands are not properly sanitized. Instead, avoid using these OS commands with user-supplied input, or, if you must use these commands, use a whitelist of specific values.",0.5683792859920807,P3 - Medium (ML Moderate / Needs Review),data/benchmark/src/main/java/org/owasp/benchmark/testcode/BenchmarkTest02069.java,65
BenchmarkTest02070,1,CWE-78,1,1,0,0.5177,"Detected input from a HTTPServletRequest going into a 'ProcessBuilder' or 'exec' command. This could lead to command injection if variables passed into the exec commands are not properly sanitized. Instead, avoid using these OS commands with user-supplied input, or, if you must use these commands, use a whitelist of specific values.",0.5114755110284748,P3 - Medium (ML Moderate / Needs Review),data/benchmark/src/main/java/org/owasp/benchmark/testcode/BenchmarkTest02070.java,61
BenchmarkTest02071,0,CWE-330,0,0,0,1.0,,0.037636823716155926,P4 - Low (ML Suppressed / Likely False Alarm),,
BenchmarkTest02072,0,CWE-330,0,0,0,1.0,,0.037636823716155926,P4 - Low (ML Suppressed / Likely False Alarm),,
BenchmarkTest02073,0,CWE-330,0,0,0,1.0,,0.03391968678800127,P4 - Low (ML Suppressed / Likely False Alarm),,
BenchmarkTest02074,0,CWE-330,0,0,0,1.0,,0.03704436789576919,P4 - Low (ML Suppressed / Likely False Alarm),,
BenchmarkTest02075,0,CWE-330,0,0,0,1.0,,0.037636823716155926,P4 - Low (ML Suppressed / Likely False Alarm),,
BenchmarkTest02076,0,CWE-330,0,0,0,1.0,,0.03704436789576919,P4 - Low (ML Suppressed / Likely False Alarm),,
BenchmarkTest02077,0,CWE-330,0,0,0,1.0,,0.0331840260624013,P4 - Low (ML Suppressed / Likely False Alarm),,
BenchmarkTest02078,0,CWE-330,0,0,0,1.0,,0.0331840260624013,P4 - Low (ML Suppressed / Likely False Alarm),,
BenchmarkTest02079,0,CWE-330,0,0,0,1.0,,0.037636823716155926,P4 - Low (ML Suppressed / Likely False Alarm),,
BenchmarkTest02080,0,CWE-330,0,0,0,1.0,,0.0331840260624013,P4 - Low (ML Suppressed / Likely False Alarm),,
BenchmarkTest02081,0,CWE-330,0,0,0,1.0,,0.037636823716155926,P4 - Low (ML Suppressed / Likely False Alarm),,
BenchmarkTest02082,0,CWE-330,0,0,0,1.0,,0.037636823716155926,P4 - Low (ML Suppressed / Likely False Alarm),,
BenchmarkTest02083,0,CWE-330,0,0,0,1.0,,0.03704436789576919,P4 - Low (ML Suppressed / Likely False Alarm),,
BenchmarkTest02084,1,CWE-501,1,1,0,0.7234,"Detected input from a HTTPServletRequest going into a session command, like `setAttribute`. User input into such a command could lead to an attacker inputting malicious code into your session parameters, blurring the line between what's trusted and untrusted, and therefore leading to a trust boundary violation. This could lead to programmers trusting unvalidated data. Instead, thoroughly sanitize user input before passing it into such function calls.",0.6568111284096806,P2 - High (ML Probable Vulnerability),data/benchmark/src/main/java/org/owasp/benchmark/testcode/BenchmarkTest02084.java,56
BenchmarkTest02085,0,CWE-501,1,1,0,0.7234,"Detected input from a HTTPServletRequest going into a session command, like `setAttribute`. User input into such a command could lead to an attacker inputting malicious code into your session parameters, blurring the line between what's trusted and untrusted, and therefore leading to a trust boundary violation. This could lead to programmers trusting unvalidated data. Instead, thoroughly sanitize user input before passing it into such function calls.",0.7313191620213231,P2 - High (ML Probable Vulnerability),data/benchmark/src/main/java/org/owasp/benchmark/testcode/BenchmarkTest02085.java,56
BenchmarkTest02086,0,CWE-501,1,1,0,0.7234,"Detected input from a HTTPServletRequest going into a session command, like `setAttribute`. User input into such a command could lead to an attacker inputting malicious code into your session parameters, blurring the line between what's trusted and untrusted, and therefore leading to a trust boundary violation. This could lead to programmers trusting unvalidated data. Instead, thoroughly sanitize user input before passing it into such function calls.",0.7196177864212013,P2 - High (ML Probable Vulnerability),data/benchmark/src/main/java/org/owasp/benchmark/testcode/BenchmarkTest02086.java,56
BenchmarkTest02087,1,CWE-89,2,1,1,0.5746,Detected input from a HTTPServletRequest going into a SQL sink or statement. This could lead to SQL injection if variables in the SQL statement are not properly sanitized. Use parameterized SQL queries or properly sanitize user input instead.,0.6050253134234014,P3 - Medium (ML Moderate / Needs Review),data/benchmark/src/main/java/org/owasp/benchmark/testcode/BenchmarkTest02087.java,60
BenchmarkTest02088,1,CWE-89,2,1,1,0.5746,Detected input from a HTTPServletRequest going into a SQL sink or statement. This could lead to SQL injection if variables in the SQL statement are not properly sanitized. Use parameterized SQL queries or properly sanitize user input instead.,0.6161353418384643,P3 - Medium (ML Moderate / Needs Review),data/benchmark/src/main/java/org/owasp/benchmark/testcode/BenchmarkTest02088.java,60
BenchmarkTest02089,0,CWE-89,2,1,1,0.5746,Detected input from a HTTPServletRequest going into a SQL sink or statement. This could lead to SQL injection if variables in the SQL statement are not properly sanitized. Use parameterized SQL queries or properly sanitize user input instead.,0.6050253134234014,P3 - Medium (ML Moderate / Needs Review),data/benchmark/src/main/java/org/owasp/benchmark/testcode/BenchmarkTest02089.java,60
BenchmarkTest02090,1,CWE-89,1,1,0,0.5746,Detected input from a HTTPServletRequest going into a SQL sink or statement. This could lead to SQL injection if variables in the SQL statement are not properly sanitized. Use parameterized SQL queries or properly sanitize user input instead.,0.6382802301796155,P3 - Medium (ML Moderate / Needs Review),data/benchmark/src/main/java/org/owasp/benchmark/testcode/BenchmarkTest02090.java,58
BenchmarkTest02091,1,CWE-89,1,1,0,0.5746,Detected input from a HTTPServletRequest going into a SQL sink or statement. This could lead to SQL injection if variables in the SQL statement are not properly sanitized. Use parameterized SQL queries or properly sanitize user input instead.,0.6371570818030259,P3 - Medium (ML Moderate / Needs Review),data/benchmark/src/main/java/org/owasp/benchmark/testcode/BenchmarkTest02091.java,57
BenchmarkTest02092,1,CWE-89,2,1,1,0.5746,Detected a formatted string in a SQL statement. This could lead to SQL injection if variables in the SQL statement are not properly sanitized. Use a prepared statements (java.sql.PreparedStatement) instead. You can obtain a PreparedStatement using 'connection.prepareStatement'.,0.4901655263130386,P3 - Medium (ML Moderate / Needs Review),data/benchmark/src/main/java/org/owasp/benchmark/testcode/BenchmarkTest02092.java,60
BenchmarkTest02093,0,CWE-89,2,1,1,0.5746,Detected a formatted string in a SQL statement. This could lead to SQL injection if variables in the SQL statement are not properly sanitized. Use a prepared statements (java.sql.PreparedStatement) instead. You can obtain a PreparedStatement using 'connection.prepareStatement'.,0.46739305534568415,P3 - Medium (ML Moderate / Needs Review),data/benchmark/src/main/java/org/owasp/benchmark/testcode/BenchmarkTest02093.java,60
BenchmarkTest02094,1,CWE-89,2,1,1,0.5746,Detected a formatted string in a SQL statement. This could lead to SQL injection if variables in the SQL statement are not properly sanitized. Use a prepared statements (java.sql.PreparedStatement) instead. You can obtain a PreparedStatement using 'connection.prepareStatement'.,0.5476500971406442,P3 - Medium (ML Moderate / Needs Review),data/benchmark/src/main/java/org/owasp/benchmark/testcode/BenchmarkTest02094.java,60
BenchmarkTest02095,0,CWE-89,2,1,1,0.5746,Detected a formatted string in a SQL statement. This could lead to SQL injection if variables in the SQL statement are not properly sanitized. Use a prepared statements (java.sql.PreparedStatement) instead. You can obtain a PreparedStatement using 'connection.prepareStatement'.,0.5476500971406442,P3 - Medium (ML Moderate / Needs Review),data/benchmark/src/main/java/org/owasp/benchmark/testcode/BenchmarkTest02095.java,60
BenchmarkTest02096,1,CWE-89,2,1,1,0.5746,Detected a formatted string in a SQL statement. This could lead to SQL injection if variables in the SQL statement are not properly sanitized. Use a prepared statements (java.sql.PreparedStatement) instead. You can obtain a PreparedStatement using 'connection.prepareStatement'.,0.46739305534568415,P3 - Medium (ML Moderate / Needs Review),data/benchmark/src/main/java/org/owasp/benchmark/testcode/BenchmarkTest02096.java,60
BenchmarkTest02097,0,CWE-89,2,1,1,0.5746,Detected input from a HTTPServletRequest going into a SQL sink or statement. This could lead to SQL injection if variables in the SQL statement are not properly sanitized. Use parameterized SQL queries or properly sanitize user input instead.,0.6315115188114625,P3 - Medium (ML Moderate / Needs Review),data/benchmark/src/main/java/org/owasp/benchmark/testcode/BenchmarkTest02097.java,58
BenchmarkTest02098,0,CWE-89,2,1,1,0.5746,Detected input from a HTTPServletRequest going into a SQL sink or statement. This could lead to SQL injection if variables in the SQL statement are not properly sanitized. Use parameterized SQL queries or properly sanitize user input instead.,0.6043967051102129,P3 - Medium (ML Moderate / Needs Review),data/benchmark/src/main/java/org/owasp/benchmark/testcode/BenchmarkTest02098.java,58
BenchmarkTest02099,1,CWE-89,2,1,1,0.5746,Detected input from a HTTPServletRequest going into a SQL sink or statement. This could lead to SQL injection if variables in the SQL statement are not properly sanitized. Use parameterized SQL queries or properly sanitize user input instead.,0.6043967051102129,P3 - Medium (ML Moderate / Needs Review),data/benchmark/src/main/java/org/owasp/benchmark/testcode/BenchmarkTest02099.java,58
BenchmarkTest02100,1,CWE-643,1,1,0,0.5185,"Detected input from a HTTPServletRequest going into a XPath evaluate or compile command. This could lead to xpath injection if variables passed into the evaluate or compile commands are not properly sanitized. Xpath injection could lead to unauthorized access to sensitive information in XML documents. Instead, thoroughly sanitize user input or use parameterized xpath queries if you can.",0.5736924789216268,P3 - Medium (ML Moderate / Needs Review),data/benchmark/src/main/java/org/owasp/benchmark/testcode/BenchmarkTest02100.java,72
BenchmarkTest02101,1,CWE-327,1,1,1,0.9046,Triple DES (3DES or DESede) is considered deprecated. AES is the recommended cipher. Upgrade to use AES.,0.984312041628401,P1 - Critical (ML High-Confidence Vulnerability),data/benchmark/src/main/java/org/owasp/benchmark/testcode/BenchmarkTest02101.java,62
BenchmarkTest02102,0,CWE-327,0,0,0,0.9046,,0.08362763156367758,P4 - Low (ML Suppressed / Likely False Alarm),,
BenchmarkTest02103,0,CWE-327,1,0,1,0.9046,Use a secure cipher mode.,0.06644021770388953,P4 - Low (ML Suppressed / Likely False Alarm),owasp-benchmark:data/benchmark/src/main/java/org/owasp/benchmark/testcode/BenchmarkTest02103.java,63
BenchmarkTest02104,0,CWE-90,1,1,0,0.4815,"Detected input from a HTTPServletRequest going into an LDAP query. This could lead to LDAP injection if the input is not properly sanitized, which could result in attackers modifying objects in the LDAP tree structure. Ensure data passed to an LDAP query is not controllable or properly sanitize the data.",0.519750625119329,P3 - Medium (ML Moderate / Needs Review),data/benchmark/src/main/java/org/owasp/benchmark/testcode/BenchmarkTest02104.java,59
BenchmarkTest02105,1,CWE-22,1,1,0,0.531,"Detected a potential path traversal. A malicious actor could control the location of this file, to include going backwards in the directory with '../'. To address this, ensure that user-controlled variables in file paths are sanitized. You may also consider using a utility method such as org.apache.commons.io.FilenameUtils.getName(...) to only retrieve the file name from the path.",0.5402428179282152,P3 - Medium (ML Moderate / Needs Review),data/benchmark/src/main/java/org/owasp/benchmark/testcode/BenchmarkTest02105.java,48
BenchmarkTest02106,1,CWE-22,1,1,0,0.531,"Detected a potential path traversal. A malicious actor could control the location of this file, to include going backwards in the directory with '../'. To address this, ensure that user-controlled variables in file paths are sanitized. You may also consider using a utility method such as org.apache.commons.io.FilenameUtils.getName(...) to only retrieve the file name from the path.",0.5305215095490278,P3 - Medium (ML Moderate / Needs Review),data/benchmark/src/main/java/org/owasp/benchmark/testcode/BenchmarkTest02106.java,48
BenchmarkTest02107,0,CWE-22,1,1,0,0.531,"Detected a potential path traversal. A malicious actor could control the location of this file, to include going backwards in the directory with '../'. To address this, ensure that user-controlled variables in file paths are sanitized. You may also consider using a utility method such as org.apache.commons.io.FilenameUtils.getName(...) to only retrieve the file name from the path.",0.5394645256012154,P3 - Medium (ML Moderate / Needs Review),data/benchmark/src/main/java/org/owasp/benchmark/testcode/BenchmarkTest02107.java,48
BenchmarkTest02108,0,CWE-22,1,1,0,0.531,"Detected a potential path traversal. A malicious actor could control the location of this file, to include going backwards in the directory with '../'. To address this, ensure that user-controlled variables in file paths are sanitized. You may also consider using a utility method such as org.apache.commons.io.FilenameUtils.getName(...) to only retrieve the file name from the path.",0.5349061735858125,P3 - Medium (ML Moderate / Needs Review),data/benchmark/src/main/java/org/owasp/benchmark/testcode/BenchmarkTest02108.java,54
BenchmarkTest02109,1,CWE-22,1,1,0,0.531,"Detected a potential path traversal. A malicious actor could control the location of this file, to include going backwards in the directory with '../'. To address this, ensure that user-controlled variables in file paths are sanitized. You may also consider using a utility method such as org.apache.commons.io.FilenameUtils.getName(...) to only retrieve the file name from the path.",0.5372346090670375,P3 - Medium (ML Moderate / Needs Review),data/benchmark/src/main/java/org/owasp/benchmark/testcode/BenchmarkTest02109.java,54
BenchmarkTest02110,0,CWE-22,1,1,0,0.531,"Detected a potential path traversal. A malicious actor could control the location of this file, to include going backwards in the directory with '../'. To address this, ensure that user-controlled variables in file paths are sanitized. You may also consider using a utility method such as org.apache.commons.io.FilenameUtils.getName(...) to only retrieve the file name from the path.",0.5349061735858125,P3 - Medium (ML Moderate / Needs Review),data/benchmark/src/main/java/org/owasp/benchmark/testcode/BenchmarkTest02110.java,54
BenchmarkTest02111,0,CWE-22,1,1,0,0.531,"Detected a potential path traversal. A malicious actor could control the location of this file, to include going backwards in the directory with '../'. To address this, ensure that user-controlled variables in file paths are sanitized. You may also consider using a utility method such as org.apache.commons.io.FilenameUtils.getName(...) to only retrieve the file name from the path.",0.5394645256012154,P3 - Medium (ML Moderate / Needs Review),data/benchmark/src/main/java/org/owasp/benchmark/testcode/BenchmarkTest02111.java,59
BenchmarkTest02112,1,CWE-22,1,1,0,0.531,"Detected a potential path traversal. A malicious actor could control the location of this file, to include going backwards in the directory with '../'. To address this, ensure that user-controlled variables in file paths are sanitized. You may also consider using a utility method such as org.apache.commons.io.FilenameUtils.getName(...) to only retrieve the file name from the path.",0.5402428179282152,P3 - Medium (ML Moderate / Needs Review),data/benchmark/src/main/java/org/owasp/benchmark/testcode/BenchmarkTest02112.java,54
BenchmarkTest02113,1,CWE-22,0,0,0,0.531,,0.224123110314026,P4 - Low (ML Suppressed / Likely False Alarm),,
BenchmarkTest02114,0,CWE-90,1,1,0,0.4815,"Detected input from a HTTPServletRequest going into an LDAP query. This could lead to LDAP injection if the input is not properly sanitized, which could result in attackers modifying objects in the LDAP tree structure. Ensure data passed to an LDAP query is not controllable or properly sanitize the data.",0.519750625119329,P3 - Medium (ML Moderate / Needs Review),data/benchmark/src/main/java/org/owasp/benchmark/testcode/BenchmarkTest02114.java,62
BenchmarkTest02115,0,CWE-90,1,1,0,0.4815,"Detected input from a HTTPServletRequest going into an LDAP query. This could lead to LDAP injection if the input is not properly sanitized, which could result in attackers modifying objects in the LDAP tree structure. Ensure data passed to an LDAP query is not controllable or properly sanitize the data.",0.519750625119329,P3 - Medium (ML Moderate / Needs Review),data/benchmark/src/main/java/org/owasp/benchmark/testcode/BenchmarkTest02115.java,62
BenchmarkTest02116,0,CWE-90,1,1,0,0.4815,"Detected input from a HTTPServletRequest going into an LDAP query. This could lead to LDAP injection if the input is not properly sanitized, which could result in attackers modifying objects in the LDAP tree structure. Ensure data passed to an LDAP query is not controllable or properly sanitize the data.",0.5087973542492934,P3 - Medium (ML Moderate / Needs Review),data/benchmark/src/main/java/org/owasp/benchmark/testcode/BenchmarkTest02116.java,61
BenchmarkTest02117,1,CWE-330,2,1,1,1.0,"Detected use of the functions `Math.random()` or `java.util.Random()`. These are both not cryptographically strong random number generators (RNGs). If you are using these RNGs to create passwords or secret tokens, use `java.security.SecureRandom` instead.",1.0,P1 - Critical (ML High-Confidence Vulnerability),data/benchmark/src/main/java/org/owasp/benchmark/testcode/BenchmarkTest02117.java,48
BenchmarkTest02118,1,CWE-328,2,1,1,1.0,"Detected SHA1 hash algorithm which is considered insecure. SHA1 is not collision resistant and is therefore not suitable as a cryptographic signature. Instead, use PBKDF2 for password hashing or SHA256 or SHA512 for other hash function applications.",0.9981800784924265,P1 - Critical (ML High-Confidence Vulnerability),data/benchmark/src/main/java/org/owasp/benchmark/testcode/BenchmarkTest02118.java,54
BenchmarkTest02119,0,CWE-328,0,0,0,1.0,,0.23782332489730076,P4 - Low (ML Suppressed / Likely False Alarm),,
BenchmarkTest02120,0,CWE-328,0,0,0,1.0,,0.23782332489730076,P4 - Low (ML Suppressed / Likely False Alarm),,
BenchmarkTest02121,1,CWE-328,0,0,0,1.0,,0.25279536684003723,P4 - Low (ML Suppressed / Likely False Alarm),,
BenchmarkTest02122,0,CWE-79,1,1,0,0.6516,"Detected a request with potential user-input going into a OutputStream or Writer object. This bypasses any view or template environments, including HTML escaping, which may expose this application to cross-site scripting (XSS) vulnerabilities. Consider using a view technology such as JavaServer Faces (JSFs) which automatically escapes HTML views.",0.6606354491638398,P2 - High (ML Probable Vulnerability),data/benchmark/src/main/java/org/owasp/benchmark/testcode/BenchmarkTest02122.java,52
BenchmarkTest02123,1,CWE-79,1,1,0,0.6516,"Detected a request with potential user-input going into a OutputStream or Writer object. This bypasses any view or template environments, including HTML escaping, which may expose this application to cross-site scripting (XSS) vulnerabilities. Consider using a view technology such as JavaServer Faces (JSFs) which automatically escapes HTML views.",0.6221848022643229,P3 - Medium (ML Moderate / Needs Review),data/benchmark/src/main/java/org/owasp/benchmark/testcode/BenchmarkTest02123.java,50
BenchmarkTest02124,1,CWE-79,1,1,0,0.6516,"Detected a request with potential user-input going into a OutputStream or Writer object. This bypasses any view or template environments, including HTML escaping, which may expose this application to cross-site scripting (XSS) vulnerabilities. Consider using a view technology such as JavaServer Faces (JSFs) which automatically escapes HTML views.",0.6691842611085874,P2 - High (ML Probable Vulnerability),data/benchmark/src/main/java/org/owasp/benchmark/testcode/BenchmarkTest02124.java,49
BenchmarkTest02125,0,CWE-79,1,1,0,0.6516,"Detected a request with potential user-input going into a OutputStream or Writer object. This bypasses any view or template environments, including HTML escaping, which may expose this application to cross-site scripting (XSS) vulnerabilities. Consider using a view technology such as JavaServer Faces (JSFs) which automatically escapes HTML views.",0.6447716715602264,P3 - Medium (ML Moderate / Needs Review),data/benchmark/src/main/java/org/owasp/benchmark/testcode/BenchmarkTest02125.java,49
BenchmarkTest02126,1,CWE-79,1,1,0,0.6516,"Detected a request with potential user-input going into a OutputStream or Writer object. This bypasses any view or template environments, including HTML escaping, which may expose this application to cross-site scripting (XSS) vulnerabilities. Consider using a view technology such as JavaServer Faces (JSFs) which automatically escapes HTML views.",0.6447716715602264,P3 - Medium (ML Moderate / Needs Review),data/benchmark/src/main/java/org/owasp/benchmark/testcode/BenchmarkTest02126.java,49
BenchmarkTest02127,1,CWE-79,1,1,0,0.6516,"Detected a request with potential user-input going into a OutputStream or Writer object. This bypasses any view or template environments, including HTML escaping, which may expose this application to cross-site scripting (XSS) vulnerabilities. Consider using a view technology such as JavaServer Faces (JSFs) which automatically escapes HTML views.",0.6221848022643229,P3 - Medium (ML Moderate / Needs Review),data/benchmark/src/main/java/org/owasp/benchmark/testcode/BenchmarkTest02127.java,49
BenchmarkTest02128,1,CWE-79,1,1,0,0.6516,"Detected a request with potential user-input going into a OutputStream or Writer object. This bypasses any view or template environments, including HTML escaping, which may expose this application to cross-site scripting (XSS) vulnerabilities. Consider using a view technology such as JavaServer Faces (JSFs) which automatically escapes HTML views.",0.6588860833788427,P2 - High (ML Probable Vulnerability),data/benchmark/src/main/java/org/owasp/benchmark/testcode/BenchmarkTest02128.java,49
BenchmarkTest02129,1,CWE-79,1,1,0,0.6516,"Detected a request with potential user-input going into a OutputStream or Writer object. This bypasses any view or template environments, including HTML escaping, which may expose this application to cross-site scripting (XSS) vulnerabilities. Consider using a view technology such as JavaServer Faces (JSFs) which automatically escapes HTML views.",0.6606354491638398,P2 - High (ML Probable Vulnerability),data/benchmark/src/main/java/org/owasp/benchmark/testcode/BenchmarkTest02129.java,50
BenchmarkTest02130,1,CWE-79,1,1,0,0.6516,"Detected a request with potential user-input going into a OutputStream or Writer object. This bypasses any view or template environments, including HTML escaping, which may expose this application to cross-site scripting (XSS) vulnerabilities. Consider using a view technology such as JavaServer Faces (JSFs) which automatically escapes HTML views.",0.6447716715602264,P3 - Medium (ML Moderate / Needs Review),data/benchmark/src/main/java/org/owasp/benchmark/testcode/BenchmarkTest02130.java,50
BenchmarkTest02131,1,CWE-79,1,1,0,0.6516,"Detected a request with potential user-input going into a OutputStream or Writer object. This bypasses any view or template environments, including HTML escaping, which may expose this application to cross-site scripting (XSS) vulnerabilities. Consider using a view technology such as JavaServer Faces (JSFs) which automatically escapes HTML views.",0.6606354491638398,P2 - High (ML Probable Vulnerability),data/benchmark/src/main/java/org/owasp/benchmark/testcode/BenchmarkTest02131.java,50
BenchmarkTest02132,1,CWE-79,1,1,0,0.6516,"Detected a request with potential user-input going into a OutputStream or Writer object. This bypasses any view or template environments, including HTML escaping, which may expose this application to cross-site scripting (XSS) vulnerabilities. Consider using a view technology such as JavaServer Faces (JSFs) which automatically escapes HTML views.",0.6221848022643229,P3 - Medium (ML Moderate / Needs Review),data/benchmark/src/main/java/org/owasp/benchmark/testcode/BenchmarkTest02132.java,49
BenchmarkTest02133,1,CWE-79,1,1,0,0.6516,"Detected a request with potential user-input going into a OutputStream or Writer object. This bypasses any view or template environments, including HTML escaping, which may expose this application to cross-site scripting (XSS) vulnerabilities. Consider using a view technology such as JavaServer Faces (JSFs) which automatically escapes HTML views.",0.6447716715602264,P3 - Medium (ML Moderate / Needs Review),data/benchmark/src/main/java/org/owasp/benchmark/testcode/BenchmarkTest02133.java,49
BenchmarkTest02134,1,CWE-79,1,1,0,0.6516,"Detected a request with potential user-input going into a OutputStream or Writer object. This bypasses any view or template environments, including HTML escaping, which may expose this application to cross-site scripting (XSS) vulnerabilities. Consider using a view technology such as JavaServer Faces (JSFs) which automatically escapes HTML views.",0.6691842611085874,P2 - High (ML Probable Vulnerability),data/benchmark/src/main/java/org/owasp/benchmark/testcode/BenchmarkTest02134.java,49
BenchmarkTest02135,0,CWE-79,1,1,0,0.6516,"Detected a request with potential user-input going into a OutputStream or Writer object. This bypasses any view or template environments, including HTML escaping, which may expose this application to cross-site scripting (XSS) vulnerabilities. Consider using a view technology such as JavaServer Faces (JSFs) which automatically escapes HTML views.",0.6606354491638398,P2 - High (ML Probable Vulnerability),data/benchmark/src/main/java/org/owasp/benchmark/testcode/BenchmarkTest02135.java,49
BenchmarkTest02136,1,CWE-79,1,1,0,0.6516,"Detected a request with potential user-input going into a OutputStream or Writer object. This bypasses any view or template environments, including HTML escaping, which may expose this application to cross-site scripting (XSS) vulnerabilities. Consider using a view technology such as JavaServer Faces (JSFs) which automatically escapes HTML views.",0.6221848022643229,P3 - Medium (ML Moderate / Needs Review),data/benchmark/src/main/java/org/owasp/benchmark/testcode/BenchmarkTest02136.java,52
BenchmarkTest02137,1,CWE-78,1,1,0,0.5177,"Detected input from a HTTPServletRequest going into a 'ProcessBuilder' or 'exec' command. This could lead to command injection if variables passed into the exec commands are not properly sanitized. Instead, avoid using these OS commands with user-supplied input, or, if you must use these commands, use a whitelist of specific values.",0.5114755110284748,P3 - Medium (ML Moderate / Needs Review),data/benchmark/src/main/java/org/owasp/benchmark/testcode/BenchmarkTest02137.java,58
BenchmarkTest02138,1,CWE-330,2,1,1,1.0,"Detected use of the functions `Math.random()` or `java.util.Random()`. These are both not cryptographically strong random number generators (RNGs). If you are using these RNGs to create passwords or secret tokens, use `java.security.SecureRandom` instead.",0.9995454545454545,P1 - Critical (ML High-Confidence Vulnerability),data/benchmark/src/main/java/org/owasp/benchmark/testcode/BenchmarkTest02138.java,49
BenchmarkTest02139,1,CWE-330,2,1,1,1.0,"Detected use of the functions `Math.random()` or `java.util.Random()`. These are both not cryptographically strong random number generators (RNGs). If you are using these RNGs to create passwords or secret tokens, use `java.security.SecureRandom` instead.",0.9995641025641026,P1 - Critical (ML High-Confidence Vulnerability),data/benchmark/src/main/java/org/owasp/benchmark/testcode/BenchmarkTest02139.java,48
BenchmarkTest02140,1,CWE-330,2,1,1,1.0,"Detected use of the functions `Math.random()` or `java.util.Random()`. These are both not cryptographically strong random number generators (RNGs). If you are using these RNGs to create passwords or secret tokens, use `java.security.SecureRandom` instead.",0.9995641025641026,P1 - Critical (ML High-Confidence Vulnerability),data/benchmark/src/main/java/org/owasp/benchmark/testcode/BenchmarkTest02140.java,48
BenchmarkTest02141,1,CWE-330,2,1,1,1.0,"Detected use of the functions `Math.random()` or `java.util.Random()`. These are both not cryptographically strong random number generators (RNGs). If you are using these RNGs to create passwords or secret tokens, use `java.security.SecureRandom` instead.",1.0,P1 - Critical (ML High-Confidence Vulnerability),data/benchmark/src/main/java/org/owasp/benchmark/testcode/BenchmarkTest02141.java,48
BenchmarkTest02142,1,CWE-614,1,1,0,1.0,A cookie was detected without setting the 'secure' flag. The 'secure' flag for cookies prevents the client from transmitting the cookie over insecure channels such as HTTP. Set the 'secure' flag by calling 'cookie.setSecure(true);',0.9624860773602885,P1 - Critical (ML High-Confidence Vulnerability),data/benchmark/src/main/java/org/owasp/benchmark/testcode/BenchmarkTest02142.java,65
BenchmarkTest02143,0,CWE-614,0,0,0,1.0,,0.10974908684119335,P4 - Low (ML Suppressed / Likely False Alarm),,
BenchmarkTest02144,0,CWE-614,0,0,0,1.0,,0.08749518622573861,P4 - Low (ML Suppressed / Likely False Alarm),,
BenchmarkTest02145,1,CWE-79,1,1,0,0.6516,"Detected a request with potential user-input going into a OutputStream or Writer object. This bypasses any view or template environments, including HTML escaping, which may expose this application to cross-site scripting (XSS) vulnerabilities. Consider using a view technology such as JavaServer Faces (JSFs) which automatically escapes HTML views.",0.6221848022643229,P3 - Medium (ML Moderate / Needs Review),data/benchmark/src/main/java/org/owasp/benchmark/testcode/BenchmarkTest02145.java,49
BenchmarkTest02146,1,CWE-78,1,1,0,0.5177,"Detected input from a HTTPServletRequest going into a 'ProcessBuilder' or 'exec' command. This could lead to command injection if variables passed into the exec commands are not properly sanitized. Instead, avoid using these OS commands with user-supplied input, or, if you must use these commands, use a whitelist of specific values.",0.5444416118463504,P3 - Medium (ML Moderate / Needs Review),data/benchmark/src/main/java/org/owasp/benchmark/testcode/BenchmarkTest02146.java,57
BenchmarkTest02147,1,CWE-78,1,1,0,0.5177,"Detected input from a HTTPServletRequest going into a 'ProcessBuilder' or 'exec' command. This could lead to command injection if variables passed into the exec commands are not properly sanitized. Instead, avoid using these OS commands with user-supplied input, or, if you must use these commands, use a whitelist of specific values.",0.5089059229256337,P3 - Medium (ML Moderate / Needs Review),data/benchmark/src/main/java/org/owasp/benchmark/testcode/BenchmarkTest02147.java,57
BenchmarkTest02148,0,CWE-78,1,1,0,0.5177,"Detected input from a HTTPServletRequest going into a 'ProcessBuilder' or 'exec' command. This could lead to command injection if variables passed into the exec commands are not properly sanitized. Instead, avoid using these OS commands with user-supplied input, or, if you must use these commands, use a whitelist of specific values.",0.5444416118463504,P3 - Medium (ML Moderate / Needs Review),data/benchmark/src/main/java/org/owasp/benchmark/testcode/BenchmarkTest02148.java,71
BenchmarkTest02149,0,CWE-78,1,1,0,0.5177,"Detected input from a HTTPServletRequest going into a 'ProcessBuilder' or 'exec' command. This could lead to command injection if variables passed into the exec commands are not properly sanitized. Instead, avoid using these OS commands with user-supplied input, or, if you must use these commands, use a whitelist of specific values.",0.5444416118463504,P3 - Medium (ML Moderate / Needs Review),data/benchmark/src/main/java/org/owasp/benchmark/testcode/BenchmarkTest02149.java,71
BenchmarkTest02150,1,CWE-78,1,1,0,0.5177,"Detected input from a HTTPServletRequest going into a 'ProcessBuilder' or 'exec' command. This could lead to command injection if variables passed into the exec commands are not properly sanitized. Instead, avoid using these OS commands with user-supplied input, or, if you must use these commands, use a whitelist of specific values.",0.5089059229256337,P3 - Medium (ML Moderate / Needs Review),data/benchmark/src/main/java/org/owasp/benchmark/testcode/BenchmarkTest02150.java,71
BenchmarkTest02151,1,CWE-78,1,1,0,0.5177,"Detected input from a HTTPServletRequest going into a 'ProcessBuilder' or 'exec' command. This could lead to command injection if variables passed into the exec commands are not properly sanitized. Instead, avoid using these OS commands with user-supplied input, or, if you must use these commands, use a whitelist of specific values.",0.5752195073482003,P3 - Medium (ML Moderate / Needs Review),data/benchmark/src/main/java/org/owasp/benchmark/testcode/BenchmarkTest02151.java,71
BenchmarkTest02152,1,CWE-78,1,1,0,0.5177,"Detected input from a HTTPServletRequest going into a 'ProcessBuilder' or 'exec' command. This could lead to command injection if variables passed into the exec commands are not properly sanitized. Instead, avoid using these OS commands with user-supplied input, or, if you must use these commands, use a whitelist of specific values.",0.5752195073482003,P3 - Medium (ML Moderate / Needs Review),data/benchmark/src/main/java/org/owasp/benchmark/testcode/BenchmarkTest02152.java,71
BenchmarkTest02153,0,CWE-78,1,1,0,0.5177,"Detected input from a HTTPServletRequest going into a 'ProcessBuilder' or 'exec' command. This could lead to command injection if variables passed into the exec commands are not properly sanitized. Instead, avoid using these OS commands with user-supplied input, or, if you must use these commands, use a whitelist of specific values.",0.5444416118463504,P3 - Medium (ML Moderate / Needs Review),data/benchmark/src/main/java/org/owasp/benchmark/testcode/BenchmarkTest02153.java,57
BenchmarkTest02154,1,CWE-78,1,1,0,0.5177,"Detected input from a HTTPServletRequest going into a 'ProcessBuilder' or 'exec' command. This could lead to command injection if variables passed into the exec commands are not properly sanitized. Instead, avoid using these OS commands with user-supplied input, or, if you must use these commands, use a whitelist of specific values.",0.5444416118463504,P3 - Medium (ML Moderate / Needs Review),data/benchmark/src/main/java/org/owasp/benchmark/testcode/BenchmarkTest02154.java,58
BenchmarkTest02155,1,CWE-78,1,1,0,0.5177,"Detected input from a HTTPServletRequest going into a 'ProcessBuilder' or 'exec' command. This could lead to command injection if variables passed into the exec commands are not properly sanitized. Instead, avoid using these OS commands with user-supplied input, or, if you must use these commands, use a whitelist of specific values.",0.5089059229256337,P3 - Medium (ML Moderate / Needs Review),data/benchmark/src/main/java/org/owasp/benchmark/testcode/BenchmarkTest02155.java,54
BenchmarkTest02156,0,CWE-78,1,1,0,0.5177,"Detected input from a HTTPServletRequest going into a 'ProcessBuilder' or 'exec' command. This could lead to command injection if variables passed into the exec commands are not properly sanitized. Instead, avoid using these OS commands with user-supplied input, or, if you must use these commands, use a whitelist of specific values.",0.5114755110284748,P3 - Medium (ML Moderate / Needs Review),data/benchmark/src/main/java/org/owasp/benchmark/testcode/BenchmarkTest02156.java,54
BenchmarkTest02157,0,CWE-330,0,0,0,1.0,,0.04325014794951732,P4 - Low (ML Suppressed / Likely False Alarm),,
BenchmarkTest02158,0,CWE-330,0,0,0,1.0,,0.04325014794951732,P4 - Low (ML Suppressed / Likely False Alarm),,
BenchmarkTest02159,0,CWE-330,0,0,0,1.0,,0.03391968678800127,P4 - Low (ML Suppressed / Likely False Alarm),,
BenchmarkTest02160,0,CWE-330,0,0,0,1.0,,0.037636823716155926,P4 - Low (ML Suppressed / Likely False Alarm),,
BenchmarkTest02161,0,CWE-330,0,0,0,1.0,,0.04325014794951732,P4 - Low (ML Suppressed / Likely False Alarm),,
BenchmarkTest02162,0,CWE-330,0,0,0,1.0,,0.037636823716155926,P4 - Low (ML Suppressed / Likely False Alarm),,
BenchmarkTest02163,0,CWE-330,0,0,0,1.0,,0.04325014794951732,P4 - Low (ML Suppressed / Likely False Alarm),,
BenchmarkTest02164,0,CWE-330,0,0,0,1.0,,0.03391968678800127,P4 - Low (ML Suppressed / Likely False Alarm),,
BenchmarkTest02165,1,CWE-501,1,1,0,0.7234,"Detected a request with potential user-input going into a OutputStream or Writer object. This bypasses any view or template environments, including HTML escaping, which may expose this application to cross-site scripting (XSS) vulnerabilities. Consider using a view technology such as JavaServer Faces (JSFs) which automatically escapes HTML views.",0.7200463899254512,P2 - High (ML Probable Vulnerability),data/benchmark/src/main/java/org/owasp/benchmark/testcode/BenchmarkTest02165.java,51
BenchmarkTest02166,0,CWE-501,1,1,0,0.7234,"Detected input from a HTTPServletRequest going into a session command, like `setAttribute`. User input into such a command could lead to an attacker inputting malicious code into your session parameters, blurring the line between what's trusted and untrusted, and therefore leading to a trust boundary violation. This could lead to programmers trusting unvalidated data. Instead, thoroughly sanitize user input before passing it into such function calls.",0.7068358686904922,P2 - High (ML Probable Vulnerability),data/benchmark/src/main/java/org/owasp/benchmark/testcode/BenchmarkTest02166.java,49
BenchmarkTest02167,1,CWE-501,1,1,0,0.7234,"Detected input from a HTTPServletRequest going into a session command, like `setAttribute`. User input into such a command could lead to an attacker inputting malicious code into your session parameters, blurring the line between what's trusted and untrusted, and therefore leading to a trust boundary violation. This could lead to programmers trusting unvalidated data. Instead, thoroughly sanitize user input before passing it into such function calls.",0.7196177864212013,P2 - High (ML Probable Vulnerability),data/benchmark/src/main/java/org/owasp/benchmark/testcode/BenchmarkTest02167.java,49
BenchmarkTest02168,0,CWE-501,1,1,0,0.7234,"Detected input from a HTTPServletRequest going into a session command, like `setAttribute`. User input into such a command could lead to an attacker inputting malicious code into your session parameters, blurring the line between what's trusted and untrusted, and therefore leading to a trust boundary violation. This could lead to programmers trusting unvalidated data. Instead, thoroughly sanitize user input before passing it into such function calls.",0.7068358686904922,P2 - High (ML Probable Vulnerability),data/benchmark/src/main/java/org/owasp/benchmark/testcode/BenchmarkTest02168.java,49
BenchmarkTest02169,1,CWE-89,2,1,1,0.5746,Detected input from a HTTPServletRequest going into a SQL sink or statement. This could lead to SQL injection if variables in the SQL statement are not properly sanitized. Use parameterized SQL queries or properly sanitize user input instead.,0.6050253134234014,P3 - Medium (ML Moderate / Needs Review),data/benchmark/src/main/java/org/owasp/benchmark/testcode/BenchmarkTest02169.java,53
BenchmarkTest02170,1,CWE-89,2,1,1,0.5746,Detected input from a HTTPServletRequest going into a SQL sink or statement. This could lead to SQL injection if variables in the SQL statement are not properly sanitized. Use parameterized SQL queries or properly sanitize user input instead.,0.6043967051102129,P3 - Medium (ML Moderate / Needs Review),data/benchmark/src/main/java/org/owasp/benchmark/testcode/BenchmarkTest02170.java,53
BenchmarkTest02171,1,CWE-89,2,1,1,0.5746,Detected input from a HTTPServletRequest going into a SQL sink or statement. This could lead to SQL injection if variables in the SQL statement are not properly sanitized. Use parameterized SQL queries or properly sanitize user input instead.,0.6221370751503495,P3 - Medium (ML Moderate / Needs Review),data/benchmark/src/main/java/org/owasp/benchmark/testcode/BenchmarkTest02171.java,53
BenchmarkTest02172,0,CWE-89,2,1,1,0.5746,Detected input from a HTTPServletRequest going into a SQL sink or statement. This could lead to SQL injection if variables in the SQL statement are not properly sanitized. Use parameterized SQL queries or properly sanitize user input instead.,0.6161353418384643,P3 - Medium (ML Moderate / Needs Review),data/benchmark/src/main/java/org/owasp/benchmark/testcode/BenchmarkTest02172.java,53
BenchmarkTest02173,0,CWE-89,2,1,1,0.5746,Detected input from a HTTPServletRequest going into a SQL sink or statement. This could lead to SQL injection if variables in the SQL statement are not properly sanitized. Use parameterized SQL queries or properly sanitize user input instead.,0.6043967051102129,P3 - Medium (ML Moderate / Needs Review),data/benchmark/src/main/java/org/owasp/benchmark/testcode/BenchmarkTest02173.java,53
BenchmarkTest02174,0,CWE-89,1,1,0,0.5746,Detected input from a HTTPServletRequest going into a SQL sink or statement. This could lead to SQL injection if variables in the SQL statement are not properly sanitized. Use parameterized SQL queries or properly sanitize user input instead.,0.6314792486337455,P3 - Medium (ML Moderate / Needs Review),data/benchmark/src/main/java/org/owasp/benchmark/testcode/BenchmarkTest02174.java,51
BenchmarkTest02175,0,CWE-89,1,1,0,0.5746,Detected input from a HTTPServletRequest going into a SQL sink or statement. This could lead to SQL injection if variables in the SQL statement are not properly sanitized. Use parameterized SQL queries or properly sanitize user input instead.,0.6393503814415632,P3 - Medium (ML Moderate / Needs Review),data/benchmark/src/main/java/org/owasp/benchmark/testcode/BenchmarkTest02175.java,51
BenchmarkTest02176,0,CWE-89,1,1,0,0.5746,Detected input from a HTTPServletRequest going into a SQL sink or statement. This could lead to SQL injection if variables in the SQL statement are not properly sanitized. Use parameterized SQL queries or properly sanitize user input instead.,0.6393503814415632,P3 - Medium (ML Moderate / Needs Review),data/benchmark/src/main/java/org/owasp/benchmark/testcode/BenchmarkTest02176.java,51
BenchmarkTest02177,1,CWE-89,1,1,0,0.5746,Detected input from a HTTPServletRequest going into a SQL sink or statement. This could lead to SQL injection if variables in the SQL statement are not properly sanitized. Use parameterized SQL queries or properly sanitize user input instead.,0.6382802301796155,P3 - Medium (ML Moderate / Needs Review),data/benchmark/src/main/java/org/owasp/benchmark/testcode/BenchmarkTest02177.java,50
BenchmarkTest02178,1,CWE-89,1,1,0,0.5746,Detected input from a HTTPServletRequest going into a SQL sink or statement. This could lead to SQL injection if variables in the SQL statement are not properly sanitized. Use parameterized SQL queries or properly sanitize user input instead.,0.6314792486337455,P3 - Medium (ML Moderate / Needs Review),data/benchmark/src/main/java/org/owasp/benchmark/testcode/BenchmarkTest02178.java,51
BenchmarkTest02179,1,CWE-89,1,1,0,0.5746,Detected input from a HTTPServletRequest going into a SQL sink or statement. This could lead to SQL injection if variables in the SQL statement are not properly sanitized. Use parameterized SQL queries or properly sanitize user input instead.,0.6314792486337455,P3 - Medium (ML Moderate / Needs Review),data/benchmark/src/main/java/org/owasp/benchmark/testcode/BenchmarkTest02179.java,52
BenchmarkTest02180,0,CWE-89,1,1,0,0.5746,Detected input from a HTTPServletRequest going into a SQL sink or statement. This could lead to SQL injection if variables in the SQL statement are not properly sanitized. Use parameterized SQL queries or properly sanitize user input instead.,0.6393503814415632,P3 - Medium (ML Moderate / Needs Review),data/benchmark/src/main/java/org/owasp/benchmark/testcode/BenchmarkTest02180.java,52
BenchmarkTest02181,1,CWE-89,1,1,0,0.5746,Detected input from a HTTPServletRequest going into a SQL sink or statement. This could lead to SQL injection if variables in the SQL statement are not properly sanitized. Use parameterized SQL queries or properly sanitize user input instead.,0.6314792486337455,P3 - Medium (ML Moderate / Needs Review),data/benchmark/src/main/java/org/owasp/benchmark/testcode/BenchmarkTest02181.java,51
BenchmarkTest02182,1,CWE-89,1,1,0,0.5746,Detected input from a HTTPServletRequest going into a SQL sink or statement. This could lead to SQL injection if variables in the SQL statement are not properly sanitized. Use parameterized SQL queries or properly sanitize user input instead.,0.6382802301796155,P3 - Medium (ML Moderate / Needs Review),data/benchmark/src/main/java/org/owasp/benchmark/testcode/BenchmarkTest02182.java,51
BenchmarkTest02183,0,CWE-89,1,1,0,0.5746,Detected input from a HTTPServletRequest going into a SQL sink or statement. This could lead to SQL injection if variables in the SQL statement are not properly sanitized. Use parameterized SQL queries or properly sanitize user input instead.,0.6371570818030259,P3 - Medium (ML Moderate / Needs Review),data/benchmark/src/main/java/org/owasp/benchmark/testcode/BenchmarkTest02183.java,51
BenchmarkTest02184,0,CWE-89,1,1,0,0.5746,Detected input from a HTTPServletRequest going into a SQL sink or statement. This could lead to SQL injection if variables in the SQL statement are not properly sanitized. Use parameterized SQL queries or properly sanitize user input instead.,0.6393503814415632,P3 - Medium (ML Moderate / Needs Review),data/benchmark/src/main/java/org/owasp/benchmark/testcode/BenchmarkTest02184.java,50
BenchmarkTest02185,0,CWE-89,2,1,1,0.5746,Detected input from a HTTPServletRequest going into a SQL sink or statement. This could lead to SQL injection if variables in the SQL statement are not properly sanitized. Use parameterized SQL queries or properly sanitize user input instead.,0.6161353418384643,P3 - Medium (ML Moderate / Needs Review),data/benchmark/src/main/java/org/owasp/benchmark/testcode/BenchmarkTest02185.java,51
BenchmarkTest02186,1,CWE-89,2,1,1,0.5746,Detected a formatted string in a SQL statement. This could lead to SQL injection if variables in the SQL statement are not properly sanitized. Use a prepared statements (java.sql.PreparedStatement) instead. You can obtain a PreparedStatement using 'connection.prepareStatement'.,0.5278626301234679,P3 - Medium (ML Moderate / Needs Review),data/benchmark/src/main/java/org/owasp/benchmark/testcode/BenchmarkTest02186.java,53
BenchmarkTest02187,1,CWE-89,2,1,1,0.5746,Detected a formatted string in a SQL statement. This could lead to SQL injection if variables in the SQL statement are not properly sanitized. Use a prepared statements (java.sql.PreparedStatement) instead. You can obtain a PreparedStatement using 'connection.prepareStatement'.,0.4901655263130386,P3 - Medium (ML Moderate / Needs Review),data/benchmark/src/main/java/org/owasp/benchmark/testcode/BenchmarkTest02187.java,53
BenchmarkTest02188,0,CWE-89,2,1,1,0.5746,Detected input from a HTTPServletRequest going into a SQL sink or statement. This could lead to SQL injection if variables in the SQL statement are not properly sanitized. Use parameterized SQL queries or properly sanitize user input instead.,0.6043967051102129,P3 - Medium (ML Moderate / Needs Review),data/benchmark/src/main/java/org/owasp/benchmark/testcode/BenchmarkTest02188.java,51
BenchmarkTest02189,1,CWE-643,1,1,0,0.5185,"Detected input from a HTTPServletRequest going into a XPath evaluate or compile command. This could lead to xpath injection if variables passed into the evaluate or compile commands are not properly sanitized. Xpath injection could lead to unauthorized access to sensitive information in XML documents. Instead, thoroughly sanitize user input or use parameterized xpath queries if you can.",0.4500384206940105,P3 - Medium (ML Moderate / Needs Review),data/benchmark/src/main/java/org/owasp/benchmark/testcode/BenchmarkTest02189.java,65
BenchmarkTest02190,0,CWE-327,0,0,0,0.9046,,0.09015572836705343,P4 - Low (ML Suppressed / Likely False Alarm),,
BenchmarkTest02191,0,CWE-327,0,0,0,0.9046,,0.09015572836705343,P4 - Low (ML Suppressed / Likely False Alarm),,
BenchmarkTest02192,1,CWE-327,1,1,1,0.9046,Triple DES (3DES or DESede) is considered deprecated. AES is the recommended cipher. Upgrade to use AES.,0.9646666709532539,P1 - Critical (ML High-Confidence Vulnerability),data/benchmark/src/main/java/org/owasp/benchmark/testcode/BenchmarkTest02192.java,66
BenchmarkTest02193,1,CWE-327,1,1,1,0.9046,Triple DES (3DES or DESede) is considered deprecated. AES is the recommended cipher. Upgrade to use AES.,0.957153376753586,P1 - Critical (ML High-Confidence Vulnerability),data/benchmark/src/main/java/org/owasp/benchmark/testcode/BenchmarkTest02193.java,66
BenchmarkTest02194,1,CWE-327,2,1,1,0.9046,DES is considered deprecated. AES is the recommended cipher. Upgrade to use AES. See https://www.nist.gov/news-events/news/2005/06/nist-withdraws-outdated-data-encryption-standard for more information.,0.9770668750366887,P1 - Critical (ML High-Confidence Vulnerability),data/benchmark/src/main/java/org/owasp/benchmark/testcode/BenchmarkTest02194.java,63
BenchmarkTest02195,1,CWE-327,2,1,1,0.9046,DES is considered deprecated. AES is the recommended cipher. Upgrade to use AES. See https://www.nist.gov/news-events/news/2005/06/nist-withdraws-outdated-data-encryption-standard for more information.,0.9960648555857615,P1 - Critical (ML High-Confidence Vulnerability),data/benchmark/src/main/java/org/owasp/benchmark/testcode/BenchmarkTest02195.java,63
BenchmarkTest02196,1,CWE-90,1,1,0,0.4815,"Detected input from a HTTPServletRequest going into an LDAP query. This could lead to LDAP injection if the input is not properly sanitized, which could result in attackers modifying objects in the LDAP tree structure. Ensure data passed to an LDAP query is not controllable or properly sanitize the data.",0.4485802845284838,P4 - Low (ML Suppressed / Likely False Alarm),data/benchmark/src/main/java/org/owasp/benchmark/testcode/BenchmarkTest02196.java,62
BenchmarkTest02197,1,CWE-22,1,1,0,0.531,"Detected a potential path traversal. A malicious actor could control the location of this file, to include going backwards in the directory with '../'. To address this, ensure that user-controlled variables in file paths are sanitized. You may also consider using a utility method such as org.apache.commons.io.FilenameUtils.getName(...) to only retrieve the file name from the path.",0.5372346090670375,P3 - Medium (ML Moderate / Needs Review),data/benchmark/src/main/java/org/owasp/benchmark/testcode/BenchmarkTest02197.java,52
BenchmarkTest02198,1,CWE-22,1,1,0,0.531,"Detected a potential path traversal. A malicious actor could control the location of this file, to include going backwards in the directory with '../'. To address this, ensure that user-controlled variables in file paths are sanitized. You may also consider using a utility method such as org.apache.commons.io.FilenameUtils.getName(...) to only retrieve the file name from the path.",0.5394645256012154,P3 - Medium (ML Moderate / Needs Review),data/benchmark/src/main/java/org/owasp/benchmark/testcode/BenchmarkTest02198.java,52
BenchmarkTest02199,1,CWE-22,1,1,0,0.531,"Detected a potential path traversal. A malicious actor could control the location of this file, to include going backwards in the directory with '../'. To address this, ensure that user-controlled variables in file paths are sanitized. You may also consider using a utility method such as org.apache.commons.io.FilenameUtils.getName(...) to only retrieve the file name from the path.",0.5372346090670375,P3 - Medium (ML Moderate / Needs Review),data/benchmark/src/main/java/org/owasp/benchmark/testcode/BenchmarkTest02199.java,52
BenchmarkTest02200,0,CWE-22,1,1,0,0.531,"Detected a potential path traversal. A malicious actor could control the location of this file, to include going backwards in the directory with '../'. To address this, ensure that user-controlled variables in file paths are sanitized. You may also consider using a utility method such as org.apache.commons.io.FilenameUtils.getName(...) to only retrieve the file name from the path.",0.5349061735858125,P3 - Medium (ML Moderate / Needs Review),data/benchmark/src/main/java/org/owasp/benchmark/testcode/BenchmarkTest02200.java,52
BenchmarkTest02201,0,CWE-22,1,1,0,0.531,"Detected a potential path traversal. A malicious actor could control the location of this file, to include going backwards in the directory with '../'. To address this, ensure that user-controlled variables in file paths are sanitized. You may also consider using a utility method such as org.apache.commons.io.FilenameUtils.getName(...) to only retrieve the file name from the path.",0.5349061735858125,P3 - Medium (ML Moderate / Needs Review),data/benchmark/src/main/java/org/owasp/benchmark/testcode/BenchmarkTest02201.java,57
BenchmarkTest02202,0,CWE-22,1,1,0,0.531,"Detected a potential path traversal. A malicious actor could control the location of this file, to include going backwards in the directory with '../'. To address this, ensure that user-controlled variables in file paths are sanitized. You may also consider using a utility method such as org.apache.commons.io.FilenameUtils.getName(...) to only retrieve the file name from the path.",0.5349061735858125,P3 - Medium (ML Moderate / Needs Review),data/benchmark/src/main/java/org/owasp/benchmark/testcode/BenchmarkTest02202.java,58
BenchmarkTest02203,0,CWE-22,1,1,0,0.531,"Detected a potential path traversal. A malicious actor could control the location of this file, to include going backwards in the directory with '../'. To address this, ensure that user-controlled variables in file paths are sanitized. You may also consider using a utility method such as org.apache.commons.io.FilenameUtils.getName(...) to only retrieve the file name from the path.",0.5372346090670375,P3 - Medium (ML Moderate / Needs Review),data/benchmark/src/main/java/org/owasp/benchmark/testcode/BenchmarkTest02203.java,58
BenchmarkTest02204,0,CWE-22,1,1,0,0.531,"Detected a potential path traversal. A malicious actor could control the location of this file, to include going backwards in the directory with '../'. To address this, ensure that user-controlled variables in file paths are sanitized. You may also consider using a utility method such as org.apache.commons.io.FilenameUtils.getName(...) to only retrieve the file name from the path.",0.5402428179282152,P3 - Medium (ML Moderate / Needs Review),data/benchmark/src/main/java/org/owasp/benchmark/testcode/BenchmarkTest02204.java,63
BenchmarkTest02205,1,CWE-22,1,1,0,0.531,"Detected a potential path traversal. A malicious actor could control the location of this file, to include going backwards in the directory with '../'. To address this, ensure that user-controlled variables in file paths are sanitized. You may also consider using a utility method such as org.apache.commons.io.FilenameUtils.getName(...) to only retrieve the file name from the path.",0.5394645256012154,P3 - Medium (ML Moderate / Needs Review),data/benchmark/src/main/java/org/owasp/benchmark/testcode/BenchmarkTest02205.java,58
BenchmarkTest02206,0,CWE-22,0,0,0,0.531,,0.21923562111917438,P4 - Low (ML Suppressed / Likely False Alarm),,
BenchmarkTest02207,0,CWE-22,0,0,0,0.531,,0.2141818275976563,P4 - Low (ML Suppressed / Likely False Alarm),,
BenchmarkTest02208,1,CWE-90,1,1,0,0.4815,"Detected input from a HTTPServletRequest going into an LDAP query. This could lead to LDAP injection if the input is not properly sanitized, which could result in attackers modifying objects in the LDAP tree structure. Ensure data passed to an LDAP query is not controllable or properly sanitize the data.",0.4960361627169889,P3 - Medium (ML Moderate / Needs Review),data/benchmark/src/main/java/org/owasp/benchmark/testcode/BenchmarkTest02208.java,66
BenchmarkTest02209,1,CWE-330,2,1,1,1.0,"Detected use of the functions `Math.random()` or `java.util.Random()`. These are both not cryptographically strong random number generators (RNGs). If you are using these RNGs to create passwords or secret tokens, use `java.security.SecureRandom` instead.",1.0,P1 - Critical (ML High-Confidence Vulnerability),data/benchmark/src/main/java/org/owasp/benchmark/testcode/BenchmarkTest02209.java,52
BenchmarkTest02210,0,CWE-328,0,0,0,1.0,,0.231920865694142,P4 - Low (ML Suppressed / Likely False Alarm),,
BenchmarkTest02211,1,CWE-328,2,1,1,1.0,"Detected SHA1 hash algorithm which is considered insecure. SHA1 is not collision resistant and is therefore not suitable as a cryptographic signature. Instead, use PBKDF2 for password hashing or SHA256 or SHA512 for other hash function applications.",0.9983424470266575,P1 - Critical (ML High-Confidence Vulnerability),data/benchmark/src/main/java/org/owasp/benchmark/testcode/BenchmarkTest02211.java,53
BenchmarkTest02212,1,CWE-328,2,1,1,1.0,"Detected SHA1 hash algorithm which is considered insecure. SHA1 is not collision resistant and is therefore not suitable as a cryptographic signature. Instead, use PBKDF2 for password hashing or SHA256 or SHA512 for other hash function applications.",0.9983424470266575,P1 - Critical (ML High-Confidence Vulnerability),data/benchmark/src/main/java/org/owasp/benchmark/testcode/BenchmarkTest02212.java,53
BenchmarkTest02213,1,CWE-328,2,1,1,1.0,"Detected SHA1 hash algorithm which is considered insecure. SHA1 is not collision resistant and is therefore not suitable as a cryptographic signature. Instead, use PBKDF2 for password hashing or SHA256 or SHA512 for other hash function applications.",0.9981800784924265,P1 - Critical (ML High-Confidence Vulnerability),data/benchmark/src/main/java/org/owasp/benchmark/testcode/BenchmarkTest02213.java,53
BenchmarkTest02214,0,CWE-328,0,0,0,1.0,,0.23782332489730076,P4 - Low (ML Suppressed / Likely False Alarm),,
BenchmarkTest02215,0,CWE-328,0,0,0,1.0,,0.231920865694142,P4 - Low (ML Suppressed / Likely False Alarm),,
BenchmarkTest02216,0,CWE-328,0,0,0,1.0,,0.26631103688868035,P4 - Low (ML Suppressed / Likely False Alarm),,
BenchmarkTest02217,1,CWE-328,2,1,1,1.0,Detected MD5 hash algorithm which is considered insecure. MD5 is not collision resistant and is therefore not suitable as a cryptographic signature. Use HMAC instead.,0.997774524693956,P1 - Critical (ML High-Confidence Vulnerability),data/benchmark/src/main/java/org/owasp/benchmark/testcode/BenchmarkTest02217.java,53
BenchmarkTest02218,0,CWE-328,0,0,0,1.0,,0.25279536684003723,P4 - Low (ML Suppressed / Likely False Alarm),,
BenchmarkTest02219,1,CWE-328,0,0,0,1.0,,0.25279536684003723,P4 - Low (ML Suppressed / Likely False Alarm),,
BenchmarkTest02220,0,CWE-328,0,0,0,1.0,,0.231920865694142,P4 - Low (ML Suppressed / Likely False Alarm),,
BenchmarkTest02221,1,CWE-79,1,1,0,0.6516,"Detected a request with potential user-input going into a OutputStream or Writer object. This bypasses any view or template environments, including HTML escaping, which may expose this application to cross-site scripting (XSS) vulnerabilities. Consider using a view technology such as JavaServer Faces (JSFs) which automatically escapes HTML views.",0.6691842611085874,P2 - High (ML Probable Vulnerability),data/benchmark/src/main/java/org/owasp/benchmark/testcode/BenchmarkTest02221.java,56
BenchmarkTest02222,0,CWE-79,1,1,0,0.6516,"Detected a request with potential user-input going into a OutputStream or Writer object. This bypasses any view or template environments, including HTML escaping, which may expose this application to cross-site scripting (XSS) vulnerabilities. Consider using a view technology such as JavaServer Faces (JSFs) which automatically escapes HTML views.",0.6691842611085874,P2 - High (ML Probable Vulnerability),data/benchmark/src/main/java/org/owasp/benchmark/testcode/BenchmarkTest02222.java,54
BenchmarkTest02223,1,CWE-79,1,1,0,0.6516,"Detected a request with potential user-input going into a OutputStream or Writer object. This bypasses any view or template environments, including HTML escaping, which may expose this application to cross-site scripting (XSS) vulnerabilities. Consider using a view technology such as JavaServer Faces (JSFs) which automatically escapes HTML views.",0.6221848022643229,P3 - Medium (ML Moderate / Needs Review),data/benchmark/src/main/java/org/owasp/benchmark/testcode/BenchmarkTest02223.java,54
BenchmarkTest02224,1,CWE-79,1,1,0,0.6516,"Detected a request with potential user-input going into a OutputStream or Writer object. This bypasses any view or template environments, including HTML escaping, which may expose this application to cross-site scripting (XSS) vulnerabilities. Consider using a view technology such as JavaServer Faces (JSFs) which automatically escapes HTML views.",0.6447716715602264,P3 - Medium (ML Moderate / Needs Review),data/benchmark/src/main/java/org/owasp/benchmark/testcode/BenchmarkTest02224.java,54
BenchmarkTest02225,1,CWE-79,1,1,0,0.6516,"Detected a request with potential user-input going into a OutputStream or Writer object. This bypasses any view or template environments, including HTML escaping, which may expose this application to cross-site scripting (XSS) vulnerabilities. Consider using a view technology such as JavaServer Faces (JSFs) which automatically escapes HTML views.",0.6606354491638398,P2 - High (ML Probable Vulnerability),data/benchmark/src/main/java/org/owasp/benchmark/testcode/BenchmarkTest02225.java,54
BenchmarkTest02226,0,CWE-79,1,1,0,0.6516,"Detected a request with potential user-input going into a OutputStream or Writer object. This bypasses any view or template environments, including HTML escaping, which may expose this application to cross-site scripting (XSS) vulnerabilities. Consider using a view technology such as JavaServer Faces (JSFs) which automatically escapes HTML views.",0.6447716715602264,P3 - Medium (ML Moderate / Needs Review),data/benchmark/src/main/java/org/owasp/benchmark/testcode/BenchmarkTest02226.java,53
BenchmarkTest02227,1,CWE-79,1,1,0,0.6516,"Detected a request with potential user-input going into a OutputStream or Writer object. This bypasses any view or template environments, including HTML escaping, which may expose this application to cross-site scripting (XSS) vulnerabilities. Consider using a view technology such as JavaServer Faces (JSFs) which automatically escapes HTML views.",0.6588860833788427,P2 - High (ML Probable Vulnerability),data/benchmark/src/main/java/org/owasp/benchmark/testcode/BenchmarkTest02227.java,53
BenchmarkTest02228,1,CWE-79,1,1,0,0.6516,"Detected a request with potential user-input going into a OutputStream or Writer object. This bypasses any view or template environments, including HTML escaping, which may expose this application to cross-site scripting (XSS) vulnerabilities. Consider using a view technology such as JavaServer Faces (JSFs) which automatically escapes HTML views.",0.6588860833788427,P2 - High (ML Probable Vulnerability),data/benchmark/src/main/java/org/owasp/benchmark/testcode/BenchmarkTest02228.java,53
BenchmarkTest02229,0,CWE-79,1,1,0,0.6516,"Detected a request with potential user-input going into a OutputStream or Writer object. This bypasses any view or template environments, including HTML escaping, which may expose this application to cross-site scripting (XSS) vulnerabilities. Consider using a view technology such as JavaServer Faces (JSFs) which automatically escapes HTML views.",0.6221848022643229,P3 - Medium (ML Moderate / Needs Review),data/benchmark/src/main/java/org/owasp/benchmark/testcode/BenchmarkTest02229.java,54
BenchmarkTest02230,1,CWE-79,1,1,0,0.6516,"Detected a request with potential user-input going into a OutputStream or Writer object. This bypasses any view or template environments, including HTML escaping, which may expose this application to cross-site scripting (XSS) vulnerabilities. Consider using a view technology such as JavaServer Faces (JSFs) which automatically escapes HTML views.",0.6221848022643229,P3 - Medium (ML Moderate / Needs Review),data/benchmark/src/main/java/org/owasp/benchmark/testcode/BenchmarkTest02230.java,54
BenchmarkTest02231,0,CWE-79,1,1,0,0.6516,"Detected a request with potential user-input going into a OutputStream or Writer object. This bypasses any view or template environments, including HTML escaping, which may expose this application to cross-site scripting (XSS) vulnerabilities. Consider using a view technology such as JavaServer Faces (JSFs) which automatically escapes HTML views.",0.6588860833788427,P2 - High (ML Probable Vulnerability),data/benchmark/src/main/java/org/owasp/benchmark/testcode/BenchmarkTest02231.java,54
BenchmarkTest02232,1,CWE-79,1,1,0,0.6516,"Detected a request with potential user-input going into a OutputStream or Writer object. This bypasses any view or template environments, including HTML escaping, which may expose this application to cross-site scripting (XSS) vulnerabilities. Consider using a view technology such as JavaServer Faces (JSFs) which automatically escapes HTML views.",0.6588860833788427,P2 - High (ML Probable Vulnerability),data/benchmark/src/main/java/org/owasp/benchmark/testcode/BenchmarkTest02232.java,54
BenchmarkTest02233,0,CWE-79,1,1,0,0.6516,"Detected a request with potential user-input going into a OutputStream or Writer object. This bypasses any view or template environments, including HTML escaping, which may expose this application to cross-site scripting (XSS) vulnerabilities. Consider using a view technology such as JavaServer Faces (JSFs) which automatically escapes HTML views.",0.6691842611085874,P2 - High (ML Probable Vulnerability),data/benchmark/src/main/java/org/owasp/benchmark/testcode/BenchmarkTest02233.java,54
BenchmarkTest02234,1,CWE-79,1,1,0,0.6516,"Detected a request with potential user-input going into a OutputStream or Writer object. This bypasses any view or template environments, including HTML escaping, which may expose this application to cross-site scripting (XSS) vulnerabilities. Consider using a view technology such as JavaServer Faces (JSFs) which automatically escapes HTML views.",0.6221848022643229,P3 - Medium (ML Moderate / Needs Review),data/benchmark/src/main/java/org/owasp/benchmark/testcode/BenchmarkTest02234.java,54
BenchmarkTest02235,0,CWE-79,1,1,0,0.6516,"Detected a request with potential user-input going into a OutputStream or Writer object. This bypasses any view or template environments, including HTML escaping, which may expose this application to cross-site scripting (XSS) vulnerabilities. Consider using a view technology such as JavaServer Faces (JSFs) which automatically escapes HTML views.",0.6221848022643229,P3 - Medium (ML Moderate / Needs Review),data/benchmark/src/main/java/org/owasp/benchmark/testcode/BenchmarkTest02235.java,53
BenchmarkTest02236,0,CWE-79,1,1,0,0.6516,"Detected a request with potential user-input going into a OutputStream or Writer object. This bypasses any view or template environments, including HTML escaping, which may expose this application to cross-site scripting (XSS) vulnerabilities. Consider using a view technology such as JavaServer Faces (JSFs) which automatically escapes HTML views.",0.6606354491638398,P2 - High (ML Probable Vulnerability),data/benchmark/src/main/java/org/owasp/benchmark/testcode/BenchmarkTest02236.java,53
BenchmarkTest02237,0,CWE-79,1,1,0,0.6516,"Detected a request with potential user-input going into a OutputStream or Writer object. This bypasses any view or template environments, including HTML escaping, which may expose this application to cross-site scripting (XSS) vulnerabilities. Consider using a view technology such as JavaServer Faces (JSFs) which automatically escapes HTML views.",0.6606354491638398,P2 - High (ML Probable Vulnerability),data/benchmark/src/main/java/org/owasp/benchmark/testcode/BenchmarkTest02237.java,53
BenchmarkTest02238,0,CWE-79,1,1,0,0.6516,"Detected a request with potential user-input going into a OutputStream or Writer object. This bypasses any view or template environments, including HTML escaping, which may expose this application to cross-site scripting (XSS) vulnerabilities. Consider using a view technology such as JavaServer Faces (JSFs) which automatically escapes HTML views.",0.6691842611085874,P2 - High (ML Probable Vulnerability),data/benchmark/src/main/java/org/owasp/benchmark/testcode/BenchmarkTest02238.java,53
BenchmarkTest02239,0,CWE-79,1,1,0,0.6516,"Detected a request with potential user-input going into a OutputStream or Writer object. This bypasses any view or template environments, including HTML escaping, which may expose this application to cross-site scripting (XSS) vulnerabilities. Consider using a view technology such as JavaServer Faces (JSFs) which automatically escapes HTML views.",0.6221848022643229,P3 - Medium (ML Moderate / Needs Review),data/benchmark/src/main/java/org/owasp/benchmark/testcode/BenchmarkTest02239.java,53
BenchmarkTest02240,0,CWE-79,1,1,0,0.6516,"Detected a request with potential user-input going into a OutputStream or Writer object. This bypasses any view or template environments, including HTML escaping, which may expose this application to cross-site scripting (XSS) vulnerabilities. Consider using a view technology such as JavaServer Faces (JSFs) which automatically escapes HTML views.",0.6606354491638398,P2 - High (ML Probable Vulnerability),data/benchmark/src/main/java/org/owasp/benchmark/testcode/BenchmarkTest02240.java,53
BenchmarkTest02241,1,CWE-79,1,1,0,0.6516,"Detected a request with potential user-input going into a OutputStream or Writer object. This bypasses any view or template environments, including HTML escaping, which may expose this application to cross-site scripting (XSS) vulnerabilities. Consider using a view technology such as JavaServer Faces (JSFs) which automatically escapes HTML views.",0.6588860833788427,P2 - High (ML Probable Vulnerability),data/benchmark/src/main/java/org/owasp/benchmark/testcode/BenchmarkTest02241.java,53
BenchmarkTest02242,0,CWE-78,1,1,0,0.5177,"Detected input from a HTTPServletRequest going into a 'ProcessBuilder' or 'exec' command. This could lead to command injection if variables passed into the exec commands are not properly sanitized. Instead, avoid using these OS commands with user-supplied input, or, if you must use these commands, use a whitelist of specific values.",0.5683792859920807,P3 - Medium (ML Moderate / Needs Review),data/benchmark/src/main/java/org/owasp/benchmark/testcode/BenchmarkTest02242.java,62
BenchmarkTest02243,1,CWE-78,1,1,0,0.5177,"Detected input from a HTTPServletRequest going into a 'ProcessBuilder' or 'exec' command. This could lead to command injection if variables passed into the exec commands are not properly sanitized. Instead, avoid using these OS commands with user-supplied input, or, if you must use these commands, use a whitelist of specific values.",0.5444416118463504,P3 - Medium (ML Moderate / Needs Review),data/benchmark/src/main/java/org/owasp/benchmark/testcode/BenchmarkTest02243.java,62
BenchmarkTest02244,1,CWE-78,1,1,0,0.5177,"Detected input from a HTTPServletRequest going into a 'ProcessBuilder' or 'exec' command. This could lead to command injection if variables passed into the exec commands are not properly sanitized. Instead, avoid using these OS commands with user-supplied input, or, if you must use these commands, use a whitelist of specific values.",0.5444416118463504,P3 - Medium (ML Moderate / Needs Review),data/benchmark/src/main/java/org/owasp/benchmark/testcode/BenchmarkTest02244.java,62
BenchmarkTest02245,1,CWE-330,2,1,1,1.0,"Detected use of the functions `Math.random()` or `java.util.Random()`. These are both not cryptographically strong random number generators (RNGs). If you are using these RNGs to create passwords or secret tokens, use `java.security.SecureRandom` instead.",1.0,P1 - Critical (ML High-Confidence Vulnerability),data/benchmark/src/main/java/org/owasp/benchmark/testcode/BenchmarkTest02245.java,52
BenchmarkTest02246,1,CWE-330,2,1,1,1.0,"Detected use of the functions `Math.random()` or `java.util.Random()`. These are both not cryptographically strong random number generators (RNGs). If you are using these RNGs to create passwords or secret tokens, use `java.security.SecureRandom` instead.",0.9995454545454545,P1 - Critical (ML High-Confidence Vulnerability),data/benchmark/src/main/java/org/owasp/benchmark/testcode/BenchmarkTest02246.java,52
BenchmarkTest02247,0,CWE-614,0,0,0,1.0,,0.1432577520584313,P4 - Low (ML Suppressed / Likely False Alarm),,
BenchmarkTest02248,0,CWE-614,0,0,0,1.0,,0.11559067511198239,P4 - Low (ML Suppressed / Likely False Alarm),,
BenchmarkTest02249,1,CWE-78,1,1,0,0.5177,"Detected input from a HTTPServletRequest going into a 'ProcessBuilder' or 'exec' command. This could lead to command injection if variables passed into the exec commands are not properly sanitized. Instead, avoid using these OS commands with user-supplied input, or, if you must use these commands, use a whitelist of specific values.",0.5752195073482003,P3 - Medium (ML Moderate / Needs Review),data/benchmark/src/main/java/org/owasp/benchmark/testcode/BenchmarkTest02249.java,61
BenchmarkTest02250,1,CWE-78,1,1,0,0.5177,"Detected input from a HTTPServletRequest going into a 'ProcessBuilder' or 'exec' command. This could lead to command injection if variables passed into the exec commands are not properly sanitized. Instead, avoid using these OS commands with user-supplied input, or, if you must use these commands, use a whitelist of specific values.",0.5683792859920807,P3 - Medium (ML Moderate / Needs Review),data/benchmark/src/main/java/org/owasp/benchmark/testcode/BenchmarkTest02250.java,61
BenchmarkTest02251,1,CWE-78,1,1,0,0.5177,"Detected input from a HTTPServletRequest going into a 'ProcessBuilder' or 'exec' command. This could lead to command injection if variables passed into the exec commands are not properly sanitized. Instead, avoid using these OS commands with user-supplied input, or, if you must use these commands, use a whitelist of specific values.",0.5444416118463504,P3 - Medium (ML Moderate / Needs Review),data/benchmark/src/main/java/org/owasp/benchmark/testcode/BenchmarkTest02251.java,73
BenchmarkTest02252,0,CWE-78,1,1,0,0.5177,"Detected input from a HTTPServletRequest going into a 'ProcessBuilder' or 'exec' command. This could lead to command injection if variables passed into the exec commands are not properly sanitized. Instead, avoid using these OS commands with user-supplied input, or, if you must use these commands, use a whitelist of specific values.",0.5114755110284748,P3 - Medium (ML Moderate / Needs Review),data/benchmark/src/main/java/org/owasp/benchmark/testcode/BenchmarkTest02252.java,75
BenchmarkTest02253,0,CWE-78,1,1,0,0.5177,"Detected input from a HTTPServletRequest going into a 'ProcessBuilder' or 'exec' command. This could lead to command injection if variables passed into the exec commands are not properly sanitized. Instead, avoid using these OS commands with user-supplied input, or, if you must use these commands, use a whitelist of specific values.",0.5752195073482003,P3 - Medium (ML Moderate / Needs Review),data/benchmark/src/main/java/org/owasp/benchmark/testcode/BenchmarkTest02253.java,75
BenchmarkTest02254,0,CWE-330,0,0,0,1.0,,0.037636823716155926,P4 - Low (ML Suppressed / Likely False Alarm),,
BenchmarkTest02255,0,CWE-330,0,0,0,1.0,,0.03704436789576919,P4 - Low (ML Suppressed / Likely False Alarm),,
BenchmarkTest02256,0,CWE-330,0,0,0,1.0,,0.03704436789576919,P4 - Low (ML Suppressed / Likely False Alarm),,
BenchmarkTest02257,0,CWE-330,0,0,0,1.0,,0.03391968678800127,P4 - Low (ML Suppressed / Likely False Alarm),,
BenchmarkTest02258,0,CWE-330,0,0,0,1.0,,0.0331840260624013,P4 - Low (ML Suppressed / Likely False Alarm),,
BenchmarkTest02259,0,CWE-330,0,0,0,1.0,,0.04325014794951732,P4 - Low (ML Suppressed / Likely False Alarm),,
BenchmarkTest02260,0,CWE-330,0,0,0,1.0,,0.037636823716155926,P4 - Low (ML Suppressed / Likely False Alarm),,
BenchmarkTest02261,1,CWE-501,1,1,0,0.7234,"Detected a request with potential user-input going into a OutputStream or Writer object. This bypasses any view or template environments, including HTML escaping, which may expose this application to cross-site scripting (XSS) vulnerabilities. Consider using a view technology such as JavaServer Faces (JSFs) which automatically escapes HTML views.",0.7200463899254512,P2 - High (ML Probable Vulnerability),data/benchmark/src/main/java/org/owasp/benchmark/testcode/BenchmarkTest02261.java,55
BenchmarkTest02262,1,CWE-501,1,1,0,0.7234,"Detected input from a HTTPServletRequest going into a session command, like `setAttribute`. User input into such a command could lead to an attacker inputting malicious code into your session parameters, blurring the line between what's trusted and untrusted, and therefore leading to a trust boundary violation. This could lead to programmers trusting unvalidated data. Instead, thoroughly sanitize user input before passing it into such function calls.",0.6568111284096806,P2 - High (ML Probable Vulnerability),data/benchmark/src/main/java/org/owasp/benchmark/testcode/BenchmarkTest02262.java,53
BenchmarkTest02263,1,CWE-501,1,1,0,0.7234,"Detected a request with potential user-input going into a OutputStream or Writer object. This bypasses any view or template environments, including HTML escaping, which may expose this application to cross-site scripting (XSS) vulnerabilities. Consider using a view technology such as JavaServer Faces (JSFs) which automatically escapes HTML views.",0.7789605520980689,P2 - High (ML Probable Vulnerability),data/benchmark/src/main/java/org/owasp/benchmark/testcode/BenchmarkTest02263.java,55
BenchmarkTest02264,1,CWE-89,2,1,1,0.5746,Detected input from a HTTPServletRequest going into a SQL sink or statement. This could lead to SQL injection if variables in the SQL statement are not properly sanitized. Use parameterized SQL queries or properly sanitize user input instead.,0.6161353418384643,P3 - Medium (ML Moderate / Needs Review),data/benchmark/src/main/java/org/owasp/benchmark/testcode/BenchmarkTest02264.java,57
BenchmarkTest02265,0,CWE-89,2,1,1,0.5746,Detected input from a HTTPServletRequest going into a SQL sink or statement. This could lead to SQL injection if variables in the SQL statement are not properly sanitized. Use parameterized SQL queries or properly sanitize user input instead.,0.6221370751503495,P3 - Medium (ML Moderate / Needs Review),data/benchmark/src/main/java/org/owasp/benchmark/testcode/BenchmarkTest02265.java,57
BenchmarkTest02266,0,CWE-89,2,1,1,0.5746,Detected input from a HTTPServletRequest going into a SQL sink or statement. This could lead to SQL injection if variables in the SQL statement are not properly sanitized. Use parameterized SQL queries or properly sanitize user input instead.,0.6161353418384643,P3 - Medium (ML Moderate / Needs Review),data/benchmark/src/main/java/org/owasp/benchmark/testcode/BenchmarkTest02266.java,57
BenchmarkTest02267,0,CWE-89,2,1,1,0.5746,Detected input from a HTTPServletRequest going into a SQL sink or statement. This could lead to SQL injection if variables in the SQL statement are not properly sanitized. Use parameterized SQL queries or properly sanitize user input instead.,0.6315115188114625,P3 - Medium (ML Moderate / Needs Review),data/benchmark/src/main/java/org/owasp/benchmark/testcode/BenchmarkTest02267.java,57
BenchmarkTest02268,0,CWE-89,2,1,1,0.5746,Detected input from a HTTPServletRequest going into a SQL sink or statement. This could lead to SQL injection if variables in the SQL statement are not properly sanitized. Use parameterized SQL queries or properly sanitize user input instead.,0.6221370751503495,P3 - Medium (ML Moderate / Needs Review),data/benchmark/src/main/java/org/owasp/benchmark/testcode/BenchmarkTest02268.java,57
BenchmarkTest02269,1,CWE-89,2,1,1,0.5746,Detected input from a HTTPServletRequest going into a SQL sink or statement. This could lead to SQL injection if variables in the SQL statement are not properly sanitized. Use parameterized SQL queries or properly sanitize user input instead.,0.6221370751503495,P3 - Medium (ML Moderate / Needs Review),data/benchmark/src/main/java/org/owasp/benchmark/testcode/BenchmarkTest02269.java,57
BenchmarkTest02270,1,CWE-89,2,1,1,0.5746,Detected input from a HTTPServletRequest going into a SQL sink or statement. This could lead to SQL injection if variables in the SQL statement are not properly sanitized. Use parameterized SQL queries or properly sanitize user input instead.,0.6161353418384643,P3 - Medium (ML Moderate / Needs Review),data/benchmark/src/main/java/org/owasp/benchmark/testcode/BenchmarkTest02270.java,57
BenchmarkTest02271,0,CWE-89,2,1,1,0.5746,Detected input from a HTTPServletRequest going into a SQL sink or statement. This could lead to SQL injection if variables in the SQL statement are not properly sanitized. Use parameterized SQL queries or properly sanitize user input instead.,0.6050253134234014,P3 - Medium (ML Moderate / Needs Review),data/benchmark/src/main/java/org/owasp/benchmark/testcode/BenchmarkTest02271.java,57
BenchmarkTest02272,1,CWE-89,1,1,0,0.5746,Detected input from a HTTPServletRequest going into a SQL sink or statement. This could lead to SQL injection if variables in the SQL statement are not properly sanitized. Use parameterized SQL queries or properly sanitize user input instead.,0.6314792486337455,P3 - Medium (ML Moderate / Needs Review),data/benchmark/src/main/java/org/owasp/benchmark/testcode/BenchmarkTest02272.java,55
BenchmarkTest02273,1,CWE-89,1,1,0,0.5746,Detected input from a HTTPServletRequest going into a SQL sink or statement. This could lead to SQL injection if variables in the SQL statement are not properly sanitized. Use parameterized SQL queries or properly sanitize user input instead.,0.6393503814415632,P3 - Medium (ML Moderate / Needs Review),data/benchmark/src/main/java/org/owasp/benchmark/testcode/BenchmarkTest02273.java,55
BenchmarkTest02274,0,CWE-89,1,1,0,0.5746,Detected input from a HTTPServletRequest going into a SQL sink or statement. This could lead to SQL injection if variables in the SQL statement are not properly sanitized. Use parameterized SQL queries or properly sanitize user input instead.,0.6371570818030259,P3 - Medium (ML Moderate / Needs Review),data/benchmark/src/main/java/org/owasp/benchmark/testcode/BenchmarkTest02274.java,54
BenchmarkTest02275,1,CWE-89,1,1,0,0.5746,Detected input from a HTTPServletRequest going into a SQL sink or statement. This could lead to SQL injection if variables in the SQL statement are not properly sanitized. Use parameterized SQL queries or properly sanitize user input instead.,0.63810138505586,P3 - Medium (ML Moderate / Needs Review),data/benchmark/src/main/java/org/owasp/benchmark/testcode/BenchmarkTest02275.java,57
BenchmarkTest02276,0,CWE-89,1,1,0,0.5746,Detected input from a HTTPServletRequest going into a SQL sink or statement. This could lead to SQL injection if variables in the SQL statement are not properly sanitized. Use parameterized SQL queries or properly sanitize user input instead.,0.6314792486337455,P3 - Medium (ML Moderate / Needs Review),data/benchmark/src/main/java/org/owasp/benchmark/testcode/BenchmarkTest02276.java,57
BenchmarkTest02277,1,CWE-89,1,1,0,0.5746,Detected input from a HTTPServletRequest going into a SQL sink or statement. This could lead to SQL injection if variables in the SQL statement are not properly sanitized. Use parameterized SQL queries or properly sanitize user input instead.,0.6314792486337455,P3 - Medium (ML Moderate / Needs Review),data/benchmark/src/main/java/org/owasp/benchmark/testcode/BenchmarkTest02277.java,55
BenchmarkTest02278,0,CWE-89,1,1,0,0.5746,Detected input from a HTTPServletRequest going into a SQL sink or statement. This could lead to SQL injection if variables in the SQL statement are not properly sanitized. Use parameterized SQL queries or properly sanitize user input instead.,0.6382802301796155,P3 - Medium (ML Moderate / Needs Review),data/benchmark/src/main/java/org/owasp/benchmark/testcode/BenchmarkTest02278.java,56
BenchmarkTest02279,0,CWE-89,1,1,0,0.5746,Detected input from a HTTPServletRequest going into a SQL sink or statement. This could lead to SQL injection if variables in the SQL statement are not properly sanitized. Use parameterized SQL queries or properly sanitize user input instead.,0.6393503814415632,P3 - Medium (ML Moderate / Needs Review),data/benchmark/src/main/java/org/owasp/benchmark/testcode/BenchmarkTest02279.java,56
BenchmarkTest02280,0,CWE-89,1,1,0,0.5746,Detected input from a HTTPServletRequest going into a SQL sink or statement. This could lead to SQL injection if variables in the SQL statement are not properly sanitized. Use parameterized SQL queries or properly sanitize user input instead.,0.6371570818030259,P3 - Medium (ML Moderate / Needs Review),data/benchmark/src/main/java/org/owasp/benchmark/testcode/BenchmarkTest02280.java,56
BenchmarkTest02281,1,CWE-89,1,1,0,0.5746,Detected input from a HTTPServletRequest going into a SQL sink or statement. This could lead to SQL injection if variables in the SQL statement are not properly sanitized. Use parameterized SQL queries or properly sanitize user input instead.,0.6314792486337455,P3 - Medium (ML Moderate / Needs Review),data/benchmark/src/main/java/org/owasp/benchmark/testcode/BenchmarkTest02281.java,55
BenchmarkTest02282,0,CWE-89,1,1,0,0.5746,Detected input from a HTTPServletRequest going into a SQL sink or statement. This could lead to SQL injection if variables in the SQL statement are not properly sanitized. Use parameterized SQL queries or properly sanitize user input instead.,0.63810138505586,P3 - Medium (ML Moderate / Needs Review),data/benchmark/src/main/java/org/owasp/benchmark/testcode/BenchmarkTest02282.java,55
BenchmarkTest02283,0,CWE-89,2,1,1,0.5746,Detected a formatted string in a SQL statement. This could lead to SQL injection if variables in the SQL statement are not properly sanitized. Use a prepared statements (java.sql.PreparedStatement) instead. You can obtain a PreparedStatement using 'connection.prepareStatement'.,0.4901655263130386,P3 - Medium (ML Moderate / Needs Review),data/benchmark/src/main/java/org/owasp/benchmark/testcode/BenchmarkTest02283.java,57
BenchmarkTest02284,1,CWE-89,2,1,1,0.5746,Detected a formatted string in a SQL statement. This could lead to SQL injection if variables in the SQL statement are not properly sanitized. Use a prepared statements (java.sql.PreparedStatement) instead. You can obtain a PreparedStatement using 'connection.prepareStatement'.,0.5476500971406442,P3 - Medium (ML Moderate / Needs Review),data/benchmark/src/main/java/org/owasp/benchmark/testcode/BenchmarkTest02284.java,57
BenchmarkTest02285,0,CWE-89,2,1,1,0.5746,Detected a formatted string in a SQL statement. This could lead to SQL injection if variables in the SQL statement are not properly sanitized. Use a prepared statements (java.sql.PreparedStatement) instead. You can obtain a PreparedStatement using 'connection.prepareStatement'.,0.5278626301234679,P3 - Medium (ML Moderate / Needs Review),data/benchmark/src/main/java/org/owasp/benchmark/testcode/BenchmarkTest02285.java,57
BenchmarkTest02286,1,CWE-89,2,1,1,0.5746,Detected input from a HTTPServletRequest going into a SQL sink or statement. This could lead to SQL injection if variables in the SQL statement are not properly sanitized. Use parameterized SQL queries or properly sanitize user input instead.,0.6043967051102129,P3 - Medium (ML Moderate / Needs Review),data/benchmark/src/main/java/org/owasp/benchmark/testcode/BenchmarkTest02286.java,55
BenchmarkTest02287,1,CWE-89,2,1,1,0.5746,Detected input from a HTTPServletRequest going into a SQL sink or statement. This could lead to SQL injection if variables in the SQL statement are not properly sanitized. Use parameterized SQL queries or properly sanitize user input instead.,0.6221370751503495,P3 - Medium (ML Moderate / Needs Review),data/benchmark/src/main/java/org/owasp/benchmark/testcode/BenchmarkTest02287.java,55
BenchmarkTest02288,1,CWE-89,2,1,1,0.5746,Detected input from a HTTPServletRequest going into a SQL sink or statement. This could lead to SQL injection if variables in the SQL statement are not properly sanitized. Use parameterized SQL queries or properly sanitize user input instead.,0.6161353418384643,P3 - Medium (ML Moderate / Needs Review),data/benchmark/src/main/java/org/owasp/benchmark/testcode/BenchmarkTest02288.java,55
BenchmarkTest02289,0,CWE-327,0,0,0,0.9046,,0.08362763156367758,P4 - Low (ML Suppressed / Likely False Alarm),,
BenchmarkTest02290,1,CWE-327,1,1,1,0.9046,Triple DES (3DES or DESede) is considered deprecated. AES is the recommended cipher. Upgrade to use AES.,0.9646666709532539,P1 - Critical (ML High-Confidence Vulnerability),data/benchmark/src/main/java/org/owasp/benchmark/testcode/BenchmarkTest02290.java,76
BenchmarkTest02291,1,CWE-327,1,1,1,0.9046,Triple DES (3DES or DESede) is considered deprecated. AES is the recommended cipher. Upgrade to use AES.,0.960271073167773,P1 - Critical (ML High-Confidence Vulnerability),data/benchmark/src/main/java/org/owasp/benchmark/testcode/BenchmarkTest02291.java,76
BenchmarkTest02292,1,CWE-327,1,1,1,0.9046,Triple DES (3DES or DESede) is considered deprecated. AES is the recommended cipher. Upgrade to use AES.,0.957153376753586,P1 - Critical (ML High-Confidence Vulnerability),data/benchmark/src/main/java/org/owasp/benchmark/testcode/BenchmarkTest02292.java,76
BenchmarkTest02293,1,CWE-327,2,1,1,0.9046,DES is considered deprecated. AES is the recommended cipher. Upgrade to use AES. See https://www.nist.gov/news-events/news/2005/06/nist-withdraws-outdated-data-encryption-standard for more information.,0.974080729406824,P1 - Critical (ML High-Confidence Vulnerability),data/benchmark/src/main/java/org/owasp/benchmark/testcode/BenchmarkTest02293.java,73
BenchmarkTest02294,1,CWE-327,2,1,1,0.9046,DES is considered deprecated. AES is the recommended cipher. Upgrade to use AES. See https://www.nist.gov/news-events/news/2005/06/nist-withdraws-outdated-data-encryption-standard for more information.,0.9640713509849929,P1 - Critical (ML High-Confidence Vulnerability),data/benchmark/src/main/java/org/owasp/benchmark/testcode/BenchmarkTest02294.java,73
BenchmarkTest02295,1,CWE-327,2,1,1,0.9046,DES is considered deprecated. AES is the recommended cipher. Upgrade to use AES. See https://www.nist.gov/news-events/news/2005/06/nist-withdraws-outdated-data-encryption-standard for more information.,0.9895465333843201,P1 - Critical (ML High-Confidence Vulnerability),data/benchmark/src/main/java/org/owasp/benchmark/testcode/BenchmarkTest02295.java,73
BenchmarkTest02296,0,CWE-327,1,0,1,0.9046,Use a secure cipher mode.,0.1391230575322935,P4 - Low (ML Suppressed / Likely False Alarm),owasp-benchmark:data/benchmark/src/main/java/org/owasp/benchmark/testcode/BenchmarkTest02296.java,77
BenchmarkTest02297,0,CWE-327,1,0,1,0.9046,Use a secure cipher mode.,0.15132858978777353,P4 - Low (ML Suppressed / Likely False Alarm),owasp-benchmark:data/benchmark/src/main/java/org/owasp/benchmark/testcode/BenchmarkTest02297.java,77
BenchmarkTest02298,0,CWE-327,1,0,1,0.9046,Use a secure cipher mode.,0.14797288546515752,P4 - Low (ML Suppressed / Likely False Alarm),owasp-benchmark:data/benchmark/src/main/java/org/owasp/benchmark/testcode/BenchmarkTest02298.java,77
BenchmarkTest02299,1,CWE-90,1,1,0,0.4815,"Detected input from a HTTPServletRequest going into an LDAP query. This could lead to LDAP injection if the input is not properly sanitized, which could result in attackers modifying objects in the LDAP tree structure. Ensure data passed to an LDAP query is not controllable or properly sanitize the data.",0.519750625119329,P3 - Medium (ML Moderate / Needs Review),data/benchmark/src/main/java/org/owasp/benchmark/testcode/BenchmarkTest02299.java,72
BenchmarkTest02300,0,CWE-22,1,1,0,0.531,"Detected a potential path traversal. A malicious actor could control the location of this file, to include going backwards in the directory with '../'. To address this, ensure that user-controlled variables in file paths are sanitized. You may also consider using a utility method such as org.apache.commons.io.FilenameUtils.getName(...) to only retrieve the file name from the path.",0.5402428179282152,P3 - Medium (ML Moderate / Needs Review),data/benchmark/src/main/java/org/owasp/benchmark/testcode/BenchmarkTest02300.java,62
BenchmarkTest02301,0,CWE-22,1,1,0,0.531,"Detected a potential path traversal. A malicious actor could control the location of this file, to include going backwards in the directory with '../'. To address this, ensure that user-controlled variables in file paths are sanitized. You may also consider using a utility method such as org.apache.commons.io.FilenameUtils.getName(...) to only retrieve the file name from the path.",0.5402428179282152,P3 - Medium (ML Moderate / Needs Review),data/benchmark/src/main/java/org/owasp/benchmark/testcode/BenchmarkTest02301.java,62
BenchmarkTest02302,1,CWE-22,1,1,0,0.531,"Detected a potential path traversal. A malicious actor could control the location of this file, to include going backwards in the directory with '../'. To address this, ensure that user-controlled variables in file paths are sanitized. You may also consider using a utility method such as org.apache.commons.io.FilenameUtils.getName(...) to only retrieve the file name from the path.",0.5305215095490278,P3 - Medium (ML Moderate / Needs Review),data/benchmark/src/main/java/org/owasp/benchmark/testcode/BenchmarkTest02302.java,62
BenchmarkTest02303,1,CWE-22,1,1,0,0.531,"Detected a potential path traversal. A malicious actor could control the location of this file, to include going backwards in the directory with '../'. To address this, ensure that user-controlled variables in file paths are sanitized. You may also consider using a utility method such as org.apache.commons.io.FilenameUtils.getName(...) to only retrieve the file name from the path.",0.5349061735858125,P3 - Medium (ML Moderate / Needs Review),data/benchmark/src/main/java/org/owasp/benchmark/testcode/BenchmarkTest02303.java,67
BenchmarkTest02304,1,CWE-22,1,1,0,0.531,"Detected a potential path traversal. A malicious actor could control the location of this file, to include going backwards in the directory with '../'. To address this, ensure that user-controlled variables in file paths are sanitized. You may also consider using a utility method such as org.apache.commons.io.FilenameUtils.getName(...) to only retrieve the file name from the path.",0.5372346090670375,P3 - Medium (ML Moderate / Needs Review),data/benchmark/src/main/java/org/owasp/benchmark/testcode/BenchmarkTest02304.java,67
BenchmarkTest02305,1,CWE-90,1,1,0,0.4815,"Detected input from a HTTPServletRequest going into an LDAP query. This could lead to LDAP injection if the input is not properly sanitized, which could result in attackers modifying objects in the LDAP tree structure. Ensure data passed to an LDAP query is not controllable or properly sanitize the data.",0.4485802845284838,P4 - Low (ML Suppressed / Likely False Alarm),data/benchmark/src/main/java/org/owasp/benchmark/testcode/BenchmarkTest02305.java,76
BenchmarkTest02306,1,CWE-90,1,1,0,0.4815,"Detected input from a HTTPServletRequest going into an LDAP query. This could lead to LDAP injection if the input is not properly sanitized, which could result in attackers modifying objects in the LDAP tree structure. Ensure data passed to an LDAP query is not controllable or properly sanitize the data.",0.519750625119329,P3 - Medium (ML Moderate / Needs Review),data/benchmark/src/main/java/org/owasp/benchmark/testcode/BenchmarkTest02306.java,75
BenchmarkTest02307,1,CWE-328,2,1,1,1.0,"Detected SHA1 hash algorithm which is considered insecure. SHA1 is not collision resistant and is therefore not suitable as a cryptographic signature. Instead, use PBKDF2 for password hashing or SHA256 or SHA512 for other hash function applications.",0.997774524693956,P1 - Critical (ML High-Confidence Vulnerability),data/benchmark/src/main/java/org/owasp/benchmark/testcode/BenchmarkTest02307.java,68
BenchmarkTest02308,1,CWE-328,2,1,1,1.0,"Detected SHA1 hash algorithm which is considered insecure. SHA1 is not collision resistant and is therefore not suitable as a cryptographic signature. Instead, use PBKDF2 for password hashing or SHA256 or SHA512 for other hash function applications.",1.0,P1 - Critical (ML High-Confidence Vulnerability),data/benchmark/src/main/java/org/owasp/benchmark/testcode/BenchmarkTest02308.java,63
BenchmarkTest02309,0,CWE-328,0,0,0,1.0,,0.23782332489730076,P4 - Low (ML Suppressed / Likely False Alarm),,
BenchmarkTest02310,0,CWE-328,0,0,0,1.0,,0.23782332489730076,P4 - Low (ML Suppressed / Likely False Alarm),,
BenchmarkTest02311,1,CWE-328,2,1,1,1.0,Detected MD5 hash algorithm which is considered insecure. MD5 is not collision resistant and is therefore not suitable as a cryptographic signature. Use HMAC instead.,0.9981800784924265,P1 - Critical (ML High-Confidence Vulnerability),data/benchmark/src/main/java/org/owasp/benchmark/testcode/BenchmarkTest02311.java,63
BenchmarkTest02312,0,CWE-328,0,0,0,1.0,,0.26631103688868035,P4 - Low (ML Suppressed / Likely False Alarm),,
BenchmarkTest02313,0,CWE-79,1,1,0,0.6516,"Detected a request with potential user-input going into a OutputStream or Writer object. This bypasses any view or template environments, including HTML escaping, which may expose this application to cross-site scripting (XSS) vulnerabilities. Consider using a view technology such as JavaServer Faces (JSFs) which automatically escapes HTML views.",0.6691842611085874,P2 - High (ML Probable Vulnerability),data/benchmark/src/main/java/org/owasp/benchmark/testcode/BenchmarkTest02313.java,66
BenchmarkTest02314,1,CWE-79,1,1,0,0.6516,"Detected a request with potential user-input going into a OutputStream or Writer object. This bypasses any view or template environments, including HTML escaping, which may expose this application to cross-site scripting (XSS) vulnerabilities. Consider using a view technology such as JavaServer Faces (JSFs) which automatically escapes HTML views.",0.6588860833788427,P2 - High (ML Probable Vulnerability),data/benchmark/src/main/java/org/owasp/benchmark/testcode/BenchmarkTest02314.java,64
BenchmarkTest02315,1,CWE-79,1,1,0,0.6516,"Detected a request with potential user-input going into a OutputStream or Writer object. This bypasses any view or template environments, including HTML escaping, which may expose this application to cross-site scripting (XSS) vulnerabilities. Consider using a view technology such as JavaServer Faces (JSFs) which automatically escapes HTML views.",0.6691842611085874,P2 - High (ML Probable Vulnerability),data/benchmark/src/main/java/org/owasp/benchmark/testcode/BenchmarkTest02315.java,64
BenchmarkTest02316,1,CWE-79,1,1,0,0.6516,"Detected a request with potential user-input going into a OutputStream or Writer object. This bypasses any view or template environments, including HTML escaping, which may expose this application to cross-site scripting (XSS) vulnerabilities. Consider using a view technology such as JavaServer Faces (JSFs) which automatically escapes HTML views.",0.6691842611085874,P2 - High (ML Probable Vulnerability),data/benchmark/src/main/java/org/owasp/benchmark/testcode/BenchmarkTest02316.java,64
BenchmarkTest02317,1,CWE-79,1,1,0,0.6516,"Detected a request with potential user-input going into a OutputStream or Writer object. This bypasses any view or template environments, including HTML escaping, which may expose this application to cross-site scripting (XSS) vulnerabilities. Consider using a view technology such as JavaServer Faces (JSFs) which automatically escapes HTML views.",0.6606354491638398,P2 - High (ML Probable Vulnerability),data/benchmark/src/main/java/org/owasp/benchmark/testcode/BenchmarkTest02317.java,64
BenchmarkTest02318,0,CWE-79,1,1,0,0.6516,"Detected a request with potential user-input going into a OutputStream or Writer object. This bypasses any view or template environments, including HTML escaping, which may expose this application to cross-site scripting (XSS) vulnerabilities. Consider using a view technology such as JavaServer Faces (JSFs) which automatically escapes HTML views.",0.6447716715602264,P3 - Medium (ML Moderate / Needs Review),data/benchmark/src/main/java/org/owasp/benchmark/testcode/BenchmarkTest02318.java,63
BenchmarkTest02319,0,CWE-79,1,1,0,0.6516,"Detected a request with potential user-input going into a OutputStream or Writer object. This bypasses any view or template environments, including HTML escaping, which may expose this application to cross-site scripting (XSS) vulnerabilities. Consider using a view technology such as JavaServer Faces (JSFs) which automatically escapes HTML views.",0.6606354491638398,P2 - High (ML Probable Vulnerability),data/benchmark/src/main/java/org/owasp/benchmark/testcode/BenchmarkTest02319.java,63
BenchmarkTest02320,0,CWE-79,1,1,0,0.6516,"Detected a request with potential user-input going into a OutputStream or Writer object. This bypasses any view or template environments, including HTML escaping, which may expose this application to cross-site scripting (XSS) vulnerabilities. Consider using a view technology such as JavaServer Faces (JSFs) which automatically escapes HTML views.",0.6691842611085874,P2 - High (ML Probable Vulnerability),data/benchmark/src/main/java/org/owasp/benchmark/testcode/BenchmarkTest02320.java,64
BenchmarkTest02321,1,CWE-79,1,1,0,0.6516,"Detected a request with potential user-input going into a OutputStream or Writer object. This bypasses any view or template environments, including HTML escaping, which may expose this application to cross-site scripting (XSS) vulnerabilities. Consider using a view technology such as JavaServer Faces (JSFs) which automatically escapes HTML views.",0.6221848022643229,P3 - Medium (ML Moderate / Needs Review),data/benchmark/src/main/java/org/owasp/benchmark/testcode/BenchmarkTest02321.java,64
BenchmarkTest02322,1,CWE-79,1,1,0,0.6516,"Detected a request with potential user-input going into a OutputStream or Writer object. This bypasses any view or template environments, including HTML escaping, which may expose this application to cross-site scripting (XSS) vulnerabilities. Consider using a view technology such as JavaServer Faces (JSFs) which automatically escapes HTML views.",0.6588860833788427,P2 - High (ML Probable Vulnerability),data/benchmark/src/main/java/org/owasp/benchmark/testcode/BenchmarkTest02322.java,64
BenchmarkTest02323,1,CWE-79,1,1,0,0.6516,"Detected a request with potential user-input going into a OutputStream or Writer object. This bypasses any view or template environments, including HTML escaping, which may expose this application to cross-site scripting (XSS) vulnerabilities. Consider using a view technology such as JavaServer Faces (JSFs) which automatically escapes HTML views.",0.6588860833788427,P2 - High (ML Probable Vulnerability),data/benchmark/src/main/java/org/owasp/benchmark/testcode/BenchmarkTest02323.java,64
BenchmarkTest02324,1,CWE-79,1,1,0,0.6516,"Detected a request with potential user-input going into a OutputStream or Writer object. This bypasses any view or template environments, including HTML escaping, which may expose this application to cross-site scripting (XSS) vulnerabilities. Consider using a view technology such as JavaServer Faces (JSFs) which automatically escapes HTML views.",0.6606354491638398,P2 - High (ML Probable Vulnerability),data/benchmark/src/main/java/org/owasp/benchmark/testcode/BenchmarkTest02324.java,64
BenchmarkTest02325,0,CWE-79,1,1,0,0.6516,"Detected a request with potential user-input going into a OutputStream or Writer object. This bypasses any view or template environments, including HTML escaping, which may expose this application to cross-site scripting (XSS) vulnerabilities. Consider using a view technology such as JavaServer Faces (JSFs) which automatically escapes HTML views.",0.6588860833788427,P2 - High (ML Probable Vulnerability),data/benchmark/src/main/java/org/owasp/benchmark/testcode/BenchmarkTest02325.java,63
BenchmarkTest02326,1,CWE-79,1,1,0,0.6516,"Detected a request with potential user-input going into a OutputStream or Writer object. This bypasses any view or template environments, including HTML escaping, which may expose this application to cross-site scripting (XSS) vulnerabilities. Consider using a view technology such as JavaServer Faces (JSFs) which automatically escapes HTML views.",0.6447716715602264,P3 - Medium (ML Moderate / Needs Review),data/benchmark/src/main/java/org/owasp/benchmark/testcode/BenchmarkTest02326.java,63
BenchmarkTest02327,1,CWE-79,1,1,0,0.6516,"Detected a request with potential user-input going into a OutputStream or Writer object. This bypasses any view or template environments, including HTML escaping, which may expose this application to cross-site scripting (XSS) vulnerabilities. Consider using a view technology such as JavaServer Faces (JSFs) which automatically escapes HTML views.",0.6606354491638398,P2 - High (ML Probable Vulnerability),data/benchmark/src/main/java/org/owasp/benchmark/testcode/BenchmarkTest02327.java,66
BenchmarkTest02328,1,CWE-79,1,1,0,0.6516,"Detected a request with potential user-input going into a OutputStream or Writer object. This bypasses any view or template environments, including HTML escaping, which may expose this application to cross-site scripting (XSS) vulnerabilities. Consider using a view technology such as JavaServer Faces (JSFs) which automatically escapes HTML views.",0.6588860833788427,P2 - High (ML Probable Vulnerability),data/benchmark/src/main/java/org/owasp/benchmark/testcode/BenchmarkTest02328.java,66
BenchmarkTest02329,0,CWE-79,1,1,0,0.6516,"Detected a request with potential user-input going into a OutputStream or Writer object. This bypasses any view or template environments, including HTML escaping, which may expose this application to cross-site scripting (XSS) vulnerabilities. Consider using a view technology such as JavaServer Faces (JSFs) which automatically escapes HTML views.",0.6588860833788427,P2 - High (ML Probable Vulnerability),data/benchmark/src/main/java/org/owasp/benchmark/testcode/BenchmarkTest02329.java,66
BenchmarkTest02330,0,CWE-79,1,1,0,0.6516,"Detected a request with potential user-input going into a OutputStream or Writer object. This bypasses any view or template environments, including HTML escaping, which may expose this application to cross-site scripting (XSS) vulnerabilities. Consider using a view technology such as JavaServer Faces (JSFs) which automatically escapes HTML views.",0.6447716715602264,P3 - Medium (ML Moderate / Needs Review),data/benchmark/src/main/java/org/owasp/benchmark/testcode/BenchmarkTest02330.java,66
BenchmarkTest02331,0,CWE-79,1,1,0,0.6516,"Detected a request with potential user-input going into a OutputStream or Writer object. This bypasses any view or template environments, including HTML escaping, which may expose this application to cross-site scripting (XSS) vulnerabilities. Consider using a view technology such as JavaServer Faces (JSFs) which automatically escapes HTML views.",0.6447716715602264,P3 - Medium (ML Moderate / Needs Review),data/benchmark/src/main/java/org/owasp/benchmark/testcode/BenchmarkTest02331.java,63
BenchmarkTest02332,1,CWE-79,1,1,0,0.6516,"Detected a request with potential user-input going into a OutputStream or Writer object. This bypasses any view or template environments, including HTML escaping, which may expose this application to cross-site scripting (XSS) vulnerabilities. Consider using a view technology such as JavaServer Faces (JSFs) which automatically escapes HTML views.",0.6588860833788427,P2 - High (ML Probable Vulnerability),data/benchmark/src/main/java/org/owasp/benchmark/testcode/BenchmarkTest02332.java,63
BenchmarkTest02333,1,CWE-78,1,1,0,0.5177,"Detected input from a HTTPServletRequest going into a 'ProcessBuilder' or 'exec' command. This could lead to command injection if variables passed into the exec commands are not properly sanitized. Instead, avoid using these OS commands with user-supplied input, or, if you must use these commands, use a whitelist of specific values.",0.5089059229256337,P3 - Medium (ML Moderate / Needs Review),data/benchmark/src/main/java/org/owasp/benchmark/testcode/BenchmarkTest02333.java,72
BenchmarkTest02334,1,CWE-78,1,1,0,0.5177,"Detected input from a HTTPServletRequest going into a 'ProcessBuilder' or 'exec' command. This could lead to command injection if variables passed into the exec commands are not properly sanitized. Instead, avoid using these OS commands with user-supplied input, or, if you must use these commands, use a whitelist of specific values.",0.5114755110284748,P3 - Medium (ML Moderate / Needs Review),data/benchmark/src/main/java/org/owasp/benchmark/testcode/BenchmarkTest02334.java,72
BenchmarkTest02335,0,CWE-78,1,1,0,0.5177,A formatted or concatenated string was detected as input to a ProcessBuilder call. This is dangerous if a variable is controlled by user input and could result in a command injection. Ensure your variables are not controlled by users or sufficiently sanitized.,0.3450783768253897,P4 - Low (ML Suppressed / Likely False Alarm),data/benchmark/src/main/java/org/owasp/benchmark/testcode/BenchmarkTest02335.java,76
BenchmarkTest02336,0,CWE-78,1,1,0,0.5177,A formatted or concatenated string was detected as input to a ProcessBuilder call. This is dangerous if a variable is controlled by user input and could result in a command injection. Ensure your variables are not controlled by users or sufficiently sanitized.,0.36631058935432764,P4 - Low (ML Suppressed / Likely False Alarm),data/benchmark/src/main/java/org/owasp/benchmark/testcode/BenchmarkTest02336.java,76
BenchmarkTest02337,1,CWE-330,2,1,1,1.0,"Detected use of the functions `Math.random()` or `java.util.Random()`. These are both not cryptographically strong random number generators (RNGs). If you are using these RNGs to create passwords or secret tokens, use `java.security.SecureRandom` instead.",0.9995641025641026,P1 - Critical (ML High-Confidence Vulnerability),data/benchmark/src/main/java/org/owasp/benchmark/testcode/BenchmarkTest02337.java,62
BenchmarkTest02338,1,CWE-330,2,1,1,1.0,"Detected use of the functions `Math.random()` or `java.util.Random()`. These are both not cryptographically strong random number generators (RNGs). If you are using these RNGs to create passwords or secret tokens, use `java.security.SecureRandom` instead.",1.0,P1 - Critical (ML High-Confidence Vulnerability),data/benchmark/src/main/java/org/owasp/benchmark/testcode/BenchmarkTest02338.java,62
BenchmarkTest02339,1,CWE-614,1,1,0,1.0,A cookie was detected without setting the 'secure' flag. The 'secure' flag for cookies prevents the client from transmitting the cookie over insecure channels such as HTTP. Set the 'secure' flag by calling 'cookie.setSecure(true);',0.9624860773602885,P1 - Critical (ML High-Confidence Vulnerability),data/benchmark/src/main/java/org/owasp/benchmark/testcode/BenchmarkTest02339.java,79
BenchmarkTest02340,0,CWE-78,1,1,0,0.5177,"Detected input from a HTTPServletRequest going into a 'ProcessBuilder' or 'exec' command. This could lead to command injection if variables passed into the exec commands are not properly sanitized. Instead, avoid using these OS commands with user-supplied input, or, if you must use these commands, use a whitelist of specific values.",0.5752195073482003,P3 - Medium (ML Moderate / Needs Review),data/benchmark/src/main/java/org/owasp/benchmark/testcode/BenchmarkTest02340.java,85
BenchmarkTest02341,0,CWE-78,1,1,0,0.5177,"Detected input from a HTTPServletRequest going into a 'ProcessBuilder' or 'exec' command. This could lead to command injection if variables passed into the exec commands are not properly sanitized. Instead, avoid using these OS commands with user-supplied input, or, if you must use these commands, use a whitelist of specific values.",0.5444416118463504,P3 - Medium (ML Moderate / Needs Review),data/benchmark/src/main/java/org/owasp/benchmark/testcode/BenchmarkTest02341.java,71
BenchmarkTest02342,1,CWE-78,1,1,0,0.5177,"Detected input from a HTTPServletRequest going into a 'ProcessBuilder' or 'exec' command. This could lead to command injection if variables passed into the exec commands are not properly sanitized. Instead, avoid using these OS commands with user-supplied input, or, if you must use these commands, use a whitelist of specific values.",0.5114755110284748,P3 - Medium (ML Moderate / Needs Review),data/benchmark/src/main/java/org/owasp/benchmark/testcode/BenchmarkTest02342.java,72
BenchmarkTest02343,1,CWE-78,1,1,0,0.5177,"Detected input from a HTTPServletRequest going into a 'ProcessBuilder' or 'exec' command. This could lead to command injection if variables passed into the exec commands are not properly sanitized. Instead, avoid using these OS commands with user-supplied input, or, if you must use these commands, use a whitelist of specific values.",0.5089059229256337,P3 - Medium (ML Moderate / Needs Review),data/benchmark/src/main/java/org/owasp/benchmark/testcode/BenchmarkTest02343.java,72
BenchmarkTest02344,1,CWE-78,1,1,0,0.5177,"Detected input from a HTTPServletRequest going into a 'ProcessBuilder' or 'exec' command. This could lead to command injection if variables passed into the exec commands are not properly sanitized. Instead, avoid using these OS commands with user-supplied input, or, if you must use these commands, use a whitelist of specific values.",0.5444416118463504,P3 - Medium (ML Moderate / Needs Review),data/benchmark/src/main/java/org/owasp/benchmark/testcode/BenchmarkTest02344.java,68
BenchmarkTest02345,0,CWE-330,0,0,0,1.0,,0.04325014794951732,P4 - Low (ML Suppressed / Likely False Alarm),,
BenchmarkTest02346,0,CWE-330,0,0,0,1.0,,0.03704436789576919,P4 - Low (ML Suppressed / Likely False Alarm),,
BenchmarkTest02347,0,CWE-330,0,0,0,1.0,,0.03704436789576919,P4 - Low (ML Suppressed / Likely False Alarm),,
BenchmarkTest02348,0,CWE-330,0,0,0,1.0,,0.04325014794951732,P4 - Low (ML Suppressed / Likely False Alarm),,
BenchmarkTest02349,0,CWE-330,0,0,0,1.0,,0.0331840260624013,P4 - Low (ML Suppressed / Likely False Alarm),,
BenchmarkTest02350,0,CWE-330,0,0,0,1.0,,0.03391968678800127,P4 - Low (ML Suppressed / Likely False Alarm),,
BenchmarkTest02351,0,CWE-330,0,0,0,1.0,,0.0331840260624013,P4 - Low (ML Suppressed / Likely False Alarm),,
BenchmarkTest02352,1,CWE-501,1,1,0,0.7234,"Detected a request with potential user-input going into a OutputStream or Writer object. This bypasses any view or template environments, including HTML escaping, which may expose this application to cross-site scripting (XSS) vulnerabilities. Consider using a view technology such as JavaServer Faces (JSFs) which automatically escapes HTML views.",0.7360201729654304,P2 - High (ML Probable Vulnerability),data/benchmark/src/main/java/org/owasp/benchmark/testcode/BenchmarkTest02352.java,65
BenchmarkTest02353,0,CWE-89,2,1,1,0.5746,Detected input from a HTTPServletRequest going into a SQL sink or statement. This could lead to SQL injection if variables in the SQL statement are not properly sanitized. Use parameterized SQL queries or properly sanitize user input instead.,0.6161353418384643,P3 - Medium (ML Moderate / Needs Review),data/benchmark/src/main/java/org/owasp/benchmark/testcode/BenchmarkTest02353.java,67
BenchmarkTest02354,1,CWE-89,2,1,1,0.5746,Detected input from a HTTPServletRequest going into a SQL sink or statement. This could lead to SQL injection if variables in the SQL statement are not properly sanitized. Use parameterized SQL queries or properly sanitize user input instead.,0.6043967051102129,P3 - Medium (ML Moderate / Needs Review),data/benchmark/src/main/java/org/owasp/benchmark/testcode/BenchmarkTest02354.java,67
BenchmarkTest02355,1,CWE-89,2,1,1,0.5746,Detected input from a HTTPServletRequest going into a SQL sink or statement. This could lead to SQL injection if variables in the SQL statement are not properly sanitized. Use parameterized SQL queries or properly sanitize user input instead.,0.6050253134234014,P3 - Medium (ML Moderate / Needs Review),data/benchmark/src/main/java/org/owasp/benchmark/testcode/BenchmarkTest02355.java,67
BenchmarkTest02356,1,CWE-89,1,1,0,0.5746,Detected input from a HTTPServletRequest going into a SQL sink or statement. This could lead to SQL injection if variables in the SQL statement are not properly sanitized. Use parameterized SQL queries or properly sanitize user input instead.,0.6371570818030259,P3 - Medium (ML Moderate / Needs Review),data/benchmark/src/main/java/org/owasp/benchmark/testcode/BenchmarkTest02356.java,65
BenchmarkTest02357,1,CWE-89,1,1,0,0.5746,Detected input from a HTTPServletRequest going into a SQL sink or statement. This could lead to SQL injection if variables in the SQL statement are not properly sanitized. Use parameterized SQL queries or properly sanitize user input instead.,0.6393503814415632,P3 - Medium (ML Moderate / Needs Review),data/benchmark/src/main/java/org/owasp/benchmark/testcode/BenchmarkTest02357.java,64
BenchmarkTest02358,1,CWE-89,1,1,0,0.5746,Detected input from a HTTPServletRequest going into a SQL sink or statement. This could lead to SQL injection if variables in the SQL statement are not properly sanitized. Use parameterized SQL queries or properly sanitize user input instead.,0.6371570818030259,P3 - Medium (ML Moderate / Needs Review),data/benchmark/src/main/java/org/owasp/benchmark/testcode/BenchmarkTest02358.java,65
BenchmarkTest02359,1,CWE-89,1,1,0,0.5746,Detected input from a HTTPServletRequest going into a SQL sink or statement. This could lead to SQL injection if variables in the SQL statement are not properly sanitized. Use parameterized SQL queries or properly sanitize user input instead.,0.6393503814415632,P3 - Medium (ML Moderate / Needs Review),data/benchmark/src/main/java/org/owasp/benchmark/testcode/BenchmarkTest02359.java,66
BenchmarkTest02360,1,CWE-89,1,1,0,0.5746,Detected input from a HTTPServletRequest going into a SQL sink or statement. This could lead to SQL injection if variables in the SQL statement are not properly sanitized. Use parameterized SQL queries or properly sanitize user input instead.,0.6382802301796155,P3 - Medium (ML Moderate / Needs Review),data/benchmark/src/main/java/org/owasp/benchmark/testcode/BenchmarkTest02360.java,66
BenchmarkTest02361,0,CWE-89,1,1,0,0.5746,Detected input from a HTTPServletRequest going into a SQL sink or statement. This could lead to SQL injection if variables in the SQL statement are not properly sanitized. Use parameterized SQL queries or properly sanitize user input instead.,0.63810138505586,P3 - Medium (ML Moderate / Needs Review),data/benchmark/src/main/java/org/owasp/benchmark/testcode/BenchmarkTest02361.java,65
BenchmarkTest02362,1,CWE-89,1,1,0,0.5746,Detected input from a HTTPServletRequest going into a SQL sink or statement. This could lead to SQL injection if variables in the SQL statement are not properly sanitized. Use parameterized SQL queries or properly sanitize user input instead.,0.6314792486337455,P3 - Medium (ML Moderate / Needs Review),data/benchmark/src/main/java/org/owasp/benchmark/testcode/BenchmarkTest02362.java,64
BenchmarkTest02363,0,CWE-89,1,1,0,0.5746,Detected input from a HTTPServletRequest going into a SQL sink or statement. This could lead to SQL injection if variables in the SQL statement are not properly sanitized. Use parameterized SQL queries or properly sanitize user input instead.,0.6382802301796155,P3 - Medium (ML Moderate / Needs Review),data/benchmark/src/main/java/org/owasp/benchmark/testcode/BenchmarkTest02363.java,65
BenchmarkTest02364,1,CWE-89,2,1,1,0.5746,Detected a formatted string in a SQL statement. This could lead to SQL injection if variables in the SQL statement are not properly sanitized. Use a prepared statements (java.sql.PreparedStatement) instead. You can obtain a PreparedStatement using 'connection.prepareStatement'.,0.4901655263130386,P3 - Medium (ML Moderate / Needs Review),data/benchmark/src/main/java/org/owasp/benchmark/testcode/BenchmarkTest02364.java,67
BenchmarkTest02365,0,CWE-89,2,1,1,0.5746,Detected a formatted string in a SQL statement. This could lead to SQL injection if variables in the SQL statement are not properly sanitized. Use a prepared statements (java.sql.PreparedStatement) instead. You can obtain a PreparedStatement using 'connection.prepareStatement'.,0.5278626301234679,P3 - Medium (ML Moderate / Needs Review),data/benchmark/src/main/java/org/owasp/benchmark/testcode/BenchmarkTest02365.java,67
BenchmarkTest02366,0,CWE-89,2,1,1,0.5746,Detected a formatted string in a SQL statement. This could lead to SQL injection if variables in the SQL statement are not properly sanitized. Use a prepared statements (java.sql.PreparedStatement) instead. You can obtain a PreparedStatement using 'connection.prepareStatement'.,0.5476500971406442,P3 - Medium (ML Moderate / Needs Review),data/benchmark/src/main/java/org/owasp/benchmark/testcode/BenchmarkTest02366.java,67
BenchmarkTest02367,0,CWE-89,2,1,1,0.5746,Detected a formatted string in a SQL statement. This could lead to SQL injection if variables in the SQL statement are not properly sanitized. Use a prepared statements (java.sql.PreparedStatement) instead. You can obtain a PreparedStatement using 'connection.prepareStatement'.,0.5278626301234679,P3 - Medium (ML Moderate / Needs Review),data/benchmark/src/main/java/org/owasp/benchmark/testcode/BenchmarkTest02367.java,67
BenchmarkTest02368,0,CWE-89,2,1,1,0.5746,Detected input from a HTTPServletRequest going into a SQL sink or statement. This could lead to SQL injection if variables in the SQL statement are not properly sanitized. Use parameterized SQL queries or properly sanitize user input instead.,0.6315115188114625,P3 - Medium (ML Moderate / Needs Review),data/benchmark/src/main/java/org/owasp/benchmark/testcode/BenchmarkTest02368.java,65
BenchmarkTest02369,1,CWE-89,2,1,1,0.5746,Detected input from a HTTPServletRequest going into a SQL sink or statement. This could lead to SQL injection if variables in the SQL statement are not properly sanitized. Use parameterized SQL queries or properly sanitize user input instead.,0.6043967051102129,P3 - Medium (ML Moderate / Needs Review),data/benchmark/src/main/java/org/owasp/benchmark/testcode/BenchmarkTest02369.java,65
BenchmarkTest02370,0,CWE-643,1,1,0,0.5185,"Detected input from a HTTPServletRequest going into a XPath evaluate or compile command. This could lead to xpath injection if variables passed into the evaluate or compile commands are not properly sanitized. Xpath injection could lead to unauthorized access to sensitive information in XML documents. Instead, thoroughly sanitize user input or use parameterized xpath queries if you can.",0.5736924789216268,P3 - Medium (ML Moderate / Needs Review),data/benchmark/src/main/java/org/owasp/benchmark/testcode/BenchmarkTest02370.java,79
BenchmarkTest02371,0,CWE-327,0,0,0,0.9046,,0.09015572836705343,P4 - Low (ML Suppressed / Likely False Alarm),,
BenchmarkTest02372,0,CWE-327,0,0,0,0.9046,,0.09462285501385369,P4 - Low (ML Suppressed / Likely False Alarm),,
BenchmarkTest02373,1,CWE-327,2,1,1,0.9046,DES is considered deprecated. AES is the recommended cipher. Upgrade to use AES. See https://www.nist.gov/news-events/news/2005/06/nist-withdraws-outdated-data-encryption-standard for more information.,0.9895465333843201,P1 - Critical (ML High-Confidence Vulnerability),data/benchmark/src/main/java/org/owasp/benchmark/testcode/BenchmarkTest02373.java,61
BenchmarkTest02374,1,CWE-327,2,1,1,0.9046,DES is considered deprecated. AES is the recommended cipher. Upgrade to use AES. See https://www.nist.gov/news-events/news/2005/06/nist-withdraws-outdated-data-encryption-standard for more information.,0.974080729406824,P1 - Critical (ML High-Confidence Vulnerability),data/benchmark/src/main/java/org/owasp/benchmark/testcode/BenchmarkTest02374.java,61
BenchmarkTest02375,1,CWE-327,1,1,1,0.9046,Triple DES (3DES or DESede) is considered deprecated. AES is the recommended cipher. Upgrade to use AES.,0.984312041628401,P1 - Critical (ML High-Confidence Vulnerability),data/benchmark/src/main/java/org/owasp/benchmark/testcode/BenchmarkTest02375.java,58
BenchmarkTest02376,0,CWE-90,1,1,0,0.4815,"Detected input from a HTTPServletRequest going into an LDAP query. This could lead to LDAP injection if the input is not properly sanitized, which could result in attackers modifying objects in the LDAP tree structure. Ensure data passed to an LDAP query is not controllable or properly sanitize the data.",0.4960361627169889,P3 - Medium (ML Moderate / Needs Review),data/benchmark/src/main/java/org/owasp/benchmark/testcode/BenchmarkTest02376.java,61
BenchmarkTest02377,1,CWE-22,1,1,0,0.531,"Detected a potential path traversal. A malicious actor could control the location of this file, to include going backwards in the directory with '../'. To address this, ensure that user-controlled variables in file paths are sanitized. You may also consider using a utility method such as org.apache.commons.io.FilenameUtils.getName(...) to only retrieve the file name from the path.",0.5349061735858125,P3 - Medium (ML Moderate / Needs Review),data/benchmark/src/main/java/org/owasp/benchmark/testcode/BenchmarkTest02377.java,50
BenchmarkTest02378,1,CWE-22,1,1,0,0.531,"Detected a potential path traversal. A malicious actor could control the location of this file, to include going backwards in the directory with '../'. To address this, ensure that user-controlled variables in file paths are sanitized. You may also consider using a utility method such as org.apache.commons.io.FilenameUtils.getName(...) to only retrieve the file name from the path.",0.5394645256012154,P3 - Medium (ML Moderate / Needs Review),data/benchmark/src/main/java/org/owasp/benchmark/testcode/BenchmarkTest02378.java,67
BenchmarkTest02379,0,CWE-22,1,1,0,0.531,"Detected a potential path traversal. A malicious actor could control the location of this file, to include going backwards in the directory with '../'. To address this, ensure that user-controlled variables in file paths are sanitized. You may also consider using a utility method such as org.apache.commons.io.FilenameUtils.getName(...) to only retrieve the file name from the path.",0.5305215095490278,P3 - Medium (ML Moderate / Needs Review),data/benchmark/src/main/java/org/owasp/benchmark/testcode/BenchmarkTest02379.java,70
BenchmarkTest02380,0,CWE-22,1,1,0,0.531,"Detected a potential path traversal. A malicious actor could control the location of this file, to include going backwards in the directory with '../'. To address this, ensure that user-controlled variables in file paths are sanitized. You may also consider using a utility method such as org.apache.commons.io.FilenameUtils.getName(...) to only retrieve the file name from the path.",0.5372346090670375,P3 - Medium (ML Moderate / Needs Review),data/benchmark/src/main/java/org/owasp/benchmark/testcode/BenchmarkTest02380.java,56
BenchmarkTest02381,0,CWE-22,1,1,0,0.531,"Detected a potential path traversal. A malicious actor could control the location of this file, to include going backwards in the directory with '../'. To address this, ensure that user-controlled variables in file paths are sanitized. You may also consider using a utility method such as org.apache.commons.io.FilenameUtils.getName(...) to only retrieve the file name from the path.",0.5402428179282152,P3 - Medium (ML Moderate / Needs Review),data/benchmark/src/main/java/org/owasp/benchmark/testcode/BenchmarkTest02381.java,61
BenchmarkTest02382,0,CWE-22,1,1,0,0.531,"Detected a potential path traversal. A malicious actor could control the location of this file, to include going backwards in the directory with '../'. To address this, ensure that user-controlled variables in file paths are sanitized. You may also consider using a utility method such as org.apache.commons.io.FilenameUtils.getName(...) to only retrieve the file name from the path.",0.5402428179282152,P3 - Medium (ML Moderate / Needs Review),data/benchmark/src/main/java/org/owasp/benchmark/testcode/BenchmarkTest02382.java,56
BenchmarkTest02383,1,CWE-22,1,1,0,0.531,"Detected a potential path traversal. A malicious actor could control the location of this file, to include going backwards in the directory with '../'. To address this, ensure that user-controlled variables in file paths are sanitized. You may also consider using a utility method such as org.apache.commons.io.FilenameUtils.getName(...) to only retrieve the file name from the path.",0.5394645256012154,P3 - Medium (ML Moderate / Needs Review),data/benchmark/src/main/java/org/owasp/benchmark/testcode/BenchmarkTest02383.java,56
BenchmarkTest02384,0,CWE-90,1,1,0,0.4815,"Detected input from a HTTPServletRequest going into an LDAP query. This could lead to LDAP injection if the input is not properly sanitized, which could result in attackers modifying objects in the LDAP tree structure. Ensure data passed to an LDAP query is not controllable or properly sanitize the data.",0.4960361627169889,P3 - Medium (ML Moderate / Needs Review),data/benchmark/src/main/java/org/owasp/benchmark/testcode/BenchmarkTest02384.java,63
BenchmarkTest02385,1,CWE-328,2,1,1,1.0,"Detected SHA1 hash algorithm which is considered insecure. SHA1 is not collision resistant and is therefore not suitable as a cryptographic signature. Instead, use PBKDF2 for password hashing or SHA256 or SHA512 for other hash function applications.",0.997774524693956,P1 - Critical (ML High-Confidence Vulnerability),data/benchmark/src/main/java/org/owasp/benchmark/testcode/BenchmarkTest02385.java,56
BenchmarkTest02386,1,CWE-328,2,1,1,1.0,"Detected SHA1 hash algorithm which is considered insecure. SHA1 is not collision resistant and is therefore not suitable as a cryptographic signature. Instead, use PBKDF2 for password hashing or SHA256 or SHA512 for other hash function applications.",0.9981800784924265,P1 - Critical (ML High-Confidence Vulnerability),data/benchmark/src/main/java/org/owasp/benchmark/testcode/BenchmarkTest02386.java,51
BenchmarkTest02387,1,CWE-328,2,1,1,1.0,Detected MD5 hash algorithm which is considered insecure. MD5 is not collision resistant and is therefore not suitable as a cryptographic signature. Use HMAC instead.,0.9966744996793538,P1 - Critical (ML High-Confidence Vulnerability),data/benchmark/src/main/java/org/owasp/benchmark/testcode/BenchmarkTest02387.java,51
BenchmarkTest02388,1,CWE-328,2,1,1,1.0,Detected MD5 hash algorithm which is considered insecure. MD5 is not collision resistant and is therefore not suitable as a cryptographic signature. Use HMAC instead.,0.9983424470266575,P1 - Critical (ML High-Confidence Vulnerability),data/benchmark/src/main/java/org/owasp/benchmark/testcode/BenchmarkTest02388.java,51
BenchmarkTest02389,0,CWE-328,0,0,0,1.0,,0.231920865694142,P4 - Low (ML Suppressed / Likely False Alarm),,
BenchmarkTest02390,0,CWE-328,0,0,0,1.0,,0.231920865694142,P4 - Low (ML Suppressed / Likely False Alarm),,
BenchmarkTest02391,1,CWE-328,0,0,0,1.0,,0.231920865694142,P4 - Low (ML Suppressed / Likely False Alarm),,
BenchmarkTest02392,1,CWE-328,0,0,0,1.0,,0.25279536684003723,P4 - Low (ML Suppressed / Likely False Alarm),,
BenchmarkTest02393,1,CWE-328,0,0,0,1.0,,0.25279536684003723,P4 - Low (ML Suppressed / Likely False Alarm),,
BenchmarkTest02394,0,CWE-79,0,0,0,0.6516,,0.2300172252494595,P4 - Low (ML Suppressed / Likely False Alarm),,
BenchmarkTest02395,1,CWE-79,0,0,0,0.6516,,0.2659189177021378,P4 - Low (ML Suppressed / Likely False Alarm),,
BenchmarkTest02396,1,CWE-79,0,0,0,0.6516,,0.24970671366531938,P4 - Low (ML Suppressed / Likely False Alarm),,
BenchmarkTest02397,1,CWE-79,0,0,0,0.6516,,0.278739919364882,P4 - Low (ML Suppressed / Likely False Alarm),,
BenchmarkTest02398,0,CWE-79,0,0,0,0.6516,,0.313915809627834,P4 - Low (ML Suppressed / Likely False Alarm),,
BenchmarkTest02399,1,CWE-79,0,0,0,0.6516,,0.24970671366531938,P4 - Low (ML Suppressed / Likely False Alarm),,
BenchmarkTest02400,1,CWE-79,0,0,0,0.6516,,0.24970671366531938,P4 - Low (ML Suppressed / Likely False Alarm),,
BenchmarkTest02401,0,CWE-79,0,0,0,0.6516,,0.24970671366531938,P4 - Low (ML Suppressed / Likely False Alarm),,
BenchmarkTest02402,1,CWE-79,0,0,0,0.6516,,0.2300172252494595,P4 - Low (ML Suppressed / Likely False Alarm),,
BenchmarkTest02403,1,CWE-79,0,0,0,0.6516,,0.24970671366531938,P4 - Low (ML Suppressed / Likely False Alarm),,
BenchmarkTest02404,0,CWE-79,0,0,0,0.6516,,0.2300172252494595,P4 - Low (ML Suppressed / Likely False Alarm),,
BenchmarkTest02405,1,CWE-79,0,0,0,0.6516,,0.2659189177021378,P4 - Low (ML Suppressed / Likely False Alarm),,
BenchmarkTest02406,0,CWE-79,0,0,0,0.6516,,0.313915809627834,P4 - Low (ML Suppressed / Likely False Alarm),,
BenchmarkTest02407,1,CWE-79,0,0,0,0.6516,,0.24970671366531938,P4 - Low (ML Suppressed / Likely False Alarm),,
BenchmarkTest02408,0,CWE-79,0,0,0,0.6516,,0.24970671366531938,P4 - Low (ML Suppressed / Likely False Alarm),,
BenchmarkTest02409,1,CWE-79,0,0,0,0.6516,,0.24970671366531938,P4 - Low (ML Suppressed / Likely False Alarm),,
BenchmarkTest02410,1,CWE-79,0,0,0,0.6516,,0.2300172252494595,P4 - Low (ML Suppressed / Likely False Alarm),,
BenchmarkTest02411,1,CWE-78,1,1,0,0.5177,A formatted or concatenated string was detected as input to a ProcessBuilder call. This is dangerous if a variable is controlled by user input and could result in a command injection. Ensure your variables are not controlled by users or sufficiently sanitized.,0.19372951009996356,P4 - Low (ML Suppressed / Likely False Alarm),data/benchmark/src/main/java/org/owasp/benchmark/testcode/BenchmarkTest02411.java,64
BenchmarkTest02412,1,CWE-78,1,1,0,0.5177,A formatted or concatenated string was detected as input to a ProcessBuilder call. This is dangerous if a variable is controlled by user input and could result in a command injection. Ensure your variables are not controlled by users or sufficiently sanitized.,0.19372951009996356,P4 - Low (ML Suppressed / Likely False Alarm),data/benchmark/src/main/java/org/owasp/benchmark/testcode/BenchmarkTest02412.java,64
BenchmarkTest02413,0,CWE-78,1,1,0,0.5177,A formatted or concatenated string was detected as input to a ProcessBuilder call. This is dangerous if a variable is controlled by user input and could result in a command injection. Ensure your variables are not controlled by users or sufficiently sanitized.,0.36631058935432764,P4 - Low (ML Suppressed / Likely False Alarm),data/benchmark/src/main/java/org/owasp/benchmark/testcode/BenchmarkTest02413.java,64
BenchmarkTest02414,1,CWE-78,1,1,0,0.5177,"Detected input from a HTTPServletRequest going into a 'ProcessBuilder' or 'exec' command. This could lead to command injection if variables passed into the exec commands are not properly sanitized. Instead, avoid using these OS commands with user-supplied input, or, if you must use these commands, use a whitelist of specific values.",0.5752195073482003,P3 - Medium (ML Moderate / Needs Review),data/benchmark/src/main/java/org/owasp/benchmark/testcode/BenchmarkTest02414.java,60
BenchmarkTest02415,1,CWE-330,2,1,1,1.0,"Detected use of the functions `Math.random()` or `java.util.Random()`. These are both not cryptographically strong random number generators (RNGs). If you are using these RNGs to create passwords or secret tokens, use `java.security.SecureRandom` instead.",1.0,P1 - Critical (ML High-Confidence Vulnerability),data/benchmark/src/main/java/org/owasp/benchmark/testcode/BenchmarkTest02415.java,51
BenchmarkTest02416,1,CWE-330,2,1,1,1.0,"Detected use of the functions `Math.random()` or `java.util.Random()`. These are both not cryptographically strong random number generators (RNGs). If you are using these RNGs to create passwords or secret tokens, use `java.security.SecureRandom` instead.",1.0,P1 - Critical (ML High-Confidence Vulnerability),data/benchmark/src/main/java/org/owasp/benchmark/testcode/BenchmarkTest02416.java,50
BenchmarkTest02417,1,CWE-330,2,1,1,1.0,"Detected use of the functions `Math.random()` or `java.util.Random()`. These are both not cryptographically strong random number generators (RNGs). If you are using these RNGs to create passwords or secret tokens, use `java.security.SecureRandom` instead.",1.0,P1 - Critical (ML High-Confidence Vulnerability),data/benchmark/src/main/java/org/owasp/benchmark/testcode/BenchmarkTest02417.java,50
BenchmarkTest02418,1,CWE-330,2,1,1,1.0,"Detected use of the functions `Math.random()` or `java.util.Random()`. These are both not cryptographically strong random number generators (RNGs). If you are using these RNGs to create passwords or secret tokens, use `java.security.SecureRandom` instead.",1.0,P1 - Critical (ML High-Confidence Vulnerability),data/benchmark/src/main/java/org/owasp/benchmark/testcode/BenchmarkTest02418.java,50
BenchmarkTest02419,1,CWE-330,2,1,1,1.0,"Detected use of the functions `Math.random()` or `java.util.Random()`. These are both not cryptographically strong random number generators (RNGs). If you are using these RNGs to create passwords or secret tokens, use `java.security.SecureRandom` instead.",1.0,P1 - Critical (ML High-Confidence Vulnerability),data/benchmark/src/main/java/org/owasp/benchmark/testcode/BenchmarkTest02419.java,50
BenchmarkTest02420,1,CWE-330,2,1,1,1.0,"Detected use of the functions `Math.random()` or `java.util.Random()`. These are both not cryptographically strong random number generators (RNGs). If you are using these RNGs to create passwords or secret tokens, use `java.security.SecureRandom` instead.",1.0,P1 - Critical (ML High-Confidence Vulnerability),data/benchmark/src/main/java/org/owasp/benchmark/testcode/BenchmarkTest02420.java,50
BenchmarkTest02421,1,CWE-330,2,1,1,1.0,"Detected use of the functions `Math.random()` or `java.util.Random()`. These are both not cryptographically strong random number generators (RNGs). If you are using these RNGs to create passwords or secret tokens, use `java.security.SecureRandom` instead.",1.0,P1 - Critical (ML High-Confidence Vulnerability),data/benchmark/src/main/java/org/owasp/benchmark/testcode/BenchmarkTest02421.java,50
BenchmarkTest02422,1,CWE-330,2,1,1,1.0,"Detected use of the functions `Math.random()` or `java.util.Random()`. These are both not cryptographically strong random number generators (RNGs). If you are using these RNGs to create passwords or secret tokens, use `java.security.SecureRandom` instead.",1.0,P1 - Critical (ML High-Confidence Vulnerability),data/benchmark/src/main/java/org/owasp/benchmark/testcode/BenchmarkTest02422.java,50
BenchmarkTest02423,1,CWE-330,2,1,1,1.0,"Detected use of the functions `Math.random()` or `java.util.Random()`. These are both not cryptographically strong random number generators (RNGs). If you are using these RNGs to create passwords or secret tokens, use `java.security.SecureRandom` instead.",0.9995641025641026,P1 - Critical (ML High-Confidence Vulnerability),data/benchmark/src/main/java/org/owasp/benchmark/testcode/BenchmarkTest02423.java,50
BenchmarkTest02424,1,CWE-330,2,1,1,1.0,"Detected use of the functions `Math.random()` or `java.util.Random()`. These are both not cryptographically strong random number generators (RNGs). If you are using these RNGs to create passwords or secret tokens, use `java.security.SecureRandom` instead.",1.0,P1 - Critical (ML High-Confidence Vulnerability),data/benchmark/src/main/java/org/owasp/benchmark/testcode/BenchmarkTest02424.java,50
BenchmarkTest02425,1,CWE-330,2,1,1,1.0,"Detected use of the functions `Math.random()` or `java.util.Random()`. These are both not cryptographically strong random number generators (RNGs). If you are using these RNGs to create passwords or secret tokens, use `java.security.SecureRandom` instead.",1.0,P1 - Critical (ML High-Confidence Vulnerability),data/benchmark/src/main/java/org/owasp/benchmark/testcode/BenchmarkTest02425.java,50
BenchmarkTest02426,1,CWE-330,2,1,1,1.0,"Detected use of the functions `Math.random()` or `java.util.Random()`. These are both not cryptographically strong random number generators (RNGs). If you are using these RNGs to create passwords or secret tokens, use `java.security.SecureRandom` instead.",1.0,P1 - Critical (ML High-Confidence Vulnerability),data/benchmark/src/main/java/org/owasp/benchmark/testcode/BenchmarkTest02426.java,50
BenchmarkTest02427,1,CWE-614,1,1,0,1.0,A cookie was detected without setting the 'secure' flag. The 'secure' flag for cookies prevents the client from transmitting the cookie over insecure channels such as HTTP. Set the 'secure' flag by calling 'cookie.setSecure(true);',0.9627534145944583,P1 - Critical (ML High-Confidence Vulnerability),data/benchmark/src/main/java/org/owasp/benchmark/testcode/BenchmarkTest02427.java,67
BenchmarkTest02428,0,CWE-78,1,1,0,0.5177,"Detected input from a HTTPServletRequest going into a 'ProcessBuilder' or 'exec' command. This could lead to command injection if variables passed into the exec commands are not properly sanitized. Instead, avoid using these OS commands with user-supplied input, or, if you must use these commands, use a whitelist of specific values.",0.5114755110284748,P3 - Medium (ML Moderate / Needs Review),data/benchmark/src/main/java/org/owasp/benchmark/testcode/BenchmarkTest02428.java,59
BenchmarkTest02429,1,CWE-78,1,1,0,0.5177,"Detected input from a HTTPServletRequest going into a 'ProcessBuilder' or 'exec' command. This could lead to command injection if variables passed into the exec commands are not properly sanitized. Instead, avoid using these OS commands with user-supplied input, or, if you must use these commands, use a whitelist of specific values.",0.5444416118463504,P3 - Medium (ML Moderate / Needs Review),data/benchmark/src/main/java/org/owasp/benchmark/testcode/BenchmarkTest02429.java,71
BenchmarkTest02430,1,CWE-78,1,1,0,0.5177,"Detected input from a HTTPServletRequest going into a 'ProcessBuilder' or 'exec' command. This could lead to command injection if variables passed into the exec commands are not properly sanitized. Instead, avoid using these OS commands with user-supplied input, or, if you must use these commands, use a whitelist of specific values.",0.5444416118463504,P3 - Medium (ML Moderate / Needs Review),data/benchmark/src/main/java/org/owasp/benchmark/testcode/BenchmarkTest02430.java,73
BenchmarkTest02431,1,CWE-78,1,1,0,0.5177,"Detected input from a HTTPServletRequest going into a 'ProcessBuilder' or 'exec' command. This could lead to command injection if variables passed into the exec commands are not properly sanitized. Instead, avoid using these OS commands with user-supplied input, or, if you must use these commands, use a whitelist of specific values.",0.5114755110284748,P3 - Medium (ML Moderate / Needs Review),data/benchmark/src/main/java/org/owasp/benchmark/testcode/BenchmarkTest02431.java,59
BenchmarkTest02432,1,CWE-78,1,1,0,0.5177,"Detected input from a HTTPServletRequest going into a 'ProcessBuilder' or 'exec' command. This could lead to command injection if variables passed into the exec commands are not properly sanitized. Instead, avoid using these OS commands with user-supplied input, or, if you must use these commands, use a whitelist of specific values.",0.5752195073482003,P3 - Medium (ML Moderate / Needs Review),data/benchmark/src/main/java/org/owasp/benchmark/testcode/BenchmarkTest02432.java,73
BenchmarkTest02433,1,CWE-78,1,1,0,0.5177,"Detected input from a HTTPServletRequest going into a 'ProcessBuilder' or 'exec' command. This could lead to command injection if variables passed into the exec commands are not properly sanitized. Instead, avoid using these OS commands with user-supplied input, or, if you must use these commands, use a whitelist of specific values.",0.5114755110284748,P3 - Medium (ML Moderate / Needs Review),data/benchmark/src/main/java/org/owasp/benchmark/testcode/BenchmarkTest02433.java,73
BenchmarkTest02434,0,CWE-330,0,0,0,1.0,,0.03704436789576919,P4 - Low (ML Suppressed / Likely False Alarm),,
BenchmarkTest02435,0,CWE-330,0,0,0,1.0,,0.0331840260624013,P4 - Low (ML Suppressed / Likely False Alarm),,
BenchmarkTest02436,0,CWE-330,0,0,0,1.0,,0.03704436789576919,P4 - Low (ML Suppressed / Likely False Alarm),,
BenchmarkTest02437,0,CWE-330,0,0,0,1.0,,0.04325014794951732,P4 - Low (ML Suppressed / Likely False Alarm),,
BenchmarkTest02438,0,CWE-330,0,0,0,1.0,,0.037636823716155926,P4 - Low (ML Suppressed / Likely False Alarm),,
BenchmarkTest02439,0,CWE-330,0,0,0,1.0,,0.0331840260624013,P4 - Low (ML Suppressed / Likely False Alarm),,
BenchmarkTest02440,0,CWE-330,0,0,0,1.0,,0.03704436789576919,P4 - Low (ML Suppressed / Likely False Alarm),,
BenchmarkTest02441,0,CWE-330,0,0,0,1.0,,0.0331840260624013,P4 - Low (ML Suppressed / Likely False Alarm),,
BenchmarkTest02442,0,CWE-330,0,0,0,1.0,,0.03704436789576919,P4 - Low (ML Suppressed / Likely False Alarm),,
BenchmarkTest02443,0,CWE-330,0,0,0,1.0,,0.03391968678800127,P4 - Low (ML Suppressed / Likely False Alarm),,
BenchmarkTest02444,0,CWE-330,0,0,0,1.0,,0.0331840260624013,P4 - Low (ML Suppressed / Likely False Alarm),,
BenchmarkTest02445,0,CWE-330,0,0,0,1.0,,0.037636823716155926,P4 - Low (ML Suppressed / Likely False Alarm),,
BenchmarkTest02446,1,CWE-501,0,0,0,0.7234,,0.35188225499567877,P4 - Low (ML Suppressed / Likely False Alarm),,
BenchmarkTest02447,0,CWE-501,0,0,0,0.7234,,0.3634091879376683,P4 - Low (ML Suppressed / Likely False Alarm),,
BenchmarkTest02448,1,CWE-501,0,0,0,0.7234,,0.33174281572012776,P4 - Low (ML Suppressed / Likely False Alarm),,
BenchmarkTest02449,1,CWE-89,1,0,1,0.5746,Make sure using a dynamically formatted SQL query is safe here.,0.1992720305365284,P4 - Low (ML Suppressed / Likely False Alarm),owasp-benchmark:data/benchmark/src/main/java/org/owasp/benchmark/testcode/BenchmarkTest02449.java,57
BenchmarkTest02450,0,CWE-89,1,0,1,0.5746,Make sure using a dynamically formatted SQL query is safe here.,0.3049585907793266,P4 - Low (ML Suppressed / Likely False Alarm),owasp-benchmark:data/benchmark/src/main/java/org/owasp/benchmark/testcode/BenchmarkTest02450.java,56
BenchmarkTest02451,1,CWE-89,0,0,0,0.5746,,0.23431995802528183,P4 - Low (ML Suppressed / Likely False Alarm),,
BenchmarkTest02452,0,CWE-89,0,0,0,0.5746,,0.23431995802528183,P4 - Low (ML Suppressed / Likely False Alarm),,
BenchmarkTest02453,1,CWE-89,0,0,0,0.5746,,0.21920543900824976,P4 - Low (ML Suppressed / Likely False Alarm),,
BenchmarkTest02454,1,CWE-89,2,1,1,0.5746,Detected a formatted string in a SQL statement. This could lead to SQL injection if variables in the SQL statement are not properly sanitized. Use a prepared statements (java.sql.PreparedStatement) instead. You can obtain a PreparedStatement using 'connection.prepareStatement'.,0.5278626301234679,P3 - Medium (ML Moderate / Needs Review),data/benchmark/src/main/java/org/owasp/benchmark/testcode/BenchmarkTest02454.java,55
BenchmarkTest02455,1,CWE-89,2,1,1,0.5746,Detected a formatted string in a SQL statement. This could lead to SQL injection if variables in the SQL statement are not properly sanitized. Use a prepared statements (java.sql.PreparedStatement) instead. You can obtain a PreparedStatement using 'connection.prepareStatement'.,0.4901655263130386,P3 - Medium (ML Moderate / Needs Review),data/benchmark/src/main/java/org/owasp/benchmark/testcode/BenchmarkTest02455.java,55
BenchmarkTest02456,0,CWE-89,2,1,1,0.5746,Detected a formatted string in a SQL statement. This could lead to SQL injection if variables in the SQL statement are not properly sanitized. Use a prepared statements (java.sql.PreparedStatement) instead. You can obtain a PreparedStatement using 'connection.prepareStatement'.,0.4901655263130386,P3 - Medium (ML Moderate / Needs Review),data/benchmark/src/main/java/org/owasp/benchmark/testcode/BenchmarkTest02456.java,55
BenchmarkTest02457,0,CWE-643,0,0,0,0.5185,,0.1814495565943412,P4 - Low (ML Suppressed / Likely False Alarm),,
BenchmarkTest02458,1,CWE-327,1,1,1,0.9046,Triple DES (3DES or DESede) is considered deprecated. AES is the recommended cipher. Upgrade to use AES.,0.960271073167773,P1 - Critical (ML High-Confidence Vulnerability),data/benchmark/src/main/java/org/owasp/benchmark/testcode/BenchmarkTest02458.java,66
BenchmarkTest02459,0,CWE-327,0,0,0,0.9046,,0.09852596288884,P4 - Low (ML Suppressed / Likely False Alarm),,
BenchmarkTest02460,0,CWE-327,0,0,0,0.9046,,0.08362763156367758,P4 - Low (ML Suppressed / Likely False Alarm),,
BenchmarkTest02461,0,CWE-327,0,0,0,0.9046,,0.09462285501385369,P4 - Low (ML Suppressed / Likely False Alarm),,
BenchmarkTest02462,0,CWE-22,1,1,0,0.531,"Detected a potential path traversal. A malicious actor could control the location of this file, to include going backwards in the directory with '../'. To address this, ensure that user-controlled variables in file paths are sanitized. You may also consider using a utility method such as org.apache.commons.io.FilenameUtils.getName(...) to only retrieve the file name from the path.",0.5305215095490278,P3 - Medium (ML Moderate / Needs Review),data/benchmark/src/main/java/org/owasp/benchmark/testcode/BenchmarkTest02462.java,50
BenchmarkTest02463,1,CWE-22,1,1,0,0.531,"Detected a potential path traversal. A malicious actor could control the location of this file, to include going backwards in the directory with '../'. To address this, ensure that user-controlled variables in file paths are sanitized. You may also consider using a utility method such as org.apache.commons.io.FilenameUtils.getName(...) to only retrieve the file name from the path.",0.5402428179282152,P3 - Medium (ML Moderate / Needs Review),data/benchmark/src/main/java/org/owasp/benchmark/testcode/BenchmarkTest02463.java,50
BenchmarkTest02464,0,CWE-22,1,1,0,0.531,"Detected a potential path traversal. A malicious actor could control the location of this file, to include going backwards in the directory with '../'. To address this, ensure that user-controlled variables in file paths are sanitized. You may also consider using a utility method such as org.apache.commons.io.FilenameUtils.getName(...) to only retrieve the file name from the path.",0.5394645256012154,P3 - Medium (ML Moderate / Needs Review),data/benchmark/src/main/java/org/owasp/benchmark/testcode/BenchmarkTest02464.java,50
BenchmarkTest02465,1,CWE-22,1,1,0,0.531,"Detected a potential path traversal. A malicious actor could control the location of this file, to include going backwards in the directory with '../'. To address this, ensure that user-controlled variables in file paths are sanitized. You may also consider using a utility method such as org.apache.commons.io.FilenameUtils.getName(...) to only retrieve the file name from the path.",0.5372346090670375,P3 - Medium (ML Moderate / Needs Review),data/benchmark/src/main/java/org/owasp/benchmark/testcode/BenchmarkTest02465.java,55
BenchmarkTest02466,1,CWE-22,1,1,0,0.531,"Detected a potential path traversal. A malicious actor could control the location of this file, to include going backwards in the directory with '../'. To address this, ensure that user-controlled variables in file paths are sanitized. You may also consider using a utility method such as org.apache.commons.io.FilenameUtils.getName(...) to only retrieve the file name from the path.",0.5372346090670375,P3 - Medium (ML Moderate / Needs Review),data/benchmark/src/main/java/org/owasp/benchmark/testcode/BenchmarkTest02466.java,55
BenchmarkTest02467,0,CWE-22,1,1,0,0.531,"Detected a potential path traversal. A malicious actor could control the location of this file, to include going backwards in the directory with '../'. To address this, ensure that user-controlled variables in file paths are sanitized. You may also consider using a utility method such as org.apache.commons.io.FilenameUtils.getName(...) to only retrieve the file name from the path.",0.5372346090670375,P3 - Medium (ML Moderate / Needs Review),data/benchmark/src/main/java/org/owasp/benchmark/testcode/BenchmarkTest02467.java,55
BenchmarkTest02468,0,CWE-22,1,1,0,0.531,"Detected a potential path traversal. A malicious actor could control the location of this file, to include going backwards in the directory with '../'. To address this, ensure that user-controlled variables in file paths are sanitized. You may also consider using a utility method such as org.apache.commons.io.FilenameUtils.getName(...) to only retrieve the file name from the path.",0.5305215095490278,P3 - Medium (ML Moderate / Needs Review),data/benchmark/src/main/java/org/owasp/benchmark/testcode/BenchmarkTest02468.java,61
BenchmarkTest02469,1,CWE-22,1,1,0,0.531,"Detected a potential path traversal. A malicious actor could control the location of this file, to include going backwards in the directory with '../'. To address this, ensure that user-controlled variables in file paths are sanitized. You may also consider using a utility method such as org.apache.commons.io.FilenameUtils.getName(...) to only retrieve the file name from the path.",0.5372346090670375,P3 - Medium (ML Moderate / Needs Review),data/benchmark/src/main/java/org/owasp/benchmark/testcode/BenchmarkTest02469.java,56
BenchmarkTest02470,0,CWE-22,1,1,0,0.531,"Detected a potential path traversal. A malicious actor could control the location of this file, to include going backwards in the directory with '../'. To address this, ensure that user-controlled variables in file paths are sanitized. You may also consider using a utility method such as org.apache.commons.io.FilenameUtils.getName(...) to only retrieve the file name from the path.",0.5349061735858125,P3 - Medium (ML Moderate / Needs Review),data/benchmark/src/main/java/org/owasp/benchmark/testcode/BenchmarkTest02470.java,56
BenchmarkTest02471,0,CWE-22,0,0,0,0.531,,0.2141818275976563,P4 - Low (ML Suppressed / Likely False Alarm),,
BenchmarkTest02472,1,CWE-90,1,1,0,0.4815,"Detected input from a HTTPServletRequest going into an LDAP query. This could lead to LDAP injection if the input is not properly sanitized, which could result in attackers modifying objects in the LDAP tree structure. Ensure data passed to an LDAP query is not controllable or properly sanitize the data.",0.5087973542492934,P3 - Medium (ML Moderate / Needs Review),data/benchmark/src/main/java/org/owasp/benchmark/testcode/BenchmarkTest02472.java,64
BenchmarkTest02473,1,CWE-330,2,1,1,1.0,"Detected use of the functions `Math.random()` or `java.util.Random()`. These are both not cryptographically strong random number generators (RNGs). If you are using these RNGs to create passwords or secret tokens, use `java.security.SecureRandom` instead.",1.0,P1 - Critical (ML High-Confidence Vulnerability),data/benchmark/src/main/java/org/owasp/benchmark/testcode/BenchmarkTest02473.java,50
BenchmarkTest02474,1,CWE-328,2,1,1,1.0,"Detected SHA1 hash algorithm which is considered insecure. SHA1 is not collision resistant and is therefore not suitable as a cryptographic signature. Instead, use PBKDF2 for password hashing or SHA256 or SHA512 for other hash function applications.",1.0,P1 - Critical (ML High-Confidence Vulnerability),data/benchmark/src/main/java/org/owasp/benchmark/testcode/BenchmarkTest02474.java,51
BenchmarkTest02475,1,CWE-328,2,1,1,1.0,Detected MD5 hash algorithm which is considered insecure. MD5 is not collision resistant and is therefore not suitable as a cryptographic signature. Use HMAC instead.,0.9966744996793538,P1 - Critical (ML High-Confidence Vulnerability),data/benchmark/src/main/java/org/owasp/benchmark/testcode/BenchmarkTest02475.java,51
BenchmarkTest02476,1,CWE-328,2,1,1,1.0,Detected MD5 hash algorithm which is considered insecure. MD5 is not collision resistant and is therefore not suitable as a cryptographic signature. Use HMAC instead.,0.9981800784924265,P1 - Critical (ML High-Confidence Vulnerability),data/benchmark/src/main/java/org/owasp/benchmark/testcode/BenchmarkTest02476.java,51
BenchmarkTest02477,0,CWE-328,0,0,0,1.0,,0.26631103688868035,P4 - Low (ML Suppressed / Likely False Alarm),,
BenchmarkTest02478,1,CWE-328,0,0,0,1.0,,0.231920865694142,P4 - Low (ML Suppressed / Likely False Alarm),,
BenchmarkTest02479,0,CWE-328,0,0,0,1.0,,0.24087705674222445,P4 - Low (ML Suppressed / Likely False Alarm),,
BenchmarkTest02480,1,CWE-79,1,1,0,0.6516,"Detected a request with potential user-input going into a OutputStream or Writer object. This bypasses any view or template environments, including HTML escaping, which may expose this application to cross-site scripting (XSS) vulnerabilities. Consider using a view technology such as JavaServer Faces (JSFs) which automatically escapes HTML views.",0.6588860833788427,P2 - High (ML Probable Vulnerability),data/benchmark/src/main/java/org/owasp/benchmark/testcode/BenchmarkTest02480.java,51
BenchmarkTest02481,0,CWE-79,1,1,0,0.6516,"Detected a request with potential user-input going into a OutputStream or Writer object. This bypasses any view or template environments, including HTML escaping, which may expose this application to cross-site scripting (XSS) vulnerabilities. Consider using a view technology such as JavaServer Faces (JSFs) which automatically escapes HTML views.",0.6221848022643229,P3 - Medium (ML Moderate / Needs Review),data/benchmark/src/main/java/org/owasp/benchmark/testcode/BenchmarkTest02481.java,51
BenchmarkTest02482,0,CWE-79,1,1,0,0.6516,"Detected a request with potential user-input going into a OutputStream or Writer object. This bypasses any view or template environments, including HTML escaping, which may expose this application to cross-site scripting (XSS) vulnerabilities. Consider using a view technology such as JavaServer Faces (JSFs) which automatically escapes HTML views.",0.6588860833788427,P2 - High (ML Probable Vulnerability),data/benchmark/src/main/java/org/owasp/benchmark/testcode/BenchmarkTest02482.java,51
BenchmarkTest02483,1,CWE-79,1,1,0,0.6516,"Detected a request with potential user-input going into a OutputStream or Writer object. This bypasses any view or template environments, including HTML escaping, which may expose this application to cross-site scripting (XSS) vulnerabilities. Consider using a view technology such as JavaServer Faces (JSFs) which automatically escapes HTML views.",0.6588860833788427,P2 - High (ML Probable Vulnerability),data/benchmark/src/main/java/org/owasp/benchmark/testcode/BenchmarkTest02483.java,51
BenchmarkTest02484,0,CWE-79,1,1,0,0.6516,"Detected a request with potential user-input going into a OutputStream or Writer object. This bypasses any view or template environments, including HTML escaping, which may expose this application to cross-site scripting (XSS) vulnerabilities. Consider using a view technology such as JavaServer Faces (JSFs) which automatically escapes HTML views.",0.6691842611085874,P2 - High (ML Probable Vulnerability),data/benchmark/src/main/java/org/owasp/benchmark/testcode/BenchmarkTest02484.java,51
BenchmarkTest02485,0,CWE-79,1,1,0,0.6516,"Detected a request with potential user-input going into a OutputStream or Writer object. This bypasses any view or template environments, including HTML escaping, which may expose this application to cross-site scripting (XSS) vulnerabilities. Consider using a view technology such as JavaServer Faces (JSFs) which automatically escapes HTML views.",0.6588860833788427,P2 - High (ML Probable Vulnerability),data/benchmark/src/main/java/org/owasp/benchmark/testcode/BenchmarkTest02485.java,52
BenchmarkTest02486,1,CWE-79,1,1,0,0.6516,"Detected a request with potential user-input going into a OutputStream or Writer object. This bypasses any view or template environments, including HTML escaping, which may expose this application to cross-site scripting (XSS) vulnerabilities. Consider using a view technology such as JavaServer Faces (JSFs) which automatically escapes HTML views.",0.6447716715602264,P3 - Medium (ML Moderate / Needs Review),data/benchmark/src/main/java/org/owasp/benchmark/testcode/BenchmarkTest02486.java,52
BenchmarkTest02487,1,CWE-79,1,1,0,0.6516,"Detected a request with potential user-input going into a OutputStream or Writer object. This bypasses any view or template environments, including HTML escaping, which may expose this application to cross-site scripting (XSS) vulnerabilities. Consider using a view technology such as JavaServer Faces (JSFs) which automatically escapes HTML views.",0.6221848022643229,P3 - Medium (ML Moderate / Needs Review),data/benchmark/src/main/java/org/owasp/benchmark/testcode/BenchmarkTest02487.java,52
BenchmarkTest02488,0,CWE-79,1,1,0,0.6516,"Detected a request with potential user-input going into a OutputStream or Writer object. This bypasses any view or template environments, including HTML escaping, which may expose this application to cross-site scripting (XSS) vulnerabilities. Consider using a view technology such as JavaServer Faces (JSFs) which automatically escapes HTML views.",0.6221848022643229,P3 - Medium (ML Moderate / Needs Review),data/benchmark/src/main/java/org/owasp/benchmark/testcode/BenchmarkTest02488.java,52
BenchmarkTest02489,1,CWE-79,1,1,0,0.6516,"Detected a request with potential user-input going into a OutputStream or Writer object. This bypasses any view or template environments, including HTML escaping, which may expose this application to cross-site scripting (XSS) vulnerabilities. Consider using a view technology such as JavaServer Faces (JSFs) which automatically escapes HTML views.",0.6221848022643229,P3 - Medium (ML Moderate / Needs Review),data/benchmark/src/main/java/org/owasp/benchmark/testcode/BenchmarkTest02489.java,52
BenchmarkTest02490,0,CWE-79,1,1,0,0.6516,"Detected a request with potential user-input going into a OutputStream or Writer object. This bypasses any view or template environments, including HTML escaping, which may expose this application to cross-site scripting (XSS) vulnerabilities. Consider using a view technology such as JavaServer Faces (JSFs) which automatically escapes HTML views.",0.6606354491638398,P2 - High (ML Probable Vulnerability),data/benchmark/src/main/java/org/owasp/benchmark/testcode/BenchmarkTest02490.java,52
BenchmarkTest02491,0,CWE-79,1,1,0,0.6516,"Detected a request with potential user-input going into a OutputStream or Writer object. This bypasses any view or template environments, including HTML escaping, which may expose this application to cross-site scripting (XSS) vulnerabilities. Consider using a view technology such as JavaServer Faces (JSFs) which automatically escapes HTML views.",0.6221848022643229,P3 - Medium (ML Moderate / Needs Review),data/benchmark/src/main/java/org/owasp/benchmark/testcode/BenchmarkTest02491.java,51
BenchmarkTest02492,0,CWE-79,1,1,0,0.6516,"Detected a request with potential user-input going into a OutputStream or Writer object. This bypasses any view or template environments, including HTML escaping, which may expose this application to cross-site scripting (XSS) vulnerabilities. Consider using a view technology such as JavaServer Faces (JSFs) which automatically escapes HTML views.",0.6447716715602264,P3 - Medium (ML Moderate / Needs Review),data/benchmark/src/main/java/org/owasp/benchmark/testcode/BenchmarkTest02492.java,51
BenchmarkTest02493,1,CWE-79,1,1,0,0.6516,"Detected a request with potential user-input going into a OutputStream or Writer object. This bypasses any view or template environments, including HTML escaping, which may expose this application to cross-site scripting (XSS) vulnerabilities. Consider using a view technology such as JavaServer Faces (JSFs) which automatically escapes HTML views.",0.6447716715602264,P3 - Medium (ML Moderate / Needs Review),data/benchmark/src/main/java/org/owasp/benchmark/testcode/BenchmarkTest02493.java,54
BenchmarkTest02494,1,CWE-79,1,1,0,0.6516,"Detected a request with potential user-input going into a OutputStream or Writer object. This bypasses any view or template environments, including HTML escaping, which may expose this application to cross-site scripting (XSS) vulnerabilities. Consider using a view technology such as JavaServer Faces (JSFs) which automatically escapes HTML views.",0.6221848022643229,P3 - Medium (ML Moderate / Needs Review),data/benchmark/src/main/java/org/owasp/benchmark/testcode/BenchmarkTest02494.java,51
BenchmarkTest02495,0,CWE-79,1,1,0,0.6516,"Detected a request with potential user-input going into a OutputStream or Writer object. This bypasses any view or template environments, including HTML escaping, which may expose this application to cross-site scripting (XSS) vulnerabilities. Consider using a view technology such as JavaServer Faces (JSFs) which automatically escapes HTML views.",0.6221848022643229,P3 - Medium (ML Moderate / Needs Review),data/benchmark/src/main/java/org/owasp/benchmark/testcode/BenchmarkTest02495.java,54
BenchmarkTest02496,1,CWE-78,1,1,0,0.5177,A formatted or concatenated string was detected as input to a ProcessBuilder call. This is dangerous if a variable is controlled by user input and could result in a command injection. Ensure your variables are not controlled by users or sufficiently sanitized.,0.19372951009996356,P4 - Low (ML Suppressed / Likely False Alarm),data/benchmark/src/main/java/org/owasp/benchmark/testcode/BenchmarkTest02496.java,64
BenchmarkTest02497,1,CWE-330,2,1,1,1.0,"Detected use of the functions `Math.random()` or `java.util.Random()`. These are both not cryptographically strong random number generators (RNGs). If you are using these RNGs to create passwords or secret tokens, use `java.security.SecureRandom` instead.",0.9995454545454545,P1 - Critical (ML High-Confidence Vulnerability),data/benchmark/src/main/java/org/owasp/benchmark/testcode/BenchmarkTest02497.java,50
BenchmarkTest02498,1,CWE-330,2,1,1,1.0,"Detected use of the functions `Math.random()` or `java.util.Random()`. These are both not cryptographically strong random number generators (RNGs). If you are using these RNGs to create passwords or secret tokens, use `java.security.SecureRandom` instead.",1.0,P1 - Critical (ML High-Confidence Vulnerability),data/benchmark/src/main/java/org/owasp/benchmark/testcode/BenchmarkTest02498.java,50
BenchmarkTest02499,1,CWE-330,2,1,1,1.0,"Detected use of the functions `Math.random()` or `java.util.Random()`. These are both not cryptographically strong random number generators (RNGs). If you are using these RNGs to create passwords or secret tokens, use `java.security.SecureRandom` instead.",1.0,P1 - Critical (ML High-Confidence Vulnerability),data/benchmark/src/main/java/org/owasp/benchmark/testcode/BenchmarkTest02499.java,50
BenchmarkTest02500,1,CWE-330,2,1,1,1.0,"Detected use of the functions `Math.random()` or `java.util.Random()`. These are both not cryptographically strong random number generators (RNGs). If you are using these RNGs to create passwords or secret tokens, use `java.security.SecureRandom` instead.",1.0,P1 - Critical (ML High-Confidence Vulnerability),data/benchmark/src/main/java/org/owasp/benchmark/testcode/BenchmarkTest02500.java,50
BenchmarkTest02501,1,CWE-330,2,1,1,1.0,"Detected use of the functions `Math.random()` or `java.util.Random()`. These are both not cryptographically strong random number generators (RNGs). If you are using these RNGs to create passwords or secret tokens, use `java.security.SecureRandom` instead.",0.9995641025641026,P1 - Critical (ML High-Confidence Vulnerability),data/benchmark/src/main/java/org/owasp/benchmark/testcode/BenchmarkTest02501.java,50
BenchmarkTest02502,1,CWE-330,2,1,1,1.0,"Detected use of the functions `Math.random()` or `java.util.Random()`. These are both not cryptographically strong random number generators (RNGs). If you are using these RNGs to create passwords or secret tokens, use `java.security.SecureRandom` instead.",0.9995641025641026,P1 - Critical (ML High-Confidence Vulnerability),data/benchmark/src/main/java/org/owasp/benchmark/testcode/BenchmarkTest02502.java,50
BenchmarkTest02503,1,CWE-330,2,1,1,1.0,"Detected use of the functions `Math.random()` or `java.util.Random()`. These are both not cryptographically strong random number generators (RNGs). If you are using these RNGs to create passwords or secret tokens, use `java.security.SecureRandom` instead.",0.9995641025641026,P1 - Critical (ML High-Confidence Vulnerability),data/benchmark/src/main/java/org/owasp/benchmark/testcode/BenchmarkTest02503.java,50
BenchmarkTest02504,1,CWE-330,2,1,1,1.0,"Detected use of the functions `Math.random()` or `java.util.Random()`. These are both not cryptographically strong random number generators (RNGs). If you are using these RNGs to create passwords or secret tokens, use `java.security.SecureRandom` instead.",1.0,P1 - Critical (ML High-Confidence Vulnerability),data/benchmark/src/main/java/org/owasp/benchmark/testcode/BenchmarkTest02504.java,50
BenchmarkTest02505,1,CWE-330,2,1,1,1.0,"Detected use of the functions `Math.random()` or `java.util.Random()`. These are both not cryptographically strong random number generators (RNGs). If you are using these RNGs to create passwords or secret tokens, use `java.security.SecureRandom` instead.",0.9995454545454545,P1 - Critical (ML High-Confidence Vulnerability),data/benchmark/src/main/java/org/owasp/benchmark/testcode/BenchmarkTest02505.java,50
BenchmarkTest02506,1,CWE-330,2,1,1,1.0,"Detected use of the functions `Math.random()` or `java.util.Random()`. These are both not cryptographically strong random number generators (RNGs). If you are using these RNGs to create passwords or secret tokens, use `java.security.SecureRandom` instead.",0.9995454545454545,P1 - Critical (ML High-Confidence Vulnerability),data/benchmark/src/main/java/org/owasp/benchmark/testcode/BenchmarkTest02506.java,50
BenchmarkTest02507,1,CWE-614,1,1,0,1.0,A cookie was detected without setting the 'secure' flag. The 'secure' flag for cookies prevents the client from transmitting the cookie over insecure channels such as HTTP. Set the 'secure' flag by calling 'cookie.setSecure(true);',0.9627534145944583,P1 - Critical (ML High-Confidence Vulnerability),data/benchmark/src/main/java/org/owasp/benchmark/testcode/BenchmarkTest02507.java,67
BenchmarkTest02508,0,CWE-614,0,0,0,1.0,,0.08749518622573861,P4 - Low (ML Suppressed / Likely False Alarm),,
BenchmarkTest02509,0,CWE-79,1,1,0,0.6516,"Detected a request with potential user-input going into a OutputStream or Writer object. This bypasses any view or template environments, including HTML escaping, which may expose this application to cross-site scripting (XSS) vulnerabilities. Consider using a view technology such as JavaServer Faces (JSFs) which automatically escapes HTML views.",0.6588860833788427,P2 - High (ML Probable Vulnerability),data/benchmark/src/main/java/org/owasp/benchmark/testcode/BenchmarkTest02509.java,51
BenchmarkTest02510,0,CWE-78,1,1,0,0.5177,"Detected input from a HTTPServletRequest going into a 'ProcessBuilder' or 'exec' command. This could lead to command injection if variables passed into the exec commands are not properly sanitized. Instead, avoid using these OS commands with user-supplied input, or, if you must use these commands, use a whitelist of specific values.",0.5089059229256337,P3 - Medium (ML Moderate / Needs Review),data/benchmark/src/main/java/org/owasp/benchmark/testcode/BenchmarkTest02510.java,59
BenchmarkTest02511,1,CWE-78,1,1,0,0.5177,"Detected input from a HTTPServletRequest going into a 'ProcessBuilder' or 'exec' command. This could lead to command injection if variables passed into the exec commands are not properly sanitized. Instead, avoid using these OS commands with user-supplied input, or, if you must use these commands, use a whitelist of specific values.",0.5089059229256337,P3 - Medium (ML Moderate / Needs Review),data/benchmark/src/main/java/org/owasp/benchmark/testcode/BenchmarkTest02511.java,59
BenchmarkTest02512,1,CWE-78,1,1,0,0.5177,"Detected input from a HTTPServletRequest going into a 'ProcessBuilder' or 'exec' command. This could lead to command injection if variables passed into the exec commands are not properly sanitized. Instead, avoid using these OS commands with user-supplied input, or, if you must use these commands, use a whitelist of specific values.",0.5752195073482003,P3 - Medium (ML Moderate / Needs Review),data/benchmark/src/main/java/org/owasp/benchmark/testcode/BenchmarkTest02512.java,59
BenchmarkTest02513,0,CWE-78,1,1,0,0.5177,"Detected input from a HTTPServletRequest going into a 'ProcessBuilder' or 'exec' command. This could lead to command injection if variables passed into the exec commands are not properly sanitized. Instead, avoid using these OS commands with user-supplied input, or, if you must use these commands, use a whitelist of specific values.",0.5089059229256337,P3 - Medium (ML Moderate / Needs Review),data/benchmark/src/main/java/org/owasp/benchmark/testcode/BenchmarkTest02513.java,59
BenchmarkTest02514,1,CWE-78,1,1,0,0.5177,"Detected input from a HTTPServletRequest going into a 'ProcessBuilder' or 'exec' command. This could lead to command injection if variables passed into the exec commands are not properly sanitized. Instead, avoid using these OS commands with user-supplied input, or, if you must use these commands, use a whitelist of specific values.",0.5089059229256337,P3 - Medium (ML Moderate / Needs Review),data/benchmark/src/main/java/org/owasp/benchmark/testcode/BenchmarkTest02514.java,58
BenchmarkTest02515,1,CWE-78,1,1,0,0.5177,"Detected input from a HTTPServletRequest going into a 'ProcessBuilder' or 'exec' command. This could lead to command injection if variables passed into the exec commands are not properly sanitized. Instead, avoid using these OS commands with user-supplied input, or, if you must use these commands, use a whitelist of specific values.",0.5114755110284748,P3 - Medium (ML Moderate / Needs Review),data/benchmark/src/main/java/org/owasp/benchmark/testcode/BenchmarkTest02515.java,58
BenchmarkTest02516,1,CWE-78,1,1,0,0.5177,"Detected input from a HTTPServletRequest going into a 'ProcessBuilder' or 'exec' command. This could lead to command injection if variables passed into the exec commands are not properly sanitized. Instead, avoid using these OS commands with user-supplied input, or, if you must use these commands, use a whitelist of specific values.",0.5114755110284748,P3 - Medium (ML Moderate / Needs Review),data/benchmark/src/main/java/org/owasp/benchmark/testcode/BenchmarkTest02516.java,56
BenchmarkTest02517,1,CWE-78,1,1,0,0.5177,"Detected input from a HTTPServletRequest going into a 'ProcessBuilder' or 'exec' command. This could lead to command injection if variables passed into the exec commands are not properly sanitized. Instead, avoid using these OS commands with user-supplied input, or, if you must use these commands, use a whitelist of specific values.",0.5114755110284748,P3 - Medium (ML Moderate / Needs Review),data/benchmark/src/main/java/org/owasp/benchmark/testcode/BenchmarkTest02517.java,56
BenchmarkTest02518,0,CWE-78,1,1,0,0.5177,"Detected input from a HTTPServletRequest going into a 'ProcessBuilder' or 'exec' command. This could lead to command injection if variables passed into the exec commands are not properly sanitized. Instead, avoid using these OS commands with user-supplied input, or, if you must use these commands, use a whitelist of specific values.",0.5683792859920807,P3 - Medium (ML Moderate / Needs Review),data/benchmark/src/main/java/org/owasp/benchmark/testcode/BenchmarkTest02518.java,56
BenchmarkTest02519,0,CWE-330,0,0,0,1.0,,0.0331840260624013,P4 - Low (ML Suppressed / Likely False Alarm),,
BenchmarkTest02520,0,CWE-330,0,0,0,1.0,,0.04325014794951732,P4 - Low (ML Suppressed / Likely False Alarm),,
BenchmarkTest02521,0,CWE-330,0,0,0,1.0,,0.0331840260624013,P4 - Low (ML Suppressed / Likely False Alarm),,
BenchmarkTest02522,0,CWE-330,0,0,0,1.0,,0.03391968678800127,P4 - Low (ML Suppressed / Likely False Alarm),,
BenchmarkTest02523,0,CWE-501,1,1,0,0.7234,"Detected a request with potential user-input going into a OutputStream or Writer object. This bypasses any view or template environments, including HTML escaping, which may expose this application to cross-site scripting (XSS) vulnerabilities. Consider using a view technology such as JavaServer Faces (JSFs) which automatically escapes HTML views.",0.7360201729654304,P2 - High (ML Probable Vulnerability),data/benchmark/src/main/java/org/owasp/benchmark/testcode/BenchmarkTest02523.java,53
BenchmarkTest02524,1,CWE-501,1,1,0,0.7234,"Detected input from a HTTPServletRequest going into a session command, like `setAttribute`. User input into such a command could lead to an attacker inputting malicious code into your session parameters, blurring the line between what's trusted and untrusted, and therefore leading to a trust boundary violation. This could lead to programmers trusting unvalidated data. Instead, thoroughly sanitize user input before passing it into such function calls.",0.7068358686904922,P2 - High (ML Probable Vulnerability),data/benchmark/src/main/java/org/owasp/benchmark/testcode/BenchmarkTest02524.java,51
BenchmarkTest02525,1,CWE-501,1,1,0,0.7234,"Detected input from a HTTPServletRequest going into a session command, like `setAttribute`. User input into such a command could lead to an attacker inputting malicious code into your session parameters, blurring the line between what's trusted and untrusted, and therefore leading to a trust boundary violation. This could lead to programmers trusting unvalidated data. Instead, thoroughly sanitize user input before passing it into such function calls.",0.7313191620213231,P2 - High (ML Probable Vulnerability),data/benchmark/src/main/java/org/owasp/benchmark/testcode/BenchmarkTest02525.java,51
BenchmarkTest02526,1,CWE-501,1,1,0,0.7234,"Detected input from a HTTPServletRequest going into a session command, like `setAttribute`. User input into such a command could lead to an attacker inputting malicious code into your session parameters, blurring the line between what's trusted and untrusted, and therefore leading to a trust boundary violation. This could lead to programmers trusting unvalidated data. Instead, thoroughly sanitize user input before passing it into such function calls.",0.7196177864212013,P2 - High (ML Probable Vulnerability),data/benchmark/src/main/java/org/owasp/benchmark/testcode/BenchmarkTest02526.java,51
BenchmarkTest02527,1,CWE-501,1,1,0,0.7234,"Detected a request with potential user-input going into a OutputStream or Writer object. This bypasses any view or template environments, including HTML escaping, which may expose this application to cross-site scripting (XSS) vulnerabilities. Consider using a view technology such as JavaServer Faces (JSFs) which automatically escapes HTML views.",0.7200463899254512,P2 - High (ML Probable Vulnerability),data/benchmark/src/main/java/org/owasp/benchmark/testcode/BenchmarkTest02527.java,53
BenchmarkTest02528,1,CWE-89,2,1,1,0.5746,Detected input from a HTTPServletRequest going into a SQL sink or statement. This could lead to SQL injection if variables in the SQL statement are not properly sanitized. Use parameterized SQL queries or properly sanitize user input instead.,0.6050253134234014,P3 - Medium (ML Moderate / Needs Review),data/benchmark/src/main/java/org/owasp/benchmark/testcode/BenchmarkTest02528.java,55
BenchmarkTest02529,0,CWE-89,2,1,1,0.5746,Detected input from a HTTPServletRequest going into a SQL sink or statement. This could lead to SQL injection if variables in the SQL statement are not properly sanitized. Use parameterized SQL queries or properly sanitize user input instead.,0.6221370751503495,P3 - Medium (ML Moderate / Needs Review),data/benchmark/src/main/java/org/owasp/benchmark/testcode/BenchmarkTest02529.java,55
BenchmarkTest02530,1,CWE-89,2,1,1,0.5746,Detected input from a HTTPServletRequest going into a SQL sink or statement. This could lead to SQL injection if variables in the SQL statement are not properly sanitized. Use parameterized SQL queries or properly sanitize user input instead.,0.6161353418384643,P3 - Medium (ML Moderate / Needs Review),data/benchmark/src/main/java/org/owasp/benchmark/testcode/BenchmarkTest02530.java,55
BenchmarkTest02531,1,CWE-89,2,1,1,0.5746,Detected input from a HTTPServletRequest going into a SQL sink or statement. This could lead to SQL injection if variables in the SQL statement are not properly sanitized. Use parameterized SQL queries or properly sanitize user input instead.,0.6221370751503495,P3 - Medium (ML Moderate / Needs Review),data/benchmark/src/main/java/org/owasp/benchmark/testcode/BenchmarkTest02531.java,55
BenchmarkTest02532,1,CWE-89,2,1,1,0.5746,Detected input from a HTTPServletRequest going into a SQL sink or statement. This could lead to SQL injection if variables in the SQL statement are not properly sanitized. Use parameterized SQL queries or properly sanitize user input instead.,0.6043967051102129,P3 - Medium (ML Moderate / Needs Review),data/benchmark/src/main/java/org/owasp/benchmark/testcode/BenchmarkTest02532.java,55
BenchmarkTest02533,1,CWE-89,2,1,1,0.5746,Detected input from a HTTPServletRequest going into a SQL sink or statement. This could lead to SQL injection if variables in the SQL statement are not properly sanitized. Use parameterized SQL queries or properly sanitize user input instead.,0.6043967051102129,P3 - Medium (ML Moderate / Needs Review),data/benchmark/src/main/java/org/owasp/benchmark/testcode/BenchmarkTest02533.java,55
BenchmarkTest02534,1,CWE-89,2,1,1,0.5746,Detected input from a HTTPServletRequest going into a SQL sink or statement. This could lead to SQL injection if variables in the SQL statement are not properly sanitized. Use parameterized SQL queries or properly sanitize user input instead.,0.6161353418384643,P3 - Medium (ML Moderate / Needs Review),data/benchmark/src/main/java/org/owasp/benchmark/testcode/BenchmarkTest02534.java,55
BenchmarkTest02535,1,CWE-89,2,1,1,0.5746,Detected input from a HTTPServletRequest going into a SQL sink or statement. This could lead to SQL injection if variables in the SQL statement are not properly sanitized. Use parameterized SQL queries or properly sanitize user input instead.,0.6315115188114625,P3 - Medium (ML Moderate / Needs Review),data/benchmark/src/main/java/org/owasp/benchmark/testcode/BenchmarkTest02535.java,55
BenchmarkTest02536,0,CWE-89,1,1,0,0.5746,Detected input from a HTTPServletRequest going into a SQL sink or statement. This could lead to SQL injection if variables in the SQL statement are not properly sanitized. Use parameterized SQL queries or properly sanitize user input instead.,0.6314792486337455,P3 - Medium (ML Moderate / Needs Review),data/benchmark/src/main/java/org/owasp/benchmark/testcode/BenchmarkTest02536.java,53
BenchmarkTest02537,1,CWE-89,1,1,0,0.5746,Detected input from a HTTPServletRequest going into a SQL sink or statement. This could lead to SQL injection if variables in the SQL statement are not properly sanitized. Use parameterized SQL queries or properly sanitize user input instead.,0.6382802301796155,P3 - Medium (ML Moderate / Needs Review),data/benchmark/src/main/java/org/owasp/benchmark/testcode/BenchmarkTest02537.java,53
BenchmarkTest02538,0,CWE-89,1,1,0,0.5746,Detected input from a HTTPServletRequest going into a SQL sink or statement. This could lead to SQL injection if variables in the SQL statement are not properly sanitized. Use parameterized SQL queries or properly sanitize user input instead.,0.6371570818030259,P3 - Medium (ML Moderate / Needs Review),data/benchmark/src/main/java/org/owasp/benchmark/testcode/BenchmarkTest02538.java,53
BenchmarkTest02539,0,CWE-89,1,1,0,0.5746,Detected input from a HTTPServletRequest going into a SQL sink or statement. This could lead to SQL injection if variables in the SQL statement are not properly sanitized. Use parameterized SQL queries or properly sanitize user input instead.,0.63810138505586,P3 - Medium (ML Moderate / Needs Review),data/benchmark/src/main/java/org/owasp/benchmark/testcode/BenchmarkTest02539.java,52
BenchmarkTest02540,0,CWE-89,1,1,0,0.5746,Detected input from a HTTPServletRequest going into a SQL sink or statement. This could lead to SQL injection if variables in the SQL statement are not properly sanitized. Use parameterized SQL queries or properly sanitize user input instead.,0.6382802301796155,P3 - Medium (ML Moderate / Needs Review),data/benchmark/src/main/java/org/owasp/benchmark/testcode/BenchmarkTest02540.java,53
BenchmarkTest02541,0,CWE-89,2,1,1,0.5746,Detected input from a HTTPServletRequest going into a SQL sink or statement. This could lead to SQL injection if variables in the SQL statement are not properly sanitized. Use parameterized SQL queries or properly sanitize user input instead.,0.6043967051102129,P3 - Medium (ML Moderate / Needs Review),data/benchmark/src/main/java/org/owasp/benchmark/testcode/BenchmarkTest02541.java,53
BenchmarkTest02542,1,CWE-89,2,1,1,0.5746,Detected a formatted string in a SQL statement. This could lead to SQL injection if variables in the SQL statement are not properly sanitized. Use a prepared statements (java.sql.PreparedStatement) instead. You can obtain a PreparedStatement using 'connection.prepareStatement'.,0.4901655263130386,P3 - Medium (ML Moderate / Needs Review),data/benchmark/src/main/java/org/owasp/benchmark/testcode/BenchmarkTest02542.java,55
BenchmarkTest02543,1,CWE-89,2,1,1,0.5746,Detected a formatted string in a SQL statement. This could lead to SQL injection if variables in the SQL statement are not properly sanitized. Use a prepared statements (java.sql.PreparedStatement) instead. You can obtain a PreparedStatement using 'connection.prepareStatement'.,0.5476500971406442,P3 - Medium (ML Moderate / Needs Review),data/benchmark/src/main/java/org/owasp/benchmark/testcode/BenchmarkTest02543.java,55
BenchmarkTest02544,0,CWE-89,2,1,1,0.5746,Detected a formatted string in a SQL statement. This could lead to SQL injection if variables in the SQL statement are not properly sanitized. Use a prepared statements (java.sql.PreparedStatement) instead. You can obtain a PreparedStatement using 'connection.prepareStatement'.,0.490638252758374,P3 - Medium (ML Moderate / Needs Review),data/benchmark/src/main/java/org/owasp/benchmark/testcode/BenchmarkTest02544.java,55
BenchmarkTest02545,1,CWE-89,2,1,1,0.5746,Detected input from a HTTPServletRequest going into a SQL sink or statement. This could lead to SQL injection if variables in the SQL statement are not properly sanitized. Use parameterized SQL queries or properly sanitize user input instead.,0.6050253134234014,P3 - Medium (ML Moderate / Needs Review),data/benchmark/src/main/java/org/owasp/benchmark/testcode/BenchmarkTest02545.java,53
BenchmarkTest02546,0,CWE-89,2,1,1,0.5746,Detected input from a HTTPServletRequest going into a SQL sink or statement. This could lead to SQL injection if variables in the SQL statement are not properly sanitized. Use parameterized SQL queries or properly sanitize user input instead.,0.6221370751503495,P3 - Medium (ML Moderate / Needs Review),data/benchmark/src/main/java/org/owasp/benchmark/testcode/BenchmarkTest02546.java,53
BenchmarkTest02547,0,CWE-327,0,0,0,0.9046,,0.09015572836705343,P4 - Low (ML Suppressed / Likely False Alarm),,
BenchmarkTest02548,1,CWE-327,1,1,1,0.9046,Triple DES (3DES or DESede) is considered deprecated. AES is the recommended cipher. Upgrade to use AES.,0.9646666709532539,P1 - Critical (ML High-Confidence Vulnerability),data/benchmark/src/main/java/org/owasp/benchmark/testcode/BenchmarkTest02548.java,86
BenchmarkTest02549,1,CWE-327,1,1,1,0.9046,Triple DES (3DES or DESede) is considered deprecated. AES is the recommended cipher. Upgrade to use AES.,0.984312041628401,P1 - Critical (ML High-Confidence Vulnerability),data/benchmark/src/main/java/org/owasp/benchmark/testcode/BenchmarkTest02549.java,86
BenchmarkTest02550,1,CWE-327,2,1,1,0.9046,DES is considered deprecated. AES is the recommended cipher. Upgrade to use AES. See https://www.nist.gov/news-events/news/2005/06/nist-withdraws-outdated-data-encryption-standard for more information.,0.9640713509849929,P1 - Critical (ML High-Confidence Vulnerability),data/benchmark/src/main/java/org/owasp/benchmark/testcode/BenchmarkTest02550.java,83
BenchmarkTest02551,0,CWE-327,0,0,0,0.9046,,0.09015572836705343,P4 - Low (ML Suppressed / Likely False Alarm),,
BenchmarkTest02552,0,CWE-327,1,0,1,0.9046,Use a secure cipher mode.,0.1391230575322935,P4 - Low (ML Suppressed / Likely False Alarm),owasp-benchmark:data/benchmark/src/main/java/org/owasp/benchmark/testcode/BenchmarkTest02552.java,87
BenchmarkTest02553,0,CWE-90,1,1,0,0.4815,"Detected input from a HTTPServletRequest going into an LDAP query. This could lead to LDAP injection if the input is not properly sanitized, which could result in attackers modifying objects in the LDAP tree structure. Ensure data passed to an LDAP query is not controllable or properly sanitize the data.",0.4485802845284838,P4 - Low (ML Suppressed / Likely False Alarm),data/benchmark/src/main/java/org/owasp/benchmark/testcode/BenchmarkTest02553.java,83
BenchmarkTest02554,0,CWE-22,1,1,0,0.531,"Detected a potential path traversal. A malicious actor could control the location of this file, to include going backwards in the directory with '../'. To address this, ensure that user-controlled variables in file paths are sanitized. You may also consider using a utility method such as org.apache.commons.io.FilenameUtils.getName(...) to only retrieve the file name from the path.",0.5402428179282152,P3 - Medium (ML Moderate / Needs Review),data/benchmark/src/main/java/org/owasp/benchmark/testcode/BenchmarkTest02554.java,72
BenchmarkTest02555,1,CWE-22,1,1,0,0.531,"Detected a potential path traversal. A malicious actor could control the location of this file, to include going backwards in the directory with '../'. To address this, ensure that user-controlled variables in file paths are sanitized. You may also consider using a utility method such as org.apache.commons.io.FilenameUtils.getName(...) to only retrieve the file name from the path.",0.5372346090670375,P3 - Medium (ML Moderate / Needs Review),data/benchmark/src/main/java/org/owasp/benchmark/testcode/BenchmarkTest02555.java,72
BenchmarkTest02556,1,CWE-22,1,1,0,0.531,"Detected a potential path traversal. A malicious actor could control the location of this file, to include going backwards in the directory with '../'. To address this, ensure that user-controlled variables in file paths are sanitized. You may also consider using a utility method such as org.apache.commons.io.FilenameUtils.getName(...) to only retrieve the file name from the path.",0.5305215095490278,P3 - Medium (ML Moderate / Needs Review),data/benchmark/src/main/java/org/owasp/benchmark/testcode/BenchmarkTest02556.java,72
BenchmarkTest02557,0,CWE-22,1,1,0,0.531,"Detected a potential path traversal. A malicious actor could control the location of this file, to include going backwards in the directory with '../'. To address this, ensure that user-controlled variables in file paths are sanitized. You may also consider using a utility method such as org.apache.commons.io.FilenameUtils.getName(...) to only retrieve the file name from the path.",0.5349061735858125,P3 - Medium (ML Moderate / Needs Review),data/benchmark/src/main/java/org/owasp/benchmark/testcode/BenchmarkTest02557.java,72
BenchmarkTest02558,0,CWE-22,1,1,0,0.531,"Detected a potential path traversal. A malicious actor could control the location of this file, to include going backwards in the directory with '../'. To address this, ensure that user-controlled variables in file paths are sanitized. You may also consider using a utility method such as org.apache.commons.io.FilenameUtils.getName(...) to only retrieve the file name from the path.",0.5305215095490278,P3 - Medium (ML Moderate / Needs Review),data/benchmark/src/main/java/org/owasp/benchmark/testcode/BenchmarkTest02558.java,72
BenchmarkTest02559,1,CWE-22,1,1,0,0.531,"Detected a potential path traversal. A malicious actor could control the location of this file, to include going backwards in the directory with '../'. To address this, ensure that user-controlled variables in file paths are sanitized. You may also consider using a utility method such as org.apache.commons.io.FilenameUtils.getName(...) to only retrieve the file name from the path.",0.5402428179282152,P3 - Medium (ML Moderate / Needs Review),data/benchmark/src/main/java/org/owasp/benchmark/testcode/BenchmarkTest02559.java,89
BenchmarkTest02560,1,CWE-22,1,1,0,0.531,"Detected a potential path traversal. A malicious actor could control the location of this file, to include going backwards in the directory with '../'. To address this, ensure that user-controlled variables in file paths are sanitized. You may also consider using a utility method such as org.apache.commons.io.FilenameUtils.getName(...) to only retrieve the file name from the path.",0.5305215095490278,P3 - Medium (ML Moderate / Needs Review),data/benchmark/src/main/java/org/owasp/benchmark/testcode/BenchmarkTest02560.java,77
BenchmarkTest02561,1,CWE-22,1,1,0,0.531,"Detected a potential path traversal. A malicious actor could control the location of this file, to include going backwards in the directory with '../'. To address this, ensure that user-controlled variables in file paths are sanitized. You may also consider using a utility method such as org.apache.commons.io.FilenameUtils.getName(...) to only retrieve the file name from the path.",0.5372346090670375,P3 - Medium (ML Moderate / Needs Review),data/benchmark/src/main/java/org/owasp/benchmark/testcode/BenchmarkTest02561.java,77
BenchmarkTest02562,1,CWE-22,1,1,0,0.531,"Detected a potential path traversal. A malicious actor could control the location of this file, to include going backwards in the directory with '../'. To address this, ensure that user-controlled variables in file paths are sanitized. You may also consider using a utility method such as org.apache.commons.io.FilenameUtils.getName(...) to only retrieve the file name from the path.",0.5394645256012154,P3 - Medium (ML Moderate / Needs Review),data/benchmark/src/main/java/org/owasp/benchmark/testcode/BenchmarkTest02562.java,77
BenchmarkTest02563,0,CWE-22,1,1,0,0.531,"Detected a potential path traversal. A malicious actor could control the location of this file, to include going backwards in the directory with '../'. To address this, ensure that user-controlled variables in file paths are sanitized. You may also consider using a utility method such as org.apache.commons.io.FilenameUtils.getName(...) to only retrieve the file name from the path.",0.5394645256012154,P3 - Medium (ML Moderate / Needs Review),data/benchmark/src/main/java/org/owasp/benchmark/testcode/BenchmarkTest02563.java,78
BenchmarkTest02564,1,CWE-22,1,1,0,0.531,"Detected a potential path traversal. A malicious actor could control the location of this file, to include going backwards in the directory with '../'. To address this, ensure that user-controlled variables in file paths are sanitized. You may also consider using a utility method such as org.apache.commons.io.FilenameUtils.getName(...) to only retrieve the file name from the path.",0.5305215095490278,P3 - Medium (ML Moderate / Needs Review),data/benchmark/src/main/java/org/owasp/benchmark/testcode/BenchmarkTest02564.java,78
BenchmarkTest02565,1,CWE-22,1,1,0,0.531,"Detected a potential path traversal. A malicious actor could control the location of this file, to include going backwards in the directory with '../'. To address this, ensure that user-controlled variables in file paths are sanitized. You may also consider using a utility method such as org.apache.commons.io.FilenameUtils.getName(...) to only retrieve the file name from the path.",0.5394645256012154,P3 - Medium (ML Moderate / Needs Review),data/benchmark/src/main/java/org/owasp/benchmark/testcode/BenchmarkTest02565.java,83
BenchmarkTest02566,0,CWE-22,1,1,0,0.531,"Detected a potential path traversal. A malicious actor could control the location of this file, to include going backwards in the directory with '../'. To address this, ensure that user-controlled variables in file paths are sanitized. You may also consider using a utility method such as org.apache.commons.io.FilenameUtils.getName(...) to only retrieve the file name from the path.",0.5349061735858125,P3 - Medium (ML Moderate / Needs Review),data/benchmark/src/main/java/org/owasp/benchmark/testcode/BenchmarkTest02566.java,83
BenchmarkTest02567,1,CWE-22,1,1,0,0.531,"Detected a potential path traversal. A malicious actor could control the location of this file, to include going backwards in the directory with '../'. To address this, ensure that user-controlled variables in file paths are sanitized. You may also consider using a utility method such as org.apache.commons.io.FilenameUtils.getName(...) to only retrieve the file name from the path.",0.5402428179282152,P3 - Medium (ML Moderate / Needs Review),data/benchmark/src/main/java/org/owasp/benchmark/testcode/BenchmarkTest02567.java,78
BenchmarkTest02568,0,CWE-22,1,1,0,0.531,"Detected a potential path traversal. A malicious actor could control the location of this file, to include going backwards in the directory with '../'. To address this, ensure that user-controlled variables in file paths are sanitized. You may also consider using a utility method such as org.apache.commons.io.FilenameUtils.getName(...) to only retrieve the file name from the path.",0.5394645256012154,P3 - Medium (ML Moderate / Needs Review),data/benchmark/src/main/java/org/owasp/benchmark/testcode/BenchmarkTest02568.java,78
BenchmarkTest02569,1,CWE-22,1,1,0,0.531,"Detected a potential path traversal. A malicious actor could control the location of this file, to include going backwards in the directory with '../'. To address this, ensure that user-controlled variables in file paths are sanitized. You may also consider using a utility method such as org.apache.commons.io.FilenameUtils.getName(...) to only retrieve the file name from the path.",0.5349061735858125,P3 - Medium (ML Moderate / Needs Review),data/benchmark/src/main/java/org/owasp/benchmark/testcode/BenchmarkTest02569.java,78
BenchmarkTest02570,0,CWE-22,0,0,0,0.531,,0.2141818275976563,P4 - Low (ML Suppressed / Likely False Alarm),,
BenchmarkTest02571,0,CWE-90,1,1,0,0.4815,"Detected input from a HTTPServletRequest going into an LDAP query. This could lead to LDAP injection if the input is not properly sanitized, which could result in attackers modifying objects in the LDAP tree structure. Ensure data passed to an LDAP query is not controllable or properly sanitize the data.",0.4643746966999802,P3 - Medium (ML Moderate / Needs Review),data/benchmark/src/main/java/org/owasp/benchmark/testcode/BenchmarkTest02571.java,86
BenchmarkTest02572,0,CWE-90,1,1,0,0.4815,"Detected input from a HTTPServletRequest going into an LDAP query. This could lead to LDAP injection if the input is not properly sanitized, which could result in attackers modifying objects in the LDAP tree structure. Ensure data passed to an LDAP query is not controllable or properly sanitize the data.",0.4485802845284838,P4 - Low (ML Suppressed / Likely False Alarm),data/benchmark/src/main/java/org/owasp/benchmark/testcode/BenchmarkTest02572.java,85
BenchmarkTest02573,1,CWE-328,2,1,1,1.0,"Detected SHA1 hash algorithm which is considered insecure. SHA1 is not collision resistant and is therefore not suitable as a cryptographic signature. Instead, use PBKDF2 for password hashing or SHA256 or SHA512 for other hash function applications.",0.9966744996793538,P1 - Critical (ML High-Confidence Vulnerability),data/benchmark/src/main/java/org/owasp/benchmark/testcode/BenchmarkTest02573.java,73
BenchmarkTest02574,1,CWE-328,2,1,1,1.0,"Detected SHA1 hash algorithm which is considered insecure. SHA1 is not collision resistant and is therefore not suitable as a cryptographic signature. Instead, use PBKDF2 for password hashing or SHA256 or SHA512 for other hash function applications.",0.9983424470266575,P1 - Critical (ML High-Confidence Vulnerability),data/benchmark/src/main/java/org/owasp/benchmark/testcode/BenchmarkTest02574.java,73
BenchmarkTest02575,1,CWE-328,2,1,1,1.0,Detected MD5 hash algorithm which is considered insecure. MD5 is not collision resistant and is therefore not suitable as a cryptographic signature. Use HMAC instead.,0.9983424470266575,P1 - Critical (ML High-Confidence Vulnerability),data/benchmark/src/main/java/org/owasp/benchmark/testcode/BenchmarkTest02575.java,73
BenchmarkTest02576,0,CWE-328,0,0,0,1.0,,0.23782332489730076,P4 - Low (ML Suppressed / Likely False Alarm),,
BenchmarkTest02577,1,CWE-328,0,0,0,1.0,,0.231920865694142,P4 - Low (ML Suppressed / Likely False Alarm),,
BenchmarkTest02578,1,CWE-79,1,1,0,0.6516,"Detected a request with potential user-input going into a OutputStream or Writer object. This bypasses any view or template environments, including HTML escaping, which may expose this application to cross-site scripting (XSS) vulnerabilities. Consider using a view technology such as JavaServer Faces (JSFs) which automatically escapes HTML views.",0.6606354491638398,P2 - High (ML Probable Vulnerability),data/benchmark/src/main/java/org/owasp/benchmark/testcode/BenchmarkTest02578.java,74
BenchmarkTest02579,1,CWE-79,1,1,0,0.6516,"Detected a request with potential user-input going into a OutputStream or Writer object. This bypasses any view or template environments, including HTML escaping, which may expose this application to cross-site scripting (XSS) vulnerabilities. Consider using a view technology such as JavaServer Faces (JSFs) which automatically escapes HTML views.",0.6221848022643229,P3 - Medium (ML Moderate / Needs Review),data/benchmark/src/main/java/org/owasp/benchmark/testcode/BenchmarkTest02579.java,74
BenchmarkTest02580,1,CWE-79,1,1,0,0.6516,"Detected a request with potential user-input going into a OutputStream or Writer object. This bypasses any view or template environments, including HTML escaping, which may expose this application to cross-site scripting (XSS) vulnerabilities. Consider using a view technology such as JavaServer Faces (JSFs) which automatically escapes HTML views.",0.6447716715602264,P3 - Medium (ML Moderate / Needs Review),data/benchmark/src/main/java/org/owasp/benchmark/testcode/BenchmarkTest02580.java,74
BenchmarkTest02581,0,CWE-79,1,1,0,0.6516,"Detected a request with potential user-input going into a OutputStream or Writer object. This bypasses any view or template environments, including HTML escaping, which may expose this application to cross-site scripting (XSS) vulnerabilities. Consider using a view technology such as JavaServer Faces (JSFs) which automatically escapes HTML views.",0.6447716715602264,P3 - Medium (ML Moderate / Needs Review),data/benchmark/src/main/java/org/owasp/benchmark/testcode/BenchmarkTest02581.java,74
BenchmarkTest02582,1,CWE-79,1,1,0,0.6516,"Detected a request with potential user-input going into a OutputStream or Writer object. This bypasses any view or template environments, including HTML escaping, which may expose this application to cross-site scripting (XSS) vulnerabilities. Consider using a view technology such as JavaServer Faces (JSFs) which automatically escapes HTML views.",0.6606354491638398,P2 - High (ML Probable Vulnerability),data/benchmark/src/main/java/org/owasp/benchmark/testcode/BenchmarkTest02582.java,73
BenchmarkTest02583,1,CWE-79,1,1,0,0.6516,"Detected a request with potential user-input going into a OutputStream or Writer object. This bypasses any view or template environments, including HTML escaping, which may expose this application to cross-site scripting (XSS) vulnerabilities. Consider using a view technology such as JavaServer Faces (JSFs) which automatically escapes HTML views.",0.6447716715602264,P3 - Medium (ML Moderate / Needs Review),data/benchmark/src/main/java/org/owasp/benchmark/testcode/BenchmarkTest02583.java,73
BenchmarkTest02584,1,CWE-79,1,1,0,0.6516,"Detected a request with potential user-input going into a OutputStream or Writer object. This bypasses any view or template environments, including HTML escaping, which may expose this application to cross-site scripting (XSS) vulnerabilities. Consider using a view technology such as JavaServer Faces (JSFs) which automatically escapes HTML views.",0.6447716715602264,P3 - Medium (ML Moderate / Needs Review),data/benchmark/src/main/java/org/owasp/benchmark/testcode/BenchmarkTest02584.java,73
BenchmarkTest02585,1,CWE-79,1,1,0,0.6516,"Detected a request with potential user-input going into a OutputStream or Writer object. This bypasses any view or template environments, including HTML escaping, which may expose this application to cross-site scripting (XSS) vulnerabilities. Consider using a view technology such as JavaServer Faces (JSFs) which automatically escapes HTML views.",0.6447716715602264,P3 - Medium (ML Moderate / Needs Review),data/benchmark/src/main/java/org/owasp/benchmark/testcode/BenchmarkTest02585.java,73
BenchmarkTest02586,1,CWE-79,1,1,0,0.6516,"Detected a request with potential user-input going into a OutputStream or Writer object. This bypasses any view or template environments, including HTML escaping, which may expose this application to cross-site scripting (XSS) vulnerabilities. Consider using a view technology such as JavaServer Faces (JSFs) which automatically escapes HTML views.",0.6691842611085874,P2 - High (ML Probable Vulnerability),data/benchmark/src/main/java/org/owasp/benchmark/testcode/BenchmarkTest02586.java,73
BenchmarkTest02587,1,CWE-79,1,1,0,0.6516,"Detected a request with potential user-input going into a OutputStream or Writer object. This bypasses any view or template environments, including HTML escaping, which may expose this application to cross-site scripting (XSS) vulnerabilities. Consider using a view technology such as JavaServer Faces (JSFs) which automatically escapes HTML views.",0.6691842611085874,P2 - High (ML Probable Vulnerability),data/benchmark/src/main/java/org/owasp/benchmark/testcode/BenchmarkTest02587.java,74
BenchmarkTest02588,1,CWE-79,1,1,0,0.6516,"Detected a request with potential user-input going into a OutputStream or Writer object. This bypasses any view or template environments, including HTML escaping, which may expose this application to cross-site scripting (XSS) vulnerabilities. Consider using a view technology such as JavaServer Faces (JSFs) which automatically escapes HTML views.",0.6221848022643229,P3 - Medium (ML Moderate / Needs Review),data/benchmark/src/main/java/org/owasp/benchmark/testcode/BenchmarkTest02588.java,74
BenchmarkTest02589,0,CWE-79,1,1,0,0.6516,"Detected a request with potential user-input going into a OutputStream or Writer object. This bypasses any view or template environments, including HTML escaping, which may expose this application to cross-site scripting (XSS) vulnerabilities. Consider using a view technology such as JavaServer Faces (JSFs) which automatically escapes HTML views.",0.6691842611085874,P2 - High (ML Probable Vulnerability),data/benchmark/src/main/java/org/owasp/benchmark/testcode/BenchmarkTest02589.java,74
BenchmarkTest02590,0,CWE-79,1,1,0,0.6516,"Detected a request with potential user-input going into a OutputStream or Writer object. This bypasses any view or template environments, including HTML escaping, which may expose this application to cross-site scripting (XSS) vulnerabilities. Consider using a view technology such as JavaServer Faces (JSFs) which automatically escapes HTML views.",0.6606354491638398,P2 - High (ML Probable Vulnerability),data/benchmark/src/main/java/org/owasp/benchmark/testcode/BenchmarkTest02590.java,74
BenchmarkTest02591,1,CWE-79,1,1,0,0.6516,"Detected a request with potential user-input going into a OutputStream or Writer object. This bypasses any view or template environments, including HTML escaping, which may expose this application to cross-site scripting (XSS) vulnerabilities. Consider using a view technology such as JavaServer Faces (JSFs) which automatically escapes HTML views.",0.6606354491638398,P2 - High (ML Probable Vulnerability),data/benchmark/src/main/java/org/owasp/benchmark/testcode/BenchmarkTest02591.java,74
BenchmarkTest02592,1,CWE-79,1,1,0,0.6516,"Detected a request with potential user-input going into a OutputStream or Writer object. This bypasses any view or template environments, including HTML escaping, which may expose this application to cross-site scripting (XSS) vulnerabilities. Consider using a view technology such as JavaServer Faces (JSFs) which automatically escapes HTML views.",0.6588860833788427,P2 - High (ML Probable Vulnerability),data/benchmark/src/main/java/org/owasp/benchmark/testcode/BenchmarkTest02592.java,74
BenchmarkTest02593,0,CWE-79,1,1,0,0.6516,"Detected a request with potential user-input going into a OutputStream or Writer object. This bypasses any view or template environments, including HTML escaping, which may expose this application to cross-site scripting (XSS) vulnerabilities. Consider using a view technology such as JavaServer Faces (JSFs) which automatically escapes HTML views.",0.6447716715602264,P3 - Medium (ML Moderate / Needs Review),data/benchmark/src/main/java/org/owasp/benchmark/testcode/BenchmarkTest02593.java,74
BenchmarkTest02594,0,CWE-79,1,1,0,0.6516,"Detected a request with potential user-input going into a OutputStream or Writer object. This bypasses any view or template environments, including HTML escaping, which may expose this application to cross-site scripting (XSS) vulnerabilities. Consider using a view technology such as JavaServer Faces (JSFs) which automatically escapes HTML views.",0.6588860833788427,P2 - High (ML Probable Vulnerability),data/benchmark/src/main/java/org/owasp/benchmark/testcode/BenchmarkTest02594.java,73
BenchmarkTest02595,1,CWE-79,1,1,0,0.6516,"Detected a request with potential user-input going into a OutputStream or Writer object. This bypasses any view or template environments, including HTML escaping, which may expose this application to cross-site scripting (XSS) vulnerabilities. Consider using a view technology such as JavaServer Faces (JSFs) which automatically escapes HTML views.",0.6691842611085874,P2 - High (ML Probable Vulnerability),data/benchmark/src/main/java/org/owasp/benchmark/testcode/BenchmarkTest02595.java,73
BenchmarkTest02596,0,CWE-79,1,1,0,0.6516,"Detected a request with potential user-input going into a OutputStream or Writer object. This bypasses any view or template environments, including HTML escaping, which may expose this application to cross-site scripting (XSS) vulnerabilities. Consider using a view technology such as JavaServer Faces (JSFs) which automatically escapes HTML views.",0.6606354491638398,P2 - High (ML Probable Vulnerability),data/benchmark/src/main/java/org/owasp/benchmark/testcode/BenchmarkTest02596.java,73
BenchmarkTest02597,1,CWE-79,1,1,0,0.6516,"Detected a request with potential user-input going into a OutputStream or Writer object. This bypasses any view or template environments, including HTML escaping, which may expose this application to cross-site scripting (XSS) vulnerabilities. Consider using a view technology such as JavaServer Faces (JSFs) which automatically escapes HTML views.",0.6447716715602264,P3 - Medium (ML Moderate / Needs Review),data/benchmark/src/main/java/org/owasp/benchmark/testcode/BenchmarkTest02597.java,73
BenchmarkTest02598,1,CWE-79,1,1,0,0.6516,"Detected a request with potential user-input going into a OutputStream or Writer object. This bypasses any view or template environments, including HTML escaping, which may expose this application to cross-site scripting (XSS) vulnerabilities. Consider using a view technology such as JavaServer Faces (JSFs) which automatically escapes HTML views.",0.6606354491638398,P2 - High (ML Probable Vulnerability),data/benchmark/src/main/java/org/owasp/benchmark/testcode/BenchmarkTest02598.java,73
BenchmarkTest02599,0,CWE-79,1,1,0,0.6516,"Detected a request with potential user-input going into a OutputStream or Writer object. This bypasses any view or template environments, including HTML escaping, which may expose this application to cross-site scripting (XSS) vulnerabilities. Consider using a view technology such as JavaServer Faces (JSFs) which automatically escapes HTML views.",0.6691842611085874,P2 - High (ML Probable Vulnerability),data/benchmark/src/main/java/org/owasp/benchmark/testcode/BenchmarkTest02599.java,73
BenchmarkTest02600,1,CWE-79,1,1,0,0.6516,"Detected a request with potential user-input going into a OutputStream or Writer object. This bypasses any view or template environments, including HTML escaping, which may expose this application to cross-site scripting (XSS) vulnerabilities. Consider using a view technology such as JavaServer Faces (JSFs) which automatically escapes HTML views.",0.6221848022643229,P3 - Medium (ML Moderate / Needs Review),data/benchmark/src/main/java/org/owasp/benchmark/testcode/BenchmarkTest02600.java,76
BenchmarkTest02601,0,CWE-79,1,1,0,0.6516,"Detected a request with potential user-input going into a OutputStream or Writer object. This bypasses any view or template environments, including HTML escaping, which may expose this application to cross-site scripting (XSS) vulnerabilities. Consider using a view technology such as JavaServer Faces (JSFs) which automatically escapes HTML views.",0.6447716715602264,P3 - Medium (ML Moderate / Needs Review),data/benchmark/src/main/java/org/owasp/benchmark/testcode/BenchmarkTest02601.java,76
BenchmarkTest02602,1,CWE-330,2,1,1,1.0,"Detected use of the functions `Math.random()` or `java.util.Random()`. These are both not cryptographically strong random number generators (RNGs). If you are using these RNGs to create passwords or secret tokens, use `java.security.SecureRandom` instead.",0.9995454545454545,P1 - Critical (ML High-Confidence Vulnerability),data/benchmark/src/main/java/org/owasp/benchmark/testcode/BenchmarkTest02602.java,73
BenchmarkTest02603,1,CWE-330,2,1,1,1.0,"Detected use of the functions `Math.random()` or `java.util.Random()`. These are both not cryptographically strong random number generators (RNGs). If you are using these RNGs to create passwords or secret tokens, use `java.security.SecureRandom` instead.",0.9995454545454545,P1 - Critical (ML High-Confidence Vulnerability),data/benchmark/src/main/java/org/owasp/benchmark/testcode/BenchmarkTest02603.java,73
BenchmarkTest02604,1,CWE-330,2,1,1,1.0,"Detected use of the functions `Math.random()` or `java.util.Random()`. These are both not cryptographically strong random number generators (RNGs). If you are using these RNGs to create passwords or secret tokens, use `java.security.SecureRandom` instead.",1.0,P1 - Critical (ML High-Confidence Vulnerability),data/benchmark/src/main/java/org/owasp/benchmark/testcode/BenchmarkTest02604.java,72
BenchmarkTest02605,1,CWE-330,2,1,1,1.0,"Detected use of the functions `Math.random()` or `java.util.Random()`. These are both not cryptographically strong random number generators (RNGs). If you are using these RNGs to create passwords or secret tokens, use `java.security.SecureRandom` instead.",1.0,P1 - Critical (ML High-Confidence Vulnerability),data/benchmark/src/main/java/org/owasp/benchmark/testcode/BenchmarkTest02605.java,72
BenchmarkTest02606,1,CWE-330,2,1,1,1.0,"Detected use of the functions `Math.random()` or `java.util.Random()`. These are both not cryptographically strong random number generators (RNGs). If you are using these RNGs to create passwords or secret tokens, use `java.security.SecureRandom` instead.",1.0,P1 - Critical (ML High-Confidence Vulnerability),data/benchmark/src/main/java/org/owasp/benchmark/testcode/BenchmarkTest02606.java,72
BenchmarkTest02607,0,CWE-614,0,0,0,1.0,,0.10974908684119335,P4 - Low (ML Suppressed / Likely False Alarm),,
BenchmarkTest02608,1,CWE-79,1,1,0,0.6516,"Detected a request with potential user-input going into a OutputStream or Writer object. This bypasses any view or template environments, including HTML escaping, which may expose this application to cross-site scripting (XSS) vulnerabilities. Consider using a view technology such as JavaServer Faces (JSFs) which automatically escapes HTML views.",0.6588860833788427,P2 - High (ML Probable Vulnerability),data/benchmark/src/main/java/org/owasp/benchmark/testcode/BenchmarkTest02608.java,73
BenchmarkTest02609,0,CWE-79,1,1,0,0.6516,"Detected a request with potential user-input going into a OutputStream or Writer object. This bypasses any view or template environments, including HTML escaping, which may expose this application to cross-site scripting (XSS) vulnerabilities. Consider using a view technology such as JavaServer Faces (JSFs) which automatically escapes HTML views.",0.6447716715602264,P3 - Medium (ML Moderate / Needs Review),data/benchmark/src/main/java/org/owasp/benchmark/testcode/BenchmarkTest02609.java,73
BenchmarkTest02610,0,CWE-78,1,1,0,0.5177,"Detected input from a HTTPServletRequest going into a 'ProcessBuilder' or 'exec' command. This could lead to command injection if variables passed into the exec commands are not properly sanitized. Instead, avoid using these OS commands with user-supplied input, or, if you must use these commands, use a whitelist of specific values.",0.5752195073482003,P3 - Medium (ML Moderate / Needs Review),data/benchmark/src/main/java/org/owasp/benchmark/testcode/BenchmarkTest02610.java,95
BenchmarkTest02611,1,CWE-78,1,1,0,0.5177,"Detected input from a HTTPServletRequest going into a 'ProcessBuilder' or 'exec' command. This could lead to command injection if variables passed into the exec commands are not properly sanitized. Instead, avoid using these OS commands with user-supplied input, or, if you must use these commands, use a whitelist of specific values.",0.5089059229256337,P3 - Medium (ML Moderate / Needs Review),data/benchmark/src/main/java/org/owasp/benchmark/testcode/BenchmarkTest02611.java,95
BenchmarkTest02612,1,CWE-78,1,1,0,0.5177,"Detected input from a HTTPServletRequest going into a 'ProcessBuilder' or 'exec' command. This could lead to command injection if variables passed into the exec commands are not properly sanitized. Instead, avoid using these OS commands with user-supplied input, or, if you must use these commands, use a whitelist of specific values.",0.5683792859920807,P3 - Medium (ML Moderate / Needs Review),data/benchmark/src/main/java/org/owasp/benchmark/testcode/BenchmarkTest02612.java,81
BenchmarkTest02613,1,CWE-78,1,1,0,0.5177,"Detected input from a HTTPServletRequest going into a 'ProcessBuilder' or 'exec' command. This could lead to command injection if variables passed into the exec commands are not properly sanitized. Instead, avoid using these OS commands with user-supplied input, or, if you must use these commands, use a whitelist of specific values.",0.5089059229256337,P3 - Medium (ML Moderate / Needs Review),data/benchmark/src/main/java/org/owasp/benchmark/testcode/BenchmarkTest02613.java,78
BenchmarkTest02614,0,CWE-330,0,0,0,1.0,,0.04325014794951732,P4 - Low (ML Suppressed / Likely False Alarm),,
BenchmarkTest02615,0,CWE-330,0,0,0,1.0,,0.0331840260624013,P4 - Low (ML Suppressed / Likely False Alarm),,
BenchmarkTest02616,0,CWE-330,0,0,0,1.0,,0.04325014794951732,P4 - Low (ML Suppressed / Likely False Alarm),,
BenchmarkTest02617,0,CWE-330,0,0,0,1.0,,0.037636823716155926,P4 - Low (ML Suppressed / Likely False Alarm),,
BenchmarkTest02618,0,CWE-330,0,0,0,1.0,,0.03391968678800127,P4 - Low (ML Suppressed / Likely False Alarm),,
BenchmarkTest02619,0,CWE-330,0,0,0,1.0,,0.03391968678800127,P4 - Low (ML Suppressed / Likely False Alarm),,
BenchmarkTest02620,0,CWE-330,0,0,0,1.0,,0.03704436789576919,P4 - Low (ML Suppressed / Likely False Alarm),,
BenchmarkTest02621,0,CWE-330,0,0,0,1.0,,0.037636823716155926,P4 - Low (ML Suppressed / Likely False Alarm),,
BenchmarkTest02622,1,CWE-501,1,1,0,0.7234,"Detected a request with potential user-input going into a OutputStream or Writer object. This bypasses any view or template environments, including HTML escaping, which may expose this application to cross-site scripting (XSS) vulnerabilities. Consider using a view technology such as JavaServer Faces (JSFs) which automatically escapes HTML views.",0.7360201729654304,P2 - High (ML Probable Vulnerability),data/benchmark/src/main/java/org/owasp/benchmark/testcode/BenchmarkTest02622.java,75
BenchmarkTest02623,1,CWE-501,1,1,0,0.7234,"Detected input from a HTTPServletRequest going into a session command, like `setAttribute`. User input into such a command could lead to an attacker inputting malicious code into your session parameters, blurring the line between what's trusted and untrusted, and therefore leading to a trust boundary violation. This could lead to programmers trusting unvalidated data. Instead, thoroughly sanitize user input before passing it into such function calls.",0.7196177864212013,P2 - High (ML Probable Vulnerability),data/benchmark/src/main/java/org/owasp/benchmark/testcode/BenchmarkTest02623.java,73
BenchmarkTest02624,1,CWE-501,1,1,0,0.7234,"Detected input from a HTTPServletRequest going into a session command, like `setAttribute`. User input into such a command could lead to an attacker inputting malicious code into your session parameters, blurring the line between what's trusted and untrusted, and therefore leading to a trust boundary violation. This could lead to programmers trusting unvalidated data. Instead, thoroughly sanitize user input before passing it into such function calls.",0.7313191620213231,P2 - High (ML Probable Vulnerability),data/benchmark/src/main/java/org/owasp/benchmark/testcode/BenchmarkTest02624.java,73
BenchmarkTest02625,1,CWE-89,1,1,0,0.5746,Detected input from a HTTPServletRequest going into a SQL sink or statement. This could lead to SQL injection if variables in the SQL statement are not properly sanitized. Use parameterized SQL queries or properly sanitize user input instead.,0.6314792486337455,P3 - Medium (ML Moderate / Needs Review),data/benchmark/src/main/java/org/owasp/benchmark/testcode/BenchmarkTest02625.java,77
BenchmarkTest02626,0,CWE-89,1,1,0,0.5746,Detected input from a HTTPServletRequest going into a SQL sink or statement. This could lead to SQL injection if variables in the SQL statement are not properly sanitized. Use parameterized SQL queries or properly sanitize user input instead.,0.6371570818030259,P3 - Medium (ML Moderate / Needs Review),data/benchmark/src/main/java/org/owasp/benchmark/testcode/BenchmarkTest02626.java,77
BenchmarkTest02627,1,CWE-89,1,1,0,0.5746,Detected input from a HTTPServletRequest going into a SQL sink or statement. This could lead to SQL injection if variables in the SQL statement are not properly sanitized. Use parameterized SQL queries or properly sanitize user input instead.,0.6382802301796155,P3 - Medium (ML Moderate / Needs Review),data/benchmark/src/main/java/org/owasp/benchmark/testcode/BenchmarkTest02627.java,77
BenchmarkTest02628,1,CWE-89,1,1,0,0.5746,Detected input from a HTTPServletRequest going into a SQL sink or statement. This could lead to SQL injection if variables in the SQL statement are not properly sanitized. Use parameterized SQL queries or properly sanitize user input instead.,0.6314792486337455,P3 - Medium (ML Moderate / Needs Review),data/benchmark/src/main/java/org/owasp/benchmark/testcode/BenchmarkTest02628.java,77
BenchmarkTest02629,0,CWE-89,1,1,0,0.5746,Detected input from a HTTPServletRequest going into a SQL sink or statement. This could lead to SQL injection if variables in the SQL statement are not properly sanitized. Use parameterized SQL queries or properly sanitize user input instead.,0.63810138505586,P3 - Medium (ML Moderate / Needs Review),data/benchmark/src/main/java/org/owasp/benchmark/testcode/BenchmarkTest02629.java,77
BenchmarkTest02630,1,CWE-89,1,1,0,0.5746,Detected input from a HTTPServletRequest going into a SQL sink or statement. This could lead to SQL injection if variables in the SQL statement are not properly sanitized. Use parameterized SQL queries or properly sanitize user input instead.,0.63810138505586,P3 - Medium (ML Moderate / Needs Review),data/benchmark/src/main/java/org/owasp/benchmark/testcode/BenchmarkTest02630.java,77
BenchmarkTest02631,0,CWE-89,1,1,0,0.5746,Detected input from a HTTPServletRequest going into a SQL sink or statement. This could lead to SQL injection if variables in the SQL statement are not properly sanitized. Use parameterized SQL queries or properly sanitize user input instead.,0.6382802301796155,P3 - Medium (ML Moderate / Needs Review),data/benchmark/src/main/java/org/owasp/benchmark/testcode/BenchmarkTest02631.java,77
BenchmarkTest02632,1,CWE-89,1,1,0,0.5746,Detected input from a HTTPServletRequest going into a SQL sink or statement. This could lead to SQL injection if variables in the SQL statement are not properly sanitized. Use parameterized SQL queries or properly sanitize user input instead.,0.6371570818030259,P3 - Medium (ML Moderate / Needs Review),data/benchmark/src/main/java/org/owasp/benchmark/testcode/BenchmarkTest02632.java,77
BenchmarkTest02633,0,CWE-89,1,1,0,0.5746,Detected input from a HTTPServletRequest going into a SQL sink or statement. This could lead to SQL injection if variables in the SQL statement are not properly sanitized. Use parameterized SQL queries or properly sanitize user input instead.,0.6314792486337455,P3 - Medium (ML Moderate / Needs Review),data/benchmark/src/main/java/org/owasp/benchmark/testcode/BenchmarkTest02633.java,77
BenchmarkTest02634,0,CWE-89,1,1,0,0.5746,Detected input from a HTTPServletRequest going into a SQL sink or statement. This could lead to SQL injection if variables in the SQL statement are not properly sanitized. Use parameterized SQL queries or properly sanitize user input instead.,0.6371570818030259,P3 - Medium (ML Moderate / Needs Review),data/benchmark/src/main/java/org/owasp/benchmark/testcode/BenchmarkTest02634.java,77
BenchmarkTest02635,1,CWE-89,1,1,0,0.5746,Detected input from a HTTPServletRequest going into a SQL sink or statement. This could lead to SQL injection if variables in the SQL statement are not properly sanitized. Use parameterized SQL queries or properly sanitize user input instead.,0.6393503814415632,P3 - Medium (ML Moderate / Needs Review),data/benchmark/src/main/java/org/owasp/benchmark/testcode/BenchmarkTest02635.java,77
BenchmarkTest02636,0,CWE-89,1,1,0,0.5746,Detected input from a HTTPServletRequest going into a SQL sink or statement. This could lead to SQL injection if variables in the SQL statement are not properly sanitized. Use parameterized SQL queries or properly sanitize user input instead.,0.6314792486337455,P3 - Medium (ML Moderate / Needs Review),data/benchmark/src/main/java/org/owasp/benchmark/testcode/BenchmarkTest02636.java,77
BenchmarkTest02637,0,CWE-89,1,1,0,0.5746,Detected input from a HTTPServletRequest going into a SQL sink or statement. This could lead to SQL injection if variables in the SQL statement are not properly sanitized. Use parameterized SQL queries or properly sanitize user input instead.,0.63810138505586,P3 - Medium (ML Moderate / Needs Review),data/benchmark/src/main/java/org/owasp/benchmark/testcode/BenchmarkTest02637.java,77
BenchmarkTest02638,1,CWE-89,1,1,0,0.5746,Detected input from a HTTPServletRequest going into a SQL sink or statement. This could lead to SQL injection if variables in the SQL statement are not properly sanitized. Use parameterized SQL queries or properly sanitize user input instead.,0.6371570818030259,P3 - Medium (ML Moderate / Needs Review),data/benchmark/src/main/java/org/owasp/benchmark/testcode/BenchmarkTest02638.java,75
BenchmarkTest02639,0,CWE-89,1,1,0,0.5746,Detected input from a HTTPServletRequest going into a SQL sink or statement. This could lead to SQL injection if variables in the SQL statement are not properly sanitized. Use parameterized SQL queries or properly sanitize user input instead.,0.6393503814415632,P3 - Medium (ML Moderate / Needs Review),data/benchmark/src/main/java/org/owasp/benchmark/testcode/BenchmarkTest02639.java,75
BenchmarkTest02640,0,CWE-89,1,1,0,0.5746,Detected input from a HTTPServletRequest going into a SQL sink or statement. This could lead to SQL injection if variables in the SQL statement are not properly sanitized. Use parameterized SQL queries or properly sanitize user input instead.,0.6314792486337455,P3 - Medium (ML Moderate / Needs Review),data/benchmark/src/main/java/org/owasp/benchmark/testcode/BenchmarkTest02640.java,75
BenchmarkTest02641,1,CWE-89,1,1,0,0.5746,Detected input from a HTTPServletRequest going into a SQL sink or statement. This could lead to SQL injection if variables in the SQL statement are not properly sanitized. Use parameterized SQL queries or properly sanitize user input instead.,0.63810138505586,P3 - Medium (ML Moderate / Needs Review),data/benchmark/src/main/java/org/owasp/benchmark/testcode/BenchmarkTest02641.java,74
BenchmarkTest02642,1,CWE-89,1,1,0,0.5746,Detected input from a HTTPServletRequest going into a SQL sink or statement. This could lead to SQL injection if variables in the SQL statement are not properly sanitized. Use parameterized SQL queries or properly sanitize user input instead.,0.6382802301796155,P3 - Medium (ML Moderate / Needs Review),data/benchmark/src/main/java/org/owasp/benchmark/testcode/BenchmarkTest02642.java,75
BenchmarkTest02643,1,CWE-89,1,1,0,0.5746,Detected input from a HTTPServletRequest going into a SQL sink or statement. This could lead to SQL injection if variables in the SQL statement are not properly sanitized. Use parameterized SQL queries or properly sanitize user input instead.,0.6371570818030259,P3 - Medium (ML Moderate / Needs Review),data/benchmark/src/main/java/org/owasp/benchmark/testcode/BenchmarkTest02643.java,75
BenchmarkTest02644,1,CWE-89,1,1,0,0.5746,Detected input from a HTTPServletRequest going into a SQL sink or statement. This could lead to SQL injection if variables in the SQL statement are not properly sanitized. Use parameterized SQL queries or properly sanitize user input instead.,0.6382802301796155,P3 - Medium (ML Moderate / Needs Review),data/benchmark/src/main/java/org/owasp/benchmark/testcode/BenchmarkTest02644.java,74
BenchmarkTest02645,1,CWE-89,1,1,0,0.5746,Detected input from a HTTPServletRequest going into a SQL sink or statement. This could lead to SQL injection if variables in the SQL statement are not properly sanitized. Use parameterized SQL queries or properly sanitize user input instead.,0.6371570818030259,P3 - Medium (ML Moderate / Needs Review),data/benchmark/src/main/java/org/owasp/benchmark/testcode/BenchmarkTest02645.java,74
BenchmarkTest02646,1,CWE-89,1,1,0,0.5746,Detected input from a HTTPServletRequest going into a SQL sink or statement. This could lead to SQL injection if variables in the SQL statement are not properly sanitized. Use parameterized SQL queries or properly sanitize user input instead.,0.63810138505586,P3 - Medium (ML Moderate / Needs Review),data/benchmark/src/main/java/org/owasp/benchmark/testcode/BenchmarkTest02646.java,75
BenchmarkTest02647,1,CWE-89,1,1,0,0.5746,Detected input from a HTTPServletRequest going into a SQL sink or statement. This could lead to SQL injection if variables in the SQL statement are not properly sanitized. Use parameterized SQL queries or properly sanitize user input instead.,0.6393503814415632,P3 - Medium (ML Moderate / Needs Review),data/benchmark/src/main/java/org/owasp/benchmark/testcode/BenchmarkTest02647.java,75
BenchmarkTest02648,0,CWE-89,1,1,0,0.5746,Detected a formatted string in a SQL statement. This could lead to SQL injection if variables in the SQL statement are not properly sanitized. Use a prepared statements (java.sql.PreparedStatement) instead. You can obtain a PreparedStatement using 'connection.prepareStatement'.,0.4345905436178454,P4 - Low (ML Suppressed / Likely False Alarm),data/benchmark/src/main/java/org/owasp/benchmark/testcode/BenchmarkTest02648.java,77
BenchmarkTest02649,1,CWE-89,1,1,0,0.5746,Detected a formatted string in a SQL statement. This could lead to SQL injection if variables in the SQL statement are not properly sanitized. Use a prepared statements (java.sql.PreparedStatement) instead. You can obtain a PreparedStatement using 'connection.prepareStatement'.,0.4345905436178454,P4 - Low (ML Suppressed / Likely False Alarm),data/benchmark/src/main/java/org/owasp/benchmark/testcode/BenchmarkTest02649.java,77
BenchmarkTest02650,1,CWE-89,1,1,0,0.5746,Detected a formatted string in a SQL statement. This could lead to SQL injection if variables in the SQL statement are not properly sanitized. Use a prepared statements (java.sql.PreparedStatement) instead. You can obtain a PreparedStatement using 'connection.prepareStatement'.,0.4725678466009309,P3 - Medium (ML Moderate / Needs Review),data/benchmark/src/main/java/org/owasp/benchmark/testcode/BenchmarkTest02650.java,77
BenchmarkTest02651,1,CWE-89,1,1,0,0.5746,Detected a formatted string in a SQL statement. This could lead to SQL injection if variables in the SQL statement are not properly sanitized. Use a prepared statements (java.sql.PreparedStatement) instead. You can obtain a PreparedStatement using 'connection.prepareStatement'.,0.34498404164386737,P4 - Low (ML Suppressed / Likely False Alarm),data/benchmark/src/main/java/org/owasp/benchmark/testcode/BenchmarkTest02651.java,77
BenchmarkTest02652,0,CWE-89,1,1,0,0.5746,Detected a formatted string in a SQL statement. This could lead to SQL injection if variables in the SQL statement are not properly sanitized. Use a prepared statements (java.sql.PreparedStatement) instead. You can obtain a PreparedStatement using 'connection.prepareStatement'.,0.4725678466009309,P3 - Medium (ML Moderate / Needs Review),data/benchmark/src/main/java/org/owasp/benchmark/testcode/BenchmarkTest02652.java,77
BenchmarkTest02653,1,CWE-89,1,1,0,0.5746,Detected input from a HTTPServletRequest going into a SQL sink or statement. This could lead to SQL injection if variables in the SQL statement are not properly sanitized. Use parameterized SQL queries or properly sanitize user input instead.,0.6314792486337455,P3 - Medium (ML Moderate / Needs Review),data/benchmark/src/main/java/org/owasp/benchmark/testcode/BenchmarkTest02653.java,75
BenchmarkTest02654,1,CWE-89,1,1,0,0.5746,Detected input from a HTTPServletRequest going into a SQL sink or statement. This could lead to SQL injection if variables in the SQL statement are not properly sanitized. Use parameterized SQL queries or properly sanitize user input instead.,0.6393503814415632,P3 - Medium (ML Moderate / Needs Review),data/benchmark/src/main/java/org/owasp/benchmark/testcode/BenchmarkTest02654.java,75
BenchmarkTest02655,1,CWE-89,1,1,0,0.5746,Detected input from a HTTPServletRequest going into a SQL sink or statement. This could lead to SQL injection if variables in the SQL statement are not properly sanitized. Use parameterized SQL queries or properly sanitize user input instead.,0.6371570818030259,P3 - Medium (ML Moderate / Needs Review),data/benchmark/src/main/java/org/owasp/benchmark/testcode/BenchmarkTest02655.java,75
BenchmarkTest02656,1,CWE-89,1,1,0,0.5746,Detected input from a HTTPServletRequest going into a SQL sink or statement. This could lead to SQL injection if variables in the SQL statement are not properly sanitized. Use parameterized SQL queries or properly sanitize user input instead.,0.6314792486337455,P3 - Medium (ML Moderate / Needs Review),data/benchmark/src/main/java/org/owasp/benchmark/testcode/BenchmarkTest02656.java,75
BenchmarkTest02657,0,CWE-89,1,1,0,0.5746,Detected input from a HTTPServletRequest going into a SQL sink or statement. This could lead to SQL injection if variables in the SQL statement are not properly sanitized. Use parameterized SQL queries or properly sanitize user input instead.,0.6393503814415632,P3 - Medium (ML Moderate / Needs Review),data/benchmark/src/main/java/org/owasp/benchmark/testcode/BenchmarkTest02657.java,75
BenchmarkTest02658,1,CWE-327,1,1,0,0.9046,Triple DES (3DES or DESede) is considered deprecated. AES is the recommended cipher. Upgrade to use AES.,0.9320304091760686,P1 - Critical (ML High-Confidence Vulnerability),data/benchmark/src/main/java/org/owasp/benchmark/testcode/BenchmarkTest02658.java,65
BenchmarkTest02659,0,CWE-327,0,0,0,0.9046,,0.09462285501385369,P4 - Low (ML Suppressed / Likely False Alarm),,
BenchmarkTest02660,1,CWE-327,1,1,0,0.9046,DES is considered deprecated. AES is the recommended cipher. Upgrade to use AES. See https://www.nist.gov/news-events/news/2005/06/nist-withdraws-outdated-data-encryption-standard for more information.,0.9572896464908625,P1 - Critical (ML High-Confidence Vulnerability),data/benchmark/src/main/java/org/owasp/benchmark/testcode/BenchmarkTest02660.java,60
BenchmarkTest02661,1,CWE-327,1,1,0,0.9046,DES is considered deprecated. AES is the recommended cipher. Upgrade to use AES. See https://www.nist.gov/news-events/news/2005/06/nist-withdraws-outdated-data-encryption-standard for more information.,0.9320304091760686,P1 - Critical (ML High-Confidence Vulnerability),data/benchmark/src/main/java/org/owasp/benchmark/testcode/BenchmarkTest02661.java,60
BenchmarkTest02662,0,CWE-327,0,0,0,0.9046,,0.09852596288884,P4 - Low (ML Suppressed / Likely False Alarm),,
BenchmarkTest02663,1,CWE-327,1,1,0,0.9046,Triple DES (3DES or DESede) is considered deprecated. AES is the recommended cipher. Upgrade to use AES.,0.9572896464908625,P1 - Critical (ML High-Confidence Vulnerability),data/benchmark/src/main/java/org/owasp/benchmark/testcode/BenchmarkTest02663.java,57
BenchmarkTest02664,0,CWE-22,1,1,0,0.531,"Detected a potential path traversal. A malicious actor could control the location of this file, to include going backwards in the directory with '../'. To address this, ensure that user-controlled variables in file paths are sanitized. You may also consider using a utility method such as org.apache.commons.io.FilenameUtils.getName(...) to only retrieve the file name from the path.",0.5305215095490278,P3 - Medium (ML Moderate / Needs Review),data/benchmark/src/main/java/org/owasp/benchmark/testcode/BenchmarkTest02664.java,49
BenchmarkTest02665,0,CWE-22,1,1,0,0.531,"Detected a potential path traversal. A malicious actor could control the location of this file, to include going backwards in the directory with '../'. To address this, ensure that user-controlled variables in file paths are sanitized. You may also consider using a utility method such as org.apache.commons.io.FilenameUtils.getName(...) to only retrieve the file name from the path.",0.5372346090670375,P3 - Medium (ML Moderate / Needs Review),data/benchmark/src/main/java/org/owasp/benchmark/testcode/BenchmarkTest02665.java,54
BenchmarkTest02666,0,CWE-22,1,1,0,0.531,"Detected a potential path traversal. A malicious actor could control the location of this file, to include going backwards in the directory with '../'. To address this, ensure that user-controlled variables in file paths are sanitized. You may also consider using a utility method such as org.apache.commons.io.FilenameUtils.getName(...) to only retrieve the file name from the path.",0.5394645256012154,P3 - Medium (ML Moderate / Needs Review),data/benchmark/src/main/java/org/owasp/benchmark/testcode/BenchmarkTest02666.java,54
BenchmarkTest02667,0,CWE-22,1,1,0,0.531,"Detected a potential path traversal. A malicious actor could control the location of this file, to include going backwards in the directory with '../'. To address this, ensure that user-controlled variables in file paths are sanitized. You may also consider using a utility method such as org.apache.commons.io.FilenameUtils.getName(...) to only retrieve the file name from the path.",0.5402428179282152,P3 - Medium (ML Moderate / Needs Review),data/benchmark/src/main/java/org/owasp/benchmark/testcode/BenchmarkTest02667.java,54
BenchmarkTest02668,0,CWE-22,1,1,0,0.531,"Detected a potential path traversal. A malicious actor could control the location of this file, to include going backwards in the directory with '../'. To address this, ensure that user-controlled variables in file paths are sanitized. You may also consider using a utility method such as org.apache.commons.io.FilenameUtils.getName(...) to only retrieve the file name from the path.",0.5402428179282152,P3 - Medium (ML Moderate / Needs Review),data/benchmark/src/main/java/org/owasp/benchmark/testcode/BenchmarkTest02668.java,55
BenchmarkTest02669,0,CWE-22,1,1,0,0.531,"Detected a potential path traversal. A malicious actor could control the location of this file, to include going backwards in the directory with '../'. To address this, ensure that user-controlled variables in file paths are sanitized. You may also consider using a utility method such as org.apache.commons.io.FilenameUtils.getName(...) to only retrieve the file name from the path.",0.5394645256012154,P3 - Medium (ML Moderate / Needs Review),data/benchmark/src/main/java/org/owasp/benchmark/testcode/BenchmarkTest02669.java,55
BenchmarkTest02670,1,CWE-328,1,1,0,1.0,"Detected SHA1 hash algorithm which is considered insecure. SHA1 is not collision resistant and is therefore not suitable as a cryptographic signature. Instead, use PBKDF2 for password hashing or SHA256 or SHA512 for other hash function applications.",0.9640807495623229,P1 - Critical (ML High-Confidence Vulnerability),data/benchmark/src/main/java/org/owasp/benchmark/testcode/BenchmarkTest02670.java,55
BenchmarkTest02671,1,CWE-328,1,1,0,1.0,"Detected SHA1 hash algorithm which is considered insecure. SHA1 is not collision resistant and is therefore not suitable as a cryptographic signature. Instead, use PBKDF2 for password hashing or SHA256 or SHA512 for other hash function applications.",0.9735738444977606,P1 - Critical (ML High-Confidence Vulnerability),data/benchmark/src/main/java/org/owasp/benchmark/testcode/BenchmarkTest02671.java,55
BenchmarkTest02672,0,CWE-328,0,0,0,1.0,,0.25279536684003723,P4 - Low (ML Suppressed / Likely False Alarm),,
BenchmarkTest02673,0,CWE-328,0,0,0,1.0,,0.25279536684003723,P4 - Low (ML Suppressed / Likely False Alarm),,
BenchmarkTest02674,1,CWE-328,1,1,0,1.0,Detected MD5 hash algorithm which is considered insecure. MD5 is not collision resistant and is therefore not suitable as a cryptographic signature. Use HMAC instead.,0.9886822063997429,P1 - Critical (ML High-Confidence Vulnerability),data/benchmark/src/main/java/org/owasp/benchmark/testcode/BenchmarkTest02674.java,50
BenchmarkTest02675,1,CWE-328,1,1,0,1.0,Detected MD5 hash algorithm which is considered insecure. MD5 is not collision resistant and is therefore not suitable as a cryptographic signature. Use HMAC instead.,0.9886822063997429,P1 - Critical (ML High-Confidence Vulnerability),data/benchmark/src/main/java/org/owasp/benchmark/testcode/BenchmarkTest02675.java,50
BenchmarkTest02676,0,CWE-328,0,0,0,1.0,,0.24087705674222445,P4 - Low (ML Suppressed / Likely False Alarm),,
BenchmarkTest02677,1,CWE-328,0,0,0,1.0,,0.26631103688868035,P4 - Low (ML Suppressed / Likely False Alarm),,
BenchmarkTest02678,0,CWE-328,0,0,0,1.0,,0.231920865694142,P4 - Low (ML Suppressed / Likely False Alarm),,
BenchmarkTest02679,0,CWE-79,0,0,0,0.6516,,0.278739919364882,P4 - Low (ML Suppressed / Likely False Alarm),,
BenchmarkTest02680,0,CWE-79,0,0,0,0.6516,,0.313915809627834,P4 - Low (ML Suppressed / Likely False Alarm),,
BenchmarkTest02681,0,CWE-79,0,0,0,0.6516,,0.278739919364882,P4 - Low (ML Suppressed / Likely False Alarm),,
BenchmarkTest02682,0,CWE-79,0,0,0,0.6516,,0.24970671366531938,P4 - Low (ML Suppressed / Likely False Alarm),,
BenchmarkTest02683,0,CWE-79,0,0,0,0.6516,,0.24970671366531938,P4 - Low (ML Suppressed / Likely False Alarm),,
BenchmarkTest02684,0,CWE-79,0,0,0,0.6516,,0.24970671366531938,P4 - Low (ML Suppressed / Likely False Alarm),,
BenchmarkTest02685,0,CWE-79,0,0,0,0.6516,,0.278739919364882,P4 - Low (ML Suppressed / Likely False Alarm),,
BenchmarkTest02686,0,CWE-79,0,0,0,0.6516,,0.2659189177021378,P4 - Low (ML Suppressed / Likely False Alarm),,
BenchmarkTest02687,0,CWE-79,0,0,0,0.6516,,0.2659189177021378,P4 - Low (ML Suppressed / Likely False Alarm),,
BenchmarkTest02688,0,CWE-79,0,0,0,0.6516,,0.24970671366531938,P4 - Low (ML Suppressed / Likely False Alarm),,
BenchmarkTest02689,0,CWE-79,0,0,0,0.6516,,0.313915809627834,P4 - Low (ML Suppressed / Likely False Alarm),,
BenchmarkTest02690,0,CWE-79,0,0,0,0.6516,,0.24970671366531938,P4 - Low (ML Suppressed / Likely False Alarm),,
BenchmarkTest02691,0,CWE-79,0,0,0,0.6516,,0.313915809627834,P4 - Low (ML Suppressed / Likely False Alarm),,
BenchmarkTest02692,0,CWE-79,0,0,0,0.6516,,0.278739919364882,P4 - Low (ML Suppressed / Likely False Alarm),,
BenchmarkTest02693,0,CWE-79,0,0,0,0.6516,,0.2659189177021378,P4 - Low (ML Suppressed / Likely False Alarm),,
BenchmarkTest02694,0,CWE-79,0,0,0,0.6516,,0.278739919364882,P4 - Low (ML Suppressed / Likely False Alarm),,
BenchmarkTest02695,0,CWE-79,0,0,0,0.6516,,0.313915809627834,P4 - Low (ML Suppressed / Likely False Alarm),,
BenchmarkTest02696,0,CWE-79,0,0,0,0.6516,,0.313915809627834,P4 - Low (ML Suppressed / Likely False Alarm),,
BenchmarkTest02697,0,CWE-78,1,1,0,0.5177,"Detected input from a HTTPServletRequest going into a 'ProcessBuilder' or 'exec' command. This could lead to command injection if variables passed into the exec commands are not properly sanitized. Instead, avoid using these OS commands with user-supplied input, or, if you must use these commands, use a whitelist of specific values.",0.5444416118463504,P3 - Medium (ML Moderate / Needs Review),data/benchmark/src/main/java/org/owasp/benchmark/testcode/BenchmarkTest02697.java,59
BenchmarkTest02698,0,CWE-78,1,1,0,0.5177,"Detected input from a HTTPServletRequest going into a 'ProcessBuilder' or 'exec' command. This could lead to command injection if variables passed into the exec commands are not properly sanitized. Instead, avoid using these OS commands with user-supplied input, or, if you must use these commands, use a whitelist of specific values.",0.5752195073482003,P3 - Medium (ML Moderate / Needs Review),data/benchmark/src/main/java/org/owasp/benchmark/testcode/BenchmarkTest02698.java,59
BenchmarkTest02699,0,CWE-78,1,1,0,0.5177,"Detected input from a HTTPServletRequest going into a 'ProcessBuilder' or 'exec' command. This could lead to command injection if variables passed into the exec commands are not properly sanitized. Instead, avoid using these OS commands with user-supplied input, or, if you must use these commands, use a whitelist of specific values.",0.5752195073482003,P3 - Medium (ML Moderate / Needs Review),data/benchmark/src/main/java/org/owasp/benchmark/testcode/BenchmarkTest02699.java,61
BenchmarkTest02700,1,CWE-330,1,1,0,1.0,"Detected use of the functions `Math.random()` or `java.util.Random()`. These are both not cryptographically strong random number generators (RNGs). If you are using these RNGs to create passwords or secret tokens, use `java.security.SecureRandom` instead.",0.9952597402597402,P1 - Critical (ML High-Confidence Vulnerability),data/benchmark/src/main/java/org/owasp/benchmark/testcode/BenchmarkTest02700.java,50
BenchmarkTest02701,1,CWE-330,1,1,0,1.0,"Detected use of the functions `Math.random()` or `java.util.Random()`. These are both not cryptographically strong random number generators (RNGs). If you are using these RNGs to create passwords or secret tokens, use `java.security.SecureRandom` instead.",0.9909887955182073,P1 - Critical (ML High-Confidence Vulnerability),data/benchmark/src/main/java/org/owasp/benchmark/testcode/BenchmarkTest02701.java,50
BenchmarkTest02702,1,CWE-330,1,1,0,1.0,"Detected use of the functions `Math.random()` or `java.util.Random()`. These are both not cryptographically strong random number generators (RNGs). If you are using these RNGs to create passwords or secret tokens, use `java.security.SecureRandom` instead.",0.9922522189349112,P1 - Critical (ML High-Confidence Vulnerability),data/benchmark/src/main/java/org/owasp/benchmark/testcode/BenchmarkTest02702.java,49
BenchmarkTest02703,1,CWE-330,1,1,0,1.0,"Detected use of the functions `Math.random()` or `java.util.Random()`. These are both not cryptographically strong random number generators (RNGs). If you are using these RNGs to create passwords or secret tokens, use `java.security.SecureRandom` instead.",0.9909887955182073,P1 - Critical (ML High-Confidence Vulnerability),data/benchmark/src/main/java/org/owasp/benchmark/testcode/BenchmarkTest02703.java,49
BenchmarkTest02704,1,CWE-330,1,1,0,1.0,"Detected use of the functions `Math.random()` or `java.util.Random()`. These are both not cryptographically strong random number generators (RNGs). If you are using these RNGs to create passwords or secret tokens, use `java.security.SecureRandom` instead.",0.9952597402597402,P1 - Critical (ML High-Confidence Vulnerability),data/benchmark/src/main/java/org/owasp/benchmark/testcode/BenchmarkTest02704.java,49
BenchmarkTest02705,1,CWE-330,1,1,0,1.0,"Detected use of the functions `Math.random()` or `java.util.Random()`. These are both not cryptographically strong random number generators (RNGs). If you are using these RNGs to create passwords or secret tokens, use `java.security.SecureRandom` instead.",0.9946298920377867,P1 - Critical (ML High-Confidence Vulnerability),data/benchmark/src/main/java/org/owasp/benchmark/testcode/BenchmarkTest02705.java,49
BenchmarkTest02706,1,CWE-330,1,1,0,1.0,"Detected use of the functions `Math.random()` or `java.util.Random()`. These are both not cryptographically strong random number generators (RNGs). If you are using these RNGs to create passwords or secret tokens, use `java.security.SecureRandom` instead.",0.9946298920377867,P1 - Critical (ML High-Confidence Vulnerability),data/benchmark/src/main/java/org/owasp/benchmark/testcode/BenchmarkTest02706.java,49
BenchmarkTest02707,1,CWE-330,1,1,0,1.0,"Detected use of the functions `Math.random()` or `java.util.Random()`. These are both not cryptographically strong random number generators (RNGs). If you are using these RNGs to create passwords or secret tokens, use `java.security.SecureRandom` instead.",0.9946298920377867,P1 - Critical (ML High-Confidence Vulnerability),data/benchmark/src/main/java/org/owasp/benchmark/testcode/BenchmarkTest02707.java,49
BenchmarkTest02708,1,CWE-330,1,1,0,1.0,"Detected use of the functions `Math.random()` or `java.util.Random()`. These are both not cryptographically strong random number generators (RNGs). If you are using these RNGs to create passwords or secret tokens, use `java.security.SecureRandom` instead.",0.9922522189349112,P1 - Critical (ML High-Confidence Vulnerability),data/benchmark/src/main/java/org/owasp/benchmark/testcode/BenchmarkTest02708.java,49
BenchmarkTest02709,1,CWE-614,1,1,0,1.0,A cookie was detected without setting the 'secure' flag. The 'secure' flag for cookies prevents the client from transmitting the cookie over insecure channels such as HTTP. Set the 'secure' flag by calling 'cookie.setSecure(true);',0.9627534145944583,P1 - Critical (ML High-Confidence Vulnerability),data/benchmark/src/main/java/org/owasp/benchmark/testcode/BenchmarkTest02709.java,66
BenchmarkTest02710,1,CWE-614,1,1,0,1.0,A cookie was detected without setting the 'secure' flag. The 'secure' flag for cookies prevents the client from transmitting the cookie over insecure channels such as HTTP. Set the 'secure' flag by calling 'cookie.setSecure(true);',0.9627534145944583,P1 - Critical (ML High-Confidence Vulnerability),data/benchmark/src/main/java/org/owasp/benchmark/testcode/BenchmarkTest02710.java,66
BenchmarkTest02711,0,CWE-614,0,0,0,1.0,,0.1432577520584313,P4 - Low (ML Suppressed / Likely False Alarm),,
BenchmarkTest02712,0,CWE-79,0,0,0,0.6516,,0.2659189177021378,P4 - Low (ML Suppressed / Likely False Alarm),,
BenchmarkTest02713,0,CWE-78,1,1,0,0.5177,"Detected input from a HTTPServletRequest going into a 'ProcessBuilder' or 'exec' command. This could lead to command injection if variables passed into the exec commands are not properly sanitized. Instead, avoid using these OS commands with user-supplied input, or, if you must use these commands, use a whitelist of specific values.",0.5752195073482003,P3 - Medium (ML Moderate / Needs Review),data/benchmark/src/main/java/org/owasp/benchmark/testcode/BenchmarkTest02713.java,58
BenchmarkTest02714,0,CWE-78,1,1,0,0.5177,"Detected input from a HTTPServletRequest going into a 'ProcessBuilder' or 'exec' command. This could lead to command injection if variables passed into the exec commands are not properly sanitized. Instead, avoid using these OS commands with user-supplied input, or, if you must use these commands, use a whitelist of specific values.",0.5683792859920807,P3 - Medium (ML Moderate / Needs Review),data/benchmark/src/main/java/org/owasp/benchmark/testcode/BenchmarkTest02714.java,55
BenchmarkTest02715,0,CWE-330,0,0,0,1.0,,0.0331840260624013,P4 - Low (ML Suppressed / Likely False Alarm),,
BenchmarkTest02716,0,CWE-330,0,0,0,1.0,,0.0331840260624013,P4 - Low (ML Suppressed / Likely False Alarm),,
BenchmarkTest02717,0,CWE-330,0,0,0,1.0,,0.04325014794951732,P4 - Low (ML Suppressed / Likely False Alarm),,
BenchmarkTest02718,0,CWE-330,0,0,0,1.0,,0.0331840260624013,P4 - Low (ML Suppressed / Likely False Alarm),,
BenchmarkTest02719,0,CWE-330,0,0,0,1.0,,0.0331840260624013,P4 - Low (ML Suppressed / Likely False Alarm),,
BenchmarkTest02720,0,CWE-330,0,0,0,1.0,,0.03391968678800127,P4 - Low (ML Suppressed / Likely False Alarm),,
BenchmarkTest02721,0,CWE-330,0,0,0,1.0,,0.04325014794951732,P4 - Low (ML Suppressed / Likely False Alarm),,
BenchmarkTest02722,0,CWE-501,0,0,0,0.7234,,0.33174281572012776,P4 - Low (ML Suppressed / Likely False Alarm),,
BenchmarkTest02723,0,CWE-501,0,0,0,0.7234,,0.32432943290492355,P4 - Low (ML Suppressed / Likely False Alarm),,
BenchmarkTest02724,0,CWE-501,0,0,0,0.7234,,0.32432943290492355,P4 - Low (ML Suppressed / Likely False Alarm),,
BenchmarkTest02725,0,CWE-501,0,0,0,0.7234,,0.3634091879376683,P4 - Low (ML Suppressed / Likely False Alarm),,
BenchmarkTest02726,0,CWE-501,0,0,0,0.7234,,0.3634091879376683,P4 - Low (ML Suppressed / Likely False Alarm),,
BenchmarkTest02727,0,CWE-89,0,0,0,0.5746,,0.23431995802528183,P4 - Low (ML Suppressed / Likely False Alarm),,
BenchmarkTest02728,0,CWE-89,0,0,0,0.5746,,0.23431995802528183,P4 - Low (ML Suppressed / Likely False Alarm),,
BenchmarkTest02729,0,CWE-89,0,0,0,0.5746,,0.21771025903164282,P4 - Low (ML Suppressed / Likely False Alarm),,
BenchmarkTest02730,0,CWE-89,0,0,0,0.5746,,0.23431995802528183,P4 - Low (ML Suppressed / Likely False Alarm),,
BenchmarkTest02731,0,CWE-89,0,0,0,0.5746,,0.2093850809927966,P4 - Low (ML Suppressed / Likely False Alarm),,
BenchmarkTest02732,0,CWE-89,0,0,0,0.5746,,0.2093850809927966,P4 - Low (ML Suppressed / Likely False Alarm),,
BenchmarkTest02733,0,CWE-89,0,0,0,0.5746,,0.21920543900824976,P4 - Low (ML Suppressed / Likely False Alarm),,
BenchmarkTest02734,0,CWE-89,0,0,0,0.5746,,0.23431995802528183,P4 - Low (ML Suppressed / Likely False Alarm),,
BenchmarkTest02735,0,CWE-89,0,0,0,0.5746,,0.23431995802528183,P4 - Low (ML Suppressed / Likely False Alarm),,
BenchmarkTest02736,0,CWE-89,0,0,0,0.5746,,0.22805439478118394,P4 - Low (ML Suppressed / Likely False Alarm),,
BenchmarkTest02737,0,CWE-89,0,0,0,0.5746,,0.21920543900824976,P4 - Low (ML Suppressed / Likely False Alarm),,
BenchmarkTest02738,0,CWE-89,1,1,0,0.5746,Detected a formatted string in a SQL statement. This could lead to SQL injection if variables in the SQL statement are not properly sanitized. Use a prepared statements (java.sql.PreparedStatement) instead. You can obtain a PreparedStatement using 'connection.prepareStatement'.,0.44670919626903727,P4 - Low (ML Suppressed / Likely False Alarm),data/benchmark/src/main/java/org/owasp/benchmark/testcode/BenchmarkTest02738.java,54
BenchmarkTest02739,0,CWE-89,1,1,0,0.5746,Detected a formatted string in a SQL statement. This could lead to SQL injection if variables in the SQL statement are not properly sanitized. Use a prepared statements (java.sql.PreparedStatement) instead. You can obtain a PreparedStatement using 'connection.prepareStatement'.,0.4725678466009309,P3 - Medium (ML Moderate / Needs Review),data/benchmark/src/main/java/org/owasp/benchmark/testcode/BenchmarkTest02739.java,54
BenchmarkTest02740,0,CWE-89,1,1,0,0.5746,Detected a formatted string in a SQL statement. This could lead to SQL injection if variables in the SQL statement are not properly sanitized. Use a prepared statements (java.sql.PreparedStatement) instead. You can obtain a PreparedStatement using 'connection.prepareStatement'.,0.4725678466009309,P3 - Medium (ML Moderate / Needs Review),data/benchmark/src/main/java/org/owasp/benchmark/testcode/BenchmarkTest02740.java,54
