test_name,real_vulnerability,cwe,num_tools_agreeing,flagged_by_semgrep,flagged_by_sonar,cwe_historical_precision,message,ml_risk_score,ml_priority
BenchmarkTest00001,1,CWE-22,1,1,0,0.531,"Detected a potential path traversal. A malicious actor could control the location of this file, to include going backwards in the directory with '../'. To address this, ensure that user-controlled variables in file paths are sanitized. You may also consider using a utility method such as org.apache.commons.io.FilenameUtils.getName(...) to only retrieve the file name from the path.",0.5446502000682291,P3 - Medium (ML Moderate / Needs Review)
BenchmarkTest00002,1,CWE-22,1,1,0,0.531,"Detected a potential path traversal. A malicious actor could control the location of this file, to include going backwards in the directory with '../'. To address this, ensure that user-controlled variables in file paths are sanitized. You may also consider using a utility method such as org.apache.commons.io.FilenameUtils.getName(...) to only retrieve the file name from the path.",0.5333552162927581,P3 - Medium (ML Moderate / Needs Review)
BenchmarkTest00003,1,CWE-328,0,0,0,1.0,,0.21055491925120276,P4 - Low (ML Suppressed / Likely False Alarm)
BenchmarkTest00004,1,CWE-501,1,1,0,0.7234,"Detected a request with potential user-input going into a OutputStream or Writer object. This bypasses any view or template environments, including HTML escaping, which may expose this application to cross-site scripting (XSS) vulnerabilities. Consider using a view technology such as JavaServer Faces (JSFs) which automatically escapes HTML views.",0.7065454651105066,P2 - High (ML Probable Vulnerability)
BenchmarkTest00005,1,CWE-327,2,1,1,0.9046,DES is considered deprecated. AES is the recommended cipher. Upgrade to use AES. See https://www.nist.gov/news-events/news/2005/06/nist-withdraws-outdated-data-encryption-standard for more information.,0.9582673165050278,P1 - Critical (ML High-Confidence Vulnerability)
BenchmarkTest00006,1,CWE-78,1,1,0,0.5177,"Detected input from a HTTPServletRequest going into a 'ProcessBuilder' or 'exec' command. This could lead to command injection if variables passed into the exec commands are not properly sanitized. Instead, avoid using these OS commands with user-supplied input, or, if you must use these commands, use a whitelist of specific values.",0.565387778500283,P3 - Medium (ML Moderate / Needs Review)
BenchmarkTest00007,1,CWE-78,1,1,0,0.5177,"Detected input from a HTTPServletRequest going into a 'ProcessBuilder' or 'exec' command. This could lead to command injection if variables passed into the exec commands are not properly sanitized. Instead, avoid using these OS commands with user-supplied input, or, if you must use these commands, use a whitelist of specific values.",0.5140518495956894,P3 - Medium (ML Moderate / Needs Review)
BenchmarkTest00008,1,CWE-89,2,1,1,0.5746,Detected input from a HTTPServletRequest going into a SQL sink or statement. This could lead to SQL injection if variables in the SQL statement are not properly sanitized. Use parameterized SQL queries or properly sanitize user input instead.,0.6013870000430575,P3 - Medium (ML Moderate / Needs Review)
BenchmarkTest00009,0,CWE-328,0,0,0,1.0,,0.21055491925120276,P4 - Low (ML Suppressed / Likely False Alarm)
BenchmarkTest00010,0,CWE-330,0,0,0,1.0,,0.057764259022038515,P4 - Low (ML Suppressed / Likely False Alarm)
BenchmarkTest00011,1,CWE-22,1,1,0,0.531,"Detected a potential path traversal. A malicious actor could control the location of this file, to include going backwards in the directory with '../'. To address this, ensure that user-controlled variables in file paths are sanitized. You may also consider using a utility method such as org.apache.commons.io.FilenameUtils.getName(...) to only retrieve the file name from the path.",0.5333552162927581,P3 - Medium (ML Moderate / Needs Review)
BenchmarkTest00012,1,CWE-90,1,1,0,0.4815,"Detected input from a HTTPServletRequest going into an LDAP query. This could lead to LDAP injection if the input is not properly sanitized, which could result in attackers modifying objects in the LDAP tree structure. Ensure data passed to an LDAP query is not controllable or properly sanitize the data.",0.5131125537608819,P3 - Medium (ML Moderate / Needs Review)
BenchmarkTest00013,1,CWE-79,1,1,0,0.6516,"Detected a request with potential user-input going into a OutputStream or Writer object. This bypasses any view or template environments, including HTML escaping, which may expose this application to cross-site scripting (XSS) vulnerabilities. Consider using a view technology such as JavaServer Faces (JSFs) which automatically escapes HTML views.",0.658125282848209,P2 - High (ML Probable Vulnerability)
BenchmarkTest00014,1,CWE-79,1,1,0,0.6516,"Detected a request with potential user-input going into a OutputStream or Writer object. This bypasses any view or template environments, including HTML escaping, which may expose this application to cross-site scripting (XSS) vulnerabilities. Consider using a view technology such as JavaServer Faces (JSFs) which automatically escapes HTML views.",0.658125282848209,P2 - High (ML Probable Vulnerability)
BenchmarkTest00015,1,CWE-78,1,1,0,0.5177,"Detected input from a HTTPServletRequest going into a 'ProcessBuilder' or 'exec' command. This could lead to command injection if variables passed into the exec commands are not properly sanitized. Instead, avoid using these OS commands with user-supplied input, or, if you must use these commands, use a whitelist of specific values.",0.565387778500283,P3 - Medium (ML Moderate / Needs Review)
BenchmarkTest00016,0,CWE-614,0,0,0,1.0,,0.10509525118902438,P4 - Low (ML Suppressed / Likely False Alarm)
BenchmarkTest00017,1,CWE-78,1,1,0,0.5177,"Detected input from a HTTPServletRequest going into a 'ProcessBuilder' or 'exec' command. This could lead to command injection if variables passed into the exec commands are not properly sanitized. Instead, avoid using these OS commands with user-supplied input, or, if you must use these commands, use a whitelist of specific values.",0.543197997632849,P3 - Medium (ML Moderate / Needs Review)
BenchmarkTest00018,1,CWE-89,2,1,1,0.5746,Detected input from a HTTPServletRequest going into a SQL sink or statement. This could lead to SQL injection if variables in the SQL statement are not properly sanitized. Use parameterized SQL queries or properly sanitize user input instead.,0.6133730231246536,P3 - Medium (ML Moderate / Needs Review)
BenchmarkTest00019,1,CWE-327,1,0,1,0.9046,Use a secure cipher mode.,0.7651568594963934,P2 - High (ML Probable Vulnerability)
BenchmarkTest00020,1,CWE-327,1,0,1,0.9046,Use a strong cipher algorithm.,0.7448928852534946,P2 - High (ML Probable Vulnerability)
BenchmarkTest00021,1,CWE-90,1,1,0,0.4815,"Detected input from a HTTPServletRequest going into an LDAP query. This could lead to LDAP injection if the input is not properly sanitized, which could result in attackers modifying objects in the LDAP tree structure. Ensure data passed to an LDAP query is not controllable or properly sanitize the data.",0.4729567405628093,P3 - Medium (ML Moderate / Needs Review)
BenchmarkTest00022,0,CWE-328,0,0,0,1.0,,0.22444171124432277,P4 - Low (ML Suppressed / Likely False Alarm)
BenchmarkTest00023,1,CWE-330,2,1,1,1.0,"Detected use of the functions `Math.random()` or `java.util.Random()`. These are both not cryptographically strong random number generators (RNGs). If you are using these RNGs to create passwords or secret tokens, use `java.security.SecureRandom` instead.",1.0,P1 - Critical (ML High-Confidence Vulnerability)
BenchmarkTest00024,1,CWE-89,2,1,1,0.5746,Detected input from a HTTPServletRequest going into a SQL sink or statement. This could lead to SQL injection if variables in the SQL statement are not properly sanitized. Use parameterized SQL queries or properly sanitize user input instead.,0.6133730231246536,P3 - Medium (ML Moderate / Needs Review)
BenchmarkTest00025,1,CWE-89,1,1,0,0.5746,"Detected a request with potential user-input going into a OutputStream or Writer object. This bypasses any view or template environments, including HTML escaping, which may expose this application to cross-site scripting (XSS) vulnerabilities. Consider using a view technology such as JavaServer Faces (JSFs) which automatically escapes HTML views.",0.6281714366101186,P3 - Medium (ML Moderate / Needs Review)
BenchmarkTest00026,1,CWE-89,1,1,0,0.5746,Detected input from a HTTPServletRequest going into a SQL sink or statement. This could lead to SQL injection if variables in the SQL statement are not properly sanitized. Use parameterized SQL queries or properly sanitize user input instead.,0.6411923512308969,P3 - Medium (ML Moderate / Needs Review)
BenchmarkTest00027,1,CWE-89,2,1,1,0.5746,Detected input from a HTTPServletRequest going into a SQL sink or statement. This could lead to SQL injection if variables in the SQL statement are not properly sanitized. Use parameterized SQL queries or properly sanitize user input instead.,0.6013870000430575,P3 - Medium (ML Moderate / Needs Review)
BenchmarkTest00028,1,CWE-22,1,1,0,0.531,"Detected a potential path traversal. A malicious actor could control the location of this file, to include going backwards in the directory with '../'. To address this, ensure that user-controlled variables in file paths are sanitized. You may also consider using a utility method such as org.apache.commons.io.FilenameUtils.getName(...) to only retrieve the file name from the path.",0.5300041467457454,P3 - Medium (ML Moderate / Needs Review)
BenchmarkTest00029,1,CWE-328,0,0,0,1.0,,0.22444171124432277,P4 - Low (ML Suppressed / Likely False Alarm)
BenchmarkTest00030,1,CWE-79,1,1,0,0.6516,"Detected a request with potential user-input going into a OutputStream or Writer object. This bypasses any view or template environments, including HTML escaping, which may expose this application to cross-site scripting (XSS) vulnerabilities. Consider using a view technology such as JavaServer Faces (JSFs) which automatically escapes HTML views.",0.620660943864709,P3 - Medium (ML Moderate / Needs Review)
BenchmarkTest00031,1,CWE-501,1,1,0,0.7234,"Detected a request with potential user-input going into a OutputStream or Writer object. This bypasses any view or template environments, including HTML escaping, which may expose this application to cross-site scripting (XSS) vulnerabilities. Consider using a view technology such as JavaServer Faces (JSFs) which automatically escapes HTML views.",0.7078618281880859,P2 - High (ML Probable Vulnerability)
BenchmarkTest00032,1,CWE-89,1,1,0,0.5746,Detected input from a HTTPServletRequest going into a SQL sink or statement. This could lead to SQL injection if variables in the SQL statement are not properly sanitized. Use parameterized SQL queries or properly sanitize user input instead.,0.6369388599842778,P3 - Medium (ML Moderate / Needs Review)
BenchmarkTest00033,1,CWE-89,1,1,0,0.5746,Detected input from a HTTPServletRequest going into a SQL sink or statement. This could lead to SQL injection if variables in the SQL statement are not properly sanitized. Use parameterized SQL queries or properly sanitize user input instead.,0.6369388599842778,P3 - Medium (ML Moderate / Needs Review)
BenchmarkTest00034,1,CWE-89,2,1,1,0.5746,Detected a formatted string in a SQL statement. This could lead to SQL injection if variables in the SQL statement are not properly sanitized. Use a prepared statements (java.sql.PreparedStatement) instead. You can obtain a PreparedStatement using 'connection.prepareStatement'.,0.5312748750495969,P3 - Medium (ML Moderate / Needs Review)
BenchmarkTest00035,1,CWE-327,1,0,1,0.9046,Use a strong cipher algorithm.,0.746894127214667,P2 - High (ML Probable Vulnerability)
BenchmarkTest00036,1,CWE-79,1,1,0,0.6516,"Detected a request with potential user-input going into a OutputStream or Writer object. This bypasses any view or template environments, including HTML escaping, which may expose this application to cross-site scripting (XSS) vulnerabilities. Consider using a view technology such as JavaServer Faces (JSFs) which automatically escapes HTML views.",0.620660943864709,P3 - Medium (ML Moderate / Needs Review)
BenchmarkTest00037,1,CWE-89,2,1,1,0.5746,Detected input from a HTTPServletRequest going into a SQL sink or statement. This could lead to SQL injection if variables in the SQL statement are not properly sanitized. Use parameterized SQL queries or properly sanitize user input instead.,0.6052657034562158,P3 - Medium (ML Moderate / Needs Review)
BenchmarkTest00038,1,CWE-89,1,1,0,0.5746,Detected input from a HTTPServletRequest going into a SQL sink or statement. This could lead to SQL injection if variables in the SQL statement are not properly sanitized. Use parameterized SQL queries or properly sanitize user input instead.,0.6299341752169263,P3 - Medium (ML Moderate / Needs Review)
BenchmarkTest00039,1,CWE-89,1,1,0,0.5746,Detected input from a HTTPServletRequest going into a SQL sink or statement. This could lead to SQL injection if variables in the SQL statement are not properly sanitized. Use parameterized SQL queries or properly sanitize user input instead.,0.6325793924610322,P3 - Medium (ML Moderate / Needs Review)
BenchmarkTest00040,1,CWE-22,1,1,0,0.531,"Detected a potential path traversal. A malicious actor could control the location of this file, to include going backwards in the directory with '../'. To address this, ensure that user-controlled variables in file paths are sanitized. You may also consider using a utility method such as org.apache.commons.io.FilenameUtils.getName(...) to only retrieve the file name from the path.",0.5446502000682291,P3 - Medium (ML Moderate / Needs Review)
BenchmarkTest00041,1,CWE-79,0,0,0,0.6516,,0.2376126864028741,P4 - Low (ML Suppressed / Likely False Alarm)
BenchmarkTest00042,0,CWE-330,0,0,0,1.0,,0.054878713660365834,P4 - Low (ML Suppressed / Likely False Alarm)
BenchmarkTest00043,1,CWE-89,2,1,1,0.5746,Detected a formatted string in a SQL statement. This could lead to SQL injection if variables in the SQL statement are not properly sanitized. Use a prepared statements (java.sql.PreparedStatement) instead. You can obtain a PreparedStatement using 'connection.prepareStatement'.,0.49671630473765704,P3 - Medium (ML Moderate / Needs Review)
BenchmarkTest00044,1,CWE-90,1,1,0,0.4815,"Detected input from a HTTPServletRequest going into an LDAP query. This could lead to LDAP injection if the input is not properly sanitized, which could result in attackers modifying objects in the LDAP tree structure. Ensure data passed to an LDAP query is not controllable or properly sanitize the data.",0.4729567405628093,P3 - Medium (ML Moderate / Needs Review)
BenchmarkTest00045,1,CWE-22,1,1,0,0.531,"Detected a potential path traversal. A malicious actor could control the location of this file, to include going backwards in the directory with '../'. To address this, ensure that user-controlled variables in file paths are sanitized. You may also consider using a utility method such as org.apache.commons.io.FilenameUtils.getName(...) to only retrieve the file name from the path.",0.5300041467457454,P3 - Medium (ML Moderate / Needs Review)
BenchmarkTest00046,1,CWE-328,2,1,1,1.0,Detected MD5 hash algorithm which is considered insecure. MD5 is not collision resistant and is therefore not suitable as a cryptographic signature. Use HMAC instead.,0.9963725018172893,P1 - Critical (ML High-Confidence Vulnerability)
BenchmarkTest00047,1,CWE-79,1,1,0,0.6516,"Detected a request with potential user-input going into a OutputStream or Writer object. This bypasses any view or template environments, including HTML escaping, which may expose this application to cross-site scripting (XSS) vulnerabilities. Consider using a view technology such as JavaServer Faces (JSFs) which automatically escapes HTML views.",0.658125282848209,P2 - High (ML Probable Vulnerability)
BenchmarkTest00048,1,CWE-79,1,1,0,0.6516,"Detected a request with potential user-input going into a OutputStream or Writer object. This bypasses any view or template environments, including HTML escaping, which may expose this application to cross-site scripting (XSS) vulnerabilities. Consider using a view technology such as JavaServer Faces (JSFs) which automatically escapes HTML views.",0.6447953001558595,P3 - Medium (ML Moderate / Needs Review)
BenchmarkTest00049,1,CWE-79,1,1,0,0.6516,"Detected a request with potential user-input going into a OutputStream or Writer object. This bypasses any view or template environments, including HTML escaping, which may expose this application to cross-site scripting (XSS) vulnerabilities. Consider using a view technology such as JavaServer Faces (JSFs) which automatically escapes HTML views.",0.620660943864709,P3 - Medium (ML Moderate / Needs Review)
BenchmarkTest00050,1,CWE-327,1,0,1,0.9046,Use another cipher mode or disable padding.,0.746894127214667,P2 - High (ML Probable Vulnerability)
BenchmarkTest00051,0,CWE-78,1,1,0,0.5177,"Detected input from a HTTPServletRequest going into a 'ProcessBuilder' or 'exec' command. This could lead to command injection if variables passed into the exec commands are not properly sanitized. Instead, avoid using these OS commands with user-supplied input, or, if you must use these commands, use a whitelist of specific values.",0.5140518495956894,P3 - Medium (ML Moderate / Needs Review)
BenchmarkTest00052,0,CWE-89,1,0,1,0.5746,Make sure using a dynamically formatted SQL query is safe here.,0.3461669168666841,P4 - Low (ML Suppressed / Likely False Alarm)
BenchmarkTest00053,1,CWE-327,1,0,1,0.9046,Use a strong cipher algorithm.,0.7651568594963934,P2 - High (ML Probable Vulnerability)
BenchmarkTest00054,0,CWE-327,0,0,0,0.9046,,0.08431073471868633,P4 - Low (ML Suppressed / Likely False Alarm)
BenchmarkTest00055,1,CWE-327,1,0,1,0.9046,Use a strong cipher algorithm.,0.746894127214667,P2 - High (ML Probable Vulnerability)
BenchmarkTest00056,1,CWE-327,1,0,1,0.9046,Use a strong cipher algorithm.,0.7448928852534946,P2 - High (ML Probable Vulnerability)
BenchmarkTest00057,1,CWE-327,2,1,1,0.9046,DES is considered deprecated. AES is the recommended cipher. Upgrade to use AES. See https://www.nist.gov/news-events/news/2005/06/nist-withdraws-outdated-data-encryption-standard for more information.,0.9549847982426458,P1 - Critical (ML High-Confidence Vulnerability)
BenchmarkTest00058,0,CWE-327,0,0,0,0.9046,,0.09176958896267884,P4 - Low (ML Suppressed / Likely False Alarm)
BenchmarkTest00059,0,CWE-327,1,0,1,0.9046,Use a secure cipher mode.,0.7615061478378989,P2 - High (ML Probable Vulnerability)
BenchmarkTest00060,1,CWE-22,1,1,0,0.531,"Detected a potential path traversal. A malicious actor could control the location of this file, to include going backwards in the directory with '../'. To address this, ensure that user-controlled variables in file paths are sanitized. You may also consider using a utility method such as org.apache.commons.io.FilenameUtils.getName(...) to only retrieve the file name from the path.",0.5323617688956359,P3 - Medium (ML Moderate / Needs Review)
BenchmarkTest00061,1,CWE-22,1,1,0,0.531,"Detected a potential path traversal. A malicious actor could control the location of this file, to include going backwards in the directory with '../'. To address this, ensure that user-controlled variables in file paths are sanitized. You may also consider using a utility method such as org.apache.commons.io.FilenameUtils.getName(...) to only retrieve the file name from the path.",0.5300041467457454,P3 - Medium (ML Moderate / Needs Review)
BenchmarkTest00062,1,CWE-22,0,0,0,0.531,,0.22112950407752943,P4 - Low (ML Suppressed / Likely False Alarm)
BenchmarkTest00063,0,CWE-22,1,1,0,0.531,"Detected a potential path traversal. A malicious actor could control the location of this file, to include going backwards in the directory with '../'. To address this, ensure that user-controlled variables in file paths are sanitized. You may also consider using a utility method such as org.apache.commons.io.FilenameUtils.getName(...) to only retrieve the file name from the path.",0.5323617688956359,P3 - Medium (ML Moderate / Needs Review)
BenchmarkTest00064,0,CWE-22,1,1,0,0.531,"Detected a potential path traversal. A malicious actor could control the location of this file, to include going backwards in the directory with '../'. To address this, ensure that user-controlled variables in file paths are sanitized. You may also consider using a utility method such as org.apache.commons.io.FilenameUtils.getName(...) to only retrieve the file name from the path.",0.528523134306003,P3 - Medium (ML Moderate / Needs Review)
BenchmarkTest00065,1,CWE-22,0,0,0,0.531,,0.24590279655141292,P4 - Low (ML Suppressed / Likely False Alarm)
BenchmarkTest00066,1,CWE-330,2,1,1,1.0,"Detected use of the functions `Math.random()` or `java.util.Random()`. These are both not cryptographically strong random number generators (RNGs). If you are using these RNGs to create passwords or secret tokens, use `java.security.SecureRandom` instead.",1.0,P1 - Critical (ML High-Confidence Vulnerability)
BenchmarkTest00067,1,CWE-330,2,1,1,1.0,"Detected use of the functions `Math.random()` or `java.util.Random()`. These are both not cryptographically strong random number generators (RNGs). If you are using these RNGs to create passwords or secret tokens, use `java.security.SecureRandom` instead.",1.0,P1 - Critical (ML High-Confidence Vulnerability)
BenchmarkTest00068,1,CWE-330,2,1,1,1.0,"Detected use of the functions `Math.random()` or `java.util.Random()`. These are both not cryptographically strong random number generators (RNGs). If you are using these RNGs to create passwords or secret tokens, use `java.security.SecureRandom` instead.",1.0,P1 - Critical (ML High-Confidence Vulnerability)
BenchmarkTest00069,0,CWE-328,0,0,0,1.0,,0.21055491925120276,P4 - Low (ML Suppressed / Likely False Alarm)
BenchmarkTest00070,1,CWE-328,2,1,1,1.0,"Detected SHA1 hash algorithm which is considered insecure. SHA1 is not collision resistant and is therefore not suitable as a cryptographic signature. Instead, use PBKDF2 for password hashing or SHA256 or SHA512 for other hash function applications.",0.9969687847493788,P1 - Critical (ML High-Confidence Vulnerability)
BenchmarkTest00071,1,CWE-328,2,1,1,1.0,"Detected SHA1 hash algorithm which is considered insecure. SHA1 is not collision resistant and is therefore not suitable as a cryptographic signature. Instead, use PBKDF2 for password hashing or SHA256 or SHA512 for other hash function applications.",0.9967183475989987,P1 - Critical (ML High-Confidence Vulnerability)
BenchmarkTest00072,0,CWE-328,0,0,0,1.0,,0.21055491925120276,P4 - Low (ML Suppressed / Likely False Alarm)
BenchmarkTest00073,1,CWE-328,2,1,1,1.0,Detected MD5 hash algorithm which is considered insecure. MD5 is not collision resistant and is therefore not suitable as a cryptographic signature. Use HMAC instead.,0.9963725018172893,P1 - Critical (ML High-Confidence Vulnerability)
BenchmarkTest00074,1,CWE-328,0,0,0,1.0,,0.20319054080011195,P4 - Low (ML Suppressed / Likely False Alarm)
BenchmarkTest00075,0,CWE-328,0,0,0,1.0,,0.2336827722158927,P4 - Low (ML Suppressed / Likely False Alarm)
BenchmarkTest00076,0,CWE-328,0,0,0,1.0,,0.2042594061680803,P4 - Low (ML Suppressed / Likely False Alarm)
BenchmarkTest00077,1,CWE-78,1,1,0,0.5177,"Detected input from a HTTPServletRequest going into a 'ProcessBuilder' or 'exec' command. This could lead to command injection if variables passed into the exec commands are not properly sanitized. Instead, avoid using these OS commands with user-supplied input, or, if you must use these commands, use a whitelist of specific values.",0.5140518495956894,P3 - Medium (ML Moderate / Needs Review)
BenchmarkTest00078,1,CWE-330,2,1,1,1.0,"Detected use of the functions `Math.random()` or `java.util.Random()`. These are both not cryptographically strong random number generators (RNGs). If you are using these RNGs to create passwords or secret tokens, use `java.security.SecureRandom` instead.",1.0,P1 - Critical (ML High-Confidence Vulnerability)
BenchmarkTest00079,1,CWE-330,2,1,1,1.0,"Detected use of the functions `Math.random()` or `java.util.Random()`. These are both not cryptographically strong random number generators (RNGs). If you are using these RNGs to create passwords or secret tokens, use `java.security.SecureRandom` instead.",1.0,P1 - Critical (ML High-Confidence Vulnerability)
BenchmarkTest00080,1,CWE-330,2,1,1,1.0,"Detected use of the functions `Math.random()` or `java.util.Random()`. These are both not cryptographically strong random number generators (RNGs). If you are using these RNGs to create passwords or secret tokens, use `java.security.SecureRandom` instead.",1.0,P1 - Critical (ML High-Confidence Vulnerability)
BenchmarkTest00081,1,CWE-330,2,1,1,1.0,"Detected use of the functions `Math.random()` or `java.util.Random()`. These are both not cryptographically strong random number generators (RNGs). If you are using these RNGs to create passwords or secret tokens, use `java.security.SecureRandom` instead.",1.0,P1 - Critical (ML High-Confidence Vulnerability)
BenchmarkTest00082,1,CWE-330,2,1,1,1.0,"Detected use of the functions `Math.random()` or `java.util.Random()`. These are both not cryptographically strong random number generators (RNGs). If you are using these RNGs to create passwords or secret tokens, use `java.security.SecureRandom` instead.",1.0,P1 - Critical (ML High-Confidence Vulnerability)
BenchmarkTest00083,1,CWE-330,2,1,1,1.0,"Detected use of the functions `Math.random()` or `java.util.Random()`. These are both not cryptographically strong random number generators (RNGs). If you are using these RNGs to create passwords or secret tokens, use `java.security.SecureRandom` instead.",1.0,P1 - Critical (ML High-Confidence Vulnerability)
BenchmarkTest00084,1,CWE-330,2,1,1,1.0,"Detected use of the functions `Math.random()` or `java.util.Random()`. These are both not cryptographically strong random number generators (RNGs). If you are using these RNGs to create passwords or secret tokens, use `java.security.SecureRandom` instead.",1.0,P1 - Critical (ML High-Confidence Vulnerability)
BenchmarkTest00085,1,CWE-330,2,1,1,1.0,"Detected use of the functions `Math.random()` or `java.util.Random()`. These are both not cryptographically strong random number generators (RNGs). If you are using these RNGs to create passwords or secret tokens, use `java.security.SecureRandom` instead.",1.0,P1 - Critical (ML High-Confidence Vulnerability)
BenchmarkTest00086,1,CWE-330,2,1,1,1.0,"Detected use of the functions `Math.random()` or `java.util.Random()`. These are both not cryptographically strong random number generators (RNGs). If you are using these RNGs to create passwords or secret tokens, use `java.security.SecureRandom` instead.",1.0,P1 - Critical (ML High-Confidence Vulnerability)
BenchmarkTest00087,1,CWE-614,1,1,0,1.0,A cookie was detected without setting the 'secure' flag. The 'secure' flag for cookies prevents the client from transmitting the cookie over insecure channels such as HTTP. Set the 'secure' flag by calling 'cookie.setSecure(true);',0.9469332262689727,P1 - Critical (ML High-Confidence Vulnerability)
BenchmarkTest00088,0,CWE-614,0,0,0,1.0,,0.10458381250387964,P4 - Low (ML Suppressed / Likely False Alarm)
BenchmarkTest00089,0,CWE-614,0,0,0,1.0,,0.10509525118902438,P4 - Low (ML Suppressed / Likely False Alarm)
BenchmarkTest00090,0,CWE-78,1,1,0,0.5177,"Detected input from a HTTPServletRequest going into a 'ProcessBuilder' or 'exec' command. This could lead to command injection if variables passed into the exec commands are not properly sanitized. Instead, avoid using these OS commands with user-supplied input, or, if you must use these commands, use a whitelist of specific values.",0.565387778500283,P3 - Medium (ML Moderate / Needs Review)
BenchmarkTest00091,1,CWE-78,1,1,0,0.5177,"Detected input from a HTTPServletRequest going into a 'ProcessBuilder' or 'exec' command. This could lead to command injection if variables passed into the exec commands are not properly sanitized. Instead, avoid using these OS commands with user-supplied input, or, if you must use these commands, use a whitelist of specific values.",0.5140518495956894,P3 - Medium (ML Moderate / Needs Review)
BenchmarkTest00092,1,CWE-78,1,1,0,0.5177,"Detected input from a HTTPServletRequest going into a 'ProcessBuilder' or 'exec' command. This could lead to command injection if variables passed into the exec commands are not properly sanitized. Instead, avoid using these OS commands with user-supplied input, or, if you must use these commands, use a whitelist of specific values.",0.5140518495956894,P3 - Medium (ML Moderate / Needs Review)
BenchmarkTest00093,0,CWE-78,0,0,0,0.5177,,0.3069057838099165,P4 - Low (ML Suppressed / Likely False Alarm)
BenchmarkTest00094,0,CWE-330,0,0,0,1.0,,0.057764259022038515,P4 - Low (ML Suppressed / Likely False Alarm)
BenchmarkTest00095,0,CWE-330,0,0,0,1.0,,0.051215480072750806,P4 - Low (ML Suppressed / Likely False Alarm)
BenchmarkTest00096,0,CWE-330,0,0,0,1.0,,0.051215480072750806,P4 - Low (ML Suppressed / Likely False Alarm)
BenchmarkTest00097,0,CWE-501,1,1,0,0.7234,"Detected a request with potential user-input going into a OutputStream or Writer object. This bypasses any view or template environments, including HTML escaping, which may expose this application to cross-site scripting (XSS) vulnerabilities. Consider using a view technology such as JavaServer Faces (JSFs) which automatically escapes HTML views.",0.6941563292264352,P2 - High (ML Probable Vulnerability)
BenchmarkTest00098,1,CWE-501,1,1,0,0.7234,"Detected input from a HTTPServletRequest going into a session command, like `setAttribute`. User input into such a command could lead to an attacker inputting malicious code into your session parameters, blurring the line between what's trusted and untrusted, and therefore leading to a trust boundary violation. This could lead to programmers trusting unvalidated data. Instead, thoroughly sanitize user input before passing it into such function calls.",0.8592863088343478,P1 - Critical (ML High-Confidence Vulnerability)
BenchmarkTest00099,0,CWE-501,0,0,0,0.7234,,0.33363594360888704,P4 - Low (ML Suppressed / Likely False Alarm)
BenchmarkTest00100,1,CWE-89,1,0,1,0.5746,Make sure using a dynamically formatted SQL query is safe here.,0.27826349045176924,P4 - Low (ML Suppressed / Likely False Alarm)
BenchmarkTest00101,1,CWE-89,1,0,1,0.5746,Make sure using a dynamically formatted SQL query is safe here.,0.27826349045176924,P4 - Low (ML Suppressed / Likely False Alarm)
BenchmarkTest00102,1,CWE-89,1,1,0,0.5746,Detected input from a HTTPServletRequest going into a SQL sink or statement. This could lead to SQL injection if variables in the SQL statement are not properly sanitized. Use parameterized SQL queries or properly sanitize user input instead.,0.6299341752169263,P3 - Medium (ML Moderate / Needs Review)
BenchmarkTest00103,1,CWE-89,1,1,0,0.5746,Detected input from a HTTPServletRequest going into a SQL sink or statement. This could lead to SQL injection if variables in the SQL statement are not properly sanitized. Use parameterized SQL queries or properly sanitize user input instead.,0.6352860383034056,P3 - Medium (ML Moderate / Needs Review)
BenchmarkTest00104,0,CWE-89,1,1,0,0.5746,Detected input from a HTTPServletRequest going into a SQL sink or statement. This could lead to SQL injection if variables in the SQL statement are not properly sanitized. Use parameterized SQL queries or properly sanitize user input instead.,0.6352860383034056,P3 - Medium (ML Moderate / Needs Review)
BenchmarkTest00105,0,CWE-89,2,1,1,0.5746,Detected input from a HTTPServletRequest going into a SQL sink or statement. This could lead to SQL injection if variables in the SQL statement are not properly sanitized. Use parameterized SQL queries or properly sanitize user input instead.,0.6172031360784221,P3 - Medium (ML Moderate / Needs Review)
BenchmarkTest00106,1,CWE-89,2,1,1,0.5746,Detected a formatted string in a SQL statement. This could lead to SQL injection if variables in the SQL statement are not properly sanitized. Use a prepared statements (java.sql.PreparedStatement) instead. You can obtain a PreparedStatement using 'connection.prepareStatement'.,0.5312748750495969,P3 - Medium (ML Moderate / Needs Review)
BenchmarkTest00107,0,CWE-89,2,1,1,0.5746,Detected a formatted string in a SQL statement. This could lead to SQL injection if variables in the SQL statement are not properly sanitized. Use a prepared statements (java.sql.PreparedStatement) instead. You can obtain a PreparedStatement using 'connection.prepareStatement'.,0.549532047868988,P3 - Medium (ML Moderate / Needs Review)
BenchmarkTest00108,1,CWE-89,2,1,1,0.5746,Detected a formatted string in a SQL statement. This could lead to SQL injection if variables in the SQL statement are not properly sanitized. Use a prepared statements (java.sql.PreparedStatement) instead. You can obtain a PreparedStatement using 'connection.prepareStatement'.,0.5312748750495969,P3 - Medium (ML Moderate / Needs Review)
BenchmarkTest00109,1,CWE-89,2,1,1,0.5746,Detected a formatted string in a SQL statement. This could lead to SQL injection if variables in the SQL statement are not properly sanitized. Use a prepared statements (java.sql.PreparedStatement) instead. You can obtain a PreparedStatement using 'connection.prepareStatement'.,0.4939336901384355,P3 - Medium (ML Moderate / Needs Review)
BenchmarkTest00110,0,CWE-89,2,1,1,0.5746,Detected a formatted string in a SQL statement. This could lead to SQL injection if variables in the SQL statement are not properly sanitized. Use a prepared statements (java.sql.PreparedStatement) instead. You can obtain a PreparedStatement using 'connection.prepareStatement'.,0.49671630473765704,P3 - Medium (ML Moderate / Needs Review)
BenchmarkTest00111,1,CWE-89,2,1,1,0.5746,Detected a formatted string in a SQL statement. This could lead to SQL injection if variables in the SQL statement are not properly sanitized. Use a prepared statements (java.sql.PreparedStatement) instead. You can obtain a PreparedStatement using 'connection.prepareStatement'.,0.549532047868988,P3 - Medium (ML Moderate / Needs Review)
BenchmarkTest00112,1,CWE-89,2,1,1,0.5746,Detected input from a HTTPServletRequest going into a SQL sink or statement. This could lead to SQL injection if variables in the SQL statement are not properly sanitized. Use parameterized SQL queries or properly sanitize user input instead.,0.6172031360784221,P3 - Medium (ML Moderate / Needs Review)
BenchmarkTest00113,0,CWE-89,2,1,1,0.5746,Detected a formatted string in a SQL statement. This could lead to SQL injection if variables in the SQL statement are not properly sanitized. Use a prepared statements (java.sql.PreparedStatement) instead. You can obtain a PreparedStatement using 'connection.prepareStatement'.,0.46600563814060314,P3 - Medium (ML Moderate / Needs Review)
BenchmarkTest00114,0,CWE-89,2,1,1,0.5746,Detected input from a HTTPServletRequest going into a SQL sink or statement. This could lead to SQL injection if variables in the SQL statement are not properly sanitized. Use parameterized SQL queries or properly sanitize user input instead.,0.6326009898069045,P3 - Medium (ML Moderate / Needs Review)
BenchmarkTest00115,1,CWE-89,2,1,1,0.5746,Detected a formatted string in a SQL statement. This could lead to SQL injection if variables in the SQL statement are not properly sanitized. Use a prepared statements (java.sql.PreparedStatement) instead. You can obtain a PreparedStatement using 'connection.prepareStatement'.,0.49671630473765704,P3 - Medium (ML Moderate / Needs Review)
BenchmarkTest00116,0,CWE-643,0,0,0,0.5185,,0.2006646735407571,P4 - Low (ML Suppressed / Likely False Alarm)
BenchmarkTest00117,0,CWE-643,1,1,0,0.5185,"Detected a request with potential user-input going into a OutputStream or Writer object. This bypasses any view or template environments, including HTML escaping, which may expose this application to cross-site scripting (XSS) vulnerabilities. Consider using a view technology such as JavaServer Faces (JSFs) which automatically escapes HTML views.",0.5390225203962058,P3 - Medium (ML Moderate / Needs Review)
BenchmarkTest00118,0,CWE-643,1,1,0,0.5185,"Detected a request with potential user-input going into a OutputStream or Writer object. This bypasses any view or template environments, including HTML escaping, which may expose this application to cross-site scripting (XSS) vulnerabilities. Consider using a view technology such as JavaServer Faces (JSFs) which automatically escapes HTML views.",0.5390225203962058,P3 - Medium (ML Moderate / Needs Review)
BenchmarkTest00119,1,CWE-327,1,0,1,0.9046,Use a strong cipher algorithm.,0.746894127214667,P2 - High (ML Probable Vulnerability)
BenchmarkTest00120,1,CWE-327,1,0,1,0.9046,Use another cipher mode or disable padding.,0.7448928852534946,P2 - High (ML Probable Vulnerability)
BenchmarkTest00121,0,CWE-327,0,0,0,0.9046,,0.09081970593165378,P4 - Low (ML Suppressed / Likely False Alarm)
BenchmarkTest00122,0,CWE-327,0,0,0,0.9046,,0.09759301912689183,P4 - Low (ML Suppressed / Likely False Alarm)
BenchmarkTest00123,1,CWE-327,2,1,1,0.9046,DES is considered deprecated. AES is the recommended cipher. Upgrade to use AES. See https://www.nist.gov/news-events/news/2005/06/nist-withdraws-outdated-data-encryption-standard for more information.,0.9582673165050278,P1 - Critical (ML High-Confidence Vulnerability)
BenchmarkTest00124,1,CWE-327,2,1,1,0.9046,DES is considered deprecated. AES is the recommended cipher. Upgrade to use AES. See https://www.nist.gov/news-events/news/2005/06/nist-withdraws-outdated-data-encryption-standard for more information.,0.9549847982426458,P1 - Critical (ML High-Confidence Vulnerability)
BenchmarkTest00125,1,CWE-327,2,1,1,0.9046,DES is considered deprecated. AES is the recommended cipher. Upgrade to use AES. See https://www.nist.gov/news-events/news/2005/06/nist-withdraws-outdated-data-encryption-standard for more information.,0.9726464839232182,P1 - Critical (ML High-Confidence Vulnerability)
BenchmarkTest00126,0,CWE-327,0,0,0,0.9046,,0.09176958896267884,P4 - Low (ML Suppressed / Likely False Alarm)
BenchmarkTest00127,0,CWE-327,1,0,1,0.9046,Use a secure cipher mode.,0.746894127214667,P2 - High (ML Probable Vulnerability)
BenchmarkTest00128,0,CWE-327,1,0,1,0.9046,Use a secure cipher mode.,0.7448928852534946,P2 - High (ML Probable Vulnerability)
BenchmarkTest00129,0,CWE-327,1,0,1,0.9046,Use a secure cipher mode.,0.7669870863329693,P2 - High (ML Probable Vulnerability)
BenchmarkTest00130,0,CWE-327,1,0,1,0.9046,Use a secure cipher mode.,0.7651568594963934,P2 - High (ML Probable Vulnerability)
BenchmarkTest00131,0,CWE-22,1,1,0,0.531,"Detected a potential path traversal. A malicious actor could control the location of this file, to include going backwards in the directory with '../'. To address this, ensure that user-controlled variables in file paths are sanitized. You may also consider using a utility method such as org.apache.commons.io.FilenameUtils.getName(...) to only retrieve the file name from the path.",0.5446502000682291,P3 - Medium (ML Moderate / Needs Review)
BenchmarkTest00132,0,CWE-22,1,1,0,0.531,"Detected a potential path traversal. A malicious actor could control the location of this file, to include going backwards in the directory with '../'. To address this, ensure that user-controlled variables in file paths are sanitized. You may also consider using a utility method such as org.apache.commons.io.FilenameUtils.getName(...) to only retrieve the file name from the path.",0.5323617688956359,P3 - Medium (ML Moderate / Needs Review)
BenchmarkTest00133,1,CWE-22,1,1,0,0.531,"Detected a potential path traversal. A malicious actor could control the location of this file, to include going backwards in the directory with '../'. To address this, ensure that user-controlled variables in file paths are sanitized. You may also consider using a utility method such as org.apache.commons.io.FilenameUtils.getName(...) to only retrieve the file name from the path.",0.5323617688956359,P3 - Medium (ML Moderate / Needs Review)
BenchmarkTest00134,0,CWE-22,0,0,0,0.531,,0.23926100857156368,P4 - Low (ML Suppressed / Likely False Alarm)
BenchmarkTest00135,0,CWE-22,1,1,0,0.531,"Detected a potential path traversal. A malicious actor could control the location of this file, to include going backwards in the directory with '../'. To address this, ensure that user-controlled variables in file paths are sanitized. You may also consider using a utility method such as org.apache.commons.io.FilenameUtils.getName(...) to only retrieve the file name from the path.",0.5323617688956359,P3 - Medium (ML Moderate / Needs Review)
BenchmarkTest00136,0,CWE-22,1,1,0,0.531,"Detected a potential path traversal. A malicious actor could control the location of this file, to include going backwards in the directory with '../'. To address this, ensure that user-controlled variables in file paths are sanitized. You may also consider using a utility method such as org.apache.commons.io.FilenameUtils.getName(...) to only retrieve the file name from the path.",0.5300041467457454,P3 - Medium (ML Moderate / Needs Review)
BenchmarkTest00137,0,CWE-22,0,0,0,0.531,,0.23939612297813506,P4 - Low (ML Suppressed / Likely False Alarm)
BenchmarkTest00138,0,CWE-90,1,1,0,0.4815,"Detected input from a HTTPServletRequest going into an LDAP query. This could lead to LDAP injection if the input is not properly sanitized, which could result in attackers modifying objects in the LDAP tree structure. Ensure data passed to an LDAP query is not controllable or properly sanitize the data.",0.5026710330672093,P3 - Medium (ML Moderate / Needs Review)
BenchmarkTest00139,0,CWE-90,0,0,0,0.4815,,0.31554142886438635,P4 - Low (ML Suppressed / Likely False Alarm)
BenchmarkTest00140,1,CWE-330,2,1,1,1.0,"Detected use of the functions `Math.random()` or `java.util.Random()`. These are both not cryptographically strong random number generators (RNGs). If you are using these RNGs to create passwords or secret tokens, use `java.security.SecureRandom` instead.",1.0,P1 - Critical (ML High-Confidence Vulnerability)
BenchmarkTest00141,1,CWE-328,1,0,1,1.0,Make sure this weak hash algorithm is not used in a sensitive context here.,0.8637953647791987,P1 - Critical (ML High-Confidence Vulnerability)
BenchmarkTest00142,0,CWE-328,0,0,0,1.0,,0.21055491925120276,P4 - Low (ML Suppressed / Likely False Alarm)
BenchmarkTest00143,1,CWE-328,0,0,0,1.0,,0.20319054080011195,P4 - Low (ML Suppressed / Likely False Alarm)
BenchmarkTest00144,1,CWE-79,0,0,0,0.6516,,0.2376126864028741,P4 - Low (ML Suppressed / Likely False Alarm)
BenchmarkTest00145,1,CWE-79,0,0,0,0.6516,,0.2918844006955008,P4 - Low (ML Suppressed / Likely False Alarm)
BenchmarkTest00146,1,CWE-79,1,1,0,0.6516,"Detected a request with potential user-input going into a OutputStream or Writer object. This bypasses any view or template environments, including HTML escaping, which may expose this application to cross-site scripting (XSS) vulnerabilities. Consider using a view technology such as JavaServer Faces (JSFs) which automatically escapes HTML views.",0.6567667998284668,P2 - High (ML Probable Vulnerability)
BenchmarkTest00147,0,CWE-79,0,0,0,0.6516,,0.2376126864028741,P4 - Low (ML Suppressed / Likely False Alarm)
BenchmarkTest00148,1,CWE-79,1,1,0,0.6516,"Detected a request with potential user-input going into a OutputStream or Writer object. This bypasses any view or template environments, including HTML escaping, which may expose this application to cross-site scripting (XSS) vulnerabilities. Consider using a view technology such as JavaServer Faces (JSFs) which automatically escapes HTML views.",0.6654635318596704,P2 - High (ML Probable Vulnerability)
BenchmarkTest00149,1,CWE-79,1,1,0,0.6516,"Detected a request with potential user-input going into a OutputStream or Writer object. This bypasses any view or template environments, including HTML escaping, which may expose this application to cross-site scripting (XSS) vulnerabilities. Consider using a view technology such as JavaServer Faces (JSFs) which automatically escapes HTML views.",0.6567667998284668,P2 - High (ML Probable Vulnerability)
BenchmarkTest00150,1,CWE-79,1,1,0,0.6516,"Detected a request with potential user-input going into a OutputStream or Writer object. This bypasses any view or template environments, including HTML escaping, which may expose this application to cross-site scripting (XSS) vulnerabilities. Consider using a view technology such as JavaServer Faces (JSFs) which automatically escapes HTML views.",0.6654635318596704,P2 - High (ML Probable Vulnerability)
BenchmarkTest00151,0,CWE-79,0,0,0,0.6516,,0.2918844006955008,P4 - Low (ML Suppressed / Likely False Alarm)
BenchmarkTest00152,1,CWE-79,1,1,0,0.6516,"Detected a request with potential user-input going into a OutputStream or Writer object. This bypasses any view or template environments, including HTML escaping, which may expose this application to cross-site scripting (XSS) vulnerabilities. Consider using a view technology such as JavaServer Faces (JSFs) which automatically escapes HTML views.",0.6447953001558595,P3 - Medium (ML Moderate / Needs Review)
BenchmarkTest00153,1,CWE-79,0,0,0,0.6516,,0.2741956883318252,P4 - Low (ML Suppressed / Likely False Alarm)
BenchmarkTest00154,1,CWE-79,1,1,0,0.6516,"Detected a request with potential user-input going into a OutputStream or Writer object. This bypasses any view or template environments, including HTML escaping, which may expose this application to cross-site scripting (XSS) vulnerabilities. Consider using a view technology such as JavaServer Faces (JSFs) which automatically escapes HTML views.",0.6654635318596704,P2 - High (ML Probable Vulnerability)
BenchmarkTest00155,1,CWE-79,1,1,0,0.6516,"Detected a request with potential user-input going into a OutputStream or Writer object. This bypasses any view or template environments, including HTML escaping, which may expose this application to cross-site scripting (XSS) vulnerabilities. Consider using a view technology such as JavaServer Faces (JSFs) which automatically escapes HTML views.",0.658125282848209,P2 - High (ML Probable Vulnerability)
BenchmarkTest00156,1,CWE-79,0,0,0,0.6516,,0.25396206195529714,P4 - Low (ML Suppressed / Likely False Alarm)
BenchmarkTest00157,1,CWE-79,1,1,0,0.6516,"Detected a request with potential user-input going into a OutputStream or Writer object. This bypasses any view or template environments, including HTML escaping, which may expose this application to cross-site scripting (XSS) vulnerabilities. Consider using a view technology such as JavaServer Faces (JSFs) which automatically escapes HTML views.",0.658125282848209,P2 - High (ML Probable Vulnerability)
BenchmarkTest00158,0,CWE-78,1,1,0,0.5177,"Detected input from a HTTPServletRequest going into a 'ProcessBuilder' or 'exec' command. This could lead to command injection if variables passed into the exec commands are not properly sanitized. Instead, avoid using these OS commands with user-supplied input, or, if you must use these commands, use a whitelist of specific values.",0.5713557769679556,P3 - Medium (ML Moderate / Needs Review)
BenchmarkTest00159,1,CWE-78,1,1,0,0.5177,"Detected input from a HTTPServletRequest going into a 'ProcessBuilder' or 'exec' command. This could lead to command injection if variables passed into the exec commands are not properly sanitized. Instead, avoid using these OS commands with user-supplied input, or, if you must use these commands, use a whitelist of specific values.",0.5713557769679556,P3 - Medium (ML Moderate / Needs Review)
BenchmarkTest00160,1,CWE-330,2,1,1,1.0,"Detected use of the functions `Math.random()` or `java.util.Random()`. These are both not cryptographically strong random number generators (RNGs). If you are using these RNGs to create passwords or secret tokens, use `java.security.SecureRandom` instead.",1.0,P1 - Critical (ML High-Confidence Vulnerability)
BenchmarkTest00161,1,CWE-330,2,1,1,1.0,"Detected use of the functions `Math.random()` or `java.util.Random()`. These are both not cryptographically strong random number generators (RNGs). If you are using these RNGs to create passwords or secret tokens, use `java.security.SecureRandom` instead.",1.0,P1 - Critical (ML High-Confidence Vulnerability)
BenchmarkTest00162,1,CWE-330,2,1,1,1.0,"Detected use of the functions `Math.random()` or `java.util.Random()`. These are both not cryptographically strong random number generators (RNGs). If you are using these RNGs to create passwords or secret tokens, use `java.security.SecureRandom` instead.",1.0,P1 - Critical (ML High-Confidence Vulnerability)
BenchmarkTest00163,1,CWE-330,2,1,1,1.0,"Detected use of the functions `Math.random()` or `java.util.Random()`. These are both not cryptographically strong random number generators (RNGs). If you are using these RNGs to create passwords or secret tokens, use `java.security.SecureRandom` instead.",1.0,P1 - Critical (ML High-Confidence Vulnerability)
BenchmarkTest00164,1,CWE-330,2,1,1,1.0,"Detected use of the functions `Math.random()` or `java.util.Random()`. These are both not cryptographically strong random number generators (RNGs). If you are using these RNGs to create passwords or secret tokens, use `java.security.SecureRandom` instead.",1.0,P1 - Critical (ML High-Confidence Vulnerability)
BenchmarkTest00165,1,CWE-330,2,1,1,1.0,"Detected use of the functions `Math.random()` or `java.util.Random()`. These are both not cryptographically strong random number generators (RNGs). If you are using these RNGs to create passwords or secret tokens, use `java.security.SecureRandom` instead.",1.0,P1 - Critical (ML High-Confidence Vulnerability)
BenchmarkTest00166,1,CWE-330,2,1,1,1.0,"Detected use of the functions `Math.random()` or `java.util.Random()`. These are both not cryptographically strong random number generators (RNGs). If you are using these RNGs to create passwords or secret tokens, use `java.security.SecureRandom` instead.",1.0,P1 - Critical (ML High-Confidence Vulnerability)
BenchmarkTest00167,1,CWE-330,2,1,1,1.0,"Detected use of the functions `Math.random()` or `java.util.Random()`. These are both not cryptographically strong random number generators (RNGs). If you are using these RNGs to create passwords or secret tokens, use `java.security.SecureRandom` instead.",1.0,P1 - Critical (ML High-Confidence Vulnerability)
BenchmarkTest00168,1,CWE-330,2,1,1,1.0,"Detected use of the functions `Math.random()` or `java.util.Random()`. These are both not cryptographically strong random number generators (RNGs). If you are using these RNGs to create passwords or secret tokens, use `java.security.SecureRandom` instead.",1.0,P1 - Critical (ML High-Confidence Vulnerability)
BenchmarkTest00169,1,CWE-614,1,1,0,1.0,A cookie was detected without setting the 'secure' flag. The 'secure' flag for cookies prevents the client from transmitting the cookie over insecure channels such as HTTP. Set the 'secure' flag by calling 'cookie.setSecure(true);',0.9363653782212263,P1 - Critical (ML High-Confidence Vulnerability)
BenchmarkTest00170,1,CWE-614,1,1,0,1.0,A cookie was detected without setting the 'secure' flag. The 'secure' flag for cookies prevents the client from transmitting the cookie over insecure channels such as HTTP. Set the 'secure' flag by calling 'cookie.setSecure(true);',0.9297381030001333,P1 - Critical (ML High-Confidence Vulnerability)
BenchmarkTest00171,0,CWE-78,0,0,0,0.5177,,0.2497054813246188,P4 - Low (ML Suppressed / Likely False Alarm)
BenchmarkTest00172,1,CWE-78,0,0,0,0.5177,,0.28484721576841915,P4 - Low (ML Suppressed / Likely False Alarm)
BenchmarkTest00173,1,CWE-78,0,0,0,0.5177,,0.2666382338939781,P4 - Low (ML Suppressed / Likely False Alarm)
BenchmarkTest00174,1,CWE-78,1,1,0,0.5177,"Detected input from a HTTPServletRequest going into a 'ProcessBuilder' or 'exec' command. This could lead to command injection if variables passed into the exec commands are not properly sanitized. Instead, avoid using these OS commands with user-supplied input, or, if you must use these commands, use a whitelist of specific values.",0.5140518495956894,P3 - Medium (ML Moderate / Needs Review)
BenchmarkTest00175,0,CWE-78,0,0,0,0.5177,,0.3090676231719826,P4 - Low (ML Suppressed / Likely False Alarm)
BenchmarkTest00176,1,CWE-78,1,1,0,0.5177,"Detected input from a HTTPServletRequest going into a 'ProcessBuilder' or 'exec' command. This could lead to command injection if variables passed into the exec commands are not properly sanitized. Instead, avoid using these OS commands with user-supplied input, or, if you must use these commands, use a whitelist of specific values.",0.5713557769679556,P3 - Medium (ML Moderate / Needs Review)
BenchmarkTest00177,0,CWE-78,1,1,0,0.5177,"Detected input from a HTTPServletRequest going into a 'ProcessBuilder' or 'exec' command. This could lead to command injection if variables passed into the exec commands are not properly sanitized. Instead, avoid using these OS commands with user-supplied input, or, if you must use these commands, use a whitelist of specific values.",0.543197997632849,P3 - Medium (ML Moderate / Needs Review)
BenchmarkTest00178,0,CWE-330,0,0,0,1.0,,0.057764259022038515,P4 - Low (ML Suppressed / Likely False Alarm)
BenchmarkTest00179,0,CWE-330,0,0,0,1.0,,0.057764259022038515,P4 - Low (ML Suppressed / Likely False Alarm)
BenchmarkTest00180,0,CWE-330,0,0,0,1.0,,0.051215480072750806,P4 - Low (ML Suppressed / Likely False Alarm)
BenchmarkTest00181,0,CWE-330,0,0,0,1.0,,0.054878713660365834,P4 - Low (ML Suppressed / Likely False Alarm)
BenchmarkTest00182,0,CWE-330,0,0,0,1.0,,0.051215480072750806,P4 - Low (ML Suppressed / Likely False Alarm)
BenchmarkTest00183,0,CWE-330,0,0,0,1.0,,0.054878713660365834,P4 - Low (ML Suppressed / Likely False Alarm)
BenchmarkTest00184,0,CWE-330,0,0,0,1.0,,0.057764259022038515,P4 - Low (ML Suppressed / Likely False Alarm)
BenchmarkTest00185,0,CWE-330,0,0,0,1.0,,0.05437237384043517,P4 - Low (ML Suppressed / Likely False Alarm)
BenchmarkTest00186,0,CWE-330,0,0,0,1.0,,0.054878713660365834,P4 - Low (ML Suppressed / Likely False Alarm)
BenchmarkTest00187,0,CWE-330,0,0,0,1.0,,0.054878713660365834,P4 - Low (ML Suppressed / Likely False Alarm)
BenchmarkTest00188,0,CWE-330,0,0,0,1.0,,0.051215480072750806,P4 - Low (ML Suppressed / Likely False Alarm)
BenchmarkTest00189,0,CWE-501,0,0,0,0.7234,,0.33858143099312765,P4 - Low (ML Suppressed / Likely False Alarm)
BenchmarkTest00190,0,CWE-89,1,0,1,0.5746,Make sure using a dynamically formatted SQL query is safe here.,0.27826349045176924,P4 - Low (ML Suppressed / Likely False Alarm)
BenchmarkTest00191,0,CWE-89,2,1,1,0.5746,Detected input from a HTTPServletRequest going into a SQL sink or statement. This could lead to SQL injection if variables in the SQL statement are not properly sanitized. Use parameterized SQL queries or properly sanitize user input instead.,0.6013870000430575,P3 - Medium (ML Moderate / Needs Review)
BenchmarkTest00192,1,CWE-89,2,1,1,0.5746,Detected input from a HTTPServletRequest going into a SQL sink or statement. This could lead to SQL injection if variables in the SQL statement are not properly sanitized. Use parameterized SQL queries or properly sanitize user input instead.,0.6052657034562158,P3 - Medium (ML Moderate / Needs Review)
BenchmarkTest00193,1,CWE-89,2,1,1,0.5746,Detected input from a HTTPServletRequest going into a SQL sink or statement. This could lead to SQL injection if variables in the SQL statement are not properly sanitized. Use parameterized SQL queries or properly sanitize user input instead.,0.6326009898069045,P3 - Medium (ML Moderate / Needs Review)
BenchmarkTest00194,1,CWE-89,1,1,0,0.5746,Detected input from a HTTPServletRequest going into a SQL sink or statement. This could lead to SQL injection if variables in the SQL statement are not properly sanitized. Use parameterized SQL queries or properly sanitize user input instead.,0.6369388599842778,P3 - Medium (ML Moderate / Needs Review)
BenchmarkTest00195,1,CWE-89,1,1,0,0.5746,Detected input from a HTTPServletRequest going into a SQL sink or statement. This could lead to SQL injection if variables in the SQL statement are not properly sanitized. Use parameterized SQL queries or properly sanitize user input instead.,0.6352860383034056,P3 - Medium (ML Moderate / Needs Review)
BenchmarkTest00196,1,CWE-89,1,1,0,0.5746,Detected input from a HTTPServletRequest going into a SQL sink or statement. This could lead to SQL injection if variables in the SQL statement are not properly sanitized. Use parameterized SQL queries or properly sanitize user input instead.,0.6325793924610322,P3 - Medium (ML Moderate / Needs Review)
BenchmarkTest00197,0,CWE-89,0,0,0,0.5746,,0.22127245890996192,P4 - Low (ML Suppressed / Likely False Alarm)
BenchmarkTest00198,1,CWE-89,1,1,0,0.5746,"Detected a request with potential user-input going into a OutputStream or Writer object. This bypasses any view or template environments, including HTML escaping, which may expose this application to cross-site scripting (XSS) vulnerabilities. Consider using a view technology such as JavaServer Faces (JSFs) which automatically escapes HTML views.",0.5883339559634727,P3 - Medium (ML Moderate / Needs Review)
BenchmarkTest00199,1,CWE-89,1,1,0,0.5746,"Detected a request with potential user-input going into a OutputStream or Writer object. This bypasses any view or template environments, including HTML escaping, which may expose this application to cross-site scripting (XSS) vulnerabilities. Consider using a view technology such as JavaServer Faces (JSFs) which automatically escapes HTML views.",0.6073803082754364,P3 - Medium (ML Moderate / Needs Review)
BenchmarkTest00200,0,CWE-89,0,0,0,0.5746,,0.22537707007614627,P4 - Low (ML Suppressed / Likely False Alarm)
BenchmarkTest00201,0,CWE-89,0,0,0,0.5746,,0.2278663181533582,P4 - Low (ML Suppressed / Likely False Alarm)
BenchmarkTest00202,0,CWE-89,2,1,1,0.5746,Detected a formatted string in a SQL statement. This could lead to SQL injection if variables in the SQL statement are not properly sanitized. Use a prepared statements (java.sql.PreparedStatement) instead. You can obtain a PreparedStatement using 'connection.prepareStatement'.,0.549532047868988,P3 - Medium (ML Moderate / Needs Review)
BenchmarkTest00203,1,CWE-89,2,1,1,0.5746,Detected input from a HTTPServletRequest going into a SQL sink or statement. This could lead to SQL injection if variables in the SQL statement are not properly sanitized. Use parameterized SQL queries or properly sanitize user input instead.,0.6133730231246536,P3 - Medium (ML Moderate / Needs Review)
BenchmarkTest00204,1,CWE-89,2,1,1,0.5746,Detected input from a HTTPServletRequest going into a SQL sink or statement. This could lead to SQL injection if variables in the SQL statement are not properly sanitized. Use parameterized SQL queries or properly sanitize user input instead.,0.6133730231246536,P3 - Medium (ML Moderate / Needs Review)
BenchmarkTest00205,0,CWE-89,2,1,1,0.5746,Detected a formatted string in a SQL statement. This could lead to SQL injection if variables in the SQL statement are not properly sanitized. Use a prepared statements (java.sql.PreparedStatement) instead. You can obtain a PreparedStatement using 'connection.prepareStatement'.,0.46600563814060314,P3 - Medium (ML Moderate / Needs Review)
BenchmarkTest00206,0,CWE-89,2,1,1,0.5746,Detected a formatted string in a SQL statement. This could lead to SQL injection if variables in the SQL statement are not properly sanitized. Use a prepared statements (java.sql.PreparedStatement) instead. You can obtain a PreparedStatement using 'connection.prepareStatement'.,0.549532047868988,P3 - Medium (ML Moderate / Needs Review)
BenchmarkTest00207,1,CWE-643,1,1,0,0.5185,"Detected a request with potential user-input going into a OutputStream or Writer object. This bypasses any view or template environments, including HTML escaping, which may expose this application to cross-site scripting (XSS) vulnerabilities. Consider using a view technology such as JavaServer Faces (JSFs) which automatically escapes HTML views.",0.5390225203962058,P3 - Medium (ML Moderate / Needs Review)
BenchmarkTest00208,1,CWE-327,1,0,1,0.9046,Use another cipher mode or disable padding.,0.7615061478378989,P2 - High (ML Probable Vulnerability)
BenchmarkTest00209,0,CWE-327,0,0,0,0.9046,,0.09176958896267884,P4 - Low (ML Suppressed / Likely False Alarm)
BenchmarkTest00210,1,CWE-327,2,1,1,0.9046,DES is considered deprecated. AES is the recommended cipher. Upgrade to use AES. See https://www.nist.gov/news-events/news/2005/06/nist-withdraws-outdated-data-encryption-standard for more information.,0.9663830351149392,P1 - Critical (ML High-Confidence Vulnerability)
BenchmarkTest00211,0,CWE-327,0,0,0,0.9046,,0.09176958896267884,P4 - Low (ML Suppressed / Likely False Alarm)
BenchmarkTest00212,0,CWE-327,0,0,0,0.9046,,0.09176958896267884,P4 - Low (ML Suppressed / Likely False Alarm)
BenchmarkTest00213,0,CWE-327,1,0,1,0.9046,Use a secure cipher mode.,0.7669870863329693,P2 - High (ML Probable Vulnerability)
BenchmarkTest00214,0,CWE-327,1,0,1,0.9046,Use a secure cipher mode.,0.7615061478378989,P2 - High (ML Probable Vulnerability)
BenchmarkTest00215,1,CWE-22,1,1,0,0.531,"Detected a potential path traversal. A malicious actor could control the location of this file, to include going backwards in the directory with '../'. To address this, ensure that user-controlled variables in file paths are sanitized. You may also consider using a utility method such as org.apache.commons.io.FilenameUtils.getName(...) to only retrieve the file name from the path.",0.5300041467457454,P3 - Medium (ML Moderate / Needs Review)
BenchmarkTest00216,1,CWE-22,1,1,0,0.531,"Detected a potential path traversal. A malicious actor could control the location of this file, to include going backwards in the directory with '../'. To address this, ensure that user-controlled variables in file paths are sanitized. You may also consider using a utility method such as org.apache.commons.io.FilenameUtils.getName(...) to only retrieve the file name from the path.",0.5300041467457454,P3 - Medium (ML Moderate / Needs Review)
BenchmarkTest00217,0,CWE-22,0,0,0,0.531,,0.23926100857156368,P4 - Low (ML Suppressed / Likely False Alarm)
BenchmarkTest00218,1,CWE-22,1,1,0,0.531,"Detected a potential path traversal. A malicious actor could control the location of this file, to include going backwards in the directory with '../'. To address this, ensure that user-controlled variables in file paths are sanitized. You may also consider using a utility method such as org.apache.commons.io.FilenameUtils.getName(...) to only retrieve the file name from the path.",0.5300041467457454,P3 - Medium (ML Moderate / Needs Review)
BenchmarkTest00219,1,CWE-22,1,1,0,0.531,"Detected a potential path traversal. A malicious actor could control the location of this file, to include going backwards in the directory with '../'. To address this, ensure that user-controlled variables in file paths are sanitized. You may also consider using a utility method such as org.apache.commons.io.FilenameUtils.getName(...) to only retrieve the file name from the path.",0.5323617688956359,P3 - Medium (ML Moderate / Needs Review)
BenchmarkTest00220,0,CWE-22,0,0,0,0.531,,0.23367630537219905,P4 - Low (ML Suppressed / Likely False Alarm)
BenchmarkTest00221,0,CWE-22,1,1,0,0.531,"Detected a potential path traversal. A malicious actor could control the location of this file, to include going backwards in the directory with '../'. To address this, ensure that user-controlled variables in file paths are sanitized. You may also consider using a utility method such as org.apache.commons.io.FilenameUtils.getName(...) to only retrieve the file name from the path.",0.5333552162927581,P3 - Medium (ML Moderate / Needs Review)
BenchmarkTest00222,1,CWE-22,1,1,0,0.531,"Detected a potential path traversal. A malicious actor could control the location of this file, to include going backwards in the directory with '../'. To address this, ensure that user-controlled variables in file paths are sanitized. You may also consider using a utility method such as org.apache.commons.io.FilenameUtils.getName(...) to only retrieve the file name from the path.",0.528523134306003,P3 - Medium (ML Moderate / Needs Review)
BenchmarkTest00223,1,CWE-328,1,0,1,1.0,Make sure this weak hash algorithm is not used in a sensitive context here.,0.8637953647791987,P1 - Critical (ML High-Confidence Vulnerability)
BenchmarkTest00224,0,CWE-328,0,0,0,1.0,,0.22444171124432277,P4 - Low (ML Suppressed / Likely False Alarm)
BenchmarkTest00225,0,CWE-328,0,0,0,1.0,,0.21055491925120276,P4 - Low (ML Suppressed / Likely False Alarm)
BenchmarkTest00226,1,CWE-328,0,0,0,1.0,,0.21055491925120276,P4 - Low (ML Suppressed / Likely False Alarm)
BenchmarkTest00227,1,CWE-328,0,0,0,1.0,,0.2042594061680803,P4 - Low (ML Suppressed / Likely False Alarm)
BenchmarkTest00228,0,CWE-328,0,0,0,1.0,,0.22444171124432277,P4 - Low (ML Suppressed / Likely False Alarm)
BenchmarkTest00229,0,CWE-328,0,0,0,1.0,,0.2042594061680803,P4 - Low (ML Suppressed / Likely False Alarm)
BenchmarkTest00230,1,CWE-330,2,1,1,1.0,"Detected use of the functions `Math.random()` or `java.util.Random()`. These are both not cryptographically strong random number generators (RNGs). If you are using these RNGs to create passwords or secret tokens, use `java.security.SecureRandom` instead.",1.0,P1 - Critical (ML High-Confidence Vulnerability)
BenchmarkTest00231,1,CWE-330,2,1,1,1.0,"Detected use of the functions `Math.random()` or `java.util.Random()`. These are both not cryptographically strong random number generators (RNGs). If you are using these RNGs to create passwords or secret tokens, use `java.security.SecureRandom` instead.",1.0,P1 - Critical (ML High-Confidence Vulnerability)
BenchmarkTest00232,1,CWE-330,2,1,1,1.0,"Detected use of the functions `Math.random()` or `java.util.Random()`. These are both not cryptographically strong random number generators (RNGs). If you are using these RNGs to create passwords or secret tokens, use `java.security.SecureRandom` instead.",1.0,P1 - Critical (ML High-Confidence Vulnerability)
BenchmarkTest00233,1,CWE-330,2,1,1,1.0,"Detected use of the functions `Math.random()` or `java.util.Random()`. These are both not cryptographically strong random number generators (RNGs). If you are using these RNGs to create passwords or secret tokens, use `java.security.SecureRandom` instead.",1.0,P1 - Critical (ML High-Confidence Vulnerability)
BenchmarkTest00234,1,CWE-330,2,1,1,1.0,"Detected use of the functions `Math.random()` or `java.util.Random()`. These are both not cryptographically strong random number generators (RNGs). If you are using these RNGs to create passwords or secret tokens, use `java.security.SecureRandom` instead.",1.0,P1 - Critical (ML High-Confidence Vulnerability)
BenchmarkTest00235,1,CWE-330,2,1,1,1.0,"Detected use of the functions `Math.random()` or `java.util.Random()`. These are both not cryptographically strong random number generators (RNGs). If you are using these RNGs to create passwords or secret tokens, use `java.security.SecureRandom` instead.",1.0,P1 - Critical (ML High-Confidence Vulnerability)
BenchmarkTest00236,1,CWE-330,2,1,1,1.0,"Detected use of the functions `Math.random()` or `java.util.Random()`. These are both not cryptographically strong random number generators (RNGs). If you are using these RNGs to create passwords or secret tokens, use `java.security.SecureRandom` instead.",1.0,P1 - Critical (ML High-Confidence Vulnerability)
BenchmarkTest00237,1,CWE-330,2,1,1,1.0,"Detected use of the functions `Math.random()` or `java.util.Random()`. These are both not cryptographically strong random number generators (RNGs). If you are using these RNGs to create passwords or secret tokens, use `java.security.SecureRandom` instead.",1.0,P1 - Critical (ML High-Confidence Vulnerability)
BenchmarkTest00238,1,CWE-330,2,1,1,1.0,"Detected use of the functions `Math.random()` or `java.util.Random()`. These are both not cryptographically strong random number generators (RNGs). If you are using these RNGs to create passwords or secret tokens, use `java.security.SecureRandom` instead.",1.0,P1 - Critical (ML High-Confidence Vulnerability)
BenchmarkTest00239,1,CWE-330,2,1,1,1.0,"Detected use of the functions `Math.random()` or `java.util.Random()`. These are both not cryptographically strong random number generators (RNGs). If you are using these RNGs to create passwords or secret tokens, use `java.security.SecureRandom` instead.",1.0,P1 - Critical (ML High-Confidence Vulnerability)
BenchmarkTest00240,1,CWE-330,2,1,1,1.0,"Detected use of the functions `Math.random()` or `java.util.Random()`. These are both not cryptographically strong random number generators (RNGs). If you are using these RNGs to create passwords or secret tokens, use `java.security.SecureRandom` instead.",1.0,P1 - Critical (ML High-Confidence Vulnerability)
BenchmarkTest00241,1,CWE-614,1,1,0,1.0,A cookie was detected without setting the 'secure' flag. The 'secure' flag for cookies prevents the client from transmitting the cookie over insecure channels such as HTTP. Set the 'secure' flag by calling 'cookie.setSecure(true);',0.9297381030001333,P1 - Critical (ML High-Confidence Vulnerability)
BenchmarkTest00242,0,CWE-614,0,0,0,1.0,,0.10087677962527324,P4 - Low (ML Suppressed / Likely False Alarm)
BenchmarkTest00243,0,CWE-330,0,0,0,1.0,,0.05437237384043517,P4 - Low (ML Suppressed / Likely False Alarm)
BenchmarkTest00244,0,CWE-330,0,0,0,1.0,,0.05157343440022427,P4 - Low (ML Suppressed / Likely False Alarm)
BenchmarkTest00245,0,CWE-330,0,0,0,1.0,,0.054878713660365834,P4 - Low (ML Suppressed / Likely False Alarm)
BenchmarkTest00246,0,CWE-330,0,0,0,1.0,,0.057764259022038515,P4 - Low (ML Suppressed / Likely False Alarm)
BenchmarkTest00247,0,CWE-330,0,0,0,1.0,,0.05437237384043517,P4 - Low (ML Suppressed / Likely False Alarm)
BenchmarkTest00248,0,CWE-330,0,0,0,1.0,,0.05437237384043517,P4 - Low (ML Suppressed / Likely False Alarm)
BenchmarkTest00249,0,CWE-330,0,0,0,1.0,,0.054878713660365834,P4 - Low (ML Suppressed / Likely False Alarm)
BenchmarkTest00250,0,CWE-501,1,1,0,0.7234,"Detected a request with potential user-input going into a OutputStream or Writer object. This bypasses any view or template environments, including HTML escaping, which may expose this application to cross-site scripting (XSS) vulnerabilities. Consider using a view technology such as JavaServer Faces (JSFs) which automatically escapes HTML views.",0.675477596449973,P2 - High (ML Probable Vulnerability)
BenchmarkTest00251,1,CWE-501,1,1,0,0.7234,"Detected a request with potential user-input going into a OutputStream or Writer object. This bypasses any view or template environments, including HTML escaping, which may expose this application to cross-site scripting (XSS) vulnerabilities. Consider using a view technology such as JavaServer Faces (JSFs) which automatically escapes HTML views.",0.6941563292264352,P2 - High (ML Probable Vulnerability)
BenchmarkTest00252,0,CWE-501,0,0,0,0.7234,,0.3381941644881687,P4 - Low (ML Suppressed / Likely False Alarm)
BenchmarkTest00253,0,CWE-501,1,1,0,0.7234,"Detected a request with potential user-input going into a OutputStream or Writer object. This bypasses any view or template environments, including HTML escaping, which may expose this application to cross-site scripting (XSS) vulnerabilities. Consider using a view technology such as JavaServer Faces (JSFs) which automatically escapes HTML views.",0.7078618281880859,P2 - High (ML Probable Vulnerability)
BenchmarkTest00254,1,CWE-327,1,0,1,0.9046,Use another cipher mode or disable padding.,0.7448928852534946,P2 - High (ML Probable Vulnerability)
BenchmarkTest00255,0,CWE-327,0,0,0,0.9046,,0.08431073471868633,P4 - Low (ML Suppressed / Likely False Alarm)
BenchmarkTest00256,1,CWE-327,1,0,1,0.9046,Use a strong cipher algorithm.,0.7651568594963934,P2 - High (ML Probable Vulnerability)
BenchmarkTest00257,1,CWE-327,1,0,1,0.9046,Use another cipher mode or disable padding.,0.7448928852534946,P2 - High (ML Probable Vulnerability)
BenchmarkTest00258,1,CWE-327,1,0,1,0.9046,Use a strong cipher algorithm.,0.746894127214667,P2 - High (ML Probable Vulnerability)
BenchmarkTest00259,0,CWE-327,0,0,0,0.9046,,0.10245024003086535,P4 - Low (ML Suppressed / Likely False Alarm)
BenchmarkTest00260,0,CWE-327,0,0,0,0.9046,,0.09176958896267884,P4 - Low (ML Suppressed / Likely False Alarm)
BenchmarkTest00261,0,CWE-22,0,0,0,0.531,,0.24590279655141292,P4 - Low (ML Suppressed / Likely False Alarm)
BenchmarkTest00262,1,CWE-22,1,1,0,0.531,"Detected a potential path traversal. A malicious actor could control the location of this file, to include going backwards in the directory with '../'. To address this, ensure that user-controlled variables in file paths are sanitized. You may also consider using a utility method such as org.apache.commons.io.FilenameUtils.getName(...) to only retrieve the file name from the path.",0.528523134306003,P3 - Medium (ML Moderate / Needs Review)
BenchmarkTest00263,0,CWE-22,1,1,0,0.531,"Detected a potential path traversal. A malicious actor could control the location of this file, to include going backwards in the directory with '../'. To address this, ensure that user-controlled variables in file paths are sanitized. You may also consider using a utility method such as org.apache.commons.io.FilenameUtils.getName(...) to only retrieve the file name from the path.",0.5323617688956359,P3 - Medium (ML Moderate / Needs Review)
BenchmarkTest00264,1,CWE-22,1,1,0,0.531,"Detected a potential path traversal. A malicious actor could control the location of this file, to include going backwards in the directory with '../'. To address this, ensure that user-controlled variables in file paths are sanitized. You may also consider using a utility method such as org.apache.commons.io.FilenameUtils.getName(...) to only retrieve the file name from the path.",0.528523134306003,P3 - Medium (ML Moderate / Needs Review)
BenchmarkTest00265,0,CWE-22,0,0,0,0.531,,0.23939612297813506,P4 - Low (ML Suppressed / Likely False Alarm)
BenchmarkTest00266,1,CWE-328,1,0,1,1.0,Make sure this weak hash algorithm is not used in a sensitive context here.,0.914768873042162,P1 - Critical (ML High-Confidence Vulnerability)
BenchmarkTest00267,1,CWE-328,1,0,1,1.0,Make sure this weak hash algorithm is not used in a sensitive context here.,0.8637953647791987,P1 - Critical (ML High-Confidence Vulnerability)
BenchmarkTest00268,1,CWE-328,2,1,1,1.0,"Detected SHA1 hash algorithm which is considered insecure. SHA1 is not collision resistant and is therefore not suitable as a cryptographic signature. Instead, use PBKDF2 for password hashing or SHA256 or SHA512 for other hash function applications.",0.9980365742548483,P1 - Critical (ML High-Confidence Vulnerability)
BenchmarkTest00269,1,CWE-328,2,1,1,1.0,"Detected SHA1 hash algorithm which is considered insecure. SHA1 is not collision resistant and is therefore not suitable as a cryptographic signature. Instead, use PBKDF2 for password hashing or SHA256 or SHA512 for other hash function applications.",0.9963725018172893,P1 - Critical (ML High-Confidence Vulnerability)
BenchmarkTest00270,0,CWE-328,0,0,0,1.0,,0.20319054080011195,P4 - Low (ML Suppressed / Likely False Alarm)
BenchmarkTest00271,0,CWE-328,0,0,0,1.0,,0.22444171124432277,P4 - Low (ML Suppressed / Likely False Alarm)
BenchmarkTest00272,1,CWE-328,2,1,1,1.0,Detected MD5 hash algorithm which is considered insecure. MD5 is not collision resistant and is therefore not suitable as a cryptographic signature. Use HMAC instead.,0.9980365742548483,P1 - Critical (ML High-Confidence Vulnerability)
BenchmarkTest00273,1,CWE-328,0,0,0,1.0,,0.2042594061680803,P4 - Low (ML Suppressed / Likely False Alarm)
BenchmarkTest00274,1,CWE-328,0,0,0,1.0,,0.2336827722158927,P4 - Low (ML Suppressed / Likely False Alarm)
BenchmarkTest00275,0,CWE-79,0,0,0,0.6516,,0.25396206195529714,P4 - Low (ML Suppressed / Likely False Alarm)
BenchmarkTest00276,1,CWE-79,1,1,0,0.6516,"Detected a request with potential user-input going into a OutputStream or Writer object. This bypasses any view or template environments, including HTML escaping, which may expose this application to cross-site scripting (XSS) vulnerabilities. Consider using a view technology such as JavaServer Faces (JSFs) which automatically escapes HTML views.",0.658125282848209,P2 - High (ML Probable Vulnerability)
BenchmarkTest00277,0,CWE-79,0,0,0,0.6516,,0.25396206195529714,P4 - Low (ML Suppressed / Likely False Alarm)
BenchmarkTest00278,0,CWE-79,0,0,0,0.6516,,0.2918844006955008,P4 - Low (ML Suppressed / Likely False Alarm)
BenchmarkTest00279,1,CWE-79,0,0,0,0.6516,,0.25396206195529714,P4 - Low (ML Suppressed / Likely False Alarm)
BenchmarkTest00280,1,CWE-79,1,1,0,0.6516,"Detected a request with potential user-input going into a OutputStream or Writer object. This bypasses any view or template environments, including HTML escaping, which may expose this application to cross-site scripting (XSS) vulnerabilities. Consider using a view technology such as JavaServer Faces (JSFs) which automatically escapes HTML views.",0.620660943864709,P3 - Medium (ML Moderate / Needs Review)
BenchmarkTest00281,0,CWE-79,1,1,0,0.6516,"Detected a request with potential user-input going into a OutputStream or Writer object. This bypasses any view or template environments, including HTML escaping, which may expose this application to cross-site scripting (XSS) vulnerabilities. Consider using a view technology such as JavaServer Faces (JSFs) which automatically escapes HTML views.",0.6654635318596704,P2 - High (ML Probable Vulnerability)
BenchmarkTest00282,0,CWE-79,0,0,0,0.6516,,0.25396206195529714,P4 - Low (ML Suppressed / Likely False Alarm)
BenchmarkTest00283,0,CWE-79,0,0,0,0.6516,,0.2918844006955008,P4 - Low (ML Suppressed / Likely False Alarm)
BenchmarkTest00284,1,CWE-79,1,1,0,0.6516,"Detected a request with potential user-input going into a OutputStream or Writer object. This bypasses any view or template environments, including HTML escaping, which may expose this application to cross-site scripting (XSS) vulnerabilities. Consider using a view technology such as JavaServer Faces (JSFs) which automatically escapes HTML views.",0.6567667998284668,P2 - High (ML Probable Vulnerability)
BenchmarkTest00285,0,CWE-79,0,0,0,0.6516,,0.2741956883318252,P4 - Low (ML Suppressed / Likely False Alarm)
BenchmarkTest00286,0,CWE-79,0,0,0,0.6516,,0.3134314167136792,P4 - Low (ML Suppressed / Likely False Alarm)
BenchmarkTest00287,1,CWE-79,1,1,0,0.6516,"Detected a request with potential user-input going into a OutputStream or Writer object. This bypasses any view or template environments, including HTML escaping, which may expose this application to cross-site scripting (XSS) vulnerabilities. Consider using a view technology such as JavaServer Faces (JSFs) which automatically escapes HTML views.",0.658125282848209,P2 - High (ML Probable Vulnerability)
BenchmarkTest00288,0,CWE-79,0,0,0,0.6516,,0.3134314167136792,P4 - Low (ML Suppressed / Likely False Alarm)
BenchmarkTest00289,0,CWE-79,0,0,0,0.6516,,0.2741956883318252,P4 - Low (ML Suppressed / Likely False Alarm)
BenchmarkTest00290,1,CWE-79,1,1,0,0.6516,"Detected a request with potential user-input going into a OutputStream or Writer object. This bypasses any view or template environments, including HTML escaping, which may expose this application to cross-site scripting (XSS) vulnerabilities. Consider using a view technology such as JavaServer Faces (JSFs) which automatically escapes HTML views.",0.6447953001558595,P3 - Medium (ML Moderate / Needs Review)
BenchmarkTest00291,1,CWE-79,1,1,0,0.6516,"Detected a request with potential user-input going into a OutputStream or Writer object. This bypasses any view or template environments, including HTML escaping, which may expose this application to cross-site scripting (XSS) vulnerabilities. Consider using a view technology such as JavaServer Faces (JSFs) which automatically escapes HTML views.",0.658125282848209,P2 - High (ML Probable Vulnerability)
BenchmarkTest00292,1,CWE-79,1,1,0,0.6516,"Detected a request with potential user-input going into a OutputStream or Writer object. This bypasses any view or template environments, including HTML escaping, which may expose this application to cross-site scripting (XSS) vulnerabilities. Consider using a view technology such as JavaServer Faces (JSFs) which automatically escapes HTML views.",0.6447953001558595,P3 - Medium (ML Moderate / Needs Review)
BenchmarkTest00293,1,CWE-78,1,1,0,0.5177,"Detected input from a HTTPServletRequest going into a 'ProcessBuilder' or 'exec' command. This could lead to command injection if variables passed into the exec commands are not properly sanitized. Instead, avoid using these OS commands with user-supplied input, or, if you must use these commands, use a whitelist of specific values.",0.5713557769679556,P3 - Medium (ML Moderate / Needs Review)
BenchmarkTest00294,1,CWE-78,1,1,0,0.5177,"Detected input from a HTTPServletRequest going into a 'ProcessBuilder' or 'exec' command. This could lead to command injection if variables passed into the exec commands are not properly sanitized. Instead, avoid using these OS commands with user-supplied input, or, if you must use these commands, use a whitelist of specific values.",0.543197997632849,P3 - Medium (ML Moderate / Needs Review)
BenchmarkTest00295,1,CWE-78,1,1,0,0.5177,"Detected input from a HTTPServletRequest going into a 'ProcessBuilder' or 'exec' command. This could lead to command injection if variables passed into the exec commands are not properly sanitized. Instead, avoid using these OS commands with user-supplied input, or, if you must use these commands, use a whitelist of specific values.",0.5076583195183094,P3 - Medium (ML Moderate / Needs Review)
BenchmarkTest00296,1,CWE-330,2,1,1,1.0,"Detected use of the functions `Math.random()` or `java.util.Random()`. These are both not cryptographically strong random number generators (RNGs). If you are using these RNGs to create passwords or secret tokens, use `java.security.SecureRandom` instead.",1.0,P1 - Critical (ML High-Confidence Vulnerability)
BenchmarkTest00297,1,CWE-330,2,1,1,1.0,"Detected use of the functions `Math.random()` or `java.util.Random()`. These are both not cryptographically strong random number generators (RNGs). If you are using these RNGs to create passwords or secret tokens, use `java.security.SecureRandom` instead.",1.0,P1 - Critical (ML High-Confidence Vulnerability)
BenchmarkTest00298,1,CWE-330,2,1,1,1.0,"Detected use of the functions `Math.random()` or `java.util.Random()`. These are both not cryptographically strong random number generators (RNGs). If you are using these RNGs to create passwords or secret tokens, use `java.security.SecureRandom` instead.",1.0,P1 - Critical (ML High-Confidence Vulnerability)
BenchmarkTest00299,1,CWE-330,2,1,1,1.0,"Detected use of the functions `Math.random()` or `java.util.Random()`. These are both not cryptographically strong random number generators (RNGs). If you are using these RNGs to create passwords or secret tokens, use `java.security.SecureRandom` instead.",1.0,P1 - Critical (ML High-Confidence Vulnerability)
BenchmarkTest00300,1,CWE-614,1,1,0,1.0,A cookie was detected without setting the 'secure' flag. The 'secure' flag for cookies prevents the client from transmitting the cookie over insecure channels such as HTTP. Set the 'secure' flag by calling 'cookie.setSecure(true);',0.9363653782212263,P1 - Critical (ML High-Confidence Vulnerability)
BenchmarkTest00301,1,CWE-79,0,0,0,0.6516,,0.25396206195529714,P4 - Low (ML Suppressed / Likely False Alarm)
BenchmarkTest00302,1,CWE-78,1,1,0,0.5177,"Detected input from a HTTPServletRequest going into a 'ProcessBuilder' or 'exec' command. This could lead to command injection if variables passed into the exec commands are not properly sanitized. Instead, avoid using these OS commands with user-supplied input, or, if you must use these commands, use a whitelist of specific values.",0.565387778500283,P3 - Medium (ML Moderate / Needs Review)
BenchmarkTest00303,1,CWE-78,1,1,0,0.5177,"Detected input from a HTTPServletRequest going into a 'ProcessBuilder' or 'exec' command. This could lead to command injection if variables passed into the exec commands are not properly sanitized. Instead, avoid using these OS commands with user-supplied input, or, if you must use these commands, use a whitelist of specific values.",0.543197997632849,P3 - Medium (ML Moderate / Needs Review)
BenchmarkTest00304,1,CWE-78,0,0,0,0.5177,,0.2666382338939781,P4 - Low (ML Suppressed / Likely False Alarm)
BenchmarkTest00305,0,CWE-78,0,0,0,0.5177,,0.3069057838099165,P4 - Low (ML Suppressed / Likely False Alarm)
BenchmarkTest00306,1,CWE-78,1,1,0,0.5177,"Detected input from a HTTPServletRequest going into a 'ProcessBuilder' or 'exec' command. This could lead to command injection if variables passed into the exec commands are not properly sanitized. Instead, avoid using these OS commands with user-supplied input, or, if you must use these commands, use a whitelist of specific values.",0.5140518495956894,P3 - Medium (ML Moderate / Needs Review)
BenchmarkTest00307,0,CWE-78,0,0,0,0.5177,,0.3090676231719826,P4 - Low (ML Suppressed / Likely False Alarm)
BenchmarkTest00308,0,CWE-78,1,1,0,0.5177,"Detected input from a HTTPServletRequest going into a 'ProcessBuilder' or 'exec' command. This could lead to command injection if variables passed into the exec commands are not properly sanitized. Instead, avoid using these OS commands with user-supplied input, or, if you must use these commands, use a whitelist of specific values.",0.543197997632849,P3 - Medium (ML Moderate / Needs Review)
BenchmarkTest00309,0,CWE-78,0,0,0,0.5177,,0.28484721576841915,P4 - Low (ML Suppressed / Likely False Alarm)
BenchmarkTest00310,0,CWE-78,1,1,0,0.5177,"Detected input from a HTTPServletRequest going into a 'ProcessBuilder' or 'exec' command. This could lead to command injection if variables passed into the exec commands are not properly sanitized. Instead, avoid using these OS commands with user-supplied input, or, if you must use these commands, use a whitelist of specific values.",0.543197997632849,P3 - Medium (ML Moderate / Needs Review)
BenchmarkTest00311,1,CWE-78,1,1,0,0.5177,"Detected input from a HTTPServletRequest going into a 'ProcessBuilder' or 'exec' command. This could lead to command injection if variables passed into the exec commands are not properly sanitized. Instead, avoid using these OS commands with user-supplied input, or, if you must use these commands, use a whitelist of specific values.",0.5076583195183094,P3 - Medium (ML Moderate / Needs Review)
BenchmarkTest00312,0,CWE-330,0,0,0,1.0,,0.05157343440022427,P4 - Low (ML Suppressed / Likely False Alarm)
BenchmarkTest00313,0,CWE-330,0,0,0,1.0,,0.05157343440022427,P4 - Low (ML Suppressed / Likely False Alarm)
BenchmarkTest00314,0,CWE-330,0,0,0,1.0,,0.05437237384043517,P4 - Low (ML Suppressed / Likely False Alarm)
BenchmarkTest00315,0,CWE-330,0,0,0,1.0,,0.051215480072750806,P4 - Low (ML Suppressed / Likely False Alarm)
BenchmarkTest00316,0,CWE-330,0,0,0,1.0,,0.054878713660365834,P4 - Low (ML Suppressed / Likely False Alarm)
BenchmarkTest00317,0,CWE-330,0,0,0,1.0,,0.057764259022038515,P4 - Low (ML Suppressed / Likely False Alarm)
BenchmarkTest00318,0,CWE-330,0,0,0,1.0,,0.05157343440022427,P4 - Low (ML Suppressed / Likely False Alarm)
BenchmarkTest00319,0,CWE-330,0,0,0,1.0,,0.057764259022038515,P4 - Low (ML Suppressed / Likely False Alarm)
BenchmarkTest00320,0,CWE-330,0,0,0,1.0,,0.057764259022038515,P4 - Low (ML Suppressed / Likely False Alarm)
BenchmarkTest00321,1,CWE-501,0,0,0,0.7234,,0.33884839126194705,P4 - Low (ML Suppressed / Likely False Alarm)
BenchmarkTest00322,0,CWE-501,0,0,0,0.7234,,0.33363594360888704,P4 - Low (ML Suppressed / Likely False Alarm)
BenchmarkTest00323,0,CWE-501,1,1,0,0.7234,"Detected a request with potential user-input going into a OutputStream or Writer object. This bypasses any view or template environments, including HTML escaping, which may expose this application to cross-site scripting (XSS) vulnerabilities. Consider using a view technology such as JavaServer Faces (JSFs) which automatically escapes HTML views.",0.7097295014333608,P2 - High (ML Probable Vulnerability)
BenchmarkTest00324,1,CWE-501,1,1,0,0.7234,"Detected input from a HTTPServletRequest going into a session command, like `setAttribute`. User input into such a command could lead to an attacker inputting malicious code into your session parameters, blurring the line between what's trusted and untrusted, and therefore leading to a trust boundary violation. This could lead to programmers trusting unvalidated data. Instead, thoroughly sanitize user input before passing it into such function calls.",0.9321907770101666,P1 - Critical (ML High-Confidence Vulnerability)
BenchmarkTest00325,1,CWE-501,1,1,0,0.7234,"Detected input from a HTTPServletRequest going into a session command, like `setAttribute`. User input into such a command could lead to an attacker inputting malicious code into your session parameters, blurring the line between what's trusted and untrusted, and therefore leading to a trust boundary violation. This could lead to programmers trusting unvalidated data. Instead, thoroughly sanitize user input before passing it into such function calls.",0.8592863088343478,P1 - Critical (ML High-Confidence Vulnerability)
BenchmarkTest00326,1,CWE-501,1,1,0,0.7234,"Detected a request with potential user-input going into a OutputStream or Writer object. This bypasses any view or template environments, including HTML escaping, which may expose this application to cross-site scripting (XSS) vulnerabilities. Consider using a view technology such as JavaServer Faces (JSFs) which automatically escapes HTML views.",0.7078618281880859,P2 - High (ML Probable Vulnerability)
BenchmarkTest00327,1,CWE-501,1,1,0,0.7234,"Detected a request with potential user-input going into a OutputStream or Writer object. This bypasses any view or template environments, including HTML escaping, which may expose this application to cross-site scripting (XSS) vulnerabilities. Consider using a view technology such as JavaServer Faces (JSFs) which automatically escapes HTML views.",0.7078618281880859,P2 - High (ML Probable Vulnerability)
BenchmarkTest00328,1,CWE-89,2,1,1,0.5746,Detected input from a HTTPServletRequest going into a SQL sink or statement. This could lead to SQL injection if variables in the SQL statement are not properly sanitized. Use parameterized SQL queries or properly sanitize user input instead.,0.6133730231246536,P3 - Medium (ML Moderate / Needs Review)
BenchmarkTest00329,0,CWE-89,2,1,1,0.5746,Detected input from a HTTPServletRequest going into a SQL sink or statement. This could lead to SQL injection if variables in the SQL statement are not properly sanitized. Use parameterized SQL queries or properly sanitize user input instead.,0.6013870000430575,P3 - Medium (ML Moderate / Needs Review)
BenchmarkTest00330,0,CWE-89,1,0,1,0.5746,Make sure using a dynamically formatted SQL query is safe here.,0.3213664525227602,P4 - Low (ML Suppressed / Likely False Alarm)
BenchmarkTest00331,0,CWE-89,1,0,1,0.5746,Make sure using a dynamically formatted SQL query is safe here.,0.3213664525227602,P4 - Low (ML Suppressed / Likely False Alarm)
BenchmarkTest00332,0,CWE-89,1,0,1,0.5746,Make sure using a dynamically formatted SQL query is safe here.,0.27826349045176924,P4 - Low (ML Suppressed / Likely False Alarm)
BenchmarkTest00333,0,CWE-89,2,1,1,0.5746,Detected input from a HTTPServletRequest going into a SQL sink or statement. This could lead to SQL injection if variables in the SQL statement are not properly sanitized. Use parameterized SQL queries or properly sanitize user input instead.,0.6013870000430575,P3 - Medium (ML Moderate / Needs Review)
BenchmarkTest00334,0,CWE-89,1,0,1,0.5746,Make sure using a dynamically formatted SQL query is safe here.,0.3461669168666841,P4 - Low (ML Suppressed / Likely False Alarm)
BenchmarkTest00335,1,CWE-89,2,1,1,0.5746,Detected input from a HTTPServletRequest going into a SQL sink or statement. This could lead to SQL injection if variables in the SQL statement are not properly sanitized. Use parameterized SQL queries or properly sanitize user input instead.,0.6172031360784221,P3 - Medium (ML Moderate / Needs Review)
BenchmarkTest00336,0,CWE-89,1,1,0,0.5746,"Detected a request with potential user-input going into a OutputStream or Writer object. This bypasses any view or template environments, including HTML escaping, which may expose this application to cross-site scripting (XSS) vulnerabilities. Consider using a view technology such as JavaServer Faces (JSFs) which automatically escapes HTML views.",0.6073803082754364,P3 - Medium (ML Moderate / Needs Review)
BenchmarkTest00337,1,CWE-89,0,0,0,0.5746,,0.23686947337572348,P4 - Low (ML Suppressed / Likely False Alarm)
BenchmarkTest00338,0,CWE-89,1,1,0,0.5746,Detected input from a HTTPServletRequest going into a SQL sink or statement. This could lead to SQL injection if variables in the SQL statement are not properly sanitized. Use parameterized SQL queries or properly sanitize user input instead.,0.6299341752169263,P3 - Medium (ML Moderate / Needs Review)
BenchmarkTest00339,1,CWE-89,1,1,0,0.5746,Detected input from a HTTPServletRequest going into a SQL sink or statement. This could lead to SQL injection if variables in the SQL statement are not properly sanitized. Use parameterized SQL queries or properly sanitize user input instead.,0.6352860383034056,P3 - Medium (ML Moderate / Needs Review)
BenchmarkTest00340,0,CWE-89,1,1,0,0.5746,Detected input from a HTTPServletRequest going into a SQL sink or statement. This could lead to SQL injection if variables in the SQL statement are not properly sanitized. Use parameterized SQL queries or properly sanitize user input instead.,0.6299341752169263,P3 - Medium (ML Moderate / Needs Review)
BenchmarkTest00341,1,CWE-89,1,1,0,0.5746,Detected input from a HTTPServletRequest going into a SQL sink or statement. This could lead to SQL injection if variables in the SQL statement are not properly sanitized. Use parameterized SQL queries or properly sanitize user input instead.,0.6325793924610322,P3 - Medium (ML Moderate / Needs Review)
BenchmarkTest00342,1,CWE-89,2,1,1,0.5746,Detected a formatted string in a SQL statement. This could lead to SQL injection if variables in the SQL statement are not properly sanitized. Use a prepared statements (java.sql.PreparedStatement) instead. You can obtain a PreparedStatement using 'connection.prepareStatement'.,0.46600563814060314,P3 - Medium (ML Moderate / Needs Review)
BenchmarkTest00343,0,CWE-89,2,1,1,0.5746,Detected a formatted string in a SQL statement. This could lead to SQL injection if variables in the SQL statement are not properly sanitized. Use a prepared statements (java.sql.PreparedStatement) instead. You can obtain a PreparedStatement using 'connection.prepareStatement'.,0.4939336901384355,P3 - Medium (ML Moderate / Needs Review)
BenchmarkTest00344,0,CWE-89,2,1,1,0.5746,Detected input from a HTTPServletRequest going into a SQL sink or statement. This could lead to SQL injection if variables in the SQL statement are not properly sanitized. Use parameterized SQL queries or properly sanitize user input instead.,0.6326009898069045,P3 - Medium (ML Moderate / Needs Review)
BenchmarkTest00345,0,CWE-327,0,0,0,0.9046,,0.09176958896267884,P4 - Low (ML Suppressed / Likely False Alarm)
BenchmarkTest00346,1,CWE-328,1,0,1,1.0,Make sure this weak hash algorithm is not used in a sensitive context here.,0.9103970488462652,P1 - Critical (ML High-Confidence Vulnerability)
BenchmarkTest00347,1,CWE-330,2,1,1,1.0,"Detected use of the functions `Math.random()` or `java.util.Random()`. These are both not cryptographically strong random number generators (RNGs). If you are using these RNGs to create passwords or secret tokens, use `java.security.SecureRandom` instead.",1.0,P1 - Critical (ML High-Confidence Vulnerability)
BenchmarkTest00348,1,CWE-614,1,1,0,1.0,A cookie was detected without setting the 'secure' flag. The 'secure' flag for cookies prevents the client from transmitting the cookie over insecure channels such as HTTP. Set the 'secure' flag by calling 'cookie.setSecure(true);',0.9363653782212263,P1 - Critical (ML High-Confidence Vulnerability)
BenchmarkTest00349,0,CWE-330,0,0,0,1.0,,0.051215480072750806,P4 - Low (ML Suppressed / Likely False Alarm)
BenchmarkTest00350,0,CWE-327,0,0,0,0.9046,,0.08431073471868633,P4 - Low (ML Suppressed / Likely False Alarm)
BenchmarkTest00351,0,CWE-327,0,0,0,0.9046,,0.08431073471868633,P4 - Low (ML Suppressed / Likely False Alarm)
BenchmarkTest00352,0,CWE-327,0,0,0,0.9046,,0.10245024003086535,P4 - Low (ML Suppressed / Likely False Alarm)
BenchmarkTest00353,0,CWE-327,0,0,0,0.9046,,0.09176958896267884,P4 - Low (ML Suppressed / Likely False Alarm)
BenchmarkTest00354,1,CWE-327,1,0,1,0.9046,Use a strong cipher algorithm.,0.7669870863329693,P2 - High (ML Probable Vulnerability)
BenchmarkTest00355,1,CWE-327,1,0,1,0.9046,Use a strong cipher algorithm.,0.7615061478378989,P2 - High (ML Probable Vulnerability)
BenchmarkTest00356,1,CWE-327,1,0,1,0.9046,Use a strong cipher algorithm.,0.7651568594963934,P2 - High (ML Probable Vulnerability)
BenchmarkTest00357,0,CWE-327,1,0,1,0.9046,Use a secure cipher mode.,0.7669870863329693,P2 - High (ML Probable Vulnerability)
BenchmarkTest00358,0,CWE-327,1,0,1,0.9046,Use a secure cipher mode.,0.7615061478378989,P2 - High (ML Probable Vulnerability)
BenchmarkTest00359,1,CWE-22,1,1,0,0.531,"Detected a potential path traversal. A malicious actor could control the location of this file, to include going backwards in the directory with '../'. To address this, ensure that user-controlled variables in file paths are sanitized. You may also consider using a utility method such as org.apache.commons.io.FilenameUtils.getName(...) to only retrieve the file name from the path.",0.5446502000682291,P3 - Medium (ML Moderate / Needs Review)
BenchmarkTest00360,1,CWE-22,1,1,0,0.531,"Detected a potential path traversal. A malicious actor could control the location of this file, to include going backwards in the directory with '../'. To address this, ensure that user-controlled variables in file paths are sanitized. You may also consider using a utility method such as org.apache.commons.io.FilenameUtils.getName(...) to only retrieve the file name from the path.",0.528523134306003,P3 - Medium (ML Moderate / Needs Review)
BenchmarkTest00361,0,CWE-22,1,1,0,0.531,"Detected a potential path traversal. A malicious actor could control the location of this file, to include going backwards in the directory with '../'. To address this, ensure that user-controlled variables in file paths are sanitized. You may also consider using a utility method such as org.apache.commons.io.FilenameUtils.getName(...) to only retrieve the file name from the path.",0.5446502000682291,P3 - Medium (ML Moderate / Needs Review)
BenchmarkTest00362,1,CWE-22,1,1,0,0.531,"Detected a potential path traversal. A malicious actor could control the location of this file, to include going backwards in the directory with '../'. To address this, ensure that user-controlled variables in file paths are sanitized. You may also consider using a utility method such as org.apache.commons.io.FilenameUtils.getName(...) to only retrieve the file name from the path.",0.5300041467457454,P3 - Medium (ML Moderate / Needs Review)
BenchmarkTest00363,1,CWE-22,1,1,0,0.531,"Detected a potential path traversal. A malicious actor could control the location of this file, to include going backwards in the directory with '../'. To address this, ensure that user-controlled variables in file paths are sanitized. You may also consider using a utility method such as org.apache.commons.io.FilenameUtils.getName(...) to only retrieve the file name from the path.",0.5323617688956359,P3 - Medium (ML Moderate / Needs Review)
BenchmarkTest00364,0,CWE-22,0,0,0,0.531,,0.22112950407752943,P4 - Low (ML Suppressed / Likely False Alarm)
BenchmarkTest00365,0,CWE-22,0,0,0,0.531,,0.24590279655141292,P4 - Low (ML Suppressed / Likely False Alarm)
BenchmarkTest00366,0,CWE-22,0,0,0,0.531,,0.23926100857156368,P4 - Low (ML Suppressed / Likely False Alarm)
BenchmarkTest00367,0,CWE-90,0,0,0,0.4815,,0.31554142886438635,P4 - Low (ML Suppressed / Likely False Alarm)
BenchmarkTest00368,1,CWE-330,2,1,1,1.0,"Detected use of the functions `Math.random()` or `java.util.Random()`. These are both not cryptographically strong random number generators (RNGs). If you are using these RNGs to create passwords or secret tokens, use `java.security.SecureRandom` instead.",1.0,P1 - Critical (ML High-Confidence Vulnerability)
BenchmarkTest00369,1,CWE-330,2,1,1,1.0,"Detected use of the functions `Math.random()` or `java.util.Random()`. These are both not cryptographically strong random number generators (RNGs). If you are using these RNGs to create passwords or secret tokens, use `java.security.SecureRandom` instead.",1.0,P1 - Critical (ML High-Confidence Vulnerability)
BenchmarkTest00370,0,CWE-328,0,0,0,1.0,,0.22444171124432277,P4 - Low (ML Suppressed / Likely False Alarm)
BenchmarkTest00371,1,CWE-328,2,1,1,1.0,"Detected SHA1 hash algorithm which is considered insecure. SHA1 is not collision resistant and is therefore not suitable as a cryptographic signature. Instead, use PBKDF2 for password hashing or SHA256 or SHA512 for other hash function applications.",0.9980365742548483,P1 - Critical (ML High-Confidence Vulnerability)
BenchmarkTest00372,1,CWE-328,2,1,1,1.0,Detected MD5 hash algorithm which is considered insecure. MD5 is not collision resistant and is therefore not suitable as a cryptographic signature. Use HMAC instead.,0.9964738352100482,P1 - Critical (ML High-Confidence Vulnerability)
BenchmarkTest00373,0,CWE-328,0,0,0,1.0,,0.22444171124432277,P4 - Low (ML Suppressed / Likely False Alarm)
BenchmarkTest00374,1,CWE-328,0,0,0,1.0,,0.20319054080011195,P4 - Low (ML Suppressed / Likely False Alarm)
BenchmarkTest00375,1,CWE-79,1,1,0,0.6516,"Detected a request with potential user-input going into a OutputStream or Writer object. This bypasses any view or template environments, including HTML escaping, which may expose this application to cross-site scripting (XSS) vulnerabilities. Consider using a view technology such as JavaServer Faces (JSFs) which automatically escapes HTML views.",0.620660943864709,P3 - Medium (ML Moderate / Needs Review)
BenchmarkTest00376,1,CWE-79,1,1,0,0.6516,"Detected a request with potential user-input going into a OutputStream or Writer object. This bypasses any view or template environments, including HTML escaping, which may expose this application to cross-site scripting (XSS) vulnerabilities. Consider using a view technology such as JavaServer Faces (JSFs) which automatically escapes HTML views.",0.658125282848209,P2 - High (ML Probable Vulnerability)
BenchmarkTest00377,0,CWE-79,0,0,0,0.6516,,0.3134314167136792,P4 - Low (ML Suppressed / Likely False Alarm)
BenchmarkTest00378,1,CWE-79,1,1,0,0.6516,"Detected a request with potential user-input going into a OutputStream or Writer object. This bypasses any view or template environments, including HTML escaping, which may expose this application to cross-site scripting (XSS) vulnerabilities. Consider using a view technology such as JavaServer Faces (JSFs) which automatically escapes HTML views.",0.6654635318596704,P2 - High (ML Probable Vulnerability)
BenchmarkTest00379,0,CWE-79,0,0,0,0.6516,,0.2918844006955008,P4 - Low (ML Suppressed / Likely False Alarm)
BenchmarkTest00380,1,CWE-79,1,1,0,0.6516,"Detected a request with potential user-input going into a OutputStream or Writer object. This bypasses any view or template environments, including HTML escaping, which may expose this application to cross-site scripting (XSS) vulnerabilities. Consider using a view technology such as JavaServer Faces (JSFs) which automatically escapes HTML views.",0.620660943864709,P3 - Medium (ML Moderate / Needs Review)
BenchmarkTest00381,0,CWE-79,0,0,0,0.6516,,0.2918844006955008,P4 - Low (ML Suppressed / Likely False Alarm)
BenchmarkTest00382,1,CWE-79,0,0,0,0.6516,,0.25396206195529714,P4 - Low (ML Suppressed / Likely False Alarm)
BenchmarkTest00383,1,CWE-79,0,0,0,0.6516,,0.2376126864028741,P4 - Low (ML Suppressed / Likely False Alarm)
BenchmarkTest00384,1,CWE-79,1,1,0,0.6516,"Detected a request with potential user-input going into a OutputStream or Writer object. This bypasses any view or template environments, including HTML escaping, which may expose this application to cross-site scripting (XSS) vulnerabilities. Consider using a view technology such as JavaServer Faces (JSFs) which automatically escapes HTML views.",0.620660943864709,P3 - Medium (ML Moderate / Needs Review)
BenchmarkTest00385,1,CWE-79,0,0,0,0.6516,,0.25396206195529714,P4 - Low (ML Suppressed / Likely False Alarm)
BenchmarkTest00386,0,CWE-79,0,0,0,0.6516,,0.25396206195529714,P4 - Low (ML Suppressed / Likely False Alarm)
BenchmarkTest00387,1,CWE-79,1,1,0,0.6516,"Detected a request with potential user-input going into a OutputStream or Writer object. This bypasses any view or template environments, including HTML escaping, which may expose this application to cross-site scripting (XSS) vulnerabilities. Consider using a view technology such as JavaServer Faces (JSFs) which automatically escapes HTML views.",0.620660943864709,P3 - Medium (ML Moderate / Needs Review)
BenchmarkTest00388,1,CWE-79,1,1,0,0.6516,"Detected a request with potential user-input going into a OutputStream or Writer object. This bypasses any view or template environments, including HTML escaping, which may expose this application to cross-site scripting (XSS) vulnerabilities. Consider using a view technology such as JavaServer Faces (JSFs) which automatically escapes HTML views.",0.6654635318596704,P2 - High (ML Probable Vulnerability)
BenchmarkTest00389,0,CWE-79,0,0,0,0.6516,,0.2918844006955008,P4 - Low (ML Suppressed / Likely False Alarm)
BenchmarkTest00390,1,CWE-79,1,1,0,0.6516,"Detected a request with potential user-input going into a OutputStream or Writer object. This bypasses any view or template environments, including HTML escaping, which may expose this application to cross-site scripting (XSS) vulnerabilities. Consider using a view technology such as JavaServer Faces (JSFs) which automatically escapes HTML views.",0.620660943864709,P3 - Medium (ML Moderate / Needs Review)
BenchmarkTest00391,0,CWE-79,0,0,0,0.6516,,0.25396206195529714,P4 - Low (ML Suppressed / Likely False Alarm)
BenchmarkTest00392,1,CWE-79,1,1,0,0.6516,"Detected a request with potential user-input going into a OutputStream or Writer object. This bypasses any view or template environments, including HTML escaping, which may expose this application to cross-site scripting (XSS) vulnerabilities. Consider using a view technology such as JavaServer Faces (JSFs) which automatically escapes HTML views.",0.6447953001558595,P3 - Medium (ML Moderate / Needs Review)
BenchmarkTest00393,0,CWE-79,1,1,0,0.6516,"Detected a request with potential user-input going into a OutputStream or Writer object. This bypasses any view or template environments, including HTML escaping, which may expose this application to cross-site scripting (XSS) vulnerabilities. Consider using a view technology such as JavaServer Faces (JSFs) which automatically escapes HTML views.",0.6447953001558595,P3 - Medium (ML Moderate / Needs Review)
BenchmarkTest00394,0,CWE-79,0,0,0,0.6516,,0.2918844006955008,P4 - Low (ML Suppressed / Likely False Alarm)
BenchmarkTest00395,1,CWE-79,1,1,0,0.6516,"Detected a request with potential user-input going into a OutputStream or Writer object. This bypasses any view or template environments, including HTML escaping, which may expose this application to cross-site scripting (XSS) vulnerabilities. Consider using a view technology such as JavaServer Faces (JSFs) which automatically escapes HTML views.",0.6447953001558595,P3 - Medium (ML Moderate / Needs Review)
BenchmarkTest00396,0,CWE-78,1,1,0,0.5177,A formatted or concatenated string was detected as input to a ProcessBuilder call. This is dangerous if a variable is controlled by user input and could result in a command injection. Ensure your variables are not controlled by users or sufficiently sanitized.,0.37148240212344014,P4 - Low (ML Suppressed / Likely False Alarm)
BenchmarkTest00397,1,CWE-330,2,1,1,1.0,"Detected use of the functions `Math.random()` or `java.util.Random()`. These are both not cryptographically strong random number generators (RNGs). If you are using these RNGs to create passwords or secret tokens, use `java.security.SecureRandom` instead.",1.0,P1 - Critical (ML High-Confidence Vulnerability)
BenchmarkTest00398,1,CWE-330,2,1,1,1.0,"Detected use of the functions `Math.random()` or `java.util.Random()`. These are both not cryptographically strong random number generators (RNGs). If you are using these RNGs to create passwords or secret tokens, use `java.security.SecureRandom` instead.",1.0,P1 - Critical (ML High-Confidence Vulnerability)
BenchmarkTest00399,1,CWE-330,2,1,1,1.0,"Detected use of the functions `Math.random()` or `java.util.Random()`. These are both not cryptographically strong random number generators (RNGs). If you are using these RNGs to create passwords or secret tokens, use `java.security.SecureRandom` instead.",1.0,P1 - Critical (ML High-Confidence Vulnerability)
BenchmarkTest00400,1,CWE-330,2,1,1,1.0,"Detected use of the functions `Math.random()` or `java.util.Random()`. These are both not cryptographically strong random number generators (RNGs). If you are using these RNGs to create passwords or secret tokens, use `java.security.SecureRandom` instead.",1.0,P1 - Critical (ML High-Confidence Vulnerability)
BenchmarkTest00401,1,CWE-330,2,1,1,1.0,"Detected use of the functions `Math.random()` or `java.util.Random()`. These are both not cryptographically strong random number generators (RNGs). If you are using these RNGs to create passwords or secret tokens, use `java.security.SecureRandom` instead.",1.0,P1 - Critical (ML High-Confidence Vulnerability)
BenchmarkTest00402,1,CWE-330,2,1,1,1.0,"Detected use of the functions `Math.random()` or `java.util.Random()`. These are both not cryptographically strong random number generators (RNGs). If you are using these RNGs to create passwords or secret tokens, use `java.security.SecureRandom` instead.",1.0,P1 - Critical (ML High-Confidence Vulnerability)
BenchmarkTest00403,1,CWE-614,1,1,0,1.0,A cookie was detected without setting the 'secure' flag. The 'secure' flag for cookies prevents the client from transmitting the cookie over insecure channels such as HTTP. Set the 'secure' flag by calling 'cookie.setSecure(true);',0.9469332262689727,P1 - Critical (ML High-Confidence Vulnerability)
BenchmarkTest00404,0,CWE-614,0,0,0,1.0,,0.09988438870874627,P4 - Low (ML Suppressed / Likely False Alarm)
BenchmarkTest00405,0,CWE-614,0,0,0,1.0,,0.10087677962527324,P4 - Low (ML Suppressed / Likely False Alarm)
BenchmarkTest00406,0,CWE-78,1,1,0,0.5177,"Detected input from a HTTPServletRequest going into a 'ProcessBuilder' or 'exec' command. This could lead to command injection if variables passed into the exec commands are not properly sanitized. Instead, avoid using these OS commands with user-supplied input, or, if you must use these commands, use a whitelist of specific values.",0.5076583195183094,P3 - Medium (ML Moderate / Needs Review)
BenchmarkTest00407,1,CWE-78,0,0,0,0.5177,,0.3090676231719826,P4 - Low (ML Suppressed / Likely False Alarm)
BenchmarkTest00408,0,CWE-78,1,1,0,0.5177,"Detected input from a HTTPServletRequest going into a 'ProcessBuilder' or 'exec' command. This could lead to command injection if variables passed into the exec commands are not properly sanitized. Instead, avoid using these OS commands with user-supplied input, or, if you must use these commands, use a whitelist of specific values.",0.5076583195183094,P3 - Medium (ML Moderate / Needs Review)
BenchmarkTest00409,1,CWE-78,1,1,0,0.5177,"Detected input from a HTTPServletRequest going into a 'ProcessBuilder' or 'exec' command. This could lead to command injection if variables passed into the exec commands are not properly sanitized. Instead, avoid using these OS commands with user-supplied input, or, if you must use these commands, use a whitelist of specific values.",0.543197997632849,P3 - Medium (ML Moderate / Needs Review)
BenchmarkTest00410,0,CWE-78,0,0,0,0.5177,,0.2666382338939781,P4 - Low (ML Suppressed / Likely False Alarm)
BenchmarkTest00411,0,CWE-78,0,0,0,0.5177,,0.3069057838099165,P4 - Low (ML Suppressed / Likely False Alarm)
BenchmarkTest00412,0,CWE-78,0,0,0,0.5177,,0.3069057838099165,P4 - Low (ML Suppressed / Likely False Alarm)
BenchmarkTest00413,0,CWE-330,0,0,0,1.0,,0.054878713660365834,P4 - Low (ML Suppressed / Likely False Alarm)
BenchmarkTest00414,0,CWE-330,0,0,0,1.0,,0.057764259022038515,P4 - Low (ML Suppressed / Likely False Alarm)
BenchmarkTest00415,0,CWE-330,0,0,0,1.0,,0.05157343440022427,P4 - Low (ML Suppressed / Likely False Alarm)
BenchmarkTest00416,0,CWE-330,0,0,0,1.0,,0.057764259022038515,P4 - Low (ML Suppressed / Likely False Alarm)
BenchmarkTest00417,0,CWE-330,0,0,0,1.0,,0.05157343440022427,P4 - Low (ML Suppressed / Likely False Alarm)
BenchmarkTest00418,0,CWE-330,0,0,0,1.0,,0.05157343440022427,P4 - Low (ML Suppressed / Likely False Alarm)
BenchmarkTest00419,0,CWE-330,0,0,0,1.0,,0.051215480072750806,P4 - Low (ML Suppressed / Likely False Alarm)
BenchmarkTest00420,0,CWE-330,0,0,0,1.0,,0.057764259022038515,P4 - Low (ML Suppressed / Likely False Alarm)
BenchmarkTest00421,0,CWE-330,0,0,0,1.0,,0.057764259022038515,P4 - Low (ML Suppressed / Likely False Alarm)
BenchmarkTest00422,0,CWE-330,0,0,0,1.0,,0.051215480072750806,P4 - Low (ML Suppressed / Likely False Alarm)
BenchmarkTest00423,0,CWE-330,0,0,0,1.0,,0.054878713660365834,P4 - Low (ML Suppressed / Likely False Alarm)
BenchmarkTest00424,1,CWE-501,1,1,0,0.7234,"Detected a request with potential user-input going into a OutputStream or Writer object. This bypasses any view or template environments, including HTML escaping, which may expose this application to cross-site scripting (XSS) vulnerabilities. Consider using a view technology such as JavaServer Faces (JSFs) which automatically escapes HTML views.",0.675477596449973,P2 - High (ML Probable Vulnerability)
BenchmarkTest00425,1,CWE-501,1,1,0,0.7234,"Detected a request with potential user-input going into a OutputStream or Writer object. This bypasses any view or template environments, including HTML escaping, which may expose this application to cross-site scripting (XSS) vulnerabilities. Consider using a view technology such as JavaServer Faces (JSFs) which automatically escapes HTML views.",0.675477596449973,P2 - High (ML Probable Vulnerability)
BenchmarkTest00426,1,CWE-501,1,1,0,0.7234,"Detected a request with potential user-input going into a OutputStream or Writer object. This bypasses any view or template environments, including HTML escaping, which may expose this application to cross-site scripting (XSS) vulnerabilities. Consider using a view technology such as JavaServer Faces (JSFs) which automatically escapes HTML views.",0.7078618281880859,P2 - High (ML Probable Vulnerability)
BenchmarkTest00427,1,CWE-501,0,0,0,0.7234,,0.31561365135242075,P4 - Low (ML Suppressed / Likely False Alarm)
BenchmarkTest00428,1,CWE-89,1,0,1,0.5746,Make sure using a dynamically formatted SQL query is safe here.,0.3461669168666841,P4 - Low (ML Suppressed / Likely False Alarm)
BenchmarkTest00429,1,CWE-89,2,1,1,0.5746,Detected input from a HTTPServletRequest going into a SQL sink or statement. This could lead to SQL injection if variables in the SQL statement are not properly sanitized. Use parameterized SQL queries or properly sanitize user input instead.,0.6133730231246536,P3 - Medium (ML Moderate / Needs Review)
BenchmarkTest00430,0,CWE-89,2,1,1,0.5746,Detected input from a HTTPServletRequest going into a SQL sink or statement. This could lead to SQL injection if variables in the SQL statement are not properly sanitized. Use parameterized SQL queries or properly sanitize user input instead.,0.6052657034562158,P3 - Medium (ML Moderate / Needs Review)
BenchmarkTest00431,1,CWE-89,1,1,0,0.5746,Detected input from a HTTPServletRequest going into a SQL sink or statement. This could lead to SQL injection if variables in the SQL statement are not properly sanitized. Use parameterized SQL queries or properly sanitize user input instead.,0.6325793924610322,P3 - Medium (ML Moderate / Needs Review)
BenchmarkTest00432,0,CWE-89,0,0,0,0.5746,,0.22537707007614627,P4 - Low (ML Suppressed / Likely False Alarm)
BenchmarkTest00433,1,CWE-89,1,1,0,0.5746,Detected input from a HTTPServletRequest going into a SQL sink or statement. This could lead to SQL injection if variables in the SQL statement are not properly sanitized. Use parameterized SQL queries or properly sanitize user input instead.,0.6369388599842778,P3 - Medium (ML Moderate / Needs Review)
BenchmarkTest00434,1,CWE-89,1,1,0,0.5746,Detected input from a HTTPServletRequest going into a SQL sink or statement. This could lead to SQL injection if variables in the SQL statement are not properly sanitized. Use parameterized SQL queries or properly sanitize user input instead.,0.6299341752169263,P3 - Medium (ML Moderate / Needs Review)
BenchmarkTest00435,1,CWE-89,2,1,1,0.5746,Detected a formatted string in a SQL statement. This could lead to SQL injection if variables in the SQL statement are not properly sanitized. Use a prepared statements (java.sql.PreparedStatement) instead. You can obtain a PreparedStatement using 'connection.prepareStatement'.,0.4939336901384355,P3 - Medium (ML Moderate / Needs Review)
BenchmarkTest00436,0,CWE-89,2,1,1,0.5746,Detected a formatted string in a SQL statement. This could lead to SQL injection if variables in the SQL statement are not properly sanitized. Use a prepared statements (java.sql.PreparedStatement) instead. You can obtain a PreparedStatement using 'connection.prepareStatement'.,0.5312748750495969,P3 - Medium (ML Moderate / Needs Review)
BenchmarkTest00437,0,CWE-89,2,1,1,0.5746,Detected a formatted string in a SQL statement. This could lead to SQL injection if variables in the SQL statement are not properly sanitized. Use a prepared statements (java.sql.PreparedStatement) instead. You can obtain a PreparedStatement using 'connection.prepareStatement'.,0.549532047868988,P3 - Medium (ML Moderate / Needs Review)
BenchmarkTest00438,1,CWE-89,2,1,1,0.5746,Detected a formatted string in a SQL statement. This could lead to SQL injection if variables in the SQL statement are not properly sanitized. Use a prepared statements (java.sql.PreparedStatement) instead. You can obtain a PreparedStatement using 'connection.prepareStatement'.,0.549532047868988,P3 - Medium (ML Moderate / Needs Review)
BenchmarkTest00439,1,CWE-89,2,1,1,0.5746,Detected input from a HTTPServletRequest going into a SQL sink or statement. This could lead to SQL injection if variables in the SQL statement are not properly sanitized. Use parameterized SQL queries or properly sanitize user input instead.,0.6052657034562158,P3 - Medium (ML Moderate / Needs Review)
BenchmarkTest00440,0,CWE-89,2,1,1,0.5746,Detected a formatted string in a SQL statement. This could lead to SQL injection if variables in the SQL statement are not properly sanitized. Use a prepared statements (java.sql.PreparedStatement) instead. You can obtain a PreparedStatement using 'connection.prepareStatement'.,0.46600563814060314,P3 - Medium (ML Moderate / Needs Review)
BenchmarkTest00441,1,CWE-89,2,1,1,0.5746,Detected input from a HTTPServletRequest going into a SQL sink or statement. This could lead to SQL injection if variables in the SQL statement are not properly sanitized. Use parameterized SQL queries or properly sanitize user input instead.,0.6052657034562158,P3 - Medium (ML Moderate / Needs Review)
BenchmarkTest00442,1,CWE-643,1,1,0,0.5185,"Detected a request with potential user-input going into a OutputStream or Writer object. This bypasses any view or template environments, including HTML escaping, which may expose this application to cross-site scripting (XSS) vulnerabilities. Consider using a view technology such as JavaServer Faces (JSFs) which automatically escapes HTML views.",0.5639760800600782,P3 - Medium (ML Moderate / Needs Review)
BenchmarkTest00443,0,CWE-327,0,0,0,0.9046,,0.08431073471868633,P4 - Low (ML Suppressed / Likely False Alarm)
BenchmarkTest00444,0,CWE-327,0,0,0,0.9046,,0.08431073471868633,P4 - Low (ML Suppressed / Likely False Alarm)
BenchmarkTest00445,1,CWE-327,2,1,1,0.9046,DES is considered deprecated. AES is the recommended cipher. Upgrade to use AES. See https://www.nist.gov/news-events/news/2005/06/nist-withdraws-outdated-data-encryption-standard for more information.,0.9726464839232182,P1 - Critical (ML High-Confidence Vulnerability)
BenchmarkTest00446,1,CWE-327,2,1,1,0.9046,DES is considered deprecated. AES is the recommended cipher. Upgrade to use AES. See https://www.nist.gov/news-events/news/2005/06/nist-withdraws-outdated-data-encryption-standard for more information.,0.9549847982426458,P1 - Critical (ML High-Confidence Vulnerability)
BenchmarkTest00447,0,CWE-327,0,0,0,0.9046,,0.09081970593165378,P4 - Low (ML Suppressed / Likely False Alarm)
BenchmarkTest00448,1,CWE-327,1,0,1,0.9046,Use a secure cipher mode.,0.7448928852534946,P2 - High (ML Probable Vulnerability)
BenchmarkTest00449,1,CWE-327,1,0,1,0.9046,Use a strong cipher algorithm.,0.7448928852534946,P2 - High (ML Probable Vulnerability)
BenchmarkTest00450,0,CWE-327,1,0,1,0.9046,Use a secure cipher mode.,0.7651568594963934,P2 - High (ML Probable Vulnerability)
BenchmarkTest00451,0,CWE-327,1,0,1,0.9046,Use a secure cipher mode.,0.746894127214667,P2 - High (ML Probable Vulnerability)
BenchmarkTest00452,1,CWE-22,1,1,0,0.531,"Detected a potential path traversal. A malicious actor could control the location of this file, to include going backwards in the directory with '../'. To address this, ensure that user-controlled variables in file paths are sanitized. You may also consider using a utility method such as org.apache.commons.io.FilenameUtils.getName(...) to only retrieve the file name from the path.",0.5300041467457454,P3 - Medium (ML Moderate / Needs Review)
BenchmarkTest00453,1,CWE-22,1,1,0,0.531,"Detected a potential path traversal. A malicious actor could control the location of this file, to include going backwards in the directory with '../'. To address this, ensure that user-controlled variables in file paths are sanitized. You may also consider using a utility method such as org.apache.commons.io.FilenameUtils.getName(...) to only retrieve the file name from the path.",0.5300041467457454,P3 - Medium (ML Moderate / Needs Review)
BenchmarkTest00454,0,CWE-22,1,1,0,0.531,"Detected a potential path traversal. A malicious actor could control the location of this file, to include going backwards in the directory with '../'. To address this, ensure that user-controlled variables in file paths are sanitized. You may also consider using a utility method such as org.apache.commons.io.FilenameUtils.getName(...) to only retrieve the file name from the path.",0.528523134306003,P3 - Medium (ML Moderate / Needs Review)
BenchmarkTest00455,1,CWE-22,1,1,0,0.531,"Detected a potential path traversal. A malicious actor could control the location of this file, to include going backwards in the directory with '../'. To address this, ensure that user-controlled variables in file paths are sanitized. You may also consider using a utility method such as org.apache.commons.io.FilenameUtils.getName(...) to only retrieve the file name from the path.",0.5323617688956359,P3 - Medium (ML Moderate / Needs Review)
BenchmarkTest00456,1,CWE-22,0,0,0,0.531,,0.23939612297813506,P4 - Low (ML Suppressed / Likely False Alarm)
BenchmarkTest00457,1,CWE-22,0,0,0,0.531,,0.23926100857156368,P4 - Low (ML Suppressed / Likely False Alarm)
BenchmarkTest00458,0,CWE-22,1,1,0,0.531,"Detected a potential path traversal. A malicious actor could control the location of this file, to include going backwards in the directory with '../'. To address this, ensure that user-controlled variables in file paths are sanitized. You may also consider using a utility method such as org.apache.commons.io.FilenameUtils.getName(...) to only retrieve the file name from the path.",0.528523134306003,P3 - Medium (ML Moderate / Needs Review)
BenchmarkTest00459,1,CWE-22,1,1,0,0.531,"Detected a potential path traversal. A malicious actor could control the location of this file, to include going backwards in the directory with '../'. To address this, ensure that user-controlled variables in file paths are sanitized. You may also consider using a utility method such as org.apache.commons.io.FilenameUtils.getName(...) to only retrieve the file name from the path.",0.528523134306003,P3 - Medium (ML Moderate / Needs Review)
BenchmarkTest00460,0,CWE-22,0,0,0,0.531,,0.23926100857156368,P4 - Low (ML Suppressed / Likely False Alarm)
BenchmarkTest00461,1,CWE-330,2,1,1,1.0,"Detected use of the functions `Math.random()` or `java.util.Random()`. These are both not cryptographically strong random number generators (RNGs). If you are using these RNGs to create passwords or secret tokens, use `java.security.SecureRandom` instead.",1.0,P1 - Critical (ML High-Confidence Vulnerability)
BenchmarkTest00462,1,CWE-328,1,0,1,1.0,Make sure this weak hash algorithm is not used in a sensitive context here.,0.9103970488462652,P1 - Critical (ML High-Confidence Vulnerability)
BenchmarkTest00463,0,CWE-328,0,0,0,1.0,,0.22444171124432277,P4 - Low (ML Suppressed / Likely False Alarm)
BenchmarkTest00464,1,CWE-328,2,1,1,1.0,"Detected SHA1 hash algorithm which is considered insecure. SHA1 is not collision resistant and is therefore not suitable as a cryptographic signature. Instead, use PBKDF2 for password hashing or SHA256 or SHA512 for other hash function applications.",0.9964738352100482,P1 - Critical (ML High-Confidence Vulnerability)
BenchmarkTest00465,1,CWE-328,2,1,1,1.0,Detected MD5 hash algorithm which is considered insecure. MD5 is not collision resistant and is therefore not suitable as a cryptographic signature. Use HMAC instead.,0.9967183475989987,P1 - Critical (ML High-Confidence Vulnerability)
BenchmarkTest00466,0,CWE-328,0,0,0,1.0,,0.20319054080011195,P4 - Low (ML Suppressed / Likely False Alarm)
BenchmarkTest00467,1,CWE-79,0,0,0,0.6516,,0.2741956883318252,P4 - Low (ML Suppressed / Likely False Alarm)
BenchmarkTest00468,0,CWE-79,0,0,0,0.6516,,0.3134314167136792,P4 - Low (ML Suppressed / Likely False Alarm)
BenchmarkTest00469,0,CWE-79,1,1,0,0.6516,"Detected a request with potential user-input going into a OutputStream or Writer object. This bypasses any view or template environments, including HTML escaping, which may expose this application to cross-site scripting (XSS) vulnerabilities. Consider using a view technology such as JavaServer Faces (JSFs) which automatically escapes HTML views.",0.6567667998284668,P2 - High (ML Probable Vulnerability)
BenchmarkTest00470,0,CWE-79,0,0,0,0.6516,,0.3134314167136792,P4 - Low (ML Suppressed / Likely False Alarm)
BenchmarkTest00471,0,CWE-79,0,0,0,0.6516,,0.25396206195529714,P4 - Low (ML Suppressed / Likely False Alarm)
BenchmarkTest00472,1,CWE-79,1,1,0,0.6516,"Detected a request with potential user-input going into a OutputStream or Writer object. This bypasses any view or template environments, including HTML escaping, which may expose this application to cross-site scripting (XSS) vulnerabilities. Consider using a view technology such as JavaServer Faces (JSFs) which automatically escapes HTML views.",0.6654635318596704,P2 - High (ML Probable Vulnerability)
BenchmarkTest00473,1,CWE-79,1,1,0,0.6516,"Detected a request with potential user-input going into a OutputStream or Writer object. This bypasses any view or template environments, including HTML escaping, which may expose this application to cross-site scripting (XSS) vulnerabilities. Consider using a view technology such as JavaServer Faces (JSFs) which automatically escapes HTML views.",0.658125282848209,P2 - High (ML Probable Vulnerability)
BenchmarkTest00474,0,CWE-79,0,0,0,0.6516,,0.25396206195529714,P4 - Low (ML Suppressed / Likely False Alarm)
BenchmarkTest00475,1,CWE-79,1,1,0,0.6516,"Detected a request with potential user-input going into a OutputStream or Writer object. This bypasses any view or template environments, including HTML escaping, which may expose this application to cross-site scripting (XSS) vulnerabilities. Consider using a view technology such as JavaServer Faces (JSFs) which automatically escapes HTML views.",0.6447953001558595,P3 - Medium (ML Moderate / Needs Review)
BenchmarkTest00476,0,CWE-79,1,1,0,0.6516,"Detected a request with potential user-input going into a OutputStream or Writer object. This bypasses any view or template environments, including HTML escaping, which may expose this application to cross-site scripting (XSS) vulnerabilities. Consider using a view technology such as JavaServer Faces (JSFs) which automatically escapes HTML views.",0.6567667998284668,P2 - High (ML Probable Vulnerability)
BenchmarkTest00477,1,CWE-79,1,1,0,0.6516,"Detected a request with potential user-input going into a OutputStream or Writer object. This bypasses any view or template environments, including HTML escaping, which may expose this application to cross-site scripting (XSS) vulnerabilities. Consider using a view technology such as JavaServer Faces (JSFs) which automatically escapes HTML views.",0.6447953001558595,P3 - Medium (ML Moderate / Needs Review)
BenchmarkTest00478,1,CWE-79,1,1,0,0.6516,"Detected a request with potential user-input going into a OutputStream or Writer object. This bypasses any view or template environments, including HTML escaping, which may expose this application to cross-site scripting (XSS) vulnerabilities. Consider using a view technology such as JavaServer Faces (JSFs) which automatically escapes HTML views.",0.6447953001558595,P3 - Medium (ML Moderate / Needs Review)
BenchmarkTest00479,0,CWE-79,0,0,0,0.6516,,0.25396206195529714,P4 - Low (ML Suppressed / Likely False Alarm)
BenchmarkTest00480,1,CWE-78,1,1,0,0.5177,"Detected input from a HTTPServletRequest going into a 'ProcessBuilder' or 'exec' command. This could lead to command injection if variables passed into the exec commands are not properly sanitized. Instead, avoid using these OS commands with user-supplied input, or, if you must use these commands, use a whitelist of specific values.",0.543197997632849,P3 - Medium (ML Moderate / Needs Review)
BenchmarkTest00481,0,CWE-78,1,1,0,0.5177,"Detected input from a HTTPServletRequest going into a 'ProcessBuilder' or 'exec' command. This could lead to command injection if variables passed into the exec commands are not properly sanitized. Instead, avoid using these OS commands with user-supplied input, or, if you must use these commands, use a whitelist of specific values.",0.5713557769679556,P3 - Medium (ML Moderate / Needs Review)
BenchmarkTest00482,1,CWE-330,2,1,1,1.0,"Detected use of the functions `Math.random()` or `java.util.Random()`. These are both not cryptographically strong random number generators (RNGs). If you are using these RNGs to create passwords or secret tokens, use `java.security.SecureRandom` instead.",1.0,P1 - Critical (ML High-Confidence Vulnerability)
BenchmarkTest00483,1,CWE-330,2,1,1,1.0,"Detected use of the functions `Math.random()` or `java.util.Random()`. These are both not cryptographically strong random number generators (RNGs). If you are using these RNGs to create passwords or secret tokens, use `java.security.SecureRandom` instead.",1.0,P1 - Critical (ML High-Confidence Vulnerability)
BenchmarkTest00484,1,CWE-330,2,1,1,1.0,"Detected use of the functions `Math.random()` or `java.util.Random()`. These are both not cryptographically strong random number generators (RNGs). If you are using these RNGs to create passwords or secret tokens, use `java.security.SecureRandom` instead.",1.0,P1 - Critical (ML High-Confidence Vulnerability)
BenchmarkTest00485,1,CWE-330,2,1,1,1.0,"Detected use of the functions `Math.random()` or `java.util.Random()`. These are both not cryptographically strong random number generators (RNGs). If you are using these RNGs to create passwords or secret tokens, use `java.security.SecureRandom` instead.",1.0,P1 - Critical (ML High-Confidence Vulnerability)
BenchmarkTest00486,1,CWE-330,2,1,1,1.0,"Detected use of the functions `Math.random()` or `java.util.Random()`. These are both not cryptographically strong random number generators (RNGs). If you are using these RNGs to create passwords or secret tokens, use `java.security.SecureRandom` instead.",1.0,P1 - Critical (ML High-Confidence Vulnerability)
BenchmarkTest00487,1,CWE-330,2,1,1,1.0,"Detected use of the functions `Math.random()` or `java.util.Random()`. These are both not cryptographically strong random number generators (RNGs). If you are using these RNGs to create passwords or secret tokens, use `java.security.SecureRandom` instead.",1.0,P1 - Critical (ML High-Confidence Vulnerability)
BenchmarkTest00488,1,CWE-330,2,1,1,1.0,"Detected use of the functions `Math.random()` or `java.util.Random()`. These are both not cryptographically strong random number generators (RNGs). If you are using these RNGs to create passwords or secret tokens, use `java.security.SecureRandom` instead.",1.0,P1 - Critical (ML High-Confidence Vulnerability)
BenchmarkTest00489,1,CWE-330,2,1,1,1.0,"Detected use of the functions `Math.random()` or `java.util.Random()`. These are both not cryptographically strong random number generators (RNGs). If you are using these RNGs to create passwords or secret tokens, use `java.security.SecureRandom` instead.",1.0,P1 - Critical (ML High-Confidence Vulnerability)
BenchmarkTest00490,1,CWE-330,2,1,1,1.0,"Detected use of the functions `Math.random()` or `java.util.Random()`. These are both not cryptographically strong random number generators (RNGs). If you are using these RNGs to create passwords or secret tokens, use `java.security.SecureRandom` instead.",1.0,P1 - Critical (ML High-Confidence Vulnerability)
BenchmarkTest00491,1,CWE-614,1,1,0,1.0,A cookie was detected without setting the 'secure' flag. The 'secure' flag for cookies prevents the client from transmitting the cookie over insecure channels such as HTTP. Set the 'secure' flag by calling 'cookie.setSecure(true);',0.9297381030001333,P1 - Critical (ML High-Confidence Vulnerability)
BenchmarkTest00492,1,CWE-79,1,1,0,0.6516,"Detected a request with potential user-input going into a OutputStream or Writer object. This bypasses any view or template environments, including HTML escaping, which may expose this application to cross-site scripting (XSS) vulnerabilities. Consider using a view technology such as JavaServer Faces (JSFs) which automatically escapes HTML views.",0.6447953001558595,P3 - Medium (ML Moderate / Needs Review)
BenchmarkTest00493,0,CWE-79,0,0,0,0.6516,,0.25396206195529714,P4 - Low (ML Suppressed / Likely False Alarm)
BenchmarkTest00494,0,CWE-78,0,0,0,0.5177,,0.3090676231719826,P4 - Low (ML Suppressed / Likely False Alarm)
BenchmarkTest00495,1,CWE-78,0,0,0,0.5177,,0.2497054813246188,P4 - Low (ML Suppressed / Likely False Alarm)
BenchmarkTest00496,1,CWE-78,1,1,0,0.5177,"Detected input from a HTTPServletRequest going into a 'ProcessBuilder' or 'exec' command. This could lead to command injection if variables passed into the exec commands are not properly sanitized. Instead, avoid using these OS commands with user-supplied input, or, if you must use these commands, use a whitelist of specific values.",0.565387778500283,P3 - Medium (ML Moderate / Needs Review)
BenchmarkTest00497,1,CWE-78,1,1,0,0.5177,"Detected input from a HTTPServletRequest going into a 'ProcessBuilder' or 'exec' command. This could lead to command injection if variables passed into the exec commands are not properly sanitized. Instead, avoid using these OS commands with user-supplied input, or, if you must use these commands, use a whitelist of specific values.",0.5140518495956894,P3 - Medium (ML Moderate / Needs Review)
BenchmarkTest00498,1,CWE-78,1,1,0,0.5177,"Detected input from a HTTPServletRequest going into a 'ProcessBuilder' or 'exec' command. This could lead to command injection if variables passed into the exec commands are not properly sanitized. Instead, avoid using these OS commands with user-supplied input, or, if you must use these commands, use a whitelist of specific values.",0.5076583195183094,P3 - Medium (ML Moderate / Needs Review)
BenchmarkTest00499,1,CWE-78,1,1,0,0.5177,"Detected input from a HTTPServletRequest going into a 'ProcessBuilder' or 'exec' command. This could lead to command injection if variables passed into the exec commands are not properly sanitized. Instead, avoid using these OS commands with user-supplied input, or, if you must use these commands, use a whitelist of specific values.",0.5076583195183094,P3 - Medium (ML Moderate / Needs Review)
BenchmarkTest00500,1,CWE-78,1,1,0,0.5177,"Detected input from a HTTPServletRequest going into a 'ProcessBuilder' or 'exec' command. This could lead to command injection if variables passed into the exec commands are not properly sanitized. Instead, avoid using these OS commands with user-supplied input, or, if you must use these commands, use a whitelist of specific values.",0.565387778500283,P3 - Medium (ML Moderate / Needs Review)
BenchmarkTest00501,0,CWE-330,0,0,0,1.0,,0.05437237384043517,P4 - Low (ML Suppressed / Likely False Alarm)
BenchmarkTest00502,0,CWE-330,0,0,0,1.0,,0.054878713660365834,P4 - Low (ML Suppressed / Likely False Alarm)
BenchmarkTest00503,0,CWE-330,0,0,0,1.0,,0.05437237384043517,P4 - Low (ML Suppressed / Likely False Alarm)
BenchmarkTest00504,0,CWE-330,0,0,0,1.0,,0.054878713660365834,P4 - Low (ML Suppressed / Likely False Alarm)
BenchmarkTest00505,0,CWE-330,0,0,0,1.0,,0.051215480072750806,P4 - Low (ML Suppressed / Likely False Alarm)
BenchmarkTest00506,0,CWE-330,0,0,0,1.0,,0.051215480072750806,P4 - Low (ML Suppressed / Likely False Alarm)
BenchmarkTest00507,0,CWE-330,0,0,0,1.0,,0.05437237384043517,P4 - Low (ML Suppressed / Likely False Alarm)
BenchmarkTest00508,1,CWE-501,1,1,0,0.7234,"Detected a request with potential user-input going into a OutputStream or Writer object. This bypasses any view or template environments, including HTML escaping, which may expose this application to cross-site scripting (XSS) vulnerabilities. Consider using a view technology such as JavaServer Faces (JSFs) which automatically escapes HTML views.",0.675477596449973,P2 - High (ML Probable Vulnerability)
BenchmarkTest00509,0,CWE-89,1,0,1,0.5746,Make sure using a dynamically formatted SQL query is safe here.,0.3461669168666841,P4 - Low (ML Suppressed / Likely False Alarm)
BenchmarkTest00510,1,CWE-89,2,1,1,0.5746,Detected input from a HTTPServletRequest going into a SQL sink or statement. This could lead to SQL injection if variables in the SQL statement are not properly sanitized. Use parameterized SQL queries or properly sanitize user input instead.,0.6172031360784221,P3 - Medium (ML Moderate / Needs Review)
BenchmarkTest00511,0,CWE-89,0,0,0,0.5746,,0.22537707007614627,P4 - Low (ML Suppressed / Likely False Alarm)
BenchmarkTest00512,1,CWE-89,2,1,1,0.5746,Detected a formatted string in a SQL statement. This could lead to SQL injection if variables in the SQL statement are not properly sanitized. Use a prepared statements (java.sql.PreparedStatement) instead. You can obtain a PreparedStatement using 'connection.prepareStatement'.,0.5312748750495969,P3 - Medium (ML Moderate / Needs Review)
BenchmarkTest00513,0,CWE-89,2,1,1,0.5746,Detected a formatted string in a SQL statement. This could lead to SQL injection if variables in the SQL statement are not properly sanitized. Use a prepared statements (java.sql.PreparedStatement) instead. You can obtain a PreparedStatement using 'connection.prepareStatement'.,0.549532047868988,P3 - Medium (ML Moderate / Needs Review)
BenchmarkTest00514,0,CWE-89,2,1,1,0.5746,Detected a formatted string in a SQL statement. This could lead to SQL injection if variables in the SQL statement are not properly sanitized. Use a prepared statements (java.sql.PreparedStatement) instead. You can obtain a PreparedStatement using 'connection.prepareStatement'.,0.4939336901384355,P3 - Medium (ML Moderate / Needs Review)
BenchmarkTest00515,1,CWE-89,2,1,1,0.5746,Detected a formatted string in a SQL statement. This could lead to SQL injection if variables in the SQL statement are not properly sanitized. Use a prepared statements (java.sql.PreparedStatement) instead. You can obtain a PreparedStatement using 'connection.prepareStatement'.,0.46600563814060314,P3 - Medium (ML Moderate / Needs Review)
BenchmarkTest00516,1,CWE-89,2,1,1,0.5746,Detected a formatted string in a SQL statement. This could lead to SQL injection if variables in the SQL statement are not properly sanitized. Use a prepared statements (java.sql.PreparedStatement) instead. You can obtain a PreparedStatement using 'connection.prepareStatement'.,0.5312748750495969,P3 - Medium (ML Moderate / Needs Review)
BenchmarkTest00517,0,CWE-89,2,1,1,0.5746,Detected a formatted string in a SQL statement. This could lead to SQL injection if variables in the SQL statement are not properly sanitized. Use a prepared statements (java.sql.PreparedStatement) instead. You can obtain a PreparedStatement using 'connection.prepareStatement'.,0.549532047868988,P3 - Medium (ML Moderate / Needs Review)
BenchmarkTest00518,1,CWE-89,2,1,1,0.5746,Detected input from a HTTPServletRequest going into a SQL sink or statement. This could lead to SQL injection if variables in the SQL statement are not properly sanitized. Use parameterized SQL queries or properly sanitize user input instead.,0.6052657034562158,P3 - Medium (ML Moderate / Needs Review)
BenchmarkTest00519,0,CWE-89,2,1,1,0.5746,Detected a formatted string in a SQL statement. This could lead to SQL injection if variables in the SQL statement are not properly sanitized. Use a prepared statements (java.sql.PreparedStatement) instead. You can obtain a PreparedStatement using 'connection.prepareStatement'.,0.46600563814060314,P3 - Medium (ML Moderate / Needs Review)
BenchmarkTest00520,0,CWE-643,1,1,0,0.5185,"Detected a request with potential user-input going into a OutputStream or Writer object. This bypasses any view or template environments, including HTML escaping, which may expose this application to cross-site scripting (XSS) vulnerabilities. Consider using a view technology such as JavaServer Faces (JSFs) which automatically escapes HTML views.",0.5639760800600782,P3 - Medium (ML Moderate / Needs Review)
BenchmarkTest00521,1,CWE-327,1,0,1,0.9046,Use a strong cipher algorithm.,0.7651568594963934,P2 - High (ML Probable Vulnerability)
BenchmarkTest00522,1,CWE-327,1,0,1,0.9046,Use a strong cipher algorithm.,0.7651568594963934,P2 - High (ML Probable Vulnerability)
BenchmarkTest00523,0,CWE-327,0,0,0,0.9046,,0.09081970593165378,P4 - Low (ML Suppressed / Likely False Alarm)
BenchmarkTest00524,0,CWE-327,1,0,1,0.9046,Use a secure cipher mode.,0.7669870863329693,P2 - High (ML Probable Vulnerability)
BenchmarkTest00525,1,CWE-22,0,0,0,0.531,,0.23939612297813506,P4 - Low (ML Suppressed / Likely False Alarm)
BenchmarkTest00526,1,CWE-22,1,1,0,0.531,"Detected a potential path traversal. A malicious actor could control the location of this file, to include going backwards in the directory with '../'. To address this, ensure that user-controlled variables in file paths are sanitized. You may also consider using a utility method such as org.apache.commons.io.FilenameUtils.getName(...) to only retrieve the file name from the path.",0.528523134306003,P3 - Medium (ML Moderate / Needs Review)
BenchmarkTest00527,1,CWE-22,1,1,0,0.531,"Detected a potential path traversal. A malicious actor could control the location of this file, to include going backwards in the directory with '../'. To address this, ensure that user-controlled variables in file paths are sanitized. You may also consider using a utility method such as org.apache.commons.io.FilenameUtils.getName(...) to only retrieve the file name from the path.",0.5323617688956359,P3 - Medium (ML Moderate / Needs Review)
BenchmarkTest00528,1,CWE-22,0,0,0,0.531,,0.22112950407752943,P4 - Low (ML Suppressed / Likely False Alarm)
BenchmarkTest00529,1,CWE-22,1,1,0,0.531,"Detected a potential path traversal. A malicious actor could control the location of this file, to include going backwards in the directory with '../'. To address this, ensure that user-controlled variables in file paths are sanitized. You may also consider using a utility method such as org.apache.commons.io.FilenameUtils.getName(...) to only retrieve the file name from the path.",0.5333552162927581,P3 - Medium (ML Moderate / Needs Review)
BenchmarkTest00530,0,CWE-90,1,1,0,0.4815,"Detected input from a HTTPServletRequest going into an LDAP query. This could lead to LDAP injection if the input is not properly sanitized, which could result in attackers modifying objects in the LDAP tree structure. Ensure data passed to an LDAP query is not controllable or properly sanitize the data.",0.5266004013240456,P3 - Medium (ML Moderate / Needs Review)
BenchmarkTest00531,1,CWE-328,1,0,1,1.0,Make sure this weak hash algorithm is not used in a sensitive context here.,0.9088985337595702,P1 - Critical (ML High-Confidence Vulnerability)
BenchmarkTest00532,1,CWE-328,2,1,1,1.0,"Detected SHA1 hash algorithm which is considered insecure. SHA1 is not collision resistant and is therefore not suitable as a cryptographic signature. Instead, use PBKDF2 for password hashing or SHA256 or SHA512 for other hash function applications.",0.9967183475989987,P1 - Critical (ML High-Confidence Vulnerability)
BenchmarkTest00533,1,CWE-328,2,1,1,1.0,"Detected SHA1 hash algorithm which is considered insecure. SHA1 is not collision resistant and is therefore not suitable as a cryptographic signature. Instead, use PBKDF2 for password hashing or SHA256 or SHA512 for other hash function applications.",0.9963725018172893,P1 - Critical (ML High-Confidence Vulnerability)
BenchmarkTest00534,1,CWE-328,2,1,1,1.0,"Detected SHA1 hash algorithm which is considered insecure. SHA1 is not collision resistant and is therefore not suitable as a cryptographic signature. Instead, use PBKDF2 for password hashing or SHA256 or SHA512 for other hash function applications.",0.9967183475989987,P1 - Critical (ML High-Confidence Vulnerability)
BenchmarkTest00535,0,CWE-328,0,0,0,1.0,,0.2042594061680803,P4 - Low (ML Suppressed / Likely False Alarm)
BenchmarkTest00536,1,CWE-328,2,1,1,1.0,Detected MD5 hash algorithm which is considered insecure. MD5 is not collision resistant and is therefore not suitable as a cryptographic signature. Use HMAC instead.,0.9980365742548483,P1 - Critical (ML High-Confidence Vulnerability)
BenchmarkTest00537,1,CWE-328,2,1,1,1.0,Detected MD5 hash algorithm which is considered insecure. MD5 is not collision resistant and is therefore not suitable as a cryptographic signature. Use HMAC instead.,0.9980365742548483,P1 - Critical (ML High-Confidence Vulnerability)
BenchmarkTest00538,0,CWE-328,0,0,0,1.0,,0.22444171124432277,P4 - Low (ML Suppressed / Likely False Alarm)
BenchmarkTest00539,0,CWE-328,0,0,0,1.0,,0.20319054080011195,P4 - Low (ML Suppressed / Likely False Alarm)
BenchmarkTest00540,0,CWE-328,0,0,0,1.0,,0.22444171124432277,P4 - Low (ML Suppressed / Likely False Alarm)
BenchmarkTest00541,1,CWE-79,1,1,0,0.6516,"Detected a request with potential user-input going into a OutputStream or Writer object. This bypasses any view or template environments, including HTML escaping, which may expose this application to cross-site scripting (XSS) vulnerabilities. Consider using a view technology such as JavaServer Faces (JSFs) which automatically escapes HTML views.",0.6654635318596704,P2 - High (ML Probable Vulnerability)
BenchmarkTest00542,1,CWE-79,1,1,0,0.6516,"Detected a request with potential user-input going into a OutputStream or Writer object. This bypasses any view or template environments, including HTML escaping, which may expose this application to cross-site scripting (XSS) vulnerabilities. Consider using a view technology such as JavaServer Faces (JSFs) which automatically escapes HTML views.",0.620660943864709,P3 - Medium (ML Moderate / Needs Review)
BenchmarkTest00543,1,CWE-79,0,0,0,0.6516,,0.2918844006955008,P4 - Low (ML Suppressed / Likely False Alarm)
BenchmarkTest00544,0,CWE-79,0,0,0,0.6516,,0.2918844006955008,P4 - Low (ML Suppressed / Likely False Alarm)
BenchmarkTest00545,0,CWE-79,0,0,0,0.6516,,0.3134314167136792,P4 - Low (ML Suppressed / Likely False Alarm)
BenchmarkTest00546,0,CWE-79,0,0,0,0.6516,,0.3134314167136792,P4 - Low (ML Suppressed / Likely False Alarm)
BenchmarkTest00547,1,CWE-79,1,1,0,0.6516,"Detected a request with potential user-input going into a OutputStream or Writer object. This bypasses any view or template environments, including HTML escaping, which may expose this application to cross-site scripting (XSS) vulnerabilities. Consider using a view technology such as JavaServer Faces (JSFs) which automatically escapes HTML views.",0.620660943864709,P3 - Medium (ML Moderate / Needs Review)
BenchmarkTest00548,0,CWE-79,0,0,0,0.6516,,0.3134314167136792,P4 - Low (ML Suppressed / Likely False Alarm)
BenchmarkTest00549,1,CWE-79,1,1,0,0.6516,"Detected a request with potential user-input going into a OutputStream or Writer object. This bypasses any view or template environments, including HTML escaping, which may expose this application to cross-site scripting (XSS) vulnerabilities. Consider using a view technology such as JavaServer Faces (JSFs) which automatically escapes HTML views.",0.620660943864709,P3 - Medium (ML Moderate / Needs Review)
BenchmarkTest00550,0,CWE-79,0,0,0,0.6516,,0.2376126864028741,P4 - Low (ML Suppressed / Likely False Alarm)
BenchmarkTest00551,1,CWE-79,1,1,0,0.6516,"Detected a request with potential user-input going into a OutputStream or Writer object. This bypasses any view or template environments, including HTML escaping, which may expose this application to cross-site scripting (XSS) vulnerabilities. Consider using a view technology such as JavaServer Faces (JSFs) which automatically escapes HTML views.",0.658125282848209,P2 - High (ML Probable Vulnerability)
BenchmarkTest00552,1,CWE-79,0,0,0,0.6516,,0.25396206195529714,P4 - Low (ML Suppressed / Likely False Alarm)
BenchmarkTest00553,0,CWE-79,1,1,0,0.6516,"Detected a request with potential user-input going into a OutputStream or Writer object. This bypasses any view or template environments, including HTML escaping, which may expose this application to cross-site scripting (XSS) vulnerabilities. Consider using a view technology such as JavaServer Faces (JSFs) which automatically escapes HTML views.",0.6447953001558595,P3 - Medium (ML Moderate / Needs Review)
BenchmarkTest00554,1,CWE-79,1,1,0,0.6516,"Detected a request with potential user-input going into a OutputStream or Writer object. This bypasses any view or template environments, including HTML escaping, which may expose this application to cross-site scripting (XSS) vulnerabilities. Consider using a view technology such as JavaServer Faces (JSFs) which automatically escapes HTML views.",0.658125282848209,P2 - High (ML Probable Vulnerability)
BenchmarkTest00555,1,CWE-79,1,1,0,0.6516,"Detected a request with potential user-input going into a OutputStream or Writer object. This bypasses any view or template environments, including HTML escaping, which may expose this application to cross-site scripting (XSS) vulnerabilities. Consider using a view technology such as JavaServer Faces (JSFs) which automatically escapes HTML views.",0.658125282848209,P2 - High (ML Probable Vulnerability)
BenchmarkTest00556,0,CWE-79,1,1,0,0.6516,"Detected a request with potential user-input going into a OutputStream or Writer object. This bypasses any view or template environments, including HTML escaping, which may expose this application to cross-site scripting (XSS) vulnerabilities. Consider using a view technology such as JavaServer Faces (JSFs) which automatically escapes HTML views.",0.658125282848209,P2 - High (ML Probable Vulnerability)
BenchmarkTest00557,1,CWE-79,1,1,0,0.6516,"Detected a request with potential user-input going into a OutputStream or Writer object. This bypasses any view or template environments, including HTML escaping, which may expose this application to cross-site scripting (XSS) vulnerabilities. Consider using a view technology such as JavaServer Faces (JSFs) which automatically escapes HTML views.",0.620660943864709,P3 - Medium (ML Moderate / Needs Review)
BenchmarkTest00558,0,CWE-78,1,1,0,0.5177,A formatted or concatenated string was detected as input to a ProcessBuilder call. This is dangerous if a variable is controlled by user input and could result in a command injection. Ensure your variables are not controlled by users or sufficiently sanitized.,0.21809871420741572,P4 - Low (ML Suppressed / Likely False Alarm)
BenchmarkTest00559,0,CWE-78,1,1,0,0.5177,A formatted or concatenated string was detected as input to a ProcessBuilder call. This is dangerous if a variable is controlled by user input and could result in a command injection. Ensure your variables are not controlled by users or sufficiently sanitized.,0.31974668314763266,P4 - Low (ML Suppressed / Likely False Alarm)
BenchmarkTest00560,1,CWE-330,2,1,1,1.0,"Detected use of the functions `Math.random()` or `java.util.Random()`. These are both not cryptographically strong random number generators (RNGs). If you are using these RNGs to create passwords or secret tokens, use `java.security.SecureRandom` instead.",1.0,P1 - Critical (ML High-Confidence Vulnerability)
BenchmarkTest00561,1,CWE-330,2,1,1,1.0,"Detected use of the functions `Math.random()` or `java.util.Random()`. These are both not cryptographically strong random number generators (RNGs). If you are using these RNGs to create passwords or secret tokens, use `java.security.SecureRandom` instead.",1.0,P1 - Critical (ML High-Confidence Vulnerability)
BenchmarkTest00562,1,CWE-330,2,1,1,1.0,"Detected use of the functions `Math.random()` or `java.util.Random()`. These are both not cryptographically strong random number generators (RNGs). If you are using these RNGs to create passwords or secret tokens, use `java.security.SecureRandom` instead.",1.0,P1 - Critical (ML High-Confidence Vulnerability)
BenchmarkTest00563,1,CWE-330,2,1,1,1.0,"Detected use of the functions `Math.random()` or `java.util.Random()`. These are both not cryptographically strong random number generators (RNGs). If you are using these RNGs to create passwords or secret tokens, use `java.security.SecureRandom` instead.",1.0,P1 - Critical (ML High-Confidence Vulnerability)
BenchmarkTest00564,1,CWE-330,2,1,1,1.0,"Detected use of the functions `Math.random()` or `java.util.Random()`. These are both not cryptographically strong random number generators (RNGs). If you are using these RNGs to create passwords or secret tokens, use `java.security.SecureRandom` instead.",1.0,P1 - Critical (ML High-Confidence Vulnerability)
BenchmarkTest00565,1,CWE-614,1,1,0,1.0,A cookie was detected without setting the 'secure' flag. The 'secure' flag for cookies prevents the client from transmitting the cookie over insecure channels such as HTTP. Set the 'secure' flag by calling 'cookie.setSecure(true);',0.9363653782212263,P1 - Critical (ML High-Confidence Vulnerability)
BenchmarkTest00566,1,CWE-614,1,1,0,1.0,A cookie was detected without setting the 'secure' flag. The 'secure' flag for cookies prevents the client from transmitting the cookie over insecure channels such as HTTP. Set the 'secure' flag by calling 'cookie.setSecure(true);',0.9469332262689727,P1 - Critical (ML High-Confidence Vulnerability)
BenchmarkTest00567,1,CWE-78,1,1,0,0.5177,"Detected input from a HTTPServletRequest going into a 'ProcessBuilder' or 'exec' command. This could lead to command injection if variables passed into the exec commands are not properly sanitized. Instead, avoid using these OS commands with user-supplied input, or, if you must use these commands, use a whitelist of specific values.",0.5713557769679556,P3 - Medium (ML Moderate / Needs Review)
BenchmarkTest00568,1,CWE-78,1,1,0,0.5177,"Detected input from a HTTPServletRequest going into a 'ProcessBuilder' or 'exec' command. This could lead to command injection if variables passed into the exec commands are not properly sanitized. Instead, avoid using these OS commands with user-supplied input, or, if you must use these commands, use a whitelist of specific values.",0.565387778500283,P3 - Medium (ML Moderate / Needs Review)
BenchmarkTest00569,0,CWE-78,0,0,0,0.5177,,0.2497054813246188,P4 - Low (ML Suppressed / Likely False Alarm)
BenchmarkTest00570,0,CWE-78,0,0,0,0.5177,,0.3090676231719826,P4 - Low (ML Suppressed / Likely False Alarm)
BenchmarkTest00571,0,CWE-78,1,1,0,0.5177,"Detected input from a HTTPServletRequest going into a 'ProcessBuilder' or 'exec' command. This could lead to command injection if variables passed into the exec commands are not properly sanitized. Instead, avoid using these OS commands with user-supplied input, or, if you must use these commands, use a whitelist of specific values.",0.5713557769679556,P3 - Medium (ML Moderate / Needs Review)
BenchmarkTest00572,0,CWE-78,1,1,0,0.5177,"Detected input from a HTTPServletRequest going into a 'ProcessBuilder' or 'exec' command. This could lead to command injection if variables passed into the exec commands are not properly sanitized. Instead, avoid using these OS commands with user-supplied input, or, if you must use these commands, use a whitelist of specific values.",0.5076583195183094,P3 - Medium (ML Moderate / Needs Review)
BenchmarkTest00573,1,CWE-78,1,1,0,0.5177,"Detected input from a HTTPServletRequest going into a 'ProcessBuilder' or 'exec' command. This could lead to command injection if variables passed into the exec commands are not properly sanitized. Instead, avoid using these OS commands with user-supplied input, or, if you must use these commands, use a whitelist of specific values.",0.565387778500283,P3 - Medium (ML Moderate / Needs Review)
BenchmarkTest00574,1,CWE-78,1,1,0,0.5177,"Detected input from a HTTPServletRequest going into a 'ProcessBuilder' or 'exec' command. This could lead to command injection if variables passed into the exec commands are not properly sanitized. Instead, avoid using these OS commands with user-supplied input, or, if you must use these commands, use a whitelist of specific values.",0.5713557769679556,P3 - Medium (ML Moderate / Needs Review)
BenchmarkTest00575,1,CWE-78,0,0,0,0.5177,,0.3069057838099165,P4 - Low (ML Suppressed / Likely False Alarm)
BenchmarkTest00576,1,CWE-78,1,1,0,0.5177,"Detected input from a HTTPServletRequest going into a 'ProcessBuilder' or 'exec' command. This could lead to command injection if variables passed into the exec commands are not properly sanitized. Instead, avoid using these OS commands with user-supplied input, or, if you must use these commands, use a whitelist of specific values.",0.5140518495956894,P3 - Medium (ML Moderate / Needs Review)
BenchmarkTest00577,0,CWE-330,0,0,0,1.0,,0.054878713660365834,P4 - Low (ML Suppressed / Likely False Alarm)
BenchmarkTest00578,0,CWE-330,0,0,0,1.0,,0.051215480072750806,P4 - Low (ML Suppressed / Likely False Alarm)
BenchmarkTest00579,0,CWE-330,0,0,0,1.0,,0.05437237384043517,P4 - Low (ML Suppressed / Likely False Alarm)
BenchmarkTest00580,0,CWE-330,0,0,0,1.0,,0.054878713660365834,P4 - Low (ML Suppressed / Likely False Alarm)
BenchmarkTest00581,0,CWE-330,0,0,0,1.0,,0.057764259022038515,P4 - Low (ML Suppressed / Likely False Alarm)
BenchmarkTest00582,0,CWE-330,0,0,0,1.0,,0.05437237384043517,P4 - Low (ML Suppressed / Likely False Alarm)
BenchmarkTest00583,0,CWE-330,0,0,0,1.0,,0.054878713660365834,P4 - Low (ML Suppressed / Likely False Alarm)
BenchmarkTest00584,0,CWE-330,0,0,0,1.0,,0.05157343440022427,P4 - Low (ML Suppressed / Likely False Alarm)
BenchmarkTest00585,0,CWE-330,0,0,0,1.0,,0.05157343440022427,P4 - Low (ML Suppressed / Likely False Alarm)
BenchmarkTest00586,0,CWE-501,0,0,0,0.7234,,0.31561365135242075,P4 - Low (ML Suppressed / Likely False Alarm)
BenchmarkTest00587,1,CWE-501,0,0,0,0.7234,,0.31561365135242075,P4 - Low (ML Suppressed / Likely False Alarm)
BenchmarkTest00588,1,CWE-501,1,1,0,0.7234,"Detected a request with potential user-input going into a OutputStream or Writer object. This bypasses any view or template environments, including HTML escaping, which may expose this application to cross-site scripting (XSS) vulnerabilities. Consider using a view technology such as JavaServer Faces (JSFs) which automatically escapes HTML views.",0.7078618281880859,P2 - High (ML Probable Vulnerability)
BenchmarkTest00589,0,CWE-89,1,0,1,0.5746,Make sure using a dynamically formatted SQL query is safe here.,0.3461669168666841,P4 - Low (ML Suppressed / Likely False Alarm)
BenchmarkTest00590,1,CWE-89,2,1,1,0.5746,Detected input from a HTTPServletRequest going into a SQL sink or statement. This could lead to SQL injection if variables in the SQL statement are not properly sanitized. Use parameterized SQL queries or properly sanitize user input instead.,0.6172031360784221,P3 - Medium (ML Moderate / Needs Review)
BenchmarkTest00591,1,CWE-89,2,1,1,0.5746,Detected input from a HTTPServletRequest going into a SQL sink or statement. This could lead to SQL injection if variables in the SQL statement are not properly sanitized. Use parameterized SQL queries or properly sanitize user input instead.,0.6133730231246536,P3 - Medium (ML Moderate / Needs Review)
BenchmarkTest00592,0,CWE-89,1,0,1,0.5746,Make sure using a dynamically formatted SQL query is safe here.,0.22966555524516252,P4 - Low (ML Suppressed / Likely False Alarm)
BenchmarkTest00593,1,CWE-89,2,1,1,0.5746,Detected input from a HTTPServletRequest going into a SQL sink or statement. This could lead to SQL injection if variables in the SQL statement are not properly sanitized. Use parameterized SQL queries or properly sanitize user input instead.,0.6052657034562158,P3 - Medium (ML Moderate / Needs Review)
BenchmarkTest00594,1,CWE-89,1,0,1,0.5746,Make sure using a dynamically formatted SQL query is safe here.,0.2849134456975897,P4 - Low (ML Suppressed / Likely False Alarm)
BenchmarkTest00595,1,CWE-89,2,1,1,0.5746,Detected input from a HTTPServletRequest going into a SQL sink or statement. This could lead to SQL injection if variables in the SQL statement are not properly sanitized. Use parameterized SQL queries or properly sanitize user input instead.,0.6172031360784221,P3 - Medium (ML Moderate / Needs Review)
BenchmarkTest00596,1,CWE-89,0,0,0,0.5746,,0.22127245890996192,P4 - Low (ML Suppressed / Likely False Alarm)
BenchmarkTest00597,1,CWE-89,1,1,0,0.5746,Detected input from a HTTPServletRequest going into a SQL sink or statement. This could lead to SQL injection if variables in the SQL statement are not properly sanitized. Use parameterized SQL queries or properly sanitize user input instead.,0.6352860383034056,P3 - Medium (ML Moderate / Needs Review)
BenchmarkTest00598,1,CWE-89,1,1,0,0.5746,Detected input from a HTTPServletRequest going into a SQL sink or statement. This could lead to SQL injection if variables in the SQL statement are not properly sanitized. Use parameterized SQL queries or properly sanitize user input instead.,0.6299341752169263,P3 - Medium (ML Moderate / Needs Review)
BenchmarkTest00599,0,CWE-89,0,0,0,0.5746,,0.22537707007614627,P4 - Low (ML Suppressed / Likely False Alarm)
BenchmarkTest00600,1,CWE-89,1,1,0,0.5746,Detected input from a HTTPServletRequest going into a SQL sink or statement. This could lead to SQL injection if variables in the SQL statement are not properly sanitized. Use parameterized SQL queries or properly sanitize user input instead.,0.6325793924610322,P3 - Medium (ML Moderate / Needs Review)
BenchmarkTest00601,0,CWE-89,2,1,1,0.5746,Detected input from a HTTPServletRequest going into a SQL sink or statement. This could lead to SQL injection if variables in the SQL statement are not properly sanitized. Use parameterized SQL queries or properly sanitize user input instead.,0.6013870000430575,P3 - Medium (ML Moderate / Needs Review)
BenchmarkTest00602,0,CWE-89,2,1,1,0.5746,Detected a formatted string in a SQL statement. This could lead to SQL injection if variables in the SQL statement are not properly sanitized. Use a prepared statements (java.sql.PreparedStatement) instead. You can obtain a PreparedStatement using 'connection.prepareStatement'.,0.49671630473765704,P3 - Medium (ML Moderate / Needs Review)
BenchmarkTest00603,1,CWE-89,2,1,1,0.5746,Detected a formatted string in a SQL statement. This could lead to SQL injection if variables in the SQL statement are not properly sanitized. Use a prepared statements (java.sql.PreparedStatement) instead. You can obtain a PreparedStatement using 'connection.prepareStatement'.,0.5312748750495969,P3 - Medium (ML Moderate / Needs Review)
BenchmarkTest00604,1,CWE-89,2,1,1,0.5746,Detected input from a HTTPServletRequest going into a SQL sink or statement. This could lead to SQL injection if variables in the SQL statement are not properly sanitized. Use parameterized SQL queries or properly sanitize user input instead.,0.6172031360784221,P3 - Medium (ML Moderate / Needs Review)
BenchmarkTest00605,0,CWE-89,2,1,1,0.5746,Detected input from a HTTPServletRequest going into a SQL sink or statement. This could lead to SQL injection if variables in the SQL statement are not properly sanitized. Use parameterized SQL queries or properly sanitize user input instead.,0.6013870000430575,P3 - Medium (ML Moderate / Needs Review)
BenchmarkTest00606,1,CWE-89,2,1,1,0.5746,Detected input from a HTTPServletRequest going into a SQL sink or statement. This could lead to SQL injection if variables in the SQL statement are not properly sanitized. Use parameterized SQL queries or properly sanitize user input instead.,0.6326009898069045,P3 - Medium (ML Moderate / Needs Review)
BenchmarkTest00607,1,CWE-643,1,1,0,0.5185,"Detected a request with potential user-input going into a OutputStream or Writer object. This bypasses any view or template environments, including HTML escaping, which may expose this application to cross-site scripting (XSS) vulnerabilities. Consider using a view technology such as JavaServer Faces (JSFs) which automatically escapes HTML views.",0.5248431078241387,P3 - Medium (ML Moderate / Needs Review)
BenchmarkTest00608,1,CWE-327,1,0,1,0.9046,Use another cipher mode or disable padding.,0.7615061478378989,P2 - High (ML Probable Vulnerability)
BenchmarkTest00609,1,CWE-327,1,0,1,0.9046,Use a strong cipher algorithm.,0.746894127214667,P2 - High (ML Probable Vulnerability)
BenchmarkTest00610,1,CWE-327,1,0,1,0.9046,Use a strong cipher algorithm.,0.7669870863329693,P2 - High (ML Probable Vulnerability)
BenchmarkTest00611,1,CWE-327,1,0,1,0.9046,Use another cipher mode or disable padding.,0.7651568594963934,P2 - High (ML Probable Vulnerability)
BenchmarkTest00612,0,CWE-327,0,0,0,0.9046,,0.09081970593165378,P4 - Low (ML Suppressed / Likely False Alarm)
BenchmarkTest00613,0,CWE-327,0,0,0,0.9046,,0.08431073471868633,P4 - Low (ML Suppressed / Likely False Alarm)
BenchmarkTest00614,1,CWE-327,2,1,1,0.9046,DES is considered deprecated. AES is the recommended cipher. Upgrade to use AES. See https://www.nist.gov/news-events/news/2005/06/nist-withdraws-outdated-data-encryption-standard for more information.,0.9663830351149392,P1 - Critical (ML High-Confidence Vulnerability)
BenchmarkTest00615,1,CWE-327,2,1,1,0.9046,DES is considered deprecated. AES is the recommended cipher. Upgrade to use AES. See https://www.nist.gov/news-events/news/2005/06/nist-withdraws-outdated-data-encryption-standard for more information.,0.9599168322784121,P1 - Critical (ML High-Confidence Vulnerability)
BenchmarkTest00616,1,CWE-327,1,0,1,0.9046,Use a strong cipher algorithm.,0.7651568594963934,P2 - High (ML Probable Vulnerability)
BenchmarkTest00617,1,CWE-327,1,0,1,0.9046,Use a strong cipher algorithm.,0.746894127214667,P2 - High (ML Probable Vulnerability)
BenchmarkTest00618,0,CWE-327,1,0,1,0.9046,Use a secure cipher mode.,0.746894127214667,P2 - High (ML Probable Vulnerability)
BenchmarkTest00619,1,CWE-22,0,0,0,0.531,,0.22112950407752943,P4 - Low (ML Suppressed / Likely False Alarm)
BenchmarkTest00620,0,CWE-22,0,0,0,0.531,,0.22112950407752943,P4 - Low (ML Suppressed / Likely False Alarm)
BenchmarkTest00621,0,CWE-22,0,0,0,0.531,,0.24590279655141292,P4 - Low (ML Suppressed / Likely False Alarm)
BenchmarkTest00622,0,CWE-22,1,1,0,0.531,"Detected a potential path traversal. A malicious actor could control the location of this file, to include going backwards in the directory with '../'. To address this, ensure that user-controlled variables in file paths are sanitized. You may also consider using a utility method such as org.apache.commons.io.FilenameUtils.getName(...) to only retrieve the file name from the path.",0.5333552162927581,P3 - Medium (ML Moderate / Needs Review)
BenchmarkTest00623,1,CWE-22,1,1,0,0.531,"Detected a potential path traversal. A malicious actor could control the location of this file, to include going backwards in the directory with '../'. To address this, ensure that user-controlled variables in file paths are sanitized. You may also consider using a utility method such as org.apache.commons.io.FilenameUtils.getName(...) to only retrieve the file name from the path.",0.5323617688956359,P3 - Medium (ML Moderate / Needs Review)
BenchmarkTest00624,1,CWE-22,1,1,0,0.531,"Detected a potential path traversal. A malicious actor could control the location of this file, to include going backwards in the directory with '../'. To address this, ensure that user-controlled variables in file paths are sanitized. You may also consider using a utility method such as org.apache.commons.io.FilenameUtils.getName(...) to only retrieve the file name from the path.",0.5323617688956359,P3 - Medium (ML Moderate / Needs Review)
BenchmarkTest00625,0,CWE-22,1,1,0,0.531,"Detected a potential path traversal. A malicious actor could control the location of this file, to include going backwards in the directory with '../'. To address this, ensure that user-controlled variables in file paths are sanitized. You may also consider using a utility method such as org.apache.commons.io.FilenameUtils.getName(...) to only retrieve the file name from the path.",0.5446502000682291,P3 - Medium (ML Moderate / Needs Review)
BenchmarkTest00626,0,CWE-22,0,0,0,0.531,,0.23926100857156368,P4 - Low (ML Suppressed / Likely False Alarm)
BenchmarkTest00627,1,CWE-22,1,1,0,0.531,"Detected a potential path traversal. A malicious actor could control the location of this file, to include going backwards in the directory with '../'. To address this, ensure that user-controlled variables in file paths are sanitized. You may also consider using a utility method such as org.apache.commons.io.FilenameUtils.getName(...) to only retrieve the file name from the path.",0.528523134306003,P3 - Medium (ML Moderate / Needs Review)
BenchmarkTest00628,0,CWE-22,0,0,0,0.531,,0.24590279655141292,P4 - Low (ML Suppressed / Likely False Alarm)
BenchmarkTest00629,1,CWE-22,0,0,0,0.531,,0.24590279655141292,P4 - Low (ML Suppressed / Likely False Alarm)
BenchmarkTest00630,1,CWE-90,1,1,0,0.4815,"Detected input from a HTTPServletRequest going into an LDAP query. This could lead to LDAP injection if the input is not properly sanitized, which could result in attackers modifying objects in the LDAP tree structure. Ensure data passed to an LDAP query is not controllable or properly sanitize the data.",0.5131125537608819,P3 - Medium (ML Moderate / Needs Review)
BenchmarkTest00631,1,CWE-328,1,0,1,1.0,Make sure this weak hash algorithm is not used in a sensitive context here.,0.8883896409585705,P1 - Critical (ML High-Confidence Vulnerability)
BenchmarkTest00632,0,CWE-328,0,0,0,1.0,,0.22444171124432277,P4 - Low (ML Suppressed / Likely False Alarm)
BenchmarkTest00633,0,CWE-328,0,0,0,1.0,,0.20319054080011195,P4 - Low (ML Suppressed / Likely False Alarm)
BenchmarkTest00634,1,CWE-328,2,1,1,1.0,"Detected SHA1 hash algorithm which is considered insecure. SHA1 is not collision resistant and is therefore not suitable as a cryptographic signature. Instead, use PBKDF2 for password hashing or SHA256 or SHA512 for other hash function applications.",0.9964738352100482,P1 - Critical (ML High-Confidence Vulnerability)
BenchmarkTest00635,1,CWE-328,2,1,1,1.0,"Detected SHA1 hash algorithm which is considered insecure. SHA1 is not collision resistant and is therefore not suitable as a cryptographic signature. Instead, use PBKDF2 for password hashing or SHA256 or SHA512 for other hash function applications.",0.9967183475989987,P1 - Critical (ML High-Confidence Vulnerability)
BenchmarkTest00636,1,CWE-328,2,1,1,1.0,"Detected SHA1 hash algorithm which is considered insecure. SHA1 is not collision resistant and is therefore not suitable as a cryptographic signature. Instead, use PBKDF2 for password hashing or SHA256 or SHA512 for other hash function applications.",0.9967183475989987,P1 - Critical (ML High-Confidence Vulnerability)
BenchmarkTest00637,1,CWE-328,2,1,1,1.0,Detected MD5 hash algorithm which is considered insecure. MD5 is not collision resistant and is therefore not suitable as a cryptographic signature. Use HMAC instead.,0.9967183475989987,P1 - Critical (ML High-Confidence Vulnerability)
BenchmarkTest00638,1,CWE-328,0,0,0,1.0,,0.21055491925120276,P4 - Low (ML Suppressed / Likely False Alarm)
BenchmarkTest00639,0,CWE-328,0,0,0,1.0,,0.21055491925120276,P4 - Low (ML Suppressed / Likely False Alarm)
BenchmarkTest00640,0,CWE-328,0,0,0,1.0,,0.22444171124432277,P4 - Low (ML Suppressed / Likely False Alarm)
BenchmarkTest00641,0,CWE-328,0,0,0,1.0,,0.2042594061680803,P4 - Low (ML Suppressed / Likely False Alarm)
BenchmarkTest00642,1,CWE-79,0,0,0,0.6516,,0.2918844006955008,P4 - Low (ML Suppressed / Likely False Alarm)
BenchmarkTest00643,1,CWE-79,0,0,0,0.6516,,0.2918844006955008,P4 - Low (ML Suppressed / Likely False Alarm)
BenchmarkTest00644,1,CWE-79,0,0,0,0.6516,,0.2741956883318252,P4 - Low (ML Suppressed / Likely False Alarm)
BenchmarkTest00645,1,CWE-79,0,0,0,0.6516,,0.2741956883318252,P4 - Low (ML Suppressed / Likely False Alarm)
BenchmarkTest00646,0,CWE-79,0,0,0,0.6516,,0.2918844006955008,P4 - Low (ML Suppressed / Likely False Alarm)
BenchmarkTest00647,0,CWE-79,0,0,0,0.6516,,0.2741956883318252,P4 - Low (ML Suppressed / Likely False Alarm)
BenchmarkTest00648,0,CWE-79,0,0,0,0.6516,,0.2376126864028741,P4 - Low (ML Suppressed / Likely False Alarm)
BenchmarkTest00649,0,CWE-79,0,0,0,0.6516,,0.3134314167136792,P4 - Low (ML Suppressed / Likely False Alarm)
BenchmarkTest00650,0,CWE-79,0,0,0,0.6516,,0.2918844006955008,P4 - Low (ML Suppressed / Likely False Alarm)
BenchmarkTest00651,1,CWE-79,0,0,0,0.6516,,0.2376126864028741,P4 - Low (ML Suppressed / Likely False Alarm)
BenchmarkTest00652,1,CWE-330,2,1,1,1.0,"Detected use of the functions `Math.random()` or `java.util.Random()`. These are both not cryptographically strong random number generators (RNGs). If you are using these RNGs to create passwords or secret tokens, use `java.security.SecureRandom` instead.",1.0,P1 - Critical (ML High-Confidence Vulnerability)
BenchmarkTest00653,1,CWE-330,2,1,1,1.0,"Detected use of the functions `Math.random()` or `java.util.Random()`. These are both not cryptographically strong random number generators (RNGs). If you are using these RNGs to create passwords or secret tokens, use `java.security.SecureRandom` instead.",1.0,P1 - Critical (ML High-Confidence Vulnerability)
BenchmarkTest00654,1,CWE-330,2,1,1,1.0,"Detected use of the functions `Math.random()` or `java.util.Random()`. These are both not cryptographically strong random number generators (RNGs). If you are using these RNGs to create passwords or secret tokens, use `java.security.SecureRandom` instead.",1.0,P1 - Critical (ML High-Confidence Vulnerability)
BenchmarkTest00655,0,CWE-614,0,0,0,1.0,,0.10532987746572291,P4 - Low (ML Suppressed / Likely False Alarm)
BenchmarkTest00656,1,CWE-79,0,0,0,0.6516,,0.2376126864028741,P4 - Low (ML Suppressed / Likely False Alarm)
BenchmarkTest00657,0,CWE-78,0,0,0,0.5177,,0.3069057838099165,P4 - Low (ML Suppressed / Likely False Alarm)
BenchmarkTest00658,0,CWE-78,1,1,0,0.5177,"Detected input from a HTTPServletRequest going into a 'ProcessBuilder' or 'exec' command. This could lead to command injection if variables passed into the exec commands are not properly sanitized. Instead, avoid using these OS commands with user-supplied input, or, if you must use these commands, use a whitelist of specific values.",0.5140518495956894,P3 - Medium (ML Moderate / Needs Review)
BenchmarkTest00659,0,CWE-78,1,1,0,0.5177,"Detected input from a HTTPServletRequest going into a 'ProcessBuilder' or 'exec' command. This could lead to command injection if variables passed into the exec commands are not properly sanitized. Instead, avoid using these OS commands with user-supplied input, or, if you must use these commands, use a whitelist of specific values.",0.543197997632849,P3 - Medium (ML Moderate / Needs Review)
BenchmarkTest00660,0,CWE-330,0,0,0,1.0,,0.054878713660365834,P4 - Low (ML Suppressed / Likely False Alarm)
BenchmarkTest00661,0,CWE-330,0,0,0,1.0,,0.057764259022038515,P4 - Low (ML Suppressed / Likely False Alarm)
BenchmarkTest00662,0,CWE-330,0,0,0,1.0,,0.057764259022038515,P4 - Low (ML Suppressed / Likely False Alarm)
BenchmarkTest00663,0,CWE-330,0,0,0,1.0,,0.057764259022038515,P4 - Low (ML Suppressed / Likely False Alarm)
BenchmarkTest00664,0,CWE-330,0,0,0,1.0,,0.05157343440022427,P4 - Low (ML Suppressed / Likely False Alarm)
BenchmarkTest00665,0,CWE-330,0,0,0,1.0,,0.05157343440022427,P4 - Low (ML Suppressed / Likely False Alarm)
BenchmarkTest00666,0,CWE-330,0,0,0,1.0,,0.054878713660365834,P4 - Low (ML Suppressed / Likely False Alarm)
BenchmarkTest00667,0,CWE-330,0,0,0,1.0,,0.057764259022038515,P4 - Low (ML Suppressed / Likely False Alarm)
BenchmarkTest00668,1,CWE-501,0,0,0,0.7234,,0.3381941644881687,P4 - Low (ML Suppressed / Likely False Alarm)
BenchmarkTest00669,0,CWE-501,0,0,0,0.7234,,0.31561365135242075,P4 - Low (ML Suppressed / Likely False Alarm)
BenchmarkTest00670,1,CWE-501,0,0,0,0.7234,,0.33858143099312765,P4 - Low (ML Suppressed / Likely False Alarm)
BenchmarkTest00671,1,CWE-501,0,0,0,0.7234,,0.33363594360888704,P4 - Low (ML Suppressed / Likely False Alarm)
BenchmarkTest00672,0,CWE-89,1,0,1,0.5746,Make sure using a dynamically formatted SQL query is safe here.,0.2849134456975897,P4 - Low (ML Suppressed / Likely False Alarm)
BenchmarkTest00673,1,CWE-89,1,0,1,0.5746,Make sure using a dynamically formatted SQL query is safe here.,0.22966555524516252,P4 - Low (ML Suppressed / Likely False Alarm)
BenchmarkTest00674,0,CWE-89,1,0,1,0.5746,Make sure using a dynamically formatted SQL query is safe here.,0.27826349045176924,P4 - Low (ML Suppressed / Likely False Alarm)
BenchmarkTest00675,0,CWE-89,1,0,1,0.5746,Make sure using a dynamically formatted SQL query is safe here.,0.3461669168666841,P4 - Low (ML Suppressed / Likely False Alarm)
BenchmarkTest00676,0,CWE-89,1,0,1,0.5746,Make sure using a dynamically formatted SQL query is safe here.,0.3213664525227602,P4 - Low (ML Suppressed / Likely False Alarm)
BenchmarkTest00677,1,CWE-89,0,0,0,0.5746,,0.22127245890996192,P4 - Low (ML Suppressed / Likely False Alarm)
BenchmarkTest00678,1,CWE-89,0,0,0,0.5746,,0.22537707007614627,P4 - Low (ML Suppressed / Likely False Alarm)
BenchmarkTest00679,1,CWE-89,0,0,0,0.5746,,0.22537707007614627,P4 - Low (ML Suppressed / Likely False Alarm)
BenchmarkTest00680,0,CWE-89,2,1,1,0.5746,Detected a formatted string in a SQL statement. This could lead to SQL injection if variables in the SQL statement are not properly sanitized. Use a prepared statements (java.sql.PreparedStatement) instead. You can obtain a PreparedStatement using 'connection.prepareStatement'.,0.549532047868988,P3 - Medium (ML Moderate / Needs Review)
BenchmarkTest00681,1,CWE-89,2,1,1,0.5746,Detected a formatted string in a SQL statement. This could lead to SQL injection if variables in the SQL statement are not properly sanitized. Use a prepared statements (java.sql.PreparedStatement) instead. You can obtain a PreparedStatement using 'connection.prepareStatement'.,0.46600563814060314,P3 - Medium (ML Moderate / Needs Review)
BenchmarkTest00682,0,CWE-89,2,1,1,0.5746,Detected a formatted string in a SQL statement. This could lead to SQL injection if variables in the SQL statement are not properly sanitized. Use a prepared statements (java.sql.PreparedStatement) instead. You can obtain a PreparedStatement using 'connection.prepareStatement'.,0.5312748750495969,P3 - Medium (ML Moderate / Needs Review)
BenchmarkTest00683,0,CWE-643,0,0,0,0.5185,,0.15954848044663497,P4 - Low (ML Suppressed / Likely False Alarm)
BenchmarkTest00684,1,CWE-327,1,0,1,0.9046,Use another cipher mode or disable padding.,0.746894127214667,P2 - High (ML Probable Vulnerability)
BenchmarkTest00685,1,CWE-327,1,0,1,0.9046,Use another cipher mode or disable padding.,0.7669870863329693,P2 - High (ML Probable Vulnerability)
BenchmarkTest00686,0,CWE-327,0,0,0,0.9046,,0.09081970593165378,P4 - Low (ML Suppressed / Likely False Alarm)
BenchmarkTest00687,0,CWE-327,0,0,0,0.9046,,0.09176958896267884,P4 - Low (ML Suppressed / Likely False Alarm)
BenchmarkTest00688,1,CWE-327,1,0,1,0.9046,Use a strong cipher algorithm.,0.7669870863329693,P2 - High (ML Probable Vulnerability)
BenchmarkTest00689,0,CWE-327,0,0,0,0.9046,,0.08431073471868633,P4 - Low (ML Suppressed / Likely False Alarm)
BenchmarkTest00690,0,CWE-327,0,0,0,0.9046,,0.09759301912689183,P4 - Low (ML Suppressed / Likely False Alarm)
BenchmarkTest00691,1,CWE-327,2,1,1,0.9046,DES is considered deprecated. AES is the recommended cipher. Upgrade to use AES. See https://www.nist.gov/news-events/news/2005/06/nist-withdraws-outdated-data-encryption-standard for more information.,0.9599168322784121,P1 - Critical (ML High-Confidence Vulnerability)
BenchmarkTest00692,1,CWE-327,2,1,1,0.9046,DES is considered deprecated. AES is the recommended cipher. Upgrade to use AES. See https://www.nist.gov/news-events/news/2005/06/nist-withdraws-outdated-data-encryption-standard for more information.,0.9663830351149392,P1 - Critical (ML High-Confidence Vulnerability)
BenchmarkTest00693,1,CWE-327,2,1,1,0.9046,DES is considered deprecated. AES is the recommended cipher. Upgrade to use AES. See https://www.nist.gov/news-events/news/2005/06/nist-withdraws-outdated-data-encryption-standard for more information.,0.9726464839232182,P1 - Critical (ML High-Confidence Vulnerability)
BenchmarkTest00694,1,CWE-90,1,1,0,0.4815,"Detected input from a HTTPServletRequest going into an LDAP query. This could lead to LDAP injection if the input is not properly sanitized, which could result in attackers modifying objects in the LDAP tree structure. Ensure data passed to an LDAP query is not controllable or properly sanitize the data.",0.5266004013240456,P3 - Medium (ML Moderate / Needs Review)
BenchmarkTest00695,1,CWE-90,0,0,0,0.4815,,0.17227068583073218,P4 - Low (ML Suppressed / Likely False Alarm)
BenchmarkTest00696,1,CWE-22,1,1,0,0.531,"Detected a potential path traversal. A malicious actor could control the location of this file, to include going backwards in the directory with '../'. To address this, ensure that user-controlled variables in file paths are sanitized. You may also consider using a utility method such as org.apache.commons.io.FilenameUtils.getName(...) to only retrieve the file name from the path.",0.5446502000682291,P3 - Medium (ML Moderate / Needs Review)
BenchmarkTest00697,1,CWE-22,1,1,0,0.531,"Detected a potential path traversal. A malicious actor could control the location of this file, to include going backwards in the directory with '../'. To address this, ensure that user-controlled variables in file paths are sanitized. You may also consider using a utility method such as org.apache.commons.io.FilenameUtils.getName(...) to only retrieve the file name from the path.",0.5446502000682291,P3 - Medium (ML Moderate / Needs Review)
BenchmarkTest00698,1,CWE-22,1,1,0,0.531,"Detected a potential path traversal. A malicious actor could control the location of this file, to include going backwards in the directory with '../'. To address this, ensure that user-controlled variables in file paths are sanitized. You may also consider using a utility method such as org.apache.commons.io.FilenameUtils.getName(...) to only retrieve the file name from the path.",0.5333552162927581,P3 - Medium (ML Moderate / Needs Review)
BenchmarkTest00699,0,CWE-22,1,1,0,0.531,"Detected a potential path traversal. A malicious actor could control the location of this file, to include going backwards in the directory with '../'. To address this, ensure that user-controlled variables in file paths are sanitized. You may also consider using a utility method such as org.apache.commons.io.FilenameUtils.getName(...) to only retrieve the file name from the path.",0.5333552162927581,P3 - Medium (ML Moderate / Needs Review)
BenchmarkTest00700,1,CWE-22,1,1,0,0.531,"Detected a potential path traversal. A malicious actor could control the location of this file, to include going backwards in the directory with '../'. To address this, ensure that user-controlled variables in file paths are sanitized. You may also consider using a utility method such as org.apache.commons.io.FilenameUtils.getName(...) to only retrieve the file name from the path.",0.5323617688956359,P3 - Medium (ML Moderate / Needs Review)
BenchmarkTest00701,0,CWE-90,0,0,0,0.4815,,0.17227068583073218,P4 - Low (ML Suppressed / Likely False Alarm)
BenchmarkTest00702,1,CWE-330,2,1,1,1.0,"Detected use of the functions `Math.random()` or `java.util.Random()`. These are both not cryptographically strong random number generators (RNGs). If you are using these RNGs to create passwords or secret tokens, use `java.security.SecureRandom` instead.",1.0,P1 - Critical (ML High-Confidence Vulnerability)
BenchmarkTest00703,1,CWE-328,1,0,1,1.0,Make sure this weak hash algorithm is not used in a sensitive context here.,0.9103970488462652,P1 - Critical (ML High-Confidence Vulnerability)
BenchmarkTest00704,1,CWE-328,1,0,1,1.0,Make sure this weak hash algorithm is not used in a sensitive context here.,0.9088985337595702,P1 - Critical (ML High-Confidence Vulnerability)
BenchmarkTest00705,1,CWE-328,2,1,1,1.0,"Detected SHA1 hash algorithm which is considered insecure. SHA1 is not collision resistant and is therefore not suitable as a cryptographic signature. Instead, use PBKDF2 for password hashing or SHA256 or SHA512 for other hash function applications.",0.9967183475989987,P1 - Critical (ML High-Confidence Vulnerability)
BenchmarkTest00706,0,CWE-328,0,0,0,1.0,,0.20319054080011195,P4 - Low (ML Suppressed / Likely False Alarm)
BenchmarkTest00707,0,CWE-328,0,0,0,1.0,,0.2336827722158927,P4 - Low (ML Suppressed / Likely False Alarm)
BenchmarkTest00708,1,CWE-328,2,1,1,1.0,Detected MD5 hash algorithm which is considered insecure. MD5 is not collision resistant and is therefore not suitable as a cryptographic signature. Use HMAC instead.,0.9963725018172893,P1 - Critical (ML High-Confidence Vulnerability)
BenchmarkTest00709,0,CWE-328,0,0,0,1.0,,0.21055491925120276,P4 - Low (ML Suppressed / Likely False Alarm)
BenchmarkTest00710,1,CWE-328,0,0,0,1.0,,0.20319054080011195,P4 - Low (ML Suppressed / Likely False Alarm)
BenchmarkTest00711,1,CWE-79,0,0,0,0.6516,,0.3134314167136792,P4 - Low (ML Suppressed / Likely False Alarm)
BenchmarkTest00712,0,CWE-79,1,1,0,0.6516,"Detected a request with potential user-input going into a OutputStream or Writer object. This bypasses any view or template environments, including HTML escaping, which may expose this application to cross-site scripting (XSS) vulnerabilities. Consider using a view technology such as JavaServer Faces (JSFs) which automatically escapes HTML views.",0.658125282848209,P2 - High (ML Probable Vulnerability)
BenchmarkTest00713,0,CWE-79,0,0,0,0.6516,,0.2741956883318252,P4 - Low (ML Suppressed / Likely False Alarm)
BenchmarkTest00714,0,CWE-79,0,0,0,0.6516,,0.2918844006955008,P4 - Low (ML Suppressed / Likely False Alarm)
BenchmarkTest00715,1,CWE-79,1,1,0,0.6516,"Detected a request with potential user-input going into a OutputStream or Writer object. This bypasses any view or template environments, including HTML escaping, which may expose this application to cross-site scripting (XSS) vulnerabilities. Consider using a view technology such as JavaServer Faces (JSFs) which automatically escapes HTML views.",0.6447953001558595,P3 - Medium (ML Moderate / Needs Review)
BenchmarkTest00716,0,CWE-79,0,0,0,0.6516,,0.25396206195529714,P4 - Low (ML Suppressed / Likely False Alarm)
BenchmarkTest00717,0,CWE-79,0,0,0,0.6516,,0.2918844006955008,P4 - Low (ML Suppressed / Likely False Alarm)
BenchmarkTest00718,0,CWE-79,0,0,0,0.6516,,0.3134314167136792,P4 - Low (ML Suppressed / Likely False Alarm)
BenchmarkTest00719,1,CWE-79,1,1,0,0.6516,"Detected a request with potential user-input going into a OutputStream or Writer object. This bypasses any view or template environments, including HTML escaping, which may expose this application to cross-site scripting (XSS) vulnerabilities. Consider using a view technology such as JavaServer Faces (JSFs) which automatically escapes HTML views.",0.6447953001558595,P3 - Medium (ML Moderate / Needs Review)
BenchmarkTest00720,1,CWE-79,1,1,0,0.6516,"Detected a request with potential user-input going into a OutputStream or Writer object. This bypasses any view or template environments, including HTML escaping, which may expose this application to cross-site scripting (XSS) vulnerabilities. Consider using a view technology such as JavaServer Faces (JSFs) which automatically escapes HTML views.",0.658125282848209,P2 - High (ML Probable Vulnerability)
BenchmarkTest00721,1,CWE-79,0,0,0,0.6516,,0.2376126864028741,P4 - Low (ML Suppressed / Likely False Alarm)
BenchmarkTest00722,0,CWE-79,0,0,0,0.6516,,0.3134314167136792,P4 - Low (ML Suppressed / Likely False Alarm)
BenchmarkTest00723,0,CWE-79,1,1,0,0.6516,"Detected a request with potential user-input going into a OutputStream or Writer object. This bypasses any view or template environments, including HTML escaping, which may expose this application to cross-site scripting (XSS) vulnerabilities. Consider using a view technology such as JavaServer Faces (JSFs) which automatically escapes HTML views.",0.6654635318596704,P2 - High (ML Probable Vulnerability)
BenchmarkTest00724,1,CWE-79,1,1,0,0.6516,"Detected a request with potential user-input going into a OutputStream or Writer object. This bypasses any view or template environments, including HTML escaping, which may expose this application to cross-site scripting (XSS) vulnerabilities. Consider using a view technology such as JavaServer Faces (JSFs) which automatically escapes HTML views.",0.658125282848209,P2 - High (ML Probable Vulnerability)
BenchmarkTest00725,1,CWE-79,0,0,0,0.6516,,0.2376126864028741,P4 - Low (ML Suppressed / Likely False Alarm)
BenchmarkTest00726,0,CWE-79,0,0,0,0.6516,,0.2741956883318252,P4 - Low (ML Suppressed / Likely False Alarm)
BenchmarkTest00727,1,CWE-79,1,1,0,0.6516,"Detected a request with potential user-input going into a OutputStream or Writer object. This bypasses any view or template environments, including HTML escaping, which may expose this application to cross-site scripting (XSS) vulnerabilities. Consider using a view technology such as JavaServer Faces (JSFs) which automatically escapes HTML views.",0.620660943864709,P3 - Medium (ML Moderate / Needs Review)
BenchmarkTest00728,1,CWE-79,1,1,0,0.6516,"Detected a request with potential user-input going into a OutputStream or Writer object. This bypasses any view or template environments, including HTML escaping, which may expose this application to cross-site scripting (XSS) vulnerabilities. Consider using a view technology such as JavaServer Faces (JSFs) which automatically escapes HTML views.",0.6567667998284668,P2 - High (ML Probable Vulnerability)
BenchmarkTest00729,1,CWE-79,1,1,0,0.6516,"Detected a request with potential user-input going into a OutputStream or Writer object. This bypasses any view or template environments, including HTML escaping, which may expose this application to cross-site scripting (XSS) vulnerabilities. Consider using a view technology such as JavaServer Faces (JSFs) which automatically escapes HTML views.",0.620660943864709,P3 - Medium (ML Moderate / Needs Review)
BenchmarkTest00730,0,CWE-79,0,0,0,0.6516,,0.2741956883318252,P4 - Low (ML Suppressed / Likely False Alarm)
BenchmarkTest00731,1,CWE-78,1,1,0,0.5177,"Detected input from a HTTPServletRequest going into a 'ProcessBuilder' or 'exec' command. This could lead to command injection if variables passed into the exec commands are not properly sanitized. Instead, avoid using these OS commands with user-supplied input, or, if you must use these commands, use a whitelist of specific values.",0.5713557769679556,P3 - Medium (ML Moderate / Needs Review)
BenchmarkTest00732,0,CWE-78,1,1,0,0.5177,A formatted or concatenated string was detected as input to a ProcessBuilder call. This is dangerous if a variable is controlled by user input and could result in a command injection. Ensure your variables are not controlled by users or sufficiently sanitized.,0.3218176877891268,P4 - Low (ML Suppressed / Likely False Alarm)
BenchmarkTest00733,1,CWE-330,2,1,1,1.0,"Detected use of the functions `Math.random()` or `java.util.Random()`. These are both not cryptographically strong random number generators (RNGs). If you are using these RNGs to create passwords or secret tokens, use `java.security.SecureRandom` instead.",1.0,P1 - Critical (ML High-Confidence Vulnerability)
BenchmarkTest00734,1,CWE-330,2,1,1,1.0,"Detected use of the functions `Math.random()` or `java.util.Random()`. These are both not cryptographically strong random number generators (RNGs). If you are using these RNGs to create passwords or secret tokens, use `java.security.SecureRandom` instead.",1.0,P1 - Critical (ML High-Confidence Vulnerability)
BenchmarkTest00735,1,CWE-330,2,1,1,1.0,"Detected use of the functions `Math.random()` or `java.util.Random()`. These are both not cryptographically strong random number generators (RNGs). If you are using these RNGs to create passwords or secret tokens, use `java.security.SecureRandom` instead.",1.0,P1 - Critical (ML High-Confidence Vulnerability)
BenchmarkTest00736,1,CWE-614,1,1,0,1.0,A cookie was detected without setting the 'secure' flag. The 'secure' flag for cookies prevents the client from transmitting the cookie over insecure channels such as HTTP. Set the 'secure' flag by calling 'cookie.setSecure(true);',0.9472792447943184,P1 - Critical (ML High-Confidence Vulnerability)
BenchmarkTest00737,1,CWE-79,0,0,0,0.6516,,0.25396206195529714,P4 - Low (ML Suppressed / Likely False Alarm)
BenchmarkTest00738,0,CWE-78,1,1,0,0.5177,"Detected input from a HTTPServletRequest going into a 'ProcessBuilder' or 'exec' command. This could lead to command injection if variables passed into the exec commands are not properly sanitized. Instead, avoid using these OS commands with user-supplied input, or, if you must use these commands, use a whitelist of specific values.",0.5076583195183094,P3 - Medium (ML Moderate / Needs Review)
BenchmarkTest00739,0,CWE-78,1,1,0,0.5177,"Detected input from a HTTPServletRequest going into a 'ProcessBuilder' or 'exec' command. This could lead to command injection if variables passed into the exec commands are not properly sanitized. Instead, avoid using these OS commands with user-supplied input, or, if you must use these commands, use a whitelist of specific values.",0.5713557769679556,P3 - Medium (ML Moderate / Needs Review)
BenchmarkTest00740,1,CWE-78,0,0,0,0.5177,,0.2497054813246188,P4 - Low (ML Suppressed / Likely False Alarm)
BenchmarkTest00741,0,CWE-78,0,0,0,0.5177,,0.3090676231719826,P4 - Low (ML Suppressed / Likely False Alarm)
BenchmarkTest00742,0,CWE-78,0,0,0,0.5177,,0.2497054813246188,P4 - Low (ML Suppressed / Likely False Alarm)
BenchmarkTest00743,0,CWE-78,1,1,0,0.5177,"Detected input from a HTTPServletRequest going into a 'ProcessBuilder' or 'exec' command. This could lead to command injection if variables passed into the exec commands are not properly sanitized. Instead, avoid using these OS commands with user-supplied input, or, if you must use these commands, use a whitelist of specific values.",0.5076583195183094,P3 - Medium (ML Moderate / Needs Review)
BenchmarkTest00744,0,CWE-330,0,0,0,1.0,,0.05437237384043517,P4 - Low (ML Suppressed / Likely False Alarm)
BenchmarkTest00745,0,CWE-330,0,0,0,1.0,,0.054878713660365834,P4 - Low (ML Suppressed / Likely False Alarm)
BenchmarkTest00746,0,CWE-330,0,0,0,1.0,,0.051215480072750806,P4 - Low (ML Suppressed / Likely False Alarm)
BenchmarkTest00747,0,CWE-330,0,0,0,1.0,,0.05437237384043517,P4 - Low (ML Suppressed / Likely False Alarm)
BenchmarkTest00748,0,CWE-330,0,0,0,1.0,,0.057764259022038515,P4 - Low (ML Suppressed / Likely False Alarm)
BenchmarkTest00749,0,CWE-330,0,0,0,1.0,,0.05437237384043517,P4 - Low (ML Suppressed / Likely False Alarm)
BenchmarkTest00750,0,CWE-330,0,0,0,1.0,,0.054878713660365834,P4 - Low (ML Suppressed / Likely False Alarm)
BenchmarkTest00751,0,CWE-330,0,0,0,1.0,,0.051215480072750806,P4 - Low (ML Suppressed / Likely False Alarm)
BenchmarkTest00752,0,CWE-330,0,0,0,1.0,,0.051215480072750806,P4 - Low (ML Suppressed / Likely False Alarm)
BenchmarkTest00753,0,CWE-330,0,0,0,1.0,,0.05157343440022427,P4 - Low (ML Suppressed / Likely False Alarm)
BenchmarkTest00754,1,CWE-501,0,0,0,0.7234,,0.31561365135242075,P4 - Low (ML Suppressed / Likely False Alarm)
BenchmarkTest00755,0,CWE-501,1,1,0,0.7234,"Detected a request with potential user-input going into a OutputStream or Writer object. This bypasses any view or template environments, including HTML escaping, which may expose this application to cross-site scripting (XSS) vulnerabilities. Consider using a view technology such as JavaServer Faces (JSFs) which automatically escapes HTML views.",0.7097295014333608,P2 - High (ML Probable Vulnerability)
BenchmarkTest00756,1,CWE-501,1,1,0,0.7234,"Detected input from a HTTPServletRequest going into a session command, like `setAttribute`. User input into such a command could lead to an attacker inputting malicious code into your session parameters, blurring the line between what's trusted and untrusted, and therefore leading to a trust boundary violation. This could lead to programmers trusting unvalidated data. Instead, thoroughly sanitize user input before passing it into such function calls.",0.9192821021168005,P1 - Critical (ML High-Confidence Vulnerability)
BenchmarkTest00757,1,CWE-501,1,1,0,0.7234,"Detected a request with potential user-input going into a OutputStream or Writer object. This bypasses any view or template environments, including HTML escaping, which may expose this application to cross-site scripting (XSS) vulnerabilities. Consider using a view technology such as JavaServer Faces (JSFs) which automatically escapes HTML views.",0.6941563292264352,P2 - High (ML Probable Vulnerability)
BenchmarkTest00758,0,CWE-501,0,0,0,0.7234,,0.33363594360888704,P4 - Low (ML Suppressed / Likely False Alarm)
BenchmarkTest00759,1,CWE-501,1,1,0,0.7234,"Detected a request with potential user-input going into a OutputStream or Writer object. This bypasses any view or template environments, including HTML escaping, which may expose this application to cross-site scripting (XSS) vulnerabilities. Consider using a view technology such as JavaServer Faces (JSFs) which automatically escapes HTML views.",0.675477596449973,P2 - High (ML Probable Vulnerability)
BenchmarkTest00760,1,CWE-89,1,0,1,0.5746,Make sure using a dynamically formatted SQL query is safe here.,0.2849134456975897,P4 - Low (ML Suppressed / Likely False Alarm)
BenchmarkTest00761,1,CWE-89,2,1,1,0.5746,Detected input from a HTTPServletRequest going into a SQL sink or statement. This could lead to SQL injection if variables in the SQL statement are not properly sanitized. Use parameterized SQL queries or properly sanitize user input instead.,0.6013870000430575,P3 - Medium (ML Moderate / Needs Review)
BenchmarkTest00762,1,CWE-89,2,1,1,0.5746,Detected input from a HTTPServletRequest going into a SQL sink or statement. This could lead to SQL injection if variables in the SQL statement are not properly sanitized. Use parameterized SQL queries or properly sanitize user input instead.,0.6172031360784221,P3 - Medium (ML Moderate / Needs Review)
BenchmarkTest00763,0,CWE-89,2,1,1,0.5746,Detected input from a HTTPServletRequest going into a SQL sink or statement. This could lead to SQL injection if variables in the SQL statement are not properly sanitized. Use parameterized SQL queries or properly sanitize user input instead.,0.6172031360784221,P3 - Medium (ML Moderate / Needs Review)
BenchmarkTest00764,1,CWE-89,1,1,0,0.5746,"Detected a request with potential user-input going into a OutputStream or Writer object. This bypasses any view or template environments, including HTML escaping, which may expose this application to cross-site scripting (XSS) vulnerabilities. Consider using a view technology such as JavaServer Faces (JSFs) which automatically escapes HTML views.",0.5883339559634727,P3 - Medium (ML Moderate / Needs Review)
BenchmarkTest00765,1,CWE-89,1,1,0,0.5746,"Detected a request with potential user-input going into a OutputStream or Writer object. This bypasses any view or template environments, including HTML escaping, which may expose this application to cross-site scripting (XSS) vulnerabilities. Consider using a view technology such as JavaServer Faces (JSFs) which automatically escapes HTML views.",0.5883339559634727,P3 - Medium (ML Moderate / Needs Review)
BenchmarkTest00766,0,CWE-89,1,1,0,0.5746,"Detected a request with potential user-input going into a OutputStream or Writer object. This bypasses any view or template environments, including HTML escaping, which may expose this application to cross-site scripting (XSS) vulnerabilities. Consider using a view technology such as JavaServer Faces (JSFs) which automatically escapes HTML views.",0.663158147073452,P2 - High (ML Probable Vulnerability)
BenchmarkTest00767,1,CWE-89,1,1,0,0.5746,"Detected a request with potential user-input going into a OutputStream or Writer object. This bypasses any view or template environments, including HTML escaping, which may expose this application to cross-site scripting (XSS) vulnerabilities. Consider using a view technology such as JavaServer Faces (JSFs) which automatically escapes HTML views.",0.6589680232910345,P2 - High (ML Probable Vulnerability)
BenchmarkTest00768,1,CWE-89,1,1,0,0.5746,Detected input from a HTTPServletRequest going into a SQL sink or statement. This could lead to SQL injection if variables in the SQL statement are not properly sanitized. Use parameterized SQL queries or properly sanitize user input instead.,0.6299341752169263,P3 - Medium (ML Moderate / Needs Review)
BenchmarkTest00769,1,CWE-89,0,0,0,0.5746,,0.2278663181533582,P4 - Low (ML Suppressed / Likely False Alarm)
BenchmarkTest00770,1,CWE-89,2,1,1,0.5746,Detected a formatted string in a SQL statement. This could lead to SQL injection if variables in the SQL statement are not properly sanitized. Use a prepared statements (java.sql.PreparedStatement) instead. You can obtain a PreparedStatement using 'connection.prepareStatement'.,0.4939336901384355,P3 - Medium (ML Moderate / Needs Review)
BenchmarkTest00771,1,CWE-89,2,1,1,0.5746,Detected a formatted string in a SQL statement. This could lead to SQL injection if variables in the SQL statement are not properly sanitized. Use a prepared statements (java.sql.PreparedStatement) instead. You can obtain a PreparedStatement using 'connection.prepareStatement'.,0.4939336901384355,P3 - Medium (ML Moderate / Needs Review)
BenchmarkTest00772,0,CWE-89,2,1,1,0.5746,Detected a formatted string in a SQL statement. This could lead to SQL injection if variables in the SQL statement are not properly sanitized. Use a prepared statements (java.sql.PreparedStatement) instead. You can obtain a PreparedStatement using 'connection.prepareStatement'.,0.549532047868988,P3 - Medium (ML Moderate / Needs Review)
BenchmarkTest00773,0,CWE-89,2,1,1,0.5746,Detected a formatted string in a SQL statement. This could lead to SQL injection if variables in the SQL statement are not properly sanitized. Use a prepared statements (java.sql.PreparedStatement) instead. You can obtain a PreparedStatement using 'connection.prepareStatement'.,0.5312748750495969,P3 - Medium (ML Moderate / Needs Review)
BenchmarkTest00774,0,CWE-89,2,1,1,0.5746,Detected input from a HTTPServletRequest going into a SQL sink or statement. This could lead to SQL injection if variables in the SQL statement are not properly sanitized. Use parameterized SQL queries or properly sanitize user input instead.,0.6052657034562158,P3 - Medium (ML Moderate / Needs Review)
BenchmarkTest00775,0,CWE-327,0,0,0,0.9046,,0.09176958896267884,P4 - Low (ML Suppressed / Likely False Alarm)
BenchmarkTest00776,0,CWE-327,0,0,0,0.9046,,0.10245024003086535,P4 - Low (ML Suppressed / Likely False Alarm)
BenchmarkTest00777,0,CWE-327,0,0,0,0.9046,,0.10245024003086535,P4 - Low (ML Suppressed / Likely False Alarm)
BenchmarkTest00778,0,CWE-327,0,0,0,0.9046,,0.09176958896267884,P4 - Low (ML Suppressed / Likely False Alarm)
BenchmarkTest00779,1,CWE-327,1,0,1,0.9046,Use another cipher mode or disable padding.,0.7651568594963934,P2 - High (ML Probable Vulnerability)
BenchmarkTest00780,0,CWE-327,0,0,0,0.9046,,0.08431073471868633,P4 - Low (ML Suppressed / Likely False Alarm)
BenchmarkTest00781,1,CWE-327,2,1,1,0.9046,DES is considered deprecated. AES is the recommended cipher. Upgrade to use AES. See https://www.nist.gov/news-events/news/2005/06/nist-withdraws-outdated-data-encryption-standard for more information.,0.9582673165050278,P1 - Critical (ML High-Confidence Vulnerability)
BenchmarkTest00782,0,CWE-327,0,0,0,0.9046,,0.10245024003086535,P4 - Low (ML Suppressed / Likely False Alarm)
BenchmarkTest00783,1,CWE-22,0,0,0,0.531,,0.24590279655141292,P4 - Low (ML Suppressed / Likely False Alarm)
BenchmarkTest00784,0,CWE-22,1,1,0,0.531,"Detected a potential path traversal. A malicious actor could control the location of this file, to include going backwards in the directory with '../'. To address this, ensure that user-controlled variables in file paths are sanitized. You may also consider using a utility method such as org.apache.commons.io.FilenameUtils.getName(...) to only retrieve the file name from the path.",0.5300041467457454,P3 - Medium (ML Moderate / Needs Review)
BenchmarkTest00785,1,CWE-22,0,0,0,0.531,,0.23367630537219905,P4 - Low (ML Suppressed / Likely False Alarm)
BenchmarkTest00786,0,CWE-22,0,0,0,0.531,,0.23926100857156368,P4 - Low (ML Suppressed / Likely False Alarm)
BenchmarkTest00787,1,CWE-22,1,1,0,0.531,"Detected a potential path traversal. A malicious actor could control the location of this file, to include going backwards in the directory with '../'. To address this, ensure that user-controlled variables in file paths are sanitized. You may also consider using a utility method such as org.apache.commons.io.FilenameUtils.getName(...) to only retrieve the file name from the path.",0.5333552162927581,P3 - Medium (ML Moderate / Needs Review)
BenchmarkTest00788,1,CWE-22,1,1,0,0.531,"Detected a potential path traversal. A malicious actor could control the location of this file, to include going backwards in the directory with '../'. To address this, ensure that user-controlled variables in file paths are sanitized. You may also consider using a utility method such as org.apache.commons.io.FilenameUtils.getName(...) to only retrieve the file name from the path.",0.5446502000682291,P3 - Medium (ML Moderate / Needs Review)
BenchmarkTest00789,1,CWE-328,2,1,1,1.0,"Detected SHA1 hash algorithm which is considered insecure. SHA1 is not collision resistant and is therefore not suitable as a cryptographic signature. Instead, use PBKDF2 for password hashing or SHA256 or SHA512 for other hash function applications.",0.9963725018172893,P1 - Critical (ML High-Confidence Vulnerability)
BenchmarkTest00790,1,CWE-328,2,1,1,1.0,"Detected SHA1 hash algorithm which is considered insecure. SHA1 is not collision resistant and is therefore not suitable as a cryptographic signature. Instead, use PBKDF2 for password hashing or SHA256 or SHA512 for other hash function applications.",0.9980365742548483,P1 - Critical (ML High-Confidence Vulnerability)
BenchmarkTest00791,0,CWE-328,0,0,0,1.0,,0.2336827722158927,P4 - Low (ML Suppressed / Likely False Alarm)
BenchmarkTest00792,0,CWE-328,0,0,0,1.0,,0.20319054080011195,P4 - Low (ML Suppressed / Likely False Alarm)
BenchmarkTest00793,0,CWE-328,0,0,0,1.0,,0.22444171124432277,P4 - Low (ML Suppressed / Likely False Alarm)
BenchmarkTest00794,1,CWE-328,2,1,1,1.0,Detected MD5 hash algorithm which is considered insecure. MD5 is not collision resistant and is therefore not suitable as a cryptographic signature. Use HMAC instead.,0.9980365742548483,P1 - Critical (ML High-Confidence Vulnerability)
BenchmarkTest00795,0,CWE-328,0,0,0,1.0,,0.2336827722158927,P4 - Low (ML Suppressed / Likely False Alarm)
BenchmarkTest00796,1,CWE-328,0,0,0,1.0,,0.2042594061680803,P4 - Low (ML Suppressed / Likely False Alarm)
BenchmarkTest00797,1,CWE-328,0,0,0,1.0,,0.20319054080011195,P4 - Low (ML Suppressed / Likely False Alarm)
BenchmarkTest00798,0,CWE-328,0,0,0,1.0,,0.2336827722158927,P4 - Low (ML Suppressed / Likely False Alarm)
BenchmarkTest00799,0,CWE-79,0,0,0,0.6516,,0.3134314167136792,P4 - Low (ML Suppressed / Likely False Alarm)
BenchmarkTest00800,1,CWE-79,1,1,0,0.6516,"Detected a request with potential user-input going into a OutputStream or Writer object. This bypasses any view or template environments, including HTML escaping, which may expose this application to cross-site scripting (XSS) vulnerabilities. Consider using a view technology such as JavaServer Faces (JSFs) which automatically escapes HTML views.",0.620660943864709,P3 - Medium (ML Moderate / Needs Review)
BenchmarkTest00801,1,CWE-79,1,1,0,0.6516,"Detected a request with potential user-input going into a OutputStream or Writer object. This bypasses any view or template environments, including HTML escaping, which may expose this application to cross-site scripting (XSS) vulnerabilities. Consider using a view technology such as JavaServer Faces (JSFs) which automatically escapes HTML views.",0.658125282848209,P2 - High (ML Probable Vulnerability)
BenchmarkTest00802,1,CWE-79,1,1,0,0.6516,"Detected a request with potential user-input going into a OutputStream or Writer object. This bypasses any view or template environments, including HTML escaping, which may expose this application to cross-site scripting (XSS) vulnerabilities. Consider using a view technology such as JavaServer Faces (JSFs) which automatically escapes HTML views.",0.658125282848209,P2 - High (ML Probable Vulnerability)
BenchmarkTest00803,1,CWE-79,1,1,0,0.6516,"Detected a request with potential user-input going into a OutputStream or Writer object. This bypasses any view or template environments, including HTML escaping, which may expose this application to cross-site scripting (XSS) vulnerabilities. Consider using a view technology such as JavaServer Faces (JSFs) which automatically escapes HTML views.",0.6567667998284668,P2 - High (ML Probable Vulnerability)
BenchmarkTest00804,1,CWE-79,1,1,0,0.6516,"Detected a request with potential user-input going into a OutputStream or Writer object. This bypasses any view or template environments, including HTML escaping, which may expose this application to cross-site scripting (XSS) vulnerabilities. Consider using a view technology such as JavaServer Faces (JSFs) which automatically escapes HTML views.",0.6567667998284668,P2 - High (ML Probable Vulnerability)
BenchmarkTest00805,1,CWE-79,0,0,0,0.6516,,0.2741956883318252,P4 - Low (ML Suppressed / Likely False Alarm)
BenchmarkTest00806,1,CWE-79,0,0,0,0.6516,,0.25396206195529714,P4 - Low (ML Suppressed / Likely False Alarm)
BenchmarkTest00807,1,CWE-79,1,1,0,0.6516,"Detected a request with potential user-input going into a OutputStream or Writer object. This bypasses any view or template environments, including HTML escaping, which may expose this application to cross-site scripting (XSS) vulnerabilities. Consider using a view technology such as JavaServer Faces (JSFs) which automatically escapes HTML views.",0.6654635318596704,P2 - High (ML Probable Vulnerability)
BenchmarkTest00808,0,CWE-79,0,0,0,0.6516,,0.3134314167136792,P4 - Low (ML Suppressed / Likely False Alarm)
BenchmarkTest00809,1,CWE-79,1,1,0,0.6516,"Detected a request with potential user-input going into a OutputStream or Writer object. This bypasses any view or template environments, including HTML escaping, which may expose this application to cross-site scripting (XSS) vulnerabilities. Consider using a view technology such as JavaServer Faces (JSFs) which automatically escapes HTML views.",0.658125282848209,P2 - High (ML Probable Vulnerability)
BenchmarkTest00810,1,CWE-79,1,1,0,0.6516,"Detected a request with potential user-input going into a OutputStream or Writer object. This bypasses any view or template environments, including HTML escaping, which may expose this application to cross-site scripting (XSS) vulnerabilities. Consider using a view technology such as JavaServer Faces (JSFs) which automatically escapes HTML views.",0.658125282848209,P2 - High (ML Probable Vulnerability)
BenchmarkTest00811,1,CWE-79,1,1,0,0.6516,"Detected a request with potential user-input going into a OutputStream or Writer object. This bypasses any view or template environments, including HTML escaping, which may expose this application to cross-site scripting (XSS) vulnerabilities. Consider using a view technology such as JavaServer Faces (JSFs) which automatically escapes HTML views.",0.6447953001558595,P3 - Medium (ML Moderate / Needs Review)
BenchmarkTest00812,0,CWE-79,1,1,0,0.6516,"Detected a request with potential user-input going into a OutputStream or Writer object. This bypasses any view or template environments, including HTML escaping, which may expose this application to cross-site scripting (XSS) vulnerabilities. Consider using a view technology such as JavaServer Faces (JSFs) which automatically escapes HTML views.",0.6567667998284668,P2 - High (ML Probable Vulnerability)
BenchmarkTest00813,0,CWE-79,1,1,0,0.6516,"Detected a request with potential user-input going into a OutputStream or Writer object. This bypasses any view or template environments, including HTML escaping, which may expose this application to cross-site scripting (XSS) vulnerabilities. Consider using a view technology such as JavaServer Faces (JSFs) which automatically escapes HTML views.",0.6447953001558595,P3 - Medium (ML Moderate / Needs Review)
BenchmarkTest00814,0,CWE-78,1,1,0,0.5177,"Detected input from a HTTPServletRequest going into a 'ProcessBuilder' or 'exec' command. This could lead to command injection if variables passed into the exec commands are not properly sanitized. Instead, avoid using these OS commands with user-supplied input, or, if you must use these commands, use a whitelist of specific values.",0.5140518495956894,P3 - Medium (ML Moderate / Needs Review)
BenchmarkTest00815,1,CWE-78,1,1,0,0.5177,A formatted or concatenated string was detected as input to a ProcessBuilder call. This is dangerous if a variable is controlled by user input and could result in a command injection. Ensure your variables are not controlled by users or sufficiently sanitized.,0.31974668314763266,P4 - Low (ML Suppressed / Likely False Alarm)
BenchmarkTest00816,1,CWE-78,1,1,0,0.5177,A formatted or concatenated string was detected as input to a ProcessBuilder call. This is dangerous if a variable is controlled by user input and could result in a command injection. Ensure your variables are not controlled by users or sufficiently sanitized.,0.3218176877891268,P4 - Low (ML Suppressed / Likely False Alarm)
BenchmarkTest00817,1,CWE-330,2,1,1,1.0,"Detected use of the functions `Math.random()` or `java.util.Random()`. These are both not cryptographically strong random number generators (RNGs). If you are using these RNGs to create passwords or secret tokens, use `java.security.SecureRandom` instead.",1.0,P1 - Critical (ML High-Confidence Vulnerability)
BenchmarkTest00818,1,CWE-330,2,1,1,1.0,"Detected use of the functions `Math.random()` or `java.util.Random()`. These are both not cryptographically strong random number generators (RNGs). If you are using these RNGs to create passwords or secret tokens, use `java.security.SecureRandom` instead.",1.0,P1 - Critical (ML High-Confidence Vulnerability)
BenchmarkTest00819,1,CWE-330,2,1,1,1.0,"Detected use of the functions `Math.random()` or `java.util.Random()`. These are both not cryptographically strong random number generators (RNGs). If you are using these RNGs to create passwords or secret tokens, use `java.security.SecureRandom` instead.",1.0,P1 - Critical (ML High-Confidence Vulnerability)
BenchmarkTest00820,1,CWE-614,1,1,0,1.0,A cookie was detected without setting the 'secure' flag. The 'secure' flag for cookies prevents the client from transmitting the cookie over insecure channels such as HTTP. Set the 'secure' flag by calling 'cookie.setSecure(true);',0.9469332262689727,P1 - Critical (ML High-Confidence Vulnerability)
BenchmarkTest00821,1,CWE-614,1,1,0,1.0,A cookie was detected without setting the 'secure' flag. The 'secure' flag for cookies prevents the client from transmitting the cookie over insecure channels such as HTTP. Set the 'secure' flag by calling 'cookie.setSecure(true);',0.9469332262689727,P1 - Critical (ML High-Confidence Vulnerability)
BenchmarkTest00822,1,CWE-79,1,1,0,0.6516,"Detected a request with potential user-input going into a OutputStream or Writer object. This bypasses any view or template environments, including HTML escaping, which may expose this application to cross-site scripting (XSS) vulnerabilities. Consider using a view technology such as JavaServer Faces (JSFs) which automatically escapes HTML views.",0.6567667998284668,P2 - High (ML Probable Vulnerability)
BenchmarkTest00823,1,CWE-78,0,0,0,0.5177,,0.2497054813246188,P4 - Low (ML Suppressed / Likely False Alarm)
BenchmarkTest00824,1,CWE-78,0,0,0,0.5177,,0.3069057838099165,P4 - Low (ML Suppressed / Likely False Alarm)
BenchmarkTest00825,1,CWE-78,1,1,0,0.5177,"Detected input from a HTTPServletRequest going into a 'ProcessBuilder' or 'exec' command. This could lead to command injection if variables passed into the exec commands are not properly sanitized. Instead, avoid using these OS commands with user-supplied input, or, if you must use these commands, use a whitelist of specific values.",0.5713557769679556,P3 - Medium (ML Moderate / Needs Review)
BenchmarkTest00826,0,CWE-78,1,1,0,0.5177,"Detected input from a HTTPServletRequest going into a 'ProcessBuilder' or 'exec' command. This could lead to command injection if variables passed into the exec commands are not properly sanitized. Instead, avoid using these OS commands with user-supplied input, or, if you must use these commands, use a whitelist of specific values.",0.565387778500283,P3 - Medium (ML Moderate / Needs Review)
BenchmarkTest00827,0,CWE-78,0,0,0,0.5177,,0.28484721576841915,P4 - Low (ML Suppressed / Likely False Alarm)
BenchmarkTest00828,0,CWE-330,0,0,0,1.0,,0.05157343440022427,P4 - Low (ML Suppressed / Likely False Alarm)
BenchmarkTest00829,0,CWE-330,0,0,0,1.0,,0.05157343440022427,P4 - Low (ML Suppressed / Likely False Alarm)
BenchmarkTest00830,0,CWE-330,0,0,0,1.0,,0.051215480072750806,P4 - Low (ML Suppressed / Likely False Alarm)
BenchmarkTest00831,0,CWE-330,0,0,0,1.0,,0.051215480072750806,P4 - Low (ML Suppressed / Likely False Alarm)
BenchmarkTest00832,0,CWE-330,0,0,0,1.0,,0.05157343440022427,P4 - Low (ML Suppressed / Likely False Alarm)
BenchmarkTest00833,1,CWE-501,1,1,0,0.7234,"Detected a request with potential user-input going into a OutputStream or Writer object. This bypasses any view or template environments, including HTML escaping, which may expose this application to cross-site scripting (XSS) vulnerabilities. Consider using a view technology such as JavaServer Faces (JSFs) which automatically escapes HTML views.",0.675477596449973,P2 - High (ML Probable Vulnerability)
BenchmarkTest00834,1,CWE-501,1,1,0,0.7234,"Detected a request with potential user-input going into a OutputStream or Writer object. This bypasses any view or template environments, including HTML escaping, which may expose this application to cross-site scripting (XSS) vulnerabilities. Consider using a view technology such as JavaServer Faces (JSFs) which automatically escapes HTML views.",0.6941563292264352,P2 - High (ML Probable Vulnerability)
BenchmarkTest00835,0,CWE-501,0,0,0,0.7234,,0.3381941644881687,P4 - Low (ML Suppressed / Likely False Alarm)
BenchmarkTest00836,1,CWE-501,1,1,0,0.7234,"Detected a request with potential user-input going into a OutputStream or Writer object. This bypasses any view or template environments, including HTML escaping, which may expose this application to cross-site scripting (XSS) vulnerabilities. Consider using a view technology such as JavaServer Faces (JSFs) which automatically escapes HTML views.",0.6941563292264352,P2 - High (ML Probable Vulnerability)
BenchmarkTest00837,0,CWE-89,1,0,1,0.5746,Make sure using a dynamically formatted SQL query is safe here.,0.2849134456975897,P4 - Low (ML Suppressed / Likely False Alarm)
BenchmarkTest00838,0,CWE-89,2,1,1,0.5746,Detected input from a HTTPServletRequest going into a SQL sink or statement. This could lead to SQL injection if variables in the SQL statement are not properly sanitized. Use parameterized SQL queries or properly sanitize user input instead.,0.6052657034562158,P3 - Medium (ML Moderate / Needs Review)
BenchmarkTest00839,1,CWE-89,2,1,1,0.5746,Detected input from a HTTPServletRequest going into a SQL sink or statement. This could lead to SQL injection if variables in the SQL statement are not properly sanitized. Use parameterized SQL queries or properly sanitize user input instead.,0.6133730231246536,P3 - Medium (ML Moderate / Needs Review)
BenchmarkTest00840,1,CWE-89,1,1,0,0.5746,Detected input from a HTTPServletRequest going into a SQL sink or statement. This could lead to SQL injection if variables in the SQL statement are not properly sanitized. Use parameterized SQL queries or properly sanitize user input instead.,0.6369388599842778,P3 - Medium (ML Moderate / Needs Review)
BenchmarkTest00841,1,CWE-89,1,1,0,0.5746,Detected input from a HTTPServletRequest going into a SQL sink or statement. This could lead to SQL injection if variables in the SQL statement are not properly sanitized. Use parameterized SQL queries or properly sanitize user input instead.,0.6352860383034056,P3 - Medium (ML Moderate / Needs Review)
BenchmarkTest00842,1,CWE-89,0,0,0,0.5746,,0.22537707007614627,P4 - Low (ML Suppressed / Likely False Alarm)
BenchmarkTest00843,1,CWE-89,0,0,0,0.5746,,0.2278663181533582,P4 - Low (ML Suppressed / Likely False Alarm)
BenchmarkTest00844,0,CWE-89,0,0,0,0.5746,,0.22537707007614627,P4 - Low (ML Suppressed / Likely False Alarm)
BenchmarkTest00845,1,CWE-89,1,1,0,0.5746,Detected input from a HTTPServletRequest going into a SQL sink or statement. This could lead to SQL injection if variables in the SQL statement are not properly sanitized. Use parameterized SQL queries or properly sanitize user input instead.,0.6411923512308969,P3 - Medium (ML Moderate / Needs Review)
BenchmarkTest00846,1,CWE-89,1,1,0,0.5746,Detected input from a HTTPServletRequest going into a SQL sink or statement. This could lead to SQL injection if variables in the SQL statement are not properly sanitized. Use parameterized SQL queries or properly sanitize user input instead.,0.6369388599842778,P3 - Medium (ML Moderate / Needs Review)
BenchmarkTest00847,1,CWE-89,2,1,1,0.5746,Detected a formatted string in a SQL statement. This could lead to SQL injection if variables in the SQL statement are not properly sanitized. Use a prepared statements (java.sql.PreparedStatement) instead. You can obtain a PreparedStatement using 'connection.prepareStatement'.,0.4939336901384355,P3 - Medium (ML Moderate / Needs Review)
BenchmarkTest00848,1,CWE-89,2,1,1,0.5746,Detected input from a HTTPServletRequest going into a SQL sink or statement. This could lead to SQL injection if variables in the SQL statement are not properly sanitized. Use parameterized SQL queries or properly sanitize user input instead.,0.6172031360784221,P3 - Medium (ML Moderate / Needs Review)
BenchmarkTest00849,1,CWE-89,2,1,1,0.5746,Detected a formatted string in a SQL statement. This could lead to SQL injection if variables in the SQL statement are not properly sanitized. Use a prepared statements (java.sql.PreparedStatement) instead. You can obtain a PreparedStatement using 'connection.prepareStatement'.,0.46600563814060314,P3 - Medium (ML Moderate / Needs Review)
BenchmarkTest00850,1,CWE-89,2,1,1,0.5746,Detected a formatted string in a SQL statement. This could lead to SQL injection if variables in the SQL statement are not properly sanitized. Use a prepared statements (java.sql.PreparedStatement) instead. You can obtain a PreparedStatement using 'connection.prepareStatement'.,0.49671630473765704,P3 - Medium (ML Moderate / Needs Review)
BenchmarkTest00851,0,CWE-89,2,1,1,0.5746,Detected input from a HTTPServletRequest going into a SQL sink or statement. This could lead to SQL injection if variables in the SQL statement are not properly sanitized. Use parameterized SQL queries or properly sanitize user input instead.,0.6133730231246536,P3 - Medium (ML Moderate / Needs Review)
BenchmarkTest00852,0,CWE-643,0,0,0,0.5185,,0.22184131406995117,P4 - Low (ML Suppressed / Likely False Alarm)
BenchmarkTest00853,1,CWE-327,1,0,1,0.9046,Use another cipher mode or disable padding.,0.7615061478378989,P2 - High (ML Probable Vulnerability)
BenchmarkTest00854,0,CWE-327,0,0,0,0.9046,,0.10245024003086535,P4 - Low (ML Suppressed / Likely False Alarm)
BenchmarkTest00855,1,CWE-327,1,0,1,0.9046,Use another cipher mode or disable padding.,0.7651568594963934,P2 - High (ML Probable Vulnerability)
BenchmarkTest00856,1,CWE-327,2,1,1,0.9046,DES is considered deprecated. AES is the recommended cipher. Upgrade to use AES. See https://www.nist.gov/news-events/news/2005/06/nist-withdraws-outdated-data-encryption-standard for more information.,0.9726464839232182,P1 - Critical (ML High-Confidence Vulnerability)
BenchmarkTest00857,1,CWE-327,2,1,1,0.9046,DES is considered deprecated. AES is the recommended cipher. Upgrade to use AES. See https://www.nist.gov/news-events/news/2005/06/nist-withdraws-outdated-data-encryption-standard for more information.,0.9599168322784121,P1 - Critical (ML High-Confidence Vulnerability)
BenchmarkTest00858,0,CWE-327,0,0,0,0.9046,,0.10245024003086535,P4 - Low (ML Suppressed / Likely False Alarm)
BenchmarkTest00859,1,CWE-327,1,0,1,0.9046,Use a secure cipher mode.,0.746894127214667,P2 - High (ML Probable Vulnerability)
BenchmarkTest00860,0,CWE-90,0,0,0,0.4815,,0.31554142886438635,P4 - Low (ML Suppressed / Likely False Alarm)
BenchmarkTest00861,0,CWE-90,1,1,0,0.4815,"Detected input from a HTTPServletRequest going into an LDAP query. This could lead to LDAP injection if the input is not properly sanitized, which could result in attackers modifying objects in the LDAP tree structure. Ensure data passed to an LDAP query is not controllable or properly sanitize the data.",0.5131125537608819,P3 - Medium (ML Moderate / Needs Review)
BenchmarkTest00862,0,CWE-22,1,1,0,0.531,"Detected a potential path traversal. A malicious actor could control the location of this file, to include going backwards in the directory with '../'. To address this, ensure that user-controlled variables in file paths are sanitized. You may also consider using a utility method such as org.apache.commons.io.FilenameUtils.getName(...) to only retrieve the file name from the path.",0.5333552162927581,P3 - Medium (ML Moderate / Needs Review)
BenchmarkTest00863,0,CWE-22,1,1,0,0.531,"Detected a potential path traversal. A malicious actor could control the location of this file, to include going backwards in the directory with '../'. To address this, ensure that user-controlled variables in file paths are sanitized. You may also consider using a utility method such as org.apache.commons.io.FilenameUtils.getName(...) to only retrieve the file name from the path.",0.5446502000682291,P3 - Medium (ML Moderate / Needs Review)
BenchmarkTest00864,0,CWE-22,0,0,0,0.531,,0.23939612297813506,P4 - Low (ML Suppressed / Likely False Alarm)
BenchmarkTest00865,0,CWE-22,0,0,0,0.531,,0.23939612297813506,P4 - Low (ML Suppressed / Likely False Alarm)
BenchmarkTest00866,0,CWE-22,1,1,0,0.531,"Detected a potential path traversal. A malicious actor could control the location of this file, to include going backwards in the directory with '../'. To address this, ensure that user-controlled variables in file paths are sanitized. You may also consider using a utility method such as org.apache.commons.io.FilenameUtils.getName(...) to only retrieve the file name from the path.",0.5300041467457454,P3 - Medium (ML Moderate / Needs Review)
BenchmarkTest00867,0,CWE-22,0,0,0,0.531,,0.23367630537219905,P4 - Low (ML Suppressed / Likely False Alarm)
BenchmarkTest00868,1,CWE-328,1,0,1,1.0,Make sure this weak hash algorithm is not used in a sensitive context here.,0.8883896409585705,P1 - Critical (ML High-Confidence Vulnerability)
BenchmarkTest00869,1,CWE-328,1,0,1,1.0,Make sure this weak hash algorithm is not used in a sensitive context here.,0.8637953647791987,P1 - Critical (ML High-Confidence Vulnerability)
BenchmarkTest00870,1,CWE-328,2,1,1,1.0,"Detected SHA1 hash algorithm which is considered insecure. SHA1 is not collision resistant and is therefore not suitable as a cryptographic signature. Instead, use PBKDF2 for password hashing or SHA256 or SHA512 for other hash function applications.",0.9964738352100482,P1 - Critical (ML High-Confidence Vulnerability)
BenchmarkTest00871,1,CWE-328,2,1,1,1.0,"Detected SHA1 hash algorithm which is considered insecure. SHA1 is not collision resistant and is therefore not suitable as a cryptographic signature. Instead, use PBKDF2 for password hashing or SHA256 or SHA512 for other hash function applications.",0.9964738352100482,P1 - Critical (ML High-Confidence Vulnerability)
BenchmarkTest00872,1,CWE-328,2,1,1,1.0,"Detected SHA1 hash algorithm which is considered insecure. SHA1 is not collision resistant and is therefore not suitable as a cryptographic signature. Instead, use PBKDF2 for password hashing or SHA256 or SHA512 for other hash function applications.",0.9969687847493788,P1 - Critical (ML High-Confidence Vulnerability)
BenchmarkTest00873,0,CWE-328,0,0,0,1.0,,0.20319054080011195,P4 - Low (ML Suppressed / Likely False Alarm)
BenchmarkTest00874,0,CWE-328,0,0,0,1.0,,0.22444171124432277,P4 - Low (ML Suppressed / Likely False Alarm)
BenchmarkTest00875,1,CWE-328,0,0,0,1.0,,0.22444171124432277,P4 - Low (ML Suppressed / Likely False Alarm)
BenchmarkTest00876,1,CWE-328,0,0,0,1.0,,0.20319054080011195,P4 - Low (ML Suppressed / Likely False Alarm)
BenchmarkTest00877,0,CWE-328,0,0,0,1.0,,0.22444171124432277,P4 - Low (ML Suppressed / Likely False Alarm)
BenchmarkTest00878,0,CWE-328,0,0,0,1.0,,0.2336827722158927,P4 - Low (ML Suppressed / Likely False Alarm)
BenchmarkTest00879,0,CWE-79,0,0,0,0.6516,,0.2741956883318252,P4 - Low (ML Suppressed / Likely False Alarm)
BenchmarkTest00880,0,CWE-79,0,0,0,0.6516,,0.2376126864028741,P4 - Low (ML Suppressed / Likely False Alarm)
BenchmarkTest00881,0,CWE-79,0,0,0,0.6516,,0.3134314167136792,P4 - Low (ML Suppressed / Likely False Alarm)
BenchmarkTest00882,0,CWE-79,0,0,0,0.6516,,0.2376126864028741,P4 - Low (ML Suppressed / Likely False Alarm)
BenchmarkTest00883,0,CWE-79,0,0,0,0.6516,,0.2741956883318252,P4 - Low (ML Suppressed / Likely False Alarm)
BenchmarkTest00884,0,CWE-79,0,0,0,0.6516,,0.2741956883318252,P4 - Low (ML Suppressed / Likely False Alarm)
BenchmarkTest00885,0,CWE-79,0,0,0,0.6516,,0.2918844006955008,P4 - Low (ML Suppressed / Likely False Alarm)
BenchmarkTest00886,0,CWE-79,0,0,0,0.6516,,0.3134314167136792,P4 - Low (ML Suppressed / Likely False Alarm)
BenchmarkTest00887,0,CWE-79,0,0,0,0.6516,,0.2918844006955008,P4 - Low (ML Suppressed / Likely False Alarm)
BenchmarkTest00888,0,CWE-79,0,0,0,0.6516,,0.25396206195529714,P4 - Low (ML Suppressed / Likely False Alarm)
BenchmarkTest00889,0,CWE-79,0,0,0,0.6516,,0.3134314167136792,P4 - Low (ML Suppressed / Likely False Alarm)
BenchmarkTest00890,0,CWE-79,0,0,0,0.6516,,0.2741956883318252,P4 - Low (ML Suppressed / Likely False Alarm)
BenchmarkTest00891,0,CWE-79,0,0,0,0.6516,,0.2918844006955008,P4 - Low (ML Suppressed / Likely False Alarm)
BenchmarkTest00892,0,CWE-79,0,0,0,0.6516,,0.2918844006955008,P4 - Low (ML Suppressed / Likely False Alarm)
BenchmarkTest00893,0,CWE-79,0,0,0,0.6516,,0.2918844006955008,P4 - Low (ML Suppressed / Likely False Alarm)
BenchmarkTest00894,0,CWE-79,0,0,0,0.6516,,0.2376126864028741,P4 - Low (ML Suppressed / Likely False Alarm)
BenchmarkTest00895,0,CWE-78,1,1,0,0.5177,A formatted or concatenated string was detected as input to a ProcessBuilder call. This is dangerous if a variable is controlled by user input and could result in a command injection. Ensure your variables are not controlled by users or sufficiently sanitized.,0.31974668314763266,P4 - Low (ML Suppressed / Likely False Alarm)
BenchmarkTest00896,0,CWE-78,1,1,0,0.5177,"Detected input from a HTTPServletRequest going into a 'ProcessBuilder' or 'exec' command. This could lead to command injection if variables passed into the exec commands are not properly sanitized. Instead, avoid using these OS commands with user-supplied input, or, if you must use these commands, use a whitelist of specific values.",0.565387778500283,P3 - Medium (ML Moderate / Needs Review)
BenchmarkTest00897,0,CWE-78,1,1,0,0.5177,"Detected input from a HTTPServletRequest going into a 'ProcessBuilder' or 'exec' command. This could lead to command injection if variables passed into the exec commands are not properly sanitized. Instead, avoid using these OS commands with user-supplied input, or, if you must use these commands, use a whitelist of specific values.",0.5713557769679556,P3 - Medium (ML Moderate / Needs Review)
BenchmarkTest00898,1,CWE-330,2,1,1,1.0,"Detected use of the functions `Math.random()` or `java.util.Random()`. These are both not cryptographically strong random number generators (RNGs). If you are using these RNGs to create passwords or secret tokens, use `java.security.SecureRandom` instead.",1.0,P1 - Critical (ML High-Confidence Vulnerability)
BenchmarkTest00899,1,CWE-330,2,1,1,1.0,"Detected use of the functions `Math.random()` or `java.util.Random()`. These are both not cryptographically strong random number generators (RNGs). If you are using these RNGs to create passwords or secret tokens, use `java.security.SecureRandom` instead.",1.0,P1 - Critical (ML High-Confidence Vulnerability)
BenchmarkTest00900,1,CWE-330,2,1,1,1.0,"Detected use of the functions `Math.random()` or `java.util.Random()`. These are both not cryptographically strong random number generators (RNGs). If you are using these RNGs to create passwords or secret tokens, use `java.security.SecureRandom` instead.",1.0,P1 - Critical (ML High-Confidence Vulnerability)
BenchmarkTest00901,1,CWE-330,2,1,1,1.0,"Detected use of the functions `Math.random()` or `java.util.Random()`. These are both not cryptographically strong random number generators (RNGs). If you are using these RNGs to create passwords or secret tokens, use `java.security.SecureRandom` instead.",1.0,P1 - Critical (ML High-Confidence Vulnerability)
BenchmarkTest00902,1,CWE-330,2,1,1,1.0,"Detected use of the functions `Math.random()` or `java.util.Random()`. These are both not cryptographically strong random number generators (RNGs). If you are using these RNGs to create passwords or secret tokens, use `java.security.SecureRandom` instead.",1.0,P1 - Critical (ML High-Confidence Vulnerability)
BenchmarkTest00903,1,CWE-614,1,1,0,1.0,A cookie was detected without setting the 'secure' flag. The 'secure' flag for cookies prevents the client from transmitting the cookie over insecure channels such as HTTP. Set the 'secure' flag by calling 'cookie.setSecure(true);',0.9296620455478106,P1 - Critical (ML High-Confidence Vulnerability)
BenchmarkTest00904,0,CWE-614,0,0,0,1.0,,0.10509525118902438,P4 - Low (ML Suppressed / Likely False Alarm)
BenchmarkTest00905,0,CWE-78,1,1,0,0.5177,"Detected input from a HTTPServletRequest going into a 'ProcessBuilder' or 'exec' command. This could lead to command injection if variables passed into the exec commands are not properly sanitized. Instead, avoid using these OS commands with user-supplied input, or, if you must use these commands, use a whitelist of specific values.",0.543197997632849,P3 - Medium (ML Moderate / Needs Review)
BenchmarkTest00906,0,CWE-78,1,1,0,0.5177,"Detected input from a HTTPServletRequest going into a 'ProcessBuilder' or 'exec' command. This could lead to command injection if variables passed into the exec commands are not properly sanitized. Instead, avoid using these OS commands with user-supplied input, or, if you must use these commands, use a whitelist of specific values.",0.5713557769679556,P3 - Medium (ML Moderate / Needs Review)
BenchmarkTest00907,0,CWE-78,1,1,0,0.5177,"Detected input from a HTTPServletRequest going into a 'ProcessBuilder' or 'exec' command. This could lead to command injection if variables passed into the exec commands are not properly sanitized. Instead, avoid using these OS commands with user-supplied input, or, if you must use these commands, use a whitelist of specific values.",0.5076583195183094,P3 - Medium (ML Moderate / Needs Review)
BenchmarkTest00908,0,CWE-78,1,1,0,0.5177,"Detected input from a HTTPServletRequest going into a 'ProcessBuilder' or 'exec' command. This could lead to command injection if variables passed into the exec commands are not properly sanitized. Instead, avoid using these OS commands with user-supplied input, or, if you must use these commands, use a whitelist of specific values.",0.565387778500283,P3 - Medium (ML Moderate / Needs Review)
BenchmarkTest00909,0,CWE-78,1,1,0,0.5177,"Detected input from a HTTPServletRequest going into a 'ProcessBuilder' or 'exec' command. This could lead to command injection if variables passed into the exec commands are not properly sanitized. Instead, avoid using these OS commands with user-supplied input, or, if you must use these commands, use a whitelist of specific values.",0.5713557769679556,P3 - Medium (ML Moderate / Needs Review)
BenchmarkTest00910,0,CWE-78,1,1,0,0.5177,"Detected input from a HTTPServletRequest going into a 'ProcessBuilder' or 'exec' command. This could lead to command injection if variables passed into the exec commands are not properly sanitized. Instead, avoid using these OS commands with user-supplied input, or, if you must use these commands, use a whitelist of specific values.",0.565387778500283,P3 - Medium (ML Moderate / Needs Review)
BenchmarkTest00911,0,CWE-330,0,0,0,1.0,,0.057764259022038515,P4 - Low (ML Suppressed / Likely False Alarm)
BenchmarkTest00912,0,CWE-330,0,0,0,1.0,,0.051215480072750806,P4 - Low (ML Suppressed / Likely False Alarm)
BenchmarkTest00913,0,CWE-330,0,0,0,1.0,,0.05437237384043517,P4 - Low (ML Suppressed / Likely False Alarm)
BenchmarkTest00914,0,CWE-330,0,0,0,1.0,,0.057764259022038515,P4 - Low (ML Suppressed / Likely False Alarm)
BenchmarkTest00915,0,CWE-330,0,0,0,1.0,,0.057764259022038515,P4 - Low (ML Suppressed / Likely False Alarm)
BenchmarkTest00916,0,CWE-330,0,0,0,1.0,,0.051215480072750806,P4 - Low (ML Suppressed / Likely False Alarm)
BenchmarkTest00917,0,CWE-330,0,0,0,1.0,,0.057764259022038515,P4 - Low (ML Suppressed / Likely False Alarm)
BenchmarkTest00918,0,CWE-330,0,0,0,1.0,,0.051215480072750806,P4 - Low (ML Suppressed / Likely False Alarm)
BenchmarkTest00919,0,CWE-330,0,0,0,1.0,,0.05157343440022427,P4 - Low (ML Suppressed / Likely False Alarm)
BenchmarkTest00920,0,CWE-330,0,0,0,1.0,,0.05437237384043517,P4 - Low (ML Suppressed / Likely False Alarm)
BenchmarkTest00921,0,CWE-330,0,0,0,1.0,,0.05157343440022427,P4 - Low (ML Suppressed / Likely False Alarm)
BenchmarkTest00922,0,CWE-501,0,0,0,0.7234,,0.3381941644881687,P4 - Low (ML Suppressed / Likely False Alarm)
BenchmarkTest00923,0,CWE-501,0,0,0,0.7234,,0.3381941644881687,P4 - Low (ML Suppressed / Likely False Alarm)
BenchmarkTest00924,0,CWE-89,1,0,1,0.5746,Make sure using a dynamically formatted SQL query is safe here.,0.3461669168666841,P4 - Low (ML Suppressed / Likely False Alarm)
BenchmarkTest00925,0,CWE-89,1,0,1,0.5746,Make sure using a dynamically formatted SQL query is safe here.,0.2849134456975897,P4 - Low (ML Suppressed / Likely False Alarm)
BenchmarkTest00926,0,CWE-89,1,0,1,0.5746,Make sure using a dynamically formatted SQL query is safe here.,0.3461669168666841,P4 - Low (ML Suppressed / Likely False Alarm)
BenchmarkTest00927,0,CWE-89,1,0,1,0.5746,Make sure using a dynamically formatted SQL query is safe here.,0.3213664525227602,P4 - Low (ML Suppressed / Likely False Alarm)
BenchmarkTest00928,0,CWE-89,1,0,1,0.5746,Make sure using a dynamically formatted SQL query is safe here.,0.2849134456975897,P4 - Low (ML Suppressed / Likely False Alarm)
BenchmarkTest00929,0,CWE-89,1,0,1,0.5746,Make sure using a dynamically formatted SQL query is safe here.,0.22966555524516252,P4 - Low (ML Suppressed / Likely False Alarm)
BenchmarkTest00930,0,CWE-89,0,0,0,0.5746,,0.22537707007614627,P4 - Low (ML Suppressed / Likely False Alarm)
BenchmarkTest00931,0,CWE-89,0,0,0,0.5746,,0.22127245890996192,P4 - Low (ML Suppressed / Likely False Alarm)
BenchmarkTest00932,0,CWE-89,0,0,0,0.5746,,0.24016502690485492,P4 - Low (ML Suppressed / Likely False Alarm)
BenchmarkTest00933,0,CWE-89,0,0,0,0.5746,,0.23686947337572348,P4 - Low (ML Suppressed / Likely False Alarm)
BenchmarkTest00934,0,CWE-89,0,0,0,0.5746,,0.24016502690485492,P4 - Low (ML Suppressed / Likely False Alarm)
BenchmarkTest00935,0,CWE-89,0,0,0,0.5746,,0.24016502690485492,P4 - Low (ML Suppressed / Likely False Alarm)
BenchmarkTest00936,0,CWE-89,0,0,0,0.5746,,0.23686947337572348,P4 - Low (ML Suppressed / Likely False Alarm)
BenchmarkTest00937,0,CWE-89,2,1,1,0.5746,Detected a formatted string in a SQL statement. This could lead to SQL injection if variables in the SQL statement are not properly sanitized. Use a prepared statements (java.sql.PreparedStatement) instead. You can obtain a PreparedStatement using 'connection.prepareStatement'.,0.5312748750495969,P3 - Medium (ML Moderate / Needs Review)
BenchmarkTest00938,0,CWE-89,2,1,1,0.5746,Detected a formatted string in a SQL statement. This could lead to SQL injection if variables in the SQL statement are not properly sanitized. Use a prepared statements (java.sql.PreparedStatement) instead. You can obtain a PreparedStatement using 'connection.prepareStatement'.,0.5312748750495969,P3 - Medium (ML Moderate / Needs Review)
BenchmarkTest00939,0,CWE-89,2,1,1,0.5746,Detected a formatted string in a SQL statement. This could lead to SQL injection if variables in the SQL statement are not properly sanitized. Use a prepared statements (java.sql.PreparedStatement) instead. You can obtain a PreparedStatement using 'connection.prepareStatement'.,0.4939336901384355,P3 - Medium (ML Moderate / Needs Review)
BenchmarkTest00940,0,CWE-89,2,1,1,0.5746,Detected a formatted string in a SQL statement. This could lead to SQL injection if variables in the SQL statement are not properly sanitized. Use a prepared statements (java.sql.PreparedStatement) instead. You can obtain a PreparedStatement using 'connection.prepareStatement'.,0.5312748750495969,P3 - Medium (ML Moderate / Needs Review)
BenchmarkTest00941,0,CWE-643,0,0,0,0.5185,,0.22184131406995117,P4 - Low (ML Suppressed / Likely False Alarm)
BenchmarkTest00942,0,CWE-327,0,0,0,0.9046,,0.09176958896267884,P4 - Low (ML Suppressed / Likely False Alarm)
BenchmarkTest00943,0,CWE-327,0,0,0,0.9046,,0.10245024003086535,P4 - Low (ML Suppressed / Likely False Alarm)
BenchmarkTest00944,0,CWE-327,0,0,0,0.9046,,0.10245024003086535,P4 - Low (ML Suppressed / Likely False Alarm)
BenchmarkTest00945,1,CWE-327,1,0,1,0.9046,Use a strong cipher algorithm.,0.7669870863329693,P2 - High (ML Probable Vulnerability)
BenchmarkTest00946,1,CWE-327,1,0,1,0.9046,Use a strong cipher algorithm.,0.7669870863329693,P2 - High (ML Probable Vulnerability)
BenchmarkTest00947,1,CWE-90,1,1,0,0.4815,"Detected input from a HTTPServletRequest going into an LDAP query. This could lead to LDAP injection if the input is not properly sanitized, which could result in attackers modifying objects in the LDAP tree structure. Ensure data passed to an LDAP query is not controllable or properly sanitize the data.",0.4729567405628093,P3 - Medium (ML Moderate / Needs Review)
BenchmarkTest00948,0,CWE-90,1,1,0,0.4815,"Detected input from a HTTPServletRequest going into an LDAP query. This could lead to LDAP injection if the input is not properly sanitized, which could result in attackers modifying objects in the LDAP tree structure. Ensure data passed to an LDAP query is not controllable or properly sanitize the data.",0.5131125537608819,P3 - Medium (ML Moderate / Needs Review)
BenchmarkTest00949,1,CWE-22,1,1,0,0.531,"Detected a potential path traversal. A malicious actor could control the location of this file, to include going backwards in the directory with '../'. To address this, ensure that user-controlled variables in file paths are sanitized. You may also consider using a utility method such as org.apache.commons.io.FilenameUtils.getName(...) to only retrieve the file name from the path.",0.528523134306003,P3 - Medium (ML Moderate / Needs Review)
BenchmarkTest00950,1,CWE-22,1,1,0,0.531,"Detected a potential path traversal. A malicious actor could control the location of this file, to include going backwards in the directory with '../'. To address this, ensure that user-controlled variables in file paths are sanitized. You may also consider using a utility method such as org.apache.commons.io.FilenameUtils.getName(...) to only retrieve the file name from the path.",0.528523134306003,P3 - Medium (ML Moderate / Needs Review)
BenchmarkTest00951,0,CWE-22,1,1,0,0.531,"Detected a potential path traversal. A malicious actor could control the location of this file, to include going backwards in the directory with '../'. To address this, ensure that user-controlled variables in file paths are sanitized. You may also consider using a utility method such as org.apache.commons.io.FilenameUtils.getName(...) to only retrieve the file name from the path.",0.5323617688956359,P3 - Medium (ML Moderate / Needs Review)
BenchmarkTest00952,1,CWE-22,1,1,0,0.531,"Detected a potential path traversal. A malicious actor could control the location of this file, to include going backwards in the directory with '../'. To address this, ensure that user-controlled variables in file paths are sanitized. You may also consider using a utility method such as org.apache.commons.io.FilenameUtils.getName(...) to only retrieve the file name from the path.",0.528523134306003,P3 - Medium (ML Moderate / Needs Review)
BenchmarkTest00953,1,CWE-22,1,1,0,0.531,"Detected a potential path traversal. A malicious actor could control the location of this file, to include going backwards in the directory with '../'. To address this, ensure that user-controlled variables in file paths are sanitized. You may also consider using a utility method such as org.apache.commons.io.FilenameUtils.getName(...) to only retrieve the file name from the path.",0.5300041467457454,P3 - Medium (ML Moderate / Needs Review)
BenchmarkTest00954,0,CWE-22,1,1,0,0.531,"Detected a potential path traversal. A malicious actor could control the location of this file, to include going backwards in the directory with '../'. To address this, ensure that user-controlled variables in file paths are sanitized. You may also consider using a utility method such as org.apache.commons.io.FilenameUtils.getName(...) to only retrieve the file name from the path.",0.5333552162927581,P3 - Medium (ML Moderate / Needs Review)
BenchmarkTest00955,0,CWE-22,1,1,0,0.531,"Detected a potential path traversal. A malicious actor could control the location of this file, to include going backwards in the directory with '../'. To address this, ensure that user-controlled variables in file paths are sanitized. You may also consider using a utility method such as org.apache.commons.io.FilenameUtils.getName(...) to only retrieve the file name from the path.",0.5446502000682291,P3 - Medium (ML Moderate / Needs Review)
BenchmarkTest00956,1,CWE-22,1,1,0,0.531,"Detected a potential path traversal. A malicious actor could control the location of this file, to include going backwards in the directory with '../'. To address this, ensure that user-controlled variables in file paths are sanitized. You may also consider using a utility method such as org.apache.commons.io.FilenameUtils.getName(...) to only retrieve the file name from the path.",0.528523134306003,P3 - Medium (ML Moderate / Needs Review)
BenchmarkTest00957,0,CWE-22,0,0,0,0.531,,0.23926100857156368,P4 - Low (ML Suppressed / Likely False Alarm)
BenchmarkTest00958,0,CWE-22,0,0,0,0.531,,0.23939612297813506,P4 - Low (ML Suppressed / Likely False Alarm)
BenchmarkTest00959,1,CWE-90,1,1,0,0.4815,"Detected input from a HTTPServletRequest going into an LDAP query. This could lead to LDAP injection if the input is not properly sanitized, which could result in attackers modifying objects in the LDAP tree structure. Ensure data passed to an LDAP query is not controllable or properly sanitize the data.",0.5026710330672093,P3 - Medium (ML Moderate / Needs Review)
BenchmarkTest00960,1,CWE-330,2,1,1,1.0,"Detected use of the functions `Math.random()` or `java.util.Random()`. These are both not cryptographically strong random number generators (RNGs). If you are using these RNGs to create passwords or secret tokens, use `java.security.SecureRandom` instead.",1.0,P1 - Critical (ML High-Confidence Vulnerability)
BenchmarkTest00961,1,CWE-328,2,1,1,1.0,"Detected SHA1 hash algorithm which is considered insecure. SHA1 is not collision resistant and is therefore not suitable as a cryptographic signature. Instead, use PBKDF2 for password hashing or SHA256 or SHA512 for other hash function applications.",0.9967183475989987,P1 - Critical (ML High-Confidence Vulnerability)
BenchmarkTest00962,0,CWE-328,0,0,0,1.0,,0.2042594061680803,P4 - Low (ML Suppressed / Likely False Alarm)
BenchmarkTest00963,1,CWE-328,2,1,1,1.0,Detected MD5 hash algorithm which is considered insecure. MD5 is not collision resistant and is therefore not suitable as a cryptographic signature. Use HMAC instead.,0.9964738352100482,P1 - Critical (ML High-Confidence Vulnerability)
BenchmarkTest00964,0,CWE-328,0,0,0,1.0,,0.2336827722158927,P4 - Low (ML Suppressed / Likely False Alarm)
BenchmarkTest00965,0,CWE-328,0,0,0,1.0,,0.2042594061680803,P4 - Low (ML Suppressed / Likely False Alarm)
BenchmarkTest00966,0,CWE-328,0,0,0,1.0,,0.2042594061680803,P4 - Low (ML Suppressed / Likely False Alarm)
BenchmarkTest00967,0,CWE-328,0,0,0,1.0,,0.21055491925120276,P4 - Low (ML Suppressed / Likely False Alarm)
BenchmarkTest00968,1,CWE-78,1,1,0,0.5177,"Detected input from a HTTPServletRequest going into a 'ProcessBuilder' or 'exec' command. This could lead to command injection if variables passed into the exec commands are not properly sanitized. Instead, avoid using these OS commands with user-supplied input, or, if you must use these commands, use a whitelist of specific values.",0.565387778500283,P3 - Medium (ML Moderate / Needs Review)
BenchmarkTest00969,0,CWE-78,1,1,0,0.5177,"Detected input from a HTTPServletRequest going into a 'ProcessBuilder' or 'exec' command. This could lead to command injection if variables passed into the exec commands are not properly sanitized. Instead, avoid using these OS commands with user-supplied input, or, if you must use these commands, use a whitelist of specific values.",0.5140518495956894,P3 - Medium (ML Moderate / Needs Review)
BenchmarkTest00970,0,CWE-78,1,1,0,0.5177,"Detected input from a HTTPServletRequest going into a 'ProcessBuilder' or 'exec' command. This could lead to command injection if variables passed into the exec commands are not properly sanitized. Instead, avoid using these OS commands with user-supplied input, or, if you must use these commands, use a whitelist of specific values.",0.565387778500283,P3 - Medium (ML Moderate / Needs Review)
BenchmarkTest00971,1,CWE-330,2,1,1,1.0,"Detected use of the functions `Math.random()` or `java.util.Random()`. These are both not cryptographically strong random number generators (RNGs). If you are using these RNGs to create passwords or secret tokens, use `java.security.SecureRandom` instead.",1.0,P1 - Critical (ML High-Confidence Vulnerability)
BenchmarkTest00972,1,CWE-330,2,1,1,1.0,"Detected use of the functions `Math.random()` or `java.util.Random()`. These are both not cryptographically strong random number generators (RNGs). If you are using these RNGs to create passwords or secret tokens, use `java.security.SecureRandom` instead.",1.0,P1 - Critical (ML High-Confidence Vulnerability)
BenchmarkTest00973,1,CWE-330,2,1,1,1.0,"Detected use of the functions `Math.random()` or `java.util.Random()`. These are both not cryptographically strong random number generators (RNGs). If you are using these RNGs to create passwords or secret tokens, use `java.security.SecureRandom` instead.",1.0,P1 - Critical (ML High-Confidence Vulnerability)
BenchmarkTest00974,1,CWE-330,2,1,1,1.0,"Detected use of the functions `Math.random()` or `java.util.Random()`. These are both not cryptographically strong random number generators (RNGs). If you are using these RNGs to create passwords or secret tokens, use `java.security.SecureRandom` instead.",1.0,P1 - Critical (ML High-Confidence Vulnerability)
BenchmarkTest00975,1,CWE-330,2,1,1,1.0,"Detected use of the functions `Math.random()` or `java.util.Random()`. These are both not cryptographically strong random number generators (RNGs). If you are using these RNGs to create passwords or secret tokens, use `java.security.SecureRandom` instead.",1.0,P1 - Critical (ML High-Confidence Vulnerability)
BenchmarkTest00976,1,CWE-330,2,1,1,1.0,"Detected use of the functions `Math.random()` or `java.util.Random()`. These are both not cryptographically strong random number generators (RNGs). If you are using these RNGs to create passwords or secret tokens, use `java.security.SecureRandom` instead.",1.0,P1 - Critical (ML High-Confidence Vulnerability)
BenchmarkTest00977,1,CWE-614,1,1,0,1.0,A cookie was detected without setting the 'secure' flag. The 'secure' flag for cookies prevents the client from transmitting the cookie over insecure channels such as HTTP. Set the 'secure' flag by calling 'cookie.setSecure(true);',0.9297381030001333,P1 - Critical (ML High-Confidence Vulnerability)
BenchmarkTest00978,0,CWE-78,1,1,0,0.5177,"Detected input from a HTTPServletRequest going into a 'ProcessBuilder' or 'exec' command. This could lead to command injection if variables passed into the exec commands are not properly sanitized. Instead, avoid using these OS commands with user-supplied input, or, if you must use these commands, use a whitelist of specific values.",0.543197997632849,P3 - Medium (ML Moderate / Needs Review)
BenchmarkTest00979,1,CWE-78,1,1,0,0.5177,"Detected input from a HTTPServletRequest going into a 'ProcessBuilder' or 'exec' command. This could lead to command injection if variables passed into the exec commands are not properly sanitized. Instead, avoid using these OS commands with user-supplied input, or, if you must use these commands, use a whitelist of specific values.",0.5140518495956894,P3 - Medium (ML Moderate / Needs Review)
BenchmarkTest00980,0,CWE-78,1,1,0,0.5177,"Detected input from a HTTPServletRequest going into a 'ProcessBuilder' or 'exec' command. This could lead to command injection if variables passed into the exec commands are not properly sanitized. Instead, avoid using these OS commands with user-supplied input, or, if you must use these commands, use a whitelist of specific values.",0.565387778500283,P3 - Medium (ML Moderate / Needs Review)
BenchmarkTest00981,1,CWE-78,1,1,0,0.5177,"Detected input from a HTTPServletRequest going into a 'ProcessBuilder' or 'exec' command. This could lead to command injection if variables passed into the exec commands are not properly sanitized. Instead, avoid using these OS commands with user-supplied input, or, if you must use these commands, use a whitelist of specific values.",0.5140518495956894,P3 - Medium (ML Moderate / Needs Review)
BenchmarkTest00982,0,CWE-78,1,1,0,0.5177,"Detected input from a HTTPServletRequest going into a 'ProcessBuilder' or 'exec' command. This could lead to command injection if variables passed into the exec commands are not properly sanitized. Instead, avoid using these OS commands with user-supplied input, or, if you must use these commands, use a whitelist of specific values.",0.5076583195183094,P3 - Medium (ML Moderate / Needs Review)
BenchmarkTest00983,1,CWE-78,1,1,0,0.5177,"Detected input from a HTTPServletRequest going into a 'ProcessBuilder' or 'exec' command. This could lead to command injection if variables passed into the exec commands are not properly sanitized. Instead, avoid using these OS commands with user-supplied input, or, if you must use these commands, use a whitelist of specific values.",0.565387778500283,P3 - Medium (ML Moderate / Needs Review)
BenchmarkTest00984,0,CWE-330,0,0,0,1.0,,0.057764259022038515,P4 - Low (ML Suppressed / Likely False Alarm)
BenchmarkTest00985,0,CWE-330,0,0,0,1.0,,0.051215480072750806,P4 - Low (ML Suppressed / Likely False Alarm)
BenchmarkTest00986,0,CWE-330,0,0,0,1.0,,0.05157343440022427,P4 - Low (ML Suppressed / Likely False Alarm)
BenchmarkTest00987,0,CWE-330,0,0,0,1.0,,0.05157343440022427,P4 - Low (ML Suppressed / Likely False Alarm)
BenchmarkTest00988,0,CWE-330,0,0,0,1.0,,0.054878713660365834,P4 - Low (ML Suppressed / Likely False Alarm)
BenchmarkTest00989,0,CWE-330,0,0,0,1.0,,0.05437237384043517,P4 - Low (ML Suppressed / Likely False Alarm)
BenchmarkTest00990,0,CWE-330,0,0,0,1.0,,0.057764259022038515,P4 - Low (ML Suppressed / Likely False Alarm)
BenchmarkTest00991,1,CWE-501,1,1,0,0.7234,"Detected a request with potential user-input going into a OutputStream or Writer object. This bypasses any view or template environments, including HTML escaping, which may expose this application to cross-site scripting (XSS) vulnerabilities. Consider using a view technology such as JavaServer Faces (JSFs) which automatically escapes HTML views.",0.7078618281880859,P2 - High (ML Probable Vulnerability)
BenchmarkTest00992,0,CWE-501,1,1,0,0.7234,"Detected a request with potential user-input going into a OutputStream or Writer object. This bypasses any view or template environments, including HTML escaping, which may expose this application to cross-site scripting (XSS) vulnerabilities. Consider using a view technology such as JavaServer Faces (JSFs) which automatically escapes HTML views.",0.7065454651105066,P2 - High (ML Probable Vulnerability)
BenchmarkTest00993,0,CWE-501,1,1,0,0.7234,"Detected a request with potential user-input going into a OutputStream or Writer object. This bypasses any view or template environments, including HTML escaping, which may expose this application to cross-site scripting (XSS) vulnerabilities. Consider using a view technology such as JavaServer Faces (JSFs) which automatically escapes HTML views.",0.7065454651105066,P2 - High (ML Probable Vulnerability)
BenchmarkTest00994,1,CWE-501,1,1,0,0.7234,"Detected a request with potential user-input going into a OutputStream or Writer object. This bypasses any view or template environments, including HTML escaping, which may expose this application to cross-site scripting (XSS) vulnerabilities. Consider using a view technology such as JavaServer Faces (JSFs) which automatically escapes HTML views.",0.7078618281880859,P2 - High (ML Probable Vulnerability)
BenchmarkTest00995,1,CWE-501,1,1,0,0.7234,"Detected a request with potential user-input going into a OutputStream or Writer object. This bypasses any view or template environments, including HTML escaping, which may expose this application to cross-site scripting (XSS) vulnerabilities. Consider using a view technology such as JavaServer Faces (JSFs) which automatically escapes HTML views.",0.7097295014333608,P2 - High (ML Probable Vulnerability)
BenchmarkTest00996,1,CWE-89,2,1,1,0.5746,Detected input from a HTTPServletRequest going into a SQL sink or statement. This could lead to SQL injection if variables in the SQL statement are not properly sanitized. Use parameterized SQL queries or properly sanitize user input instead.,0.6052657034562158,P3 - Medium (ML Moderate / Needs Review)
BenchmarkTest00997,1,CWE-89,2,1,1,0.5746,Detected input from a HTTPServletRequest going into a SQL sink or statement. This could lead to SQL injection if variables in the SQL statement are not properly sanitized. Use parameterized SQL queries or properly sanitize user input instead.,0.6052657034562158,P3 - Medium (ML Moderate / Needs Review)
BenchmarkTest00998,1,CWE-89,2,1,1,0.5746,Detected input from a HTTPServletRequest going into a SQL sink or statement. This could lead to SQL injection if variables in the SQL statement are not properly sanitized. Use parameterized SQL queries or properly sanitize user input instead.,0.6172031360784221,P3 - Medium (ML Moderate / Needs Review)
BenchmarkTest00999,0,CWE-89,2,1,1,0.5746,Detected input from a HTTPServletRequest going into a SQL sink or statement. This could lead to SQL injection if variables in the SQL statement are not properly sanitized. Use parameterized SQL queries or properly sanitize user input instead.,0.6133730231246536,P3 - Medium (ML Moderate / Needs Review)
BenchmarkTest01000,1,CWE-89,2,1,1,0.5746,Detected input from a HTTPServletRequest going into a SQL sink or statement. This could lead to SQL injection if variables in the SQL statement are not properly sanitized. Use parameterized SQL queries or properly sanitize user input instead.,0.6052657034562158,P3 - Medium (ML Moderate / Needs Review)
BenchmarkTest01001,0,CWE-89,2,1,1,0.5746,Detected input from a HTTPServletRequest going into a SQL sink or statement. This could lead to SQL injection if variables in the SQL statement are not properly sanitized. Use parameterized SQL queries or properly sanitize user input instead.,0.6172031360784221,P3 - Medium (ML Moderate / Needs Review)
BenchmarkTest01002,1,CWE-89,2,1,1,0.5746,Detected input from a HTTPServletRequest going into a SQL sink or statement. This could lead to SQL injection if variables in the SQL statement are not properly sanitized. Use parameterized SQL queries or properly sanitize user input instead.,0.6013870000430575,P3 - Medium (ML Moderate / Needs Review)
BenchmarkTest01003,1,CWE-89,2,1,1,0.5746,Detected input from a HTTPServletRequest going into a SQL sink or statement. This could lead to SQL injection if variables in the SQL statement are not properly sanitized. Use parameterized SQL queries or properly sanitize user input instead.,0.6052657034562158,P3 - Medium (ML Moderate / Needs Review)
BenchmarkTest01004,1,CWE-89,2,1,1,0.5746,Detected input from a HTTPServletRequest going into a SQL sink or statement. This could lead to SQL injection if variables in the SQL statement are not properly sanitized. Use parameterized SQL queries or properly sanitize user input instead.,0.6172031360784221,P3 - Medium (ML Moderate / Needs Review)
BenchmarkTest01005,1,CWE-89,1,1,0,0.5746,Detected input from a HTTPServletRequest going into a SQL sink or statement. This could lead to SQL injection if variables in the SQL statement are not properly sanitized. Use parameterized SQL queries or properly sanitize user input instead.,0.6299341752169263,P3 - Medium (ML Moderate / Needs Review)
BenchmarkTest01006,1,CWE-89,1,1,0,0.5746,"Detected a request with potential user-input going into a OutputStream or Writer object. This bypasses any view or template environments, including HTML escaping, which may expose this application to cross-site scripting (XSS) vulnerabilities. Consider using a view technology such as JavaServer Faces (JSFs) which automatically escapes HTML views.",0.663158147073452,P2 - High (ML Probable Vulnerability)
BenchmarkTest01007,1,CWE-89,1,1,0,0.5746,Detected input from a HTTPServletRequest going into a SQL sink or statement. This could lead to SQL injection if variables in the SQL statement are not properly sanitized. Use parameterized SQL queries or properly sanitize user input instead.,0.6369388599842778,P3 - Medium (ML Moderate / Needs Review)
BenchmarkTest01008,1,CWE-89,1,1,0,0.5746,Detected input from a HTTPServletRequest going into a SQL sink or statement. This could lead to SQL injection if variables in the SQL statement are not properly sanitized. Use parameterized SQL queries or properly sanitize user input instead.,0.6411923512308969,P3 - Medium (ML Moderate / Needs Review)
BenchmarkTest01009,1,CWE-89,1,1,0,0.5746,Detected input from a HTTPServletRequest going into a SQL sink or statement. This could lead to SQL injection if variables in the SQL statement are not properly sanitized. Use parameterized SQL queries or properly sanitize user input instead.,0.6325793924610322,P3 - Medium (ML Moderate / Needs Review)
BenchmarkTest01010,0,CWE-89,1,1,0,0.5746,Detected input from a HTTPServletRequest going into a SQL sink or statement. This could lead to SQL injection if variables in the SQL statement are not properly sanitized. Use parameterized SQL queries or properly sanitize user input instead.,0.6369388599842778,P3 - Medium (ML Moderate / Needs Review)
BenchmarkTest01011,1,CWE-89,2,1,1,0.5746,Detected input from a HTTPServletRequest going into a SQL sink or statement. This could lead to SQL injection if variables in the SQL statement are not properly sanitized. Use parameterized SQL queries or properly sanitize user input instead.,0.6013870000430575,P3 - Medium (ML Moderate / Needs Review)
BenchmarkTest01012,0,CWE-89,2,1,1,0.5746,Detected a formatted string in a SQL statement. This could lead to SQL injection if variables in the SQL statement are not properly sanitized. Use a prepared statements (java.sql.PreparedStatement) instead. You can obtain a PreparedStatement using 'connection.prepareStatement'.,0.5312748750495969,P3 - Medium (ML Moderate / Needs Review)
BenchmarkTest01013,0,CWE-643,1,1,0,0.5185,"Detected a request with potential user-input going into a OutputStream or Writer object. This bypasses any view or template environments, including HTML escaping, which may expose this application to cross-site scripting (XSS) vulnerabilities. Consider using a view technology such as JavaServer Faces (JSFs) which automatically escapes HTML views.",0.5818816613600312,P3 - Medium (ML Moderate / Needs Review)
BenchmarkTest01014,0,CWE-643,1,1,0,0.5185,"Detected a request with potential user-input going into a OutputStream or Writer object. This bypasses any view or template environments, including HTML escaping, which may expose this application to cross-site scripting (XSS) vulnerabilities. Consider using a view technology such as JavaServer Faces (JSFs) which automatically escapes HTML views.",0.5639760800600782,P3 - Medium (ML Moderate / Needs Review)
BenchmarkTest01015,1,CWE-327,1,0,1,0.9046,Use a strong cipher algorithm.,0.746894127214667,P2 - High (ML Probable Vulnerability)
BenchmarkTest01016,1,CWE-327,1,0,1,0.9046,Use a strong cipher algorithm.,0.7669870863329693,P2 - High (ML Probable Vulnerability)
BenchmarkTest01017,1,CWE-327,1,0,1,0.9046,Use a strong cipher algorithm.,0.7651568594963934,P2 - High (ML Probable Vulnerability)
BenchmarkTest01018,1,CWE-327,2,1,1,0.9046,DES is considered deprecated. AES is the recommended cipher. Upgrade to use AES. See https://www.nist.gov/news-events/news/2005/06/nist-withdraws-outdated-data-encryption-standard for more information.,0.9663830351149392,P1 - Critical (ML High-Confidence Vulnerability)
BenchmarkTest01019,0,CWE-327,0,0,0,0.9046,,0.09176958896267884,P4 - Low (ML Suppressed / Likely False Alarm)
BenchmarkTest01020,1,CWE-327,1,0,1,0.9046,Use a strong cipher algorithm.,0.7651568594963934,P2 - High (ML Probable Vulnerability)
BenchmarkTest01021,0,CWE-327,1,0,1,0.9046,Use a secure cipher mode.,0.7448928852534946,P2 - High (ML Probable Vulnerability)
BenchmarkTest01022,0,CWE-327,1,0,1,0.9046,Use a secure cipher mode.,0.7615061478378989,P2 - High (ML Probable Vulnerability)
BenchmarkTest01023,1,CWE-90,1,1,0,0.4815,"Detected input from a HTTPServletRequest going into an LDAP query. This could lead to LDAP injection if the input is not properly sanitized, which could result in attackers modifying objects in the LDAP tree structure. Ensure data passed to an LDAP query is not controllable or properly sanitize the data.",0.4729567405628093,P3 - Medium (ML Moderate / Needs Review)
BenchmarkTest01024,0,CWE-90,1,1,0,0.4815,"Detected input from a HTTPServletRequest going into an LDAP query. This could lead to LDAP injection if the input is not properly sanitized, which could result in attackers modifying objects in the LDAP tree structure. Ensure data passed to an LDAP query is not controllable or properly sanitize the data.",0.4812138184171754,P3 - Medium (ML Moderate / Needs Review)
BenchmarkTest01025,1,CWE-22,1,1,0,0.531,"Detected a potential path traversal. A malicious actor could control the location of this file, to include going backwards in the directory with '../'. To address this, ensure that user-controlled variables in file paths are sanitized. You may also consider using a utility method such as org.apache.commons.io.FilenameUtils.getName(...) to only retrieve the file name from the path.",0.5333552162927581,P3 - Medium (ML Moderate / Needs Review)
BenchmarkTest01026,0,CWE-22,1,1,0,0.531,"Detected a potential path traversal. A malicious actor could control the location of this file, to include going backwards in the directory with '../'. To address this, ensure that user-controlled variables in file paths are sanitized. You may also consider using a utility method such as org.apache.commons.io.FilenameUtils.getName(...) to only retrieve the file name from the path.",0.5446502000682291,P3 - Medium (ML Moderate / Needs Review)
BenchmarkTest01027,0,CWE-22,1,1,0,0.531,"Detected a potential path traversal. A malicious actor could control the location of this file, to include going backwards in the directory with '../'. To address this, ensure that user-controlled variables in file paths are sanitized. You may also consider using a utility method such as org.apache.commons.io.FilenameUtils.getName(...) to only retrieve the file name from the path.",0.5323617688956359,P3 - Medium (ML Moderate / Needs Review)
BenchmarkTest01028,0,CWE-22,1,1,0,0.531,"Detected a potential path traversal. A malicious actor could control the location of this file, to include going backwards in the directory with '../'. To address this, ensure that user-controlled variables in file paths are sanitized. You may also consider using a utility method such as org.apache.commons.io.FilenameUtils.getName(...) to only retrieve the file name from the path.",0.528523134306003,P3 - Medium (ML Moderate / Needs Review)
BenchmarkTest01029,1,CWE-22,1,1,0,0.531,"Detected a potential path traversal. A malicious actor could control the location of this file, to include going backwards in the directory with '../'. To address this, ensure that user-controlled variables in file paths are sanitized. You may also consider using a utility method such as org.apache.commons.io.FilenameUtils.getName(...) to only retrieve the file name from the path.",0.5446502000682291,P3 - Medium (ML Moderate / Needs Review)
BenchmarkTest01030,0,CWE-22,1,1,0,0.531,"Detected a potential path traversal. A malicious actor could control the location of this file, to include going backwards in the directory with '../'. To address this, ensure that user-controlled variables in file paths are sanitized. You may also consider using a utility method such as org.apache.commons.io.FilenameUtils.getName(...) to only retrieve the file name from the path.",0.5446502000682291,P3 - Medium (ML Moderate / Needs Review)
BenchmarkTest01031,0,CWE-22,1,1,0,0.531,"Detected a potential path traversal. A malicious actor could control the location of this file, to include going backwards in the directory with '../'. To address this, ensure that user-controlled variables in file paths are sanitized. You may also consider using a utility method such as org.apache.commons.io.FilenameUtils.getName(...) to only retrieve the file name from the path.",0.5300041467457454,P3 - Medium (ML Moderate / Needs Review)
BenchmarkTest01032,1,CWE-22,1,1,0,0.531,"Detected a potential path traversal. A malicious actor could control the location of this file, to include going backwards in the directory with '../'. To address this, ensure that user-controlled variables in file paths are sanitized. You may also consider using a utility method such as org.apache.commons.io.FilenameUtils.getName(...) to only retrieve the file name from the path.",0.5333552162927581,P3 - Medium (ML Moderate / Needs Review)
BenchmarkTest01033,1,CWE-22,1,1,0,0.531,"Detected a potential path traversal. A malicious actor could control the location of this file, to include going backwards in the directory with '../'. To address this, ensure that user-controlled variables in file paths are sanitized. You may also consider using a utility method such as org.apache.commons.io.FilenameUtils.getName(...) to only retrieve the file name from the path.",0.528523134306003,P3 - Medium (ML Moderate / Needs Review)
BenchmarkTest01034,1,CWE-22,1,1,0,0.531,"Detected a potential path traversal. A malicious actor could control the location of this file, to include going backwards in the directory with '../'. To address this, ensure that user-controlled variables in file paths are sanitized. You may also consider using a utility method such as org.apache.commons.io.FilenameUtils.getName(...) to only retrieve the file name from the path.",0.528523134306003,P3 - Medium (ML Moderate / Needs Review)
BenchmarkTest01035,0,CWE-22,1,1,0,0.531,"Detected a potential path traversal. A malicious actor could control the location of this file, to include going backwards in the directory with '../'. To address this, ensure that user-controlled variables in file paths are sanitized. You may also consider using a utility method such as org.apache.commons.io.FilenameUtils.getName(...) to only retrieve the file name from the path.",0.528523134306003,P3 - Medium (ML Moderate / Needs Review)
BenchmarkTest01036,0,CWE-22,0,0,0,0.531,,0.23367630537219905,P4 - Low (ML Suppressed / Likely False Alarm)
BenchmarkTest01037,0,CWE-328,0,0,0,1.0,,0.22444171124432277,P4 - Low (ML Suppressed / Likely False Alarm)
BenchmarkTest01038,1,CWE-328,2,1,1,1.0,Detected MD5 hash algorithm which is considered insecure. MD5 is not collision resistant and is therefore not suitable as a cryptographic signature. Use HMAC instead.,0.9967183475989987,P1 - Critical (ML High-Confidence Vulnerability)
BenchmarkTest01039,0,CWE-328,0,0,0,1.0,,0.20319054080011195,P4 - Low (ML Suppressed / Likely False Alarm)
BenchmarkTest01040,0,CWE-328,0,0,0,1.0,,0.2336827722158927,P4 - Low (ML Suppressed / Likely False Alarm)
BenchmarkTest01041,1,CWE-328,0,0,0,1.0,,0.21055491925120276,P4 - Low (ML Suppressed / Likely False Alarm)
BenchmarkTest01042,1,CWE-328,0,0,0,1.0,,0.20319054080011195,P4 - Low (ML Suppressed / Likely False Alarm)
BenchmarkTest01043,1,CWE-328,0,0,0,1.0,,0.2042594061680803,P4 - Low (ML Suppressed / Likely False Alarm)
BenchmarkTest01044,1,CWE-328,0,0,0,1.0,,0.21055491925120276,P4 - Low (ML Suppressed / Likely False Alarm)
BenchmarkTest01045,0,CWE-328,0,0,0,1.0,,0.22444171124432277,P4 - Low (ML Suppressed / Likely False Alarm)
BenchmarkTest01046,1,CWE-79,1,1,0,0.6516,"Detected a request with potential user-input going into a OutputStream or Writer object. This bypasses any view or template environments, including HTML escaping, which may expose this application to cross-site scripting (XSS) vulnerabilities. Consider using a view technology such as JavaServer Faces (JSFs) which automatically escapes HTML views.",0.620660943864709,P3 - Medium (ML Moderate / Needs Review)
BenchmarkTest01047,1,CWE-79,1,1,0,0.6516,"Detected a request with potential user-input going into a OutputStream or Writer object. This bypasses any view or template environments, including HTML escaping, which may expose this application to cross-site scripting (XSS) vulnerabilities. Consider using a view technology such as JavaServer Faces (JSFs) which automatically escapes HTML views.",0.6567667998284668,P2 - High (ML Probable Vulnerability)
BenchmarkTest01048,0,CWE-79,1,1,0,0.6516,"Detected a request with potential user-input going into a OutputStream or Writer object. This bypasses any view or template environments, including HTML escaping, which may expose this application to cross-site scripting (XSS) vulnerabilities. Consider using a view technology such as JavaServer Faces (JSFs) which automatically escapes HTML views.",0.6654635318596704,P2 - High (ML Probable Vulnerability)
BenchmarkTest01049,1,CWE-79,1,1,0,0.6516,"Detected a request with potential user-input going into a OutputStream or Writer object. This bypasses any view or template environments, including HTML escaping, which may expose this application to cross-site scripting (XSS) vulnerabilities. Consider using a view technology such as JavaServer Faces (JSFs) which automatically escapes HTML views.",0.6567667998284668,P2 - High (ML Probable Vulnerability)
BenchmarkTest01050,1,CWE-79,1,1,0,0.6516,"Detected a request with potential user-input going into a OutputStream or Writer object. This bypasses any view or template environments, including HTML escaping, which may expose this application to cross-site scripting (XSS) vulnerabilities. Consider using a view technology such as JavaServer Faces (JSFs) which automatically escapes HTML views.",0.620660943864709,P3 - Medium (ML Moderate / Needs Review)
BenchmarkTest01051,0,CWE-79,1,1,0,0.6516,"Detected a request with potential user-input going into a OutputStream or Writer object. This bypasses any view or template environments, including HTML escaping, which may expose this application to cross-site scripting (XSS) vulnerabilities. Consider using a view technology such as JavaServer Faces (JSFs) which automatically escapes HTML views.",0.658125282848209,P2 - High (ML Probable Vulnerability)
BenchmarkTest01052,0,CWE-79,1,1,0,0.6516,"Detected a request with potential user-input going into a OutputStream or Writer object. This bypasses any view or template environments, including HTML escaping, which may expose this application to cross-site scripting (XSS) vulnerabilities. Consider using a view technology such as JavaServer Faces (JSFs) which automatically escapes HTML views.",0.658125282848209,P2 - High (ML Probable Vulnerability)
BenchmarkTest01053,0,CWE-79,1,1,0,0.6516,"Detected a request with potential user-input going into a OutputStream or Writer object. This bypasses any view or template environments, including HTML escaping, which may expose this application to cross-site scripting (XSS) vulnerabilities. Consider using a view technology such as JavaServer Faces (JSFs) which automatically escapes HTML views.",0.6654635318596704,P2 - High (ML Probable Vulnerability)
BenchmarkTest01054,0,CWE-79,1,1,0,0.6516,"Detected a request with potential user-input going into a OutputStream or Writer object. This bypasses any view or template environments, including HTML escaping, which may expose this application to cross-site scripting (XSS) vulnerabilities. Consider using a view technology such as JavaServer Faces (JSFs) which automatically escapes HTML views.",0.658125282848209,P2 - High (ML Probable Vulnerability)
BenchmarkTest01055,1,CWE-79,1,1,0,0.6516,"Detected a request with potential user-input going into a OutputStream or Writer object. This bypasses any view or template environments, including HTML escaping, which may expose this application to cross-site scripting (XSS) vulnerabilities. Consider using a view technology such as JavaServer Faces (JSFs) which automatically escapes HTML views.",0.6654635318596704,P2 - High (ML Probable Vulnerability)
BenchmarkTest01056,1,CWE-79,1,1,0,0.6516,"Detected a request with potential user-input going into a OutputStream or Writer object. This bypasses any view or template environments, including HTML escaping, which may expose this application to cross-site scripting (XSS) vulnerabilities. Consider using a view technology such as JavaServer Faces (JSFs) which automatically escapes HTML views.",0.6567667998284668,P2 - High (ML Probable Vulnerability)
BenchmarkTest01057,1,CWE-79,1,1,0,0.6516,"Detected a request with potential user-input going into a OutputStream or Writer object. This bypasses any view or template environments, including HTML escaping, which may expose this application to cross-site scripting (XSS) vulnerabilities. Consider using a view technology such as JavaServer Faces (JSFs) which automatically escapes HTML views.",0.620660943864709,P3 - Medium (ML Moderate / Needs Review)
BenchmarkTest01058,1,CWE-330,2,1,1,1.0,"Detected use of the functions `Math.random()` or `java.util.Random()`. These are both not cryptographically strong random number generators (RNGs). If you are using these RNGs to create passwords or secret tokens, use `java.security.SecureRandom` instead.",1.0,P1 - Critical (ML High-Confidence Vulnerability)
BenchmarkTest01059,1,CWE-330,2,1,1,1.0,"Detected use of the functions `Math.random()` or `java.util.Random()`. These are both not cryptographically strong random number generators (RNGs). If you are using these RNGs to create passwords or secret tokens, use `java.security.SecureRandom` instead.",1.0,P1 - Critical (ML High-Confidence Vulnerability)
BenchmarkTest01060,1,CWE-330,2,1,1,1.0,"Detected use of the functions `Math.random()` or `java.util.Random()`. These are both not cryptographically strong random number generators (RNGs). If you are using these RNGs to create passwords or secret tokens, use `java.security.SecureRandom` instead.",1.0,P1 - Critical (ML High-Confidence Vulnerability)
BenchmarkTest01061,1,CWE-614,1,1,0,1.0,A cookie was detected without setting the 'secure' flag. The 'secure' flag for cookies prevents the client from transmitting the cookie over insecure channels such as HTTP. Set the 'secure' flag by calling 'cookie.setSecure(true);',0.9469332262689727,P1 - Critical (ML High-Confidence Vulnerability)
BenchmarkTest01062,0,CWE-614,0,0,0,1.0,,0.10458381250387964,P4 - Low (ML Suppressed / Likely False Alarm)
BenchmarkTest01063,1,CWE-79,1,1,0,0.6516,"Detected a request with potential user-input going into a OutputStream or Writer object. This bypasses any view or template environments, including HTML escaping, which may expose this application to cross-site scripting (XSS) vulnerabilities. Consider using a view technology such as JavaServer Faces (JSFs) which automatically escapes HTML views.",0.6447953001558595,P3 - Medium (ML Moderate / Needs Review)
BenchmarkTest01064,1,CWE-78,1,1,0,0.5177,"Detected input from a HTTPServletRequest going into a 'ProcessBuilder' or 'exec' command. This could lead to command injection if variables passed into the exec commands are not properly sanitized. Instead, avoid using these OS commands with user-supplied input, or, if you must use these commands, use a whitelist of specific values.",0.5076583195183094,P3 - Medium (ML Moderate / Needs Review)
BenchmarkTest01065,0,CWE-78,1,1,0,0.5177,"Detected input from a HTTPServletRequest going into a 'ProcessBuilder' or 'exec' command. This could lead to command injection if variables passed into the exec commands are not properly sanitized. Instead, avoid using these OS commands with user-supplied input, or, if you must use these commands, use a whitelist of specific values.",0.5076583195183094,P3 - Medium (ML Moderate / Needs Review)
BenchmarkTest01066,1,CWE-78,1,1,0,0.5177,"Detected input from a HTTPServletRequest going into a 'ProcessBuilder' or 'exec' command. This could lead to command injection if variables passed into the exec commands are not properly sanitized. Instead, avoid using these OS commands with user-supplied input, or, if you must use these commands, use a whitelist of specific values.",0.5713557769679556,P3 - Medium (ML Moderate / Needs Review)
BenchmarkTest01067,0,CWE-78,1,1,0,0.5177,"Detected input from a HTTPServletRequest going into a 'ProcessBuilder' or 'exec' command. This could lead to command injection if variables passed into the exec commands are not properly sanitized. Instead, avoid using these OS commands with user-supplied input, or, if you must use these commands, use a whitelist of specific values.",0.543197997632849,P3 - Medium (ML Moderate / Needs Review)
BenchmarkTest01068,0,CWE-78,1,1,0,0.5177,"Detected input from a HTTPServletRequest going into a 'ProcessBuilder' or 'exec' command. This could lead to command injection if variables passed into the exec commands are not properly sanitized. Instead, avoid using these OS commands with user-supplied input, or, if you must use these commands, use a whitelist of specific values.",0.5076583195183094,P3 - Medium (ML Moderate / Needs Review)
BenchmarkTest01069,0,CWE-330,0,0,0,1.0,,0.051215480072750806,P4 - Low (ML Suppressed / Likely False Alarm)
BenchmarkTest01070,0,CWE-330,0,0,0,1.0,,0.05437237384043517,P4 - Low (ML Suppressed / Likely False Alarm)
BenchmarkTest01071,0,CWE-330,0,0,0,1.0,,0.05437237384043517,P4 - Low (ML Suppressed / Likely False Alarm)
BenchmarkTest01072,0,CWE-330,0,0,0,1.0,,0.051215480072750806,P4 - Low (ML Suppressed / Likely False Alarm)
BenchmarkTest01073,0,CWE-330,0,0,0,1.0,,0.05437237384043517,P4 - Low (ML Suppressed / Likely False Alarm)
BenchmarkTest01074,0,CWE-330,0,0,0,1.0,,0.05437237384043517,P4 - Low (ML Suppressed / Likely False Alarm)
BenchmarkTest01075,0,CWE-330,0,0,0,1.0,,0.057764259022038515,P4 - Low (ML Suppressed / Likely False Alarm)
BenchmarkTest01076,0,CWE-330,0,0,0,1.0,,0.05437237384043517,P4 - Low (ML Suppressed / Likely False Alarm)
BenchmarkTest01077,0,CWE-330,0,0,0,1.0,,0.051215480072750806,P4 - Low (ML Suppressed / Likely False Alarm)
BenchmarkTest01078,0,CWE-330,0,0,0,1.0,,0.057764259022038515,P4 - Low (ML Suppressed / Likely False Alarm)
BenchmarkTest01079,0,CWE-330,0,0,0,1.0,,0.054878713660365834,P4 - Low (ML Suppressed / Likely False Alarm)
BenchmarkTest01080,0,CWE-501,1,1,0,0.7234,"Detected a request with potential user-input going into a OutputStream or Writer object. This bypasses any view or template environments, including HTML escaping, which may expose this application to cross-site scripting (XSS) vulnerabilities. Consider using a view technology such as JavaServer Faces (JSFs) which automatically escapes HTML views.",0.7078618281880859,P2 - High (ML Probable Vulnerability)
BenchmarkTest01081,1,CWE-501,1,1,0,0.7234,"Detected a request with potential user-input going into a OutputStream or Writer object. This bypasses any view or template environments, including HTML escaping, which may expose this application to cross-site scripting (XSS) vulnerabilities. Consider using a view technology such as JavaServer Faces (JSFs) which automatically escapes HTML views.",0.675477596449973,P2 - High (ML Probable Vulnerability)
BenchmarkTest01082,1,CWE-501,1,1,0,0.7234,"Detected a request with potential user-input going into a OutputStream or Writer object. This bypasses any view or template environments, including HTML escaping, which may expose this application to cross-site scripting (XSS) vulnerabilities. Consider using a view technology such as JavaServer Faces (JSFs) which automatically escapes HTML views.",0.6941563292264352,P2 - High (ML Probable Vulnerability)
BenchmarkTest01083,1,CWE-89,2,1,1,0.5746,Detected input from a HTTPServletRequest going into a SQL sink or statement. This could lead to SQL injection if variables in the SQL statement are not properly sanitized. Use parameterized SQL queries or properly sanitize user input instead.,0.6052657034562158,P3 - Medium (ML Moderate / Needs Review)
BenchmarkTest01084,1,CWE-89,2,1,1,0.5746,Detected input from a HTTPServletRequest going into a SQL sink or statement. This could lead to SQL injection if variables in the SQL statement are not properly sanitized. Use parameterized SQL queries or properly sanitize user input instead.,0.6052657034562158,P3 - Medium (ML Moderate / Needs Review)
BenchmarkTest01085,0,CWE-89,1,1,0,0.5746,Detected input from a HTTPServletRequest going into a SQL sink or statement. This could lead to SQL injection if variables in the SQL statement are not properly sanitized. Use parameterized SQL queries or properly sanitize user input instead.,0.6369388599842778,P3 - Medium (ML Moderate / Needs Review)
BenchmarkTest01086,0,CWE-89,1,1,0,0.5746,Detected input from a HTTPServletRequest going into a SQL sink or statement. This could lead to SQL injection if variables in the SQL statement are not properly sanitized. Use parameterized SQL queries or properly sanitize user input instead.,0.6352860383034056,P3 - Medium (ML Moderate / Needs Review)
BenchmarkTest01087,1,CWE-89,1,1,0,0.5746,"Detected a request with potential user-input going into a OutputStream or Writer object. This bypasses any view or template environments, including HTML escaping, which may expose this application to cross-site scripting (XSS) vulnerabilities. Consider using a view technology such as JavaServer Faces (JSFs) which automatically escapes HTML views.",0.663158147073452,P2 - High (ML Probable Vulnerability)
BenchmarkTest01088,1,CWE-89,1,1,0,0.5746,"Detected a request with potential user-input going into a OutputStream or Writer object. This bypasses any view or template environments, including HTML escaping, which may expose this application to cross-site scripting (XSS) vulnerabilities. Consider using a view technology such as JavaServer Faces (JSFs) which automatically escapes HTML views.",0.5883339559634727,P3 - Medium (ML Moderate / Needs Review)
BenchmarkTest01089,0,CWE-89,1,1,0,0.5746,Detected input from a HTTPServletRequest going into a SQL sink or statement. This could lead to SQL injection if variables in the SQL statement are not properly sanitized. Use parameterized SQL queries or properly sanitize user input instead.,0.6325793924610322,P3 - Medium (ML Moderate / Needs Review)
BenchmarkTest01090,1,CWE-89,2,1,1,0.5746,Detected input from a HTTPServletRequest going into a SQL sink or statement. This could lead to SQL injection if variables in the SQL statement are not properly sanitized. Use parameterized SQL queries or properly sanitize user input instead.,0.6133730231246536,P3 - Medium (ML Moderate / Needs Review)
BenchmarkTest01091,1,CWE-89,2,1,1,0.5746,Detected a formatted string in a SQL statement. This could lead to SQL injection if variables in the SQL statement are not properly sanitized. Use a prepared statements (java.sql.PreparedStatement) instead. You can obtain a PreparedStatement using 'connection.prepareStatement'.,0.46600563814060314,P3 - Medium (ML Moderate / Needs Review)
BenchmarkTest01092,0,CWE-89,2,1,1,0.5746,Detected a formatted string in a SQL statement. This could lead to SQL injection if variables in the SQL statement are not properly sanitized. Use a prepared statements (java.sql.PreparedStatement) instead. You can obtain a PreparedStatement using 'connection.prepareStatement'.,0.49671630473765704,P3 - Medium (ML Moderate / Needs Review)
BenchmarkTest01093,1,CWE-89,2,1,1,0.5746,Detected a formatted string in a SQL statement. This could lead to SQL injection if variables in the SQL statement are not properly sanitized. Use a prepared statements (java.sql.PreparedStatement) instead. You can obtain a PreparedStatement using 'connection.prepareStatement'.,0.46600563814060314,P3 - Medium (ML Moderate / Needs Review)
BenchmarkTest01094,1,CWE-89,2,1,1,0.5746,Detected a formatted string in a SQL statement. This could lead to SQL injection if variables in the SQL statement are not properly sanitized. Use a prepared statements (java.sql.PreparedStatement) instead. You can obtain a PreparedStatement using 'connection.prepareStatement'.,0.4939336901384355,P3 - Medium (ML Moderate / Needs Review)
BenchmarkTest01095,0,CWE-89,2,1,1,0.5746,Detected a formatted string in a SQL statement. This could lead to SQL injection if variables in the SQL statement are not properly sanitized. Use a prepared statements (java.sql.PreparedStatement) instead. You can obtain a PreparedStatement using 'connection.prepareStatement'.,0.5312748750495969,P3 - Medium (ML Moderate / Needs Review)
BenchmarkTest01096,0,CWE-89,2,1,1,0.5746,Detected input from a HTTPServletRequest going into a SQL sink or statement. This could lead to SQL injection if variables in the SQL statement are not properly sanitized. Use parameterized SQL queries or properly sanitize user input instead.,0.6013870000430575,P3 - Medium (ML Moderate / Needs Review)
BenchmarkTest01097,1,CWE-89,2,1,1,0.5746,Detected input from a HTTPServletRequest going into a SQL sink or statement. This could lead to SQL injection if variables in the SQL statement are not properly sanitized. Use parameterized SQL queries or properly sanitize user input instead.,0.6326009898069045,P3 - Medium (ML Moderate / Needs Review)
BenchmarkTest01098,0,CWE-89,2,1,1,0.5746,Detected input from a HTTPServletRequest going into a SQL sink or statement. This could lead to SQL injection if variables in the SQL statement are not properly sanitized. Use parameterized SQL queries or properly sanitize user input instead.,0.6172031360784221,P3 - Medium (ML Moderate / Needs Review)
BenchmarkTest01099,1,CWE-327,1,0,1,0.9046,Use another cipher mode or disable padding.,0.7669870863329693,P2 - High (ML Probable Vulnerability)
BenchmarkTest01100,0,CWE-327,0,0,0,0.9046,,0.09759301912689183,P4 - Low (ML Suppressed / Likely False Alarm)
BenchmarkTest01101,0,CWE-327,0,0,0,0.9046,,0.09759301912689183,P4 - Low (ML Suppressed / Likely False Alarm)
BenchmarkTest01102,1,CWE-327,2,1,1,0.9046,DES is considered deprecated. AES is the recommended cipher. Upgrade to use AES. See https://www.nist.gov/news-events/news/2005/06/nist-withdraws-outdated-data-encryption-standard for more information.,0.9549847982426458,P1 - Critical (ML High-Confidence Vulnerability)
BenchmarkTest01103,1,CWE-327,2,1,1,0.9046,DES is considered deprecated. AES is the recommended cipher. Upgrade to use AES. See https://www.nist.gov/news-events/news/2005/06/nist-withdraws-outdated-data-encryption-standard for more information.,0.9582673165050278,P1 - Critical (ML High-Confidence Vulnerability)
BenchmarkTest01104,0,CWE-327,0,0,0,0.9046,,0.09176958896267884,P4 - Low (ML Suppressed / Likely False Alarm)
BenchmarkTest01105,1,CWE-327,1,0,1,0.9046,Use a secure cipher mode.,0.7448928852534946,P2 - High (ML Probable Vulnerability)
BenchmarkTest01106,1,CWE-327,1,0,1,0.9046,Use a secure cipher mode.,0.7615061478378989,P2 - High (ML Probable Vulnerability)
BenchmarkTest01107,1,CWE-327,1,0,1,0.9046,Use a strong cipher algorithm.,0.746894127214667,P2 - High (ML Probable Vulnerability)
BenchmarkTest01108,0,CWE-327,1,0,1,0.9046,Use a secure cipher mode.,0.7651568594963934,P2 - High (ML Probable Vulnerability)
BenchmarkTest01109,0,CWE-22,1,1,0,0.531,"Detected a potential path traversal. A malicious actor could control the location of this file, to include going backwards in the directory with '../'. To address this, ensure that user-controlled variables in file paths are sanitized. You may also consider using a utility method such as org.apache.commons.io.FilenameUtils.getName(...) to only retrieve the file name from the path.",0.5300041467457454,P3 - Medium (ML Moderate / Needs Review)
BenchmarkTest01110,0,CWE-22,1,1,0,0.531,"Detected a potential path traversal. A malicious actor could control the location of this file, to include going backwards in the directory with '../'. To address this, ensure that user-controlled variables in file paths are sanitized. You may also consider using a utility method such as org.apache.commons.io.FilenameUtils.getName(...) to only retrieve the file name from the path.",0.5300041467457454,P3 - Medium (ML Moderate / Needs Review)
BenchmarkTest01111,1,CWE-22,1,1,0,0.531,"Detected a potential path traversal. A malicious actor could control the location of this file, to include going backwards in the directory with '../'. To address this, ensure that user-controlled variables in file paths are sanitized. You may also consider using a utility method such as org.apache.commons.io.FilenameUtils.getName(...) to only retrieve the file name from the path.",0.5300041467457454,P3 - Medium (ML Moderate / Needs Review)
BenchmarkTest01112,1,CWE-22,1,1,0,0.531,"Detected a potential path traversal. A malicious actor could control the location of this file, to include going backwards in the directory with '../'. To address this, ensure that user-controlled variables in file paths are sanitized. You may also consider using a utility method such as org.apache.commons.io.FilenameUtils.getName(...) to only retrieve the file name from the path.",0.528523134306003,P3 - Medium (ML Moderate / Needs Review)
BenchmarkTest01113,0,CWE-22,1,1,0,0.531,"Detected a potential path traversal. A malicious actor could control the location of this file, to include going backwards in the directory with '../'. To address this, ensure that user-controlled variables in file paths are sanitized. You may also consider using a utility method such as org.apache.commons.io.FilenameUtils.getName(...) to only retrieve the file name from the path.",0.528523134306003,P3 - Medium (ML Moderate / Needs Review)
BenchmarkTest01114,0,CWE-22,1,1,0,0.531,"Detected a potential path traversal. A malicious actor could control the location of this file, to include going backwards in the directory with '../'. To address this, ensure that user-controlled variables in file paths are sanitized. You may also consider using a utility method such as org.apache.commons.io.FilenameUtils.getName(...) to only retrieve the file name from the path.",0.5446502000682291,P3 - Medium (ML Moderate / Needs Review)
BenchmarkTest01115,0,CWE-22,1,1,0,0.531,"Detected a potential path traversal. A malicious actor could control the location of this file, to include going backwards in the directory with '../'. To address this, ensure that user-controlled variables in file paths are sanitized. You may also consider using a utility method such as org.apache.commons.io.FilenameUtils.getName(...) to only retrieve the file name from the path.",0.5323617688956359,P3 - Medium (ML Moderate / Needs Review)
BenchmarkTest01116,1,CWE-22,1,1,0,0.531,"Detected a potential path traversal. A malicious actor could control the location of this file, to include going backwards in the directory with '../'. To address this, ensure that user-controlled variables in file paths are sanitized. You may also consider using a utility method such as org.apache.commons.io.FilenameUtils.getName(...) to only retrieve the file name from the path.",0.5323617688956359,P3 - Medium (ML Moderate / Needs Review)
BenchmarkTest01117,1,CWE-22,1,1,0,0.531,"Detected a potential path traversal. A malicious actor could control the location of this file, to include going backwards in the directory with '../'. To address this, ensure that user-controlled variables in file paths are sanitized. You may also consider using a utility method such as org.apache.commons.io.FilenameUtils.getName(...) to only retrieve the file name from the path.",0.5333552162927581,P3 - Medium (ML Moderate / Needs Review)
BenchmarkTest01118,0,CWE-22,0,0,0,0.531,,0.22112950407752943,P4 - Low (ML Suppressed / Likely False Alarm)
BenchmarkTest01119,1,CWE-330,2,1,1,1.0,"Detected use of the functions `Math.random()` or `java.util.Random()`. These are both not cryptographically strong random number generators (RNGs). If you are using these RNGs to create passwords or secret tokens, use `java.security.SecureRandom` instead.",1.0,P1 - Critical (ML High-Confidence Vulnerability)
BenchmarkTest01120,0,CWE-328,0,0,0,1.0,,0.2042594061680803,P4 - Low (ML Suppressed / Likely False Alarm)
BenchmarkTest01121,0,CWE-328,0,0,0,1.0,,0.22444171124432277,P4 - Low (ML Suppressed / Likely False Alarm)
BenchmarkTest01122,0,CWE-328,0,0,0,1.0,,0.2042594061680803,P4 - Low (ML Suppressed / Likely False Alarm)
BenchmarkTest01123,1,CWE-328,2,1,1,1.0,"Detected SHA1 hash algorithm which is considered insecure. SHA1 is not collision resistant and is therefore not suitable as a cryptographic signature. Instead, use PBKDF2 for password hashing or SHA256 or SHA512 for other hash function applications.",0.9964738352100482,P1 - Critical (ML High-Confidence Vulnerability)
BenchmarkTest01124,1,CWE-328,0,0,0,1.0,,0.2336827722158927,P4 - Low (ML Suppressed / Likely False Alarm)
BenchmarkTest01125,0,CWE-328,0,0,0,1.0,,0.21055491925120276,P4 - Low (ML Suppressed / Likely False Alarm)
BenchmarkTest01126,0,CWE-328,0,0,0,1.0,,0.22444171124432277,P4 - Low (ML Suppressed / Likely False Alarm)
BenchmarkTest01127,1,CWE-330,2,1,1,1.0,"Detected use of the functions `Math.random()` or `java.util.Random()`. These are both not cryptographically strong random number generators (RNGs). If you are using these RNGs to create passwords or secret tokens, use `java.security.SecureRandom` instead.",1.0,P1 - Critical (ML High-Confidence Vulnerability)
BenchmarkTest01128,1,CWE-330,2,1,1,1.0,"Detected use of the functions `Math.random()` or `java.util.Random()`. These are both not cryptographically strong random number generators (RNGs). If you are using these RNGs to create passwords or secret tokens, use `java.security.SecureRandom` instead.",1.0,P1 - Critical (ML High-Confidence Vulnerability)
BenchmarkTest01129,1,CWE-330,2,1,1,1.0,"Detected use of the functions `Math.random()` or `java.util.Random()`. These are both not cryptographically strong random number generators (RNGs). If you are using these RNGs to create passwords or secret tokens, use `java.security.SecureRandom` instead.",1.0,P1 - Critical (ML High-Confidence Vulnerability)
BenchmarkTest01130,1,CWE-330,2,1,1,1.0,"Detected use of the functions `Math.random()` or `java.util.Random()`. These are both not cryptographically strong random number generators (RNGs). If you are using these RNGs to create passwords or secret tokens, use `java.security.SecureRandom` instead.",1.0,P1 - Critical (ML High-Confidence Vulnerability)
BenchmarkTest01131,1,CWE-330,2,1,1,1.0,"Detected use of the functions `Math.random()` or `java.util.Random()`. These are both not cryptographically strong random number generators (RNGs). If you are using these RNGs to create passwords or secret tokens, use `java.security.SecureRandom` instead.",1.0,P1 - Critical (ML High-Confidence Vulnerability)
BenchmarkTest01132,1,CWE-330,2,1,1,1.0,"Detected use of the functions `Math.random()` or `java.util.Random()`. These are both not cryptographically strong random number generators (RNGs). If you are using these RNGs to create passwords or secret tokens, use `java.security.SecureRandom` instead.",1.0,P1 - Critical (ML High-Confidence Vulnerability)
BenchmarkTest01133,1,CWE-330,2,1,1,1.0,"Detected use of the functions `Math.random()` or `java.util.Random()`. These are both not cryptographically strong random number generators (RNGs). If you are using these RNGs to create passwords or secret tokens, use `java.security.SecureRandom` instead.",1.0,P1 - Critical (ML High-Confidence Vulnerability)
BenchmarkTest01134,1,CWE-614,1,1,0,1.0,A cookie was detected without setting the 'secure' flag. The 'secure' flag for cookies prevents the client from transmitting the cookie over insecure channels such as HTTP. Set the 'secure' flag by calling 'cookie.setSecure(true);',0.9363653782212263,P1 - Critical (ML High-Confidence Vulnerability)
BenchmarkTest01135,0,CWE-330,0,0,0,1.0,,0.054878713660365834,P4 - Low (ML Suppressed / Likely False Alarm)
BenchmarkTest01136,0,CWE-330,0,0,0,1.0,,0.05157343440022427,P4 - Low (ML Suppressed / Likely False Alarm)
BenchmarkTest01137,0,CWE-330,0,0,0,1.0,,0.05437237384043517,P4 - Low (ML Suppressed / Likely False Alarm)
BenchmarkTest01138,0,CWE-330,0,0,0,1.0,,0.051215480072750806,P4 - Low (ML Suppressed / Likely False Alarm)
BenchmarkTest01139,0,CWE-330,0,0,0,1.0,,0.05437237384043517,P4 - Low (ML Suppressed / Likely False Alarm)
BenchmarkTest01140,0,CWE-330,0,0,0,1.0,,0.054878713660365834,P4 - Low (ML Suppressed / Likely False Alarm)
BenchmarkTest01141,0,CWE-330,0,0,0,1.0,,0.057764259022038515,P4 - Low (ML Suppressed / Likely False Alarm)
BenchmarkTest01142,0,CWE-501,1,1,0,0.7234,"Detected a request with potential user-input going into a OutputStream or Writer object. This bypasses any view or template environments, including HTML escaping, which may expose this application to cross-site scripting (XSS) vulnerabilities. Consider using a view technology such as JavaServer Faces (JSFs) which automatically escapes HTML views.",0.7097295014333608,P2 - High (ML Probable Vulnerability)
BenchmarkTest01143,1,CWE-501,1,1,0,0.7234,"Detected a request with potential user-input going into a OutputStream or Writer object. This bypasses any view or template environments, including HTML escaping, which may expose this application to cross-site scripting (XSS) vulnerabilities. Consider using a view technology such as JavaServer Faces (JSFs) which automatically escapes HTML views.",0.7065454651105066,P2 - High (ML Probable Vulnerability)
BenchmarkTest01144,0,CWE-501,1,1,0,0.7234,"Detected a request with potential user-input going into a OutputStream or Writer object. This bypasses any view or template environments, including HTML escaping, which may expose this application to cross-site scripting (XSS) vulnerabilities. Consider using a view technology such as JavaServer Faces (JSFs) which automatically escapes HTML views.",0.6941563292264352,P2 - High (ML Probable Vulnerability)
BenchmarkTest01145,0,CWE-501,1,1,0,0.7234,"Detected a request with potential user-input going into a OutputStream or Writer object. This bypasses any view or template environments, including HTML escaping, which may expose this application to cross-site scripting (XSS) vulnerabilities. Consider using a view technology such as JavaServer Faces (JSFs) which automatically escapes HTML views.",0.675477596449973,P2 - High (ML Probable Vulnerability)
BenchmarkTest01146,0,CWE-501,1,1,0,0.7234,"Detected a request with potential user-input going into a OutputStream or Writer object. This bypasses any view or template environments, including HTML escaping, which may expose this application to cross-site scripting (XSS) vulnerabilities. Consider using a view technology such as JavaServer Faces (JSFs) which automatically escapes HTML views.",0.7078618281880859,P2 - High (ML Probable Vulnerability)
BenchmarkTest01147,0,CWE-327,0,0,0,0.9046,,0.09081970593165378,P4 - Low (ML Suppressed / Likely False Alarm)
BenchmarkTest01148,1,CWE-327,1,0,1,0.9046,Use another cipher mode or disable padding.,0.7615061478378989,P2 - High (ML Probable Vulnerability)
BenchmarkTest01149,1,CWE-327,1,0,1,0.9046,Use a strong cipher algorithm.,0.7448928852534946,P2 - High (ML Probable Vulnerability)
BenchmarkTest01150,1,CWE-327,2,1,1,0.9046,DES is considered deprecated. AES is the recommended cipher. Upgrade to use AES. See https://www.nist.gov/news-events/news/2005/06/nist-withdraws-outdated-data-encryption-standard for more information.,0.9582673165050278,P1 - Critical (ML High-Confidence Vulnerability)
BenchmarkTest01151,0,CWE-327,0,0,0,0.9046,,0.09081970593165378,P4 - Low (ML Suppressed / Likely False Alarm)
BenchmarkTest01152,0,CWE-327,0,0,0,0.9046,,0.09176958896267884,P4 - Low (ML Suppressed / Likely False Alarm)
BenchmarkTest01153,0,CWE-327,1,0,1,0.9046,Use a secure cipher mode.,0.7448928852534946,P2 - High (ML Probable Vulnerability)
BenchmarkTest01154,0,CWE-90,1,1,0,0.4815,"Detected input from a HTTPServletRequest going into an LDAP query. This could lead to LDAP injection if the input is not properly sanitized, which could result in attackers modifying objects in the LDAP tree structure. Ensure data passed to an LDAP query is not controllable or properly sanitize the data.",0.5026710330672093,P3 - Medium (ML Moderate / Needs Review)
BenchmarkTest01155,1,CWE-22,1,1,0,0.531,"Detected a potential path traversal. A malicious actor could control the location of this file, to include going backwards in the directory with '../'. To address this, ensure that user-controlled variables in file paths are sanitized. You may also consider using a utility method such as org.apache.commons.io.FilenameUtils.getName(...) to only retrieve the file name from the path.",0.5300041467457454,P3 - Medium (ML Moderate / Needs Review)
BenchmarkTest01156,1,CWE-22,1,1,0,0.531,"Detected a potential path traversal. A malicious actor could control the location of this file, to include going backwards in the directory with '../'. To address this, ensure that user-controlled variables in file paths are sanitized. You may also consider using a utility method such as org.apache.commons.io.FilenameUtils.getName(...) to only retrieve the file name from the path.",0.528523134306003,P3 - Medium (ML Moderate / Needs Review)
BenchmarkTest01157,1,CWE-22,1,1,0,0.531,"Detected a potential path traversal. A malicious actor could control the location of this file, to include going backwards in the directory with '../'. To address this, ensure that user-controlled variables in file paths are sanitized. You may also consider using a utility method such as org.apache.commons.io.FilenameUtils.getName(...) to only retrieve the file name from the path.",0.5300041467457454,P3 - Medium (ML Moderate / Needs Review)
BenchmarkTest01158,0,CWE-22,1,1,0,0.531,"Detected a potential path traversal. A malicious actor could control the location of this file, to include going backwards in the directory with '../'. To address this, ensure that user-controlled variables in file paths are sanitized. You may also consider using a utility method such as org.apache.commons.io.FilenameUtils.getName(...) to only retrieve the file name from the path.",0.528523134306003,P3 - Medium (ML Moderate / Needs Review)
BenchmarkTest01159,0,CWE-22,1,1,0,0.531,"Detected a potential path traversal. A malicious actor could control the location of this file, to include going backwards in the directory with '../'. To address this, ensure that user-controlled variables in file paths are sanitized. You may also consider using a utility method such as org.apache.commons.io.FilenameUtils.getName(...) to only retrieve the file name from the path.",0.5446502000682291,P3 - Medium (ML Moderate / Needs Review)
BenchmarkTest01160,0,CWE-22,1,1,0,0.531,"Detected a potential path traversal. A malicious actor could control the location of this file, to include going backwards in the directory with '../'. To address this, ensure that user-controlled variables in file paths are sanitized. You may also consider using a utility method such as org.apache.commons.io.FilenameUtils.getName(...) to only retrieve the file name from the path.",0.5300041467457454,P3 - Medium (ML Moderate / Needs Review)
BenchmarkTest01161,1,CWE-22,1,1,0,0.531,"Detected a potential path traversal. A malicious actor could control the location of this file, to include going backwards in the directory with '../'. To address this, ensure that user-controlled variables in file paths are sanitized. You may also consider using a utility method such as org.apache.commons.io.FilenameUtils.getName(...) to only retrieve the file name from the path.",0.5323617688956359,P3 - Medium (ML Moderate / Needs Review)
BenchmarkTest01162,1,CWE-330,2,1,1,1.0,"Detected use of the functions `Math.random()` or `java.util.Random()`. These are both not cryptographically strong random number generators (RNGs). If you are using these RNGs to create passwords or secret tokens, use `java.security.SecureRandom` instead.",1.0,P1 - Critical (ML High-Confidence Vulnerability)
BenchmarkTest01163,1,CWE-330,2,1,1,1.0,"Detected use of the functions `Math.random()` or `java.util.Random()`. These are both not cryptographically strong random number generators (RNGs). If you are using these RNGs to create passwords or secret tokens, use `java.security.SecureRandom` instead.",1.0,P1 - Critical (ML High-Confidence Vulnerability)
BenchmarkTest01164,0,CWE-328,0,0,0,1.0,,0.2336827722158927,P4 - Low (ML Suppressed / Likely False Alarm)
BenchmarkTest01165,1,CWE-328,2,1,1,1.0,"Detected SHA1 hash algorithm which is considered insecure. SHA1 is not collision resistant and is therefore not suitable as a cryptographic signature. Instead, use PBKDF2 for password hashing or SHA256 or SHA512 for other hash function applications.",0.9969687847493788,P1 - Critical (ML High-Confidence Vulnerability)
BenchmarkTest01166,1,CWE-328,2,1,1,1.0,"Detected SHA1 hash algorithm which is considered insecure. SHA1 is not collision resistant and is therefore not suitable as a cryptographic signature. Instead, use PBKDF2 for password hashing or SHA256 or SHA512 for other hash function applications.",0.9969687847493788,P1 - Critical (ML High-Confidence Vulnerability)
BenchmarkTest01167,1,CWE-328,2,1,1,1.0,Detected MD5 hash algorithm which is considered insecure. MD5 is not collision resistant and is therefore not suitable as a cryptographic signature. Use HMAC instead.,0.9964738352100482,P1 - Critical (ML High-Confidence Vulnerability)
BenchmarkTest01168,1,CWE-328,0,0,0,1.0,,0.2042594061680803,P4 - Low (ML Suppressed / Likely False Alarm)
BenchmarkTest01169,0,CWE-328,0,0,0,1.0,,0.22444171124432277,P4 - Low (ML Suppressed / Likely False Alarm)
BenchmarkTest01170,0,CWE-328,0,0,0,1.0,,0.21055491925120276,P4 - Low (ML Suppressed / Likely False Alarm)
BenchmarkTest01171,1,CWE-79,1,1,0,0.6516,"Detected a request with potential user-input going into a OutputStream or Writer object. This bypasses any view or template environments, including HTML escaping, which may expose this application to cross-site scripting (XSS) vulnerabilities. Consider using a view technology such as JavaServer Faces (JSFs) which automatically escapes HTML views.",0.6567667998284668,P2 - High (ML Probable Vulnerability)
BenchmarkTest01172,1,CWE-79,1,1,0,0.6516,"Detected a request with potential user-input going into a OutputStream or Writer object. This bypasses any view or template environments, including HTML escaping, which may expose this application to cross-site scripting (XSS) vulnerabilities. Consider using a view technology such as JavaServer Faces (JSFs) which automatically escapes HTML views.",0.6654635318596704,P2 - High (ML Probable Vulnerability)
BenchmarkTest01173,1,CWE-79,1,1,0,0.6516,"Detected a request with potential user-input going into a OutputStream or Writer object. This bypasses any view or template environments, including HTML escaping, which may expose this application to cross-site scripting (XSS) vulnerabilities. Consider using a view technology such as JavaServer Faces (JSFs) which automatically escapes HTML views.",0.6567667998284668,P2 - High (ML Probable Vulnerability)
BenchmarkTest01174,1,CWE-79,1,1,0,0.6516,"Detected a request with potential user-input going into a OutputStream or Writer object. This bypasses any view or template environments, including HTML escaping, which may expose this application to cross-site scripting (XSS) vulnerabilities. Consider using a view technology such as JavaServer Faces (JSFs) which automatically escapes HTML views.",0.658125282848209,P2 - High (ML Probable Vulnerability)
BenchmarkTest01175,0,CWE-79,1,1,0,0.6516,"Detected a request with potential user-input going into a OutputStream or Writer object. This bypasses any view or template environments, including HTML escaping, which may expose this application to cross-site scripting (XSS) vulnerabilities. Consider using a view technology such as JavaServer Faces (JSFs) which automatically escapes HTML views.",0.620660943864709,P3 - Medium (ML Moderate / Needs Review)
BenchmarkTest01176,0,CWE-79,1,1,0,0.6516,"Detected a request with potential user-input going into a OutputStream or Writer object. This bypasses any view or template environments, including HTML escaping, which may expose this application to cross-site scripting (XSS) vulnerabilities. Consider using a view technology such as JavaServer Faces (JSFs) which automatically escapes HTML views.",0.6567667998284668,P2 - High (ML Probable Vulnerability)
BenchmarkTest01177,1,CWE-79,1,1,0,0.6516,"Detected a request with potential user-input going into a OutputStream or Writer object. This bypasses any view or template environments, including HTML escaping, which may expose this application to cross-site scripting (XSS) vulnerabilities. Consider using a view technology such as JavaServer Faces (JSFs) which automatically escapes HTML views.",0.620660943864709,P3 - Medium (ML Moderate / Needs Review)
BenchmarkTest01178,1,CWE-79,1,1,0,0.6516,"Detected a request with potential user-input going into a OutputStream or Writer object. This bypasses any view or template environments, including HTML escaping, which may expose this application to cross-site scripting (XSS) vulnerabilities. Consider using a view technology such as JavaServer Faces (JSFs) which automatically escapes HTML views.",0.6567667998284668,P2 - High (ML Probable Vulnerability)
BenchmarkTest01179,1,CWE-79,1,1,0,0.6516,"Detected a request with potential user-input going into a OutputStream or Writer object. This bypasses any view or template environments, including HTML escaping, which may expose this application to cross-site scripting (XSS) vulnerabilities. Consider using a view technology such as JavaServer Faces (JSFs) which automatically escapes HTML views.",0.620660943864709,P3 - Medium (ML Moderate / Needs Review)
BenchmarkTest01180,0,CWE-79,1,1,0,0.6516,"Detected a request with potential user-input going into a OutputStream or Writer object. This bypasses any view or template environments, including HTML escaping, which may expose this application to cross-site scripting (XSS) vulnerabilities. Consider using a view technology such as JavaServer Faces (JSFs) which automatically escapes HTML views.",0.620660943864709,P3 - Medium (ML Moderate / Needs Review)
BenchmarkTest01181,1,CWE-79,1,1,0,0.6516,"Detected a request with potential user-input going into a OutputStream or Writer object. This bypasses any view or template environments, including HTML escaping, which may expose this application to cross-site scripting (XSS) vulnerabilities. Consider using a view technology such as JavaServer Faces (JSFs) which automatically escapes HTML views.",0.658125282848209,P2 - High (ML Probable Vulnerability)
BenchmarkTest01182,0,CWE-78,1,1,0,0.5177,"Detected input from a HTTPServletRequest going into a 'ProcessBuilder' or 'exec' command. This could lead to command injection if variables passed into the exec commands are not properly sanitized. Instead, avoid using these OS commands with user-supplied input, or, if you must use these commands, use a whitelist of specific values.",0.5713557769679556,P3 - Medium (ML Moderate / Needs Review)
BenchmarkTest01183,1,CWE-330,2,1,1,1.0,"Detected use of the functions `Math.random()` or `java.util.Random()`. These are both not cryptographically strong random number generators (RNGs). If you are using these RNGs to create passwords or secret tokens, use `java.security.SecureRandom` instead.",1.0,P1 - Critical (ML High-Confidence Vulnerability)
BenchmarkTest01184,1,CWE-330,2,1,1,1.0,"Detected use of the functions `Math.random()` or `java.util.Random()`. These are both not cryptographically strong random number generators (RNGs). If you are using these RNGs to create passwords or secret tokens, use `java.security.SecureRandom` instead.",1.0,P1 - Critical (ML High-Confidence Vulnerability)
BenchmarkTest01185,1,CWE-614,1,1,0,1.0,A cookie was detected without setting the 'secure' flag. The 'secure' flag for cookies prevents the client from transmitting the cookie over insecure channels such as HTTP. Set the 'secure' flag by calling 'cookie.setSecure(true);',0.9296620455478106,P1 - Critical (ML High-Confidence Vulnerability)
BenchmarkTest01186,1,CWE-614,1,1,0,1.0,A cookie was detected without setting the 'secure' flag. The 'secure' flag for cookies prevents the client from transmitting the cookie over insecure channels such as HTTP. Set the 'secure' flag by calling 'cookie.setSecure(true);',0.9296620455478106,P1 - Critical (ML High-Confidence Vulnerability)
BenchmarkTest01187,1,CWE-614,1,1,0,1.0,A cookie was detected without setting the 'secure' flag. The 'secure' flag for cookies prevents the client from transmitting the cookie over insecure channels such as HTTP. Set the 'secure' flag by calling 'cookie.setSecure(true);',0.9469332262689727,P1 - Critical (ML High-Confidence Vulnerability)
BenchmarkTest01188,0,CWE-79,1,1,0,0.6516,"Detected a request with potential user-input going into a OutputStream or Writer object. This bypasses any view or template environments, including HTML escaping, which may expose this application to cross-site scripting (XSS) vulnerabilities. Consider using a view technology such as JavaServer Faces (JSFs) which automatically escapes HTML views.",0.658125282848209,P2 - High (ML Probable Vulnerability)
BenchmarkTest01189,0,CWE-78,1,1,0,0.5177,"Detected input from a HTTPServletRequest going into a 'ProcessBuilder' or 'exec' command. This could lead to command injection if variables passed into the exec commands are not properly sanitized. Instead, avoid using these OS commands with user-supplied input, or, if you must use these commands, use a whitelist of specific values.",0.565387778500283,P3 - Medium (ML Moderate / Needs Review)
BenchmarkTest01190,1,CWE-78,1,1,0,0.5177,"Detected input from a HTTPServletRequest going into a 'ProcessBuilder' or 'exec' command. This could lead to command injection if variables passed into the exec commands are not properly sanitized. Instead, avoid using these OS commands with user-supplied input, or, if you must use these commands, use a whitelist of specific values.",0.5076583195183094,P3 - Medium (ML Moderate / Needs Review)
BenchmarkTest01191,1,CWE-78,1,1,0,0.5177,"Detected input from a HTTPServletRequest going into a 'ProcessBuilder' or 'exec' command. This could lead to command injection if variables passed into the exec commands are not properly sanitized. Instead, avoid using these OS commands with user-supplied input, or, if you must use these commands, use a whitelist of specific values.",0.5076583195183094,P3 - Medium (ML Moderate / Needs Review)
BenchmarkTest01192,1,CWE-78,1,1,0,0.5177,"Detected input from a HTTPServletRequest going into a 'ProcessBuilder' or 'exec' command. This could lead to command injection if variables passed into the exec commands are not properly sanitized. Instead, avoid using these OS commands with user-supplied input, or, if you must use these commands, use a whitelist of specific values.",0.565387778500283,P3 - Medium (ML Moderate / Needs Review)
BenchmarkTest01193,0,CWE-78,1,1,0,0.5177,"Detected input from a HTTPServletRequest going into a 'ProcessBuilder' or 'exec' command. This could lead to command injection if variables passed into the exec commands are not properly sanitized. Instead, avoid using these OS commands with user-supplied input, or, if you must use these commands, use a whitelist of specific values.",0.5076583195183094,P3 - Medium (ML Moderate / Needs Review)
BenchmarkTest01194,1,CWE-78,1,1,0,0.5177,"Detected input from a HTTPServletRequest going into a 'ProcessBuilder' or 'exec' command. This could lead to command injection if variables passed into the exec commands are not properly sanitized. Instead, avoid using these OS commands with user-supplied input, or, if you must use these commands, use a whitelist of specific values.",0.5076583195183094,P3 - Medium (ML Moderate / Needs Review)
BenchmarkTest01195,0,CWE-330,0,0,0,1.0,,0.057764259022038515,P4 - Low (ML Suppressed / Likely False Alarm)
BenchmarkTest01196,0,CWE-330,0,0,0,1.0,,0.05437237384043517,P4 - Low (ML Suppressed / Likely False Alarm)
BenchmarkTest01197,0,CWE-330,0,0,0,1.0,,0.051215480072750806,P4 - Low (ML Suppressed / Likely False Alarm)
BenchmarkTest01198,0,CWE-330,0,0,0,1.0,,0.054878713660365834,P4 - Low (ML Suppressed / Likely False Alarm)
BenchmarkTest01199,0,CWE-330,0,0,0,1.0,,0.051215480072750806,P4 - Low (ML Suppressed / Likely False Alarm)
BenchmarkTest01200,0,CWE-330,0,0,0,1.0,,0.051215480072750806,P4 - Low (ML Suppressed / Likely False Alarm)
BenchmarkTest01201,0,CWE-330,0,0,0,1.0,,0.057764259022038515,P4 - Low (ML Suppressed / Likely False Alarm)
BenchmarkTest01202,0,CWE-330,0,0,0,1.0,,0.054878713660365834,P4 - Low (ML Suppressed / Likely False Alarm)
BenchmarkTest01203,1,CWE-501,1,1,0,0.7234,"Detected a request with potential user-input going into a OutputStream or Writer object. This bypasses any view or template environments, including HTML escaping, which may expose this application to cross-site scripting (XSS) vulnerabilities. Consider using a view technology such as JavaServer Faces (JSFs) which automatically escapes HTML views.",0.7065454651105066,P2 - High (ML Probable Vulnerability)
BenchmarkTest01204,1,CWE-501,1,1,0,0.7234,"Detected a request with potential user-input going into a OutputStream or Writer object. This bypasses any view or template environments, including HTML escaping, which may expose this application to cross-site scripting (XSS) vulnerabilities. Consider using a view technology such as JavaServer Faces (JSFs) which automatically escapes HTML views.",0.6941563292264352,P2 - High (ML Probable Vulnerability)
BenchmarkTest01205,0,CWE-501,1,1,0,0.7234,"Detected a request with potential user-input going into a OutputStream or Writer object. This bypasses any view or template environments, including HTML escaping, which may expose this application to cross-site scripting (XSS) vulnerabilities. Consider using a view technology such as JavaServer Faces (JSFs) which automatically escapes HTML views.",0.6941563292264352,P2 - High (ML Probable Vulnerability)
BenchmarkTest01206,1,CWE-501,1,1,0,0.7234,"Detected a request with potential user-input going into a OutputStream or Writer object. This bypasses any view or template environments, including HTML escaping, which may expose this application to cross-site scripting (XSS) vulnerabilities. Consider using a view technology such as JavaServer Faces (JSFs) which automatically escapes HTML views.",0.6941563292264352,P2 - High (ML Probable Vulnerability)
BenchmarkTest01207,0,CWE-501,1,1,0,0.7234,"Detected a request with potential user-input going into a OutputStream or Writer object. This bypasses any view or template environments, including HTML escaping, which may expose this application to cross-site scripting (XSS) vulnerabilities. Consider using a view technology such as JavaServer Faces (JSFs) which automatically escapes HTML views.",0.7065454651105066,P2 - High (ML Probable Vulnerability)
BenchmarkTest01208,1,CWE-89,2,1,1,0.5746,Detected input from a HTTPServletRequest going into a SQL sink or statement. This could lead to SQL injection if variables in the SQL statement are not properly sanitized. Use parameterized SQL queries or properly sanitize user input instead.,0.6052657034562158,P3 - Medium (ML Moderate / Needs Review)
BenchmarkTest01209,1,CWE-89,2,1,1,0.5746,Detected input from a HTTPServletRequest going into a SQL sink or statement. This could lead to SQL injection if variables in the SQL statement are not properly sanitized. Use parameterized SQL queries or properly sanitize user input instead.,0.6326009898069045,P3 - Medium (ML Moderate / Needs Review)
BenchmarkTest01210,1,CWE-89,2,1,1,0.5746,Detected input from a HTTPServletRequest going into a SQL sink or statement. This could lead to SQL injection if variables in the SQL statement are not properly sanitized. Use parameterized SQL queries or properly sanitize user input instead.,0.6013870000430575,P3 - Medium (ML Moderate / Needs Review)
BenchmarkTest01211,1,CWE-89,2,1,1,0.5746,Detected input from a HTTPServletRequest going into a SQL sink or statement. This could lead to SQL injection if variables in the SQL statement are not properly sanitized. Use parameterized SQL queries or properly sanitize user input instead.,0.6013870000430575,P3 - Medium (ML Moderate / Needs Review)
BenchmarkTest01212,0,CWE-89,2,1,1,0.5746,Detected input from a HTTPServletRequest going into a SQL sink or statement. This could lead to SQL injection if variables in the SQL statement are not properly sanitized. Use parameterized SQL queries or properly sanitize user input instead.,0.6133730231246536,P3 - Medium (ML Moderate / Needs Review)
BenchmarkTest01213,0,CWE-89,2,1,1,0.5746,Detected input from a HTTPServletRequest going into a SQL sink or statement. This could lead to SQL injection if variables in the SQL statement are not properly sanitized. Use parameterized SQL queries or properly sanitize user input instead.,0.6172031360784221,P3 - Medium (ML Moderate / Needs Review)
BenchmarkTest01214,1,CWE-89,1,1,0,0.5746,Detected input from a HTTPServletRequest going into a SQL sink or statement. This could lead to SQL injection if variables in the SQL statement are not properly sanitized. Use parameterized SQL queries or properly sanitize user input instead.,0.6369388599842778,P3 - Medium (ML Moderate / Needs Review)
BenchmarkTest01215,0,CWE-89,1,1,0,0.5746,"Detected a request with potential user-input going into a OutputStream or Writer object. This bypasses any view or template environments, including HTML escaping, which may expose this application to cross-site scripting (XSS) vulnerabilities. Consider using a view technology such as JavaServer Faces (JSFs) which automatically escapes HTML views.",0.6589680232910345,P2 - High (ML Probable Vulnerability)
BenchmarkTest01216,0,CWE-89,2,1,1,0.5746,Detected input from a HTTPServletRequest going into a SQL sink or statement. This could lead to SQL injection if variables in the SQL statement are not properly sanitized. Use parameterized SQL queries or properly sanitize user input instead.,0.6013870000430575,P3 - Medium (ML Moderate / Needs Review)
BenchmarkTest01217,0,CWE-89,2,1,1,0.5746,Detected input from a HTTPServletRequest going into a SQL sink or statement. This could lead to SQL injection if variables in the SQL statement are not properly sanitized. Use parameterized SQL queries or properly sanitize user input instead.,0.6052657034562158,P3 - Medium (ML Moderate / Needs Review)
BenchmarkTest01218,0,CWE-89,2,1,1,0.5746,Detected input from a HTTPServletRequest going into a SQL sink or statement. This could lead to SQL injection if variables in the SQL statement are not properly sanitized. Use parameterized SQL queries or properly sanitize user input instead.,0.6133730231246536,P3 - Medium (ML Moderate / Needs Review)
BenchmarkTest01219,0,CWE-89,2,1,1,0.5746,Detected input from a HTTPServletRequest going into a SQL sink or statement. This could lead to SQL injection if variables in the SQL statement are not properly sanitized. Use parameterized SQL queries or properly sanitize user input instead.,0.6172031360784221,P3 - Medium (ML Moderate / Needs Review)
BenchmarkTest01220,0,CWE-89,2,1,1,0.5746,Detected input from a HTTPServletRequest going into a SQL sink or statement. This could lead to SQL injection if variables in the SQL statement are not properly sanitized. Use parameterized SQL queries or properly sanitize user input instead.,0.6133730231246536,P3 - Medium (ML Moderate / Needs Review)
BenchmarkTest01221,1,CWE-89,2,1,1,0.5746,Detected input from a HTTPServletRequest going into a SQL sink or statement. This could lead to SQL injection if variables in the SQL statement are not properly sanitized. Use parameterized SQL queries or properly sanitize user input instead.,0.6133730231246536,P3 - Medium (ML Moderate / Needs Review)
BenchmarkTest01222,1,CWE-89,2,1,1,0.5746,Detected input from a HTTPServletRequest going into a SQL sink or statement. This could lead to SQL injection if variables in the SQL statement are not properly sanitized. Use parameterized SQL queries or properly sanitize user input instead.,0.6013870000430575,P3 - Medium (ML Moderate / Needs Review)
BenchmarkTest01223,1,CWE-643,1,1,0,0.5185,"Detected a request with potential user-input going into a OutputStream or Writer object. This bypasses any view or template environments, including HTML escaping, which may expose this application to cross-site scripting (XSS) vulnerabilities. Consider using a view technology such as JavaServer Faces (JSFs) which automatically escapes HTML views.",0.5390225203962058,P3 - Medium (ML Moderate / Needs Review)
BenchmarkTest01224,1,CWE-643,1,1,0,0.5185,"Detected a request with potential user-input going into a OutputStream or Writer object. This bypasses any view or template environments, including HTML escaping, which may expose this application to cross-site scripting (XSS) vulnerabilities. Consider using a view technology such as JavaServer Faces (JSFs) which automatically escapes HTML views.",0.5248431078241387,P3 - Medium (ML Moderate / Needs Review)
BenchmarkTest01225,0,CWE-643,1,1,0,0.5185,"Detected a request with potential user-input going into a OutputStream or Writer object. This bypasses any view or template environments, including HTML escaping, which may expose this application to cross-site scripting (XSS) vulnerabilities. Consider using a view technology such as JavaServer Faces (JSFs) which automatically escapes HTML views.",0.5248431078241387,P3 - Medium (ML Moderate / Needs Review)
BenchmarkTest01226,0,CWE-327,0,0,0,0.9046,,0.09176958896267884,P4 - Low (ML Suppressed / Likely False Alarm)
BenchmarkTest01227,0,CWE-327,0,0,0,0.9046,,0.09759301912689183,P4 - Low (ML Suppressed / Likely False Alarm)
BenchmarkTest01228,1,CWE-327,2,1,1,0.9046,DES is considered deprecated. AES is the recommended cipher. Upgrade to use AES. See https://www.nist.gov/news-events/news/2005/06/nist-withdraws-outdated-data-encryption-standard for more information.,0.9599168322784121,P1 - Critical (ML High-Confidence Vulnerability)
BenchmarkTest01229,1,CWE-327,2,1,1,0.9046,DES is considered deprecated. AES is the recommended cipher. Upgrade to use AES. See https://www.nist.gov/news-events/news/2005/06/nist-withdraws-outdated-data-encryption-standard for more information.,0.9549847982426458,P1 - Critical (ML High-Confidence Vulnerability)
BenchmarkTest01230,1,CWE-327,1,0,1,0.9046,Use a strong cipher algorithm.,0.7651568594963934,P2 - High (ML Probable Vulnerability)
BenchmarkTest01231,1,CWE-22,1,1,0,0.531,"Detected a potential path traversal. A malicious actor could control the location of this file, to include going backwards in the directory with '../'. To address this, ensure that user-controlled variables in file paths are sanitized. You may also consider using a utility method such as org.apache.commons.io.FilenameUtils.getName(...) to only retrieve the file name from the path.",0.5446502000682291,P3 - Medium (ML Moderate / Needs Review)
BenchmarkTest01232,1,CWE-22,1,1,0,0.531,"Detected a potential path traversal. A malicious actor could control the location of this file, to include going backwards in the directory with '../'. To address this, ensure that user-controlled variables in file paths are sanitized. You may also consider using a utility method such as org.apache.commons.io.FilenameUtils.getName(...) to only retrieve the file name from the path.",0.5446502000682291,P3 - Medium (ML Moderate / Needs Review)
BenchmarkTest01233,0,CWE-22,1,1,0,0.531,"Detected a potential path traversal. A malicious actor could control the location of this file, to include going backwards in the directory with '../'. To address this, ensure that user-controlled variables in file paths are sanitized. You may also consider using a utility method such as org.apache.commons.io.FilenameUtils.getName(...) to only retrieve the file name from the path.",0.5333552162927581,P3 - Medium (ML Moderate / Needs Review)
BenchmarkTest01234,1,CWE-22,1,1,0,0.531,"Detected a potential path traversal. A malicious actor could control the location of this file, to include going backwards in the directory with '../'. To address this, ensure that user-controlled variables in file paths are sanitized. You may also consider using a utility method such as org.apache.commons.io.FilenameUtils.getName(...) to only retrieve the file name from the path.",0.5300041467457454,P3 - Medium (ML Moderate / Needs Review)
BenchmarkTest01235,1,CWE-22,1,1,0,0.531,"Detected a potential path traversal. A malicious actor could control the location of this file, to include going backwards in the directory with '../'. To address this, ensure that user-controlled variables in file paths are sanitized. You may also consider using a utility method such as org.apache.commons.io.FilenameUtils.getName(...) to only retrieve the file name from the path.",0.5300041467457454,P3 - Medium (ML Moderate / Needs Review)
BenchmarkTest01236,1,CWE-22,1,1,0,0.531,"Detected a potential path traversal. A malicious actor could control the location of this file, to include going backwards in the directory with '../'. To address this, ensure that user-controlled variables in file paths are sanitized. You may also consider using a utility method such as org.apache.commons.io.FilenameUtils.getName(...) to only retrieve the file name from the path.",0.5333552162927581,P3 - Medium (ML Moderate / Needs Review)
BenchmarkTest01237,0,CWE-22,1,1,0,0.531,"Detected a potential path traversal. A malicious actor could control the location of this file, to include going backwards in the directory with '../'. To address this, ensure that user-controlled variables in file paths are sanitized. You may also consider using a utility method such as org.apache.commons.io.FilenameUtils.getName(...) to only retrieve the file name from the path.",0.5300041467457454,P3 - Medium (ML Moderate / Needs Review)
BenchmarkTest01238,1,CWE-22,1,1,0,0.531,"Detected a potential path traversal. A malicious actor could control the location of this file, to include going backwards in the directory with '../'. To address this, ensure that user-controlled variables in file paths are sanitized. You may also consider using a utility method such as org.apache.commons.io.FilenameUtils.getName(...) to only retrieve the file name from the path.",0.5300041467457454,P3 - Medium (ML Moderate / Needs Review)
BenchmarkTest01239,0,CWE-22,1,1,0,0.531,"Detected a potential path traversal. A malicious actor could control the location of this file, to include going backwards in the directory with '../'. To address this, ensure that user-controlled variables in file paths are sanitized. You may also consider using a utility method such as org.apache.commons.io.FilenameUtils.getName(...) to only retrieve the file name from the path.",0.5300041467457454,P3 - Medium (ML Moderate / Needs Review)
BenchmarkTest01240,0,CWE-22,1,1,0,0.531,"Detected a potential path traversal. A malicious actor could control the location of this file, to include going backwards in the directory with '../'. To address this, ensure that user-controlled variables in file paths are sanitized. You may also consider using a utility method such as org.apache.commons.io.FilenameUtils.getName(...) to only retrieve the file name from the path.",0.5333552162927581,P3 - Medium (ML Moderate / Needs Review)
BenchmarkTest01241,1,CWE-90,1,1,0,0.4815,"Detected input from a HTTPServletRequest going into an LDAP query. This could lead to LDAP injection if the input is not properly sanitized, which could result in attackers modifying objects in the LDAP tree structure. Ensure data passed to an LDAP query is not controllable or properly sanitize the data.",0.4729567405628093,P3 - Medium (ML Moderate / Needs Review)
BenchmarkTest01242,1,CWE-90,1,1,0,0.4815,"Detected input from a HTTPServletRequest going into an LDAP query. This could lead to LDAP injection if the input is not properly sanitized, which could result in attackers modifying objects in the LDAP tree structure. Ensure data passed to an LDAP query is not controllable or properly sanitize the data.",0.5131125537608819,P3 - Medium (ML Moderate / Needs Review)
BenchmarkTest01243,1,CWE-90,1,1,0,0.4815,"Detected input from a HTTPServletRequest going into an LDAP query. This could lead to LDAP injection if the input is not properly sanitized, which could result in attackers modifying objects in the LDAP tree structure. Ensure data passed to an LDAP query is not controllable or properly sanitize the data.",0.5026710330672093,P3 - Medium (ML Moderate / Needs Review)
BenchmarkTest01244,1,CWE-328,1,0,1,1.0,Make sure this weak hash algorithm is not used in a sensitive context here.,0.914768873042162,P1 - Critical (ML High-Confidence Vulnerability)
BenchmarkTest01245,0,CWE-328,0,0,0,1.0,,0.2042594061680803,P4 - Low (ML Suppressed / Likely False Alarm)
BenchmarkTest01246,1,CWE-328,2,1,1,1.0,"Detected SHA1 hash algorithm which is considered insecure. SHA1 is not collision resistant and is therefore not suitable as a cryptographic signature. Instead, use PBKDF2 for password hashing or SHA256 or SHA512 for other hash function applications.",0.9967183475989987,P1 - Critical (ML High-Confidence Vulnerability)
BenchmarkTest01247,1,CWE-328,2,1,1,1.0,Detected MD5 hash algorithm which is considered insecure. MD5 is not collision resistant and is therefore not suitable as a cryptographic signature. Use HMAC instead.,0.9964738352100482,P1 - Critical (ML High-Confidence Vulnerability)
BenchmarkTest01248,1,CWE-328,0,0,0,1.0,,0.22444171124432277,P4 - Low (ML Suppressed / Likely False Alarm)
BenchmarkTest01249,0,CWE-328,0,0,0,1.0,,0.20319054080011195,P4 - Low (ML Suppressed / Likely False Alarm)
BenchmarkTest01250,0,CWE-328,0,0,0,1.0,,0.20319054080011195,P4 - Low (ML Suppressed / Likely False Alarm)
BenchmarkTest01251,0,CWE-79,1,1,0,0.6516,"Detected a request with potential user-input going into a OutputStream or Writer object. This bypasses any view or template environments, including HTML escaping, which may expose this application to cross-site scripting (XSS) vulnerabilities. Consider using a view technology such as JavaServer Faces (JSFs) which automatically escapes HTML views.",0.6567667998284668,P2 - High (ML Probable Vulnerability)
BenchmarkTest01252,0,CWE-79,1,1,0,0.6516,"Detected a request with potential user-input going into a OutputStream or Writer object. This bypasses any view or template environments, including HTML escaping, which may expose this application to cross-site scripting (XSS) vulnerabilities. Consider using a view technology such as JavaServer Faces (JSFs) which automatically escapes HTML views.",0.658125282848209,P2 - High (ML Probable Vulnerability)
BenchmarkTest01253,1,CWE-79,1,1,0,0.6516,"Detected a request with potential user-input going into a OutputStream or Writer object. This bypasses any view or template environments, including HTML escaping, which may expose this application to cross-site scripting (XSS) vulnerabilities. Consider using a view technology such as JavaServer Faces (JSFs) which automatically escapes HTML views.",0.658125282848209,P2 - High (ML Probable Vulnerability)
BenchmarkTest01254,1,CWE-79,1,1,0,0.6516,"Detected a request with potential user-input going into a OutputStream or Writer object. This bypasses any view or template environments, including HTML escaping, which may expose this application to cross-site scripting (XSS) vulnerabilities. Consider using a view technology such as JavaServer Faces (JSFs) which automatically escapes HTML views.",0.658125282848209,P2 - High (ML Probable Vulnerability)
BenchmarkTest01255,0,CWE-79,1,1,0,0.6516,"Detected a request with potential user-input going into a OutputStream or Writer object. This bypasses any view or template environments, including HTML escaping, which may expose this application to cross-site scripting (XSS) vulnerabilities. Consider using a view technology such as JavaServer Faces (JSFs) which automatically escapes HTML views.",0.6654635318596704,P2 - High (ML Probable Vulnerability)
BenchmarkTest01256,0,CWE-79,1,1,0,0.6516,"Detected a request with potential user-input going into a OutputStream or Writer object. This bypasses any view or template environments, including HTML escaping, which may expose this application to cross-site scripting (XSS) vulnerabilities. Consider using a view technology such as JavaServer Faces (JSFs) which automatically escapes HTML views.",0.6447953001558595,P3 - Medium (ML Moderate / Needs Review)
BenchmarkTest01257,1,CWE-79,1,1,0,0.6516,"Detected a request with potential user-input going into a OutputStream or Writer object. This bypasses any view or template environments, including HTML escaping, which may expose this application to cross-site scripting (XSS) vulnerabilities. Consider using a view technology such as JavaServer Faces (JSFs) which automatically escapes HTML views.",0.620660943864709,P3 - Medium (ML Moderate / Needs Review)
BenchmarkTest01258,1,CWE-79,1,1,0,0.6516,"Detected a request with potential user-input going into a OutputStream or Writer object. This bypasses any view or template environments, including HTML escaping, which may expose this application to cross-site scripting (XSS) vulnerabilities. Consider using a view technology such as JavaServer Faces (JSFs) which automatically escapes HTML views.",0.658125282848209,P2 - High (ML Probable Vulnerability)
BenchmarkTest01259,1,CWE-79,1,1,0,0.6516,"Detected a request with potential user-input going into a OutputStream or Writer object. This bypasses any view or template environments, including HTML escaping, which may expose this application to cross-site scripting (XSS) vulnerabilities. Consider using a view technology such as JavaServer Faces (JSFs) which automatically escapes HTML views.",0.6654635318596704,P2 - High (ML Probable Vulnerability)
BenchmarkTest01260,1,CWE-79,1,1,0,0.6516,"Detected a request with potential user-input going into a OutputStream or Writer object. This bypasses any view or template environments, including HTML escaping, which may expose this application to cross-site scripting (XSS) vulnerabilities. Consider using a view technology such as JavaServer Faces (JSFs) which automatically escapes HTML views.",0.620660943864709,P3 - Medium (ML Moderate / Needs Review)
BenchmarkTest01261,1,CWE-79,1,1,0,0.6516,"Detected a request with potential user-input going into a OutputStream or Writer object. This bypasses any view or template environments, including HTML escaping, which may expose this application to cross-site scripting (XSS) vulnerabilities. Consider using a view technology such as JavaServer Faces (JSFs) which automatically escapes HTML views.",0.6447953001558595,P3 - Medium (ML Moderate / Needs Review)
BenchmarkTest01262,1,CWE-79,1,1,0,0.6516,"Detected a request with potential user-input going into a OutputStream or Writer object. This bypasses any view or template environments, including HTML escaping, which may expose this application to cross-site scripting (XSS) vulnerabilities. Consider using a view technology such as JavaServer Faces (JSFs) which automatically escapes HTML views.",0.6654635318596704,P2 - High (ML Probable Vulnerability)
BenchmarkTest01263,1,CWE-79,1,1,0,0.6516,"Detected a request with potential user-input going into a OutputStream or Writer object. This bypasses any view or template environments, including HTML escaping, which may expose this application to cross-site scripting (XSS) vulnerabilities. Consider using a view technology such as JavaServer Faces (JSFs) which automatically escapes HTML views.",0.658125282848209,P2 - High (ML Probable Vulnerability)
BenchmarkTest01264,0,CWE-79,1,1,0,0.6516,"Detected a request with potential user-input going into a OutputStream or Writer object. This bypasses any view or template environments, including HTML escaping, which may expose this application to cross-site scripting (XSS) vulnerabilities. Consider using a view technology such as JavaServer Faces (JSFs) which automatically escapes HTML views.",0.6654635318596704,P2 - High (ML Probable Vulnerability)
BenchmarkTest01265,0,CWE-79,1,1,0,0.6516,"Detected a request with potential user-input going into a OutputStream or Writer object. This bypasses any view or template environments, including HTML escaping, which may expose this application to cross-site scripting (XSS) vulnerabilities. Consider using a view technology such as JavaServer Faces (JSFs) which automatically escapes HTML views.",0.6447953001558595,P3 - Medium (ML Moderate / Needs Review)
BenchmarkTest01266,1,CWE-79,1,1,0,0.6516,"Detected a request with potential user-input going into a OutputStream or Writer object. This bypasses any view or template environments, including HTML escaping, which may expose this application to cross-site scripting (XSS) vulnerabilities. Consider using a view technology such as JavaServer Faces (JSFs) which automatically escapes HTML views.",0.6447953001558595,P3 - Medium (ML Moderate / Needs Review)
BenchmarkTest01267,1,CWE-79,1,1,0,0.6516,"Detected a request with potential user-input going into a OutputStream or Writer object. This bypasses any view or template environments, including HTML escaping, which may expose this application to cross-site scripting (XSS) vulnerabilities. Consider using a view technology such as JavaServer Faces (JSFs) which automatically escapes HTML views.",0.6567667998284668,P2 - High (ML Probable Vulnerability)
BenchmarkTest01268,1,CWE-79,1,1,0,0.6516,"Detected a request with potential user-input going into a OutputStream or Writer object. This bypasses any view or template environments, including HTML escaping, which may expose this application to cross-site scripting (XSS) vulnerabilities. Consider using a view technology such as JavaServer Faces (JSFs) which automatically escapes HTML views.",0.620660943864709,P3 - Medium (ML Moderate / Needs Review)
BenchmarkTest01269,0,CWE-78,1,1,0,0.5177,A formatted or concatenated string was detected as input to a ProcessBuilder call. This is dangerous if a variable is controlled by user input and could result in a command injection. Ensure your variables are not controlled by users or sufficiently sanitized.,0.21809871420741572,P4 - Low (ML Suppressed / Likely False Alarm)
BenchmarkTest01270,1,CWE-78,1,1,0,0.5177,"Detected input from a HTTPServletRequest going into a 'ProcessBuilder' or 'exec' command. This could lead to command injection if variables passed into the exec commands are not properly sanitized. Instead, avoid using these OS commands with user-supplied input, or, if you must use these commands, use a whitelist of specific values.",0.543197997632849,P3 - Medium (ML Moderate / Needs Review)
BenchmarkTest01271,1,CWE-330,2,1,1,1.0,"Detected use of the functions `Math.random()` or `java.util.Random()`. These are both not cryptographically strong random number generators (RNGs). If you are using these RNGs to create passwords or secret tokens, use `java.security.SecureRandom` instead.",1.0,P1 - Critical (ML High-Confidence Vulnerability)
BenchmarkTest01272,1,CWE-330,2,1,1,1.0,"Detected use of the functions `Math.random()` or `java.util.Random()`. These are both not cryptographically strong random number generators (RNGs). If you are using these RNGs to create passwords or secret tokens, use `java.security.SecureRandom` instead.",1.0,P1 - Critical (ML High-Confidence Vulnerability)
BenchmarkTest01273,1,CWE-330,2,1,1,1.0,"Detected use of the functions `Math.random()` or `java.util.Random()`. These are both not cryptographically strong random number generators (RNGs). If you are using these RNGs to create passwords or secret tokens, use `java.security.SecureRandom` instead.",1.0,P1 - Critical (ML High-Confidence Vulnerability)
BenchmarkTest01274,1,CWE-330,2,1,1,1.0,"Detected use of the functions `Math.random()` or `java.util.Random()`. These are both not cryptographically strong random number generators (RNGs). If you are using these RNGs to create passwords or secret tokens, use `java.security.SecureRandom` instead.",1.0,P1 - Critical (ML High-Confidence Vulnerability)
BenchmarkTest01275,1,CWE-330,2,1,1,1.0,"Detected use of the functions `Math.random()` or `java.util.Random()`. These are both not cryptographically strong random number generators (RNGs). If you are using these RNGs to create passwords or secret tokens, use `java.security.SecureRandom` instead.",1.0,P1 - Critical (ML High-Confidence Vulnerability)
BenchmarkTest01276,1,CWE-330,2,1,1,1.0,"Detected use of the functions `Math.random()` or `java.util.Random()`. These are both not cryptographically strong random number generators (RNGs). If you are using these RNGs to create passwords or secret tokens, use `java.security.SecureRandom` instead.",1.0,P1 - Critical (ML High-Confidence Vulnerability)
BenchmarkTest01277,1,CWE-330,2,1,1,1.0,"Detected use of the functions `Math.random()` or `java.util.Random()`. These are both not cryptographically strong random number generators (RNGs). If you are using these RNGs to create passwords or secret tokens, use `java.security.SecureRandom` instead.",1.0,P1 - Critical (ML High-Confidence Vulnerability)
BenchmarkTest01278,1,CWE-330,2,1,1,1.0,"Detected use of the functions `Math.random()` or `java.util.Random()`. These are both not cryptographically strong random number generators (RNGs). If you are using these RNGs to create passwords or secret tokens, use `java.security.SecureRandom` instead.",1.0,P1 - Critical (ML High-Confidence Vulnerability)
BenchmarkTest01279,1,CWE-330,2,1,1,1.0,"Detected use of the functions `Math.random()` or `java.util.Random()`. These are both not cryptographically strong random number generators (RNGs). If you are using these RNGs to create passwords or secret tokens, use `java.security.SecureRandom` instead.",1.0,P1 - Critical (ML High-Confidence Vulnerability)
BenchmarkTest01280,1,CWE-614,1,1,0,1.0,A cookie was detected without setting the 'secure' flag. The 'secure' flag for cookies prevents the client from transmitting the cookie over insecure channels such as HTTP. Set the 'secure' flag by calling 'cookie.setSecure(true);',0.9296620455478106,P1 - Critical (ML High-Confidence Vulnerability)
BenchmarkTest01281,1,CWE-614,1,1,0,1.0,A cookie was detected without setting the 'secure' flag. The 'secure' flag for cookies prevents the client from transmitting the cookie over insecure channels such as HTTP. Set the 'secure' flag by calling 'cookie.setSecure(true);',0.9472792447943184,P1 - Critical (ML High-Confidence Vulnerability)
BenchmarkTest01282,1,CWE-614,1,1,0,1.0,A cookie was detected without setting the 'secure' flag. The 'secure' flag for cookies prevents the client from transmitting the cookie over insecure channels such as HTTP. Set the 'secure' flag by calling 'cookie.setSecure(true);',0.9363653782212263,P1 - Critical (ML High-Confidence Vulnerability)
BenchmarkTest01283,1,CWE-614,1,1,0,1.0,A cookie was detected without setting the 'secure' flag. The 'secure' flag for cookies prevents the client from transmitting the cookie over insecure channels such as HTTP. Set the 'secure' flag by calling 'cookie.setSecure(true);',0.9469332262689727,P1 - Critical (ML High-Confidence Vulnerability)
BenchmarkTest01284,1,CWE-79,1,1,0,0.6516,"Detected a request with potential user-input going into a OutputStream or Writer object. This bypasses any view or template environments, including HTML escaping, which may expose this application to cross-site scripting (XSS) vulnerabilities. Consider using a view technology such as JavaServer Faces (JSFs) which automatically escapes HTML views.",0.6447953001558595,P3 - Medium (ML Moderate / Needs Review)
BenchmarkTest01285,1,CWE-78,1,1,0,0.5177,"Detected input from a HTTPServletRequest going into a 'ProcessBuilder' or 'exec' command. This could lead to command injection if variables passed into the exec commands are not properly sanitized. Instead, avoid using these OS commands with user-supplied input, or, if you must use these commands, use a whitelist of specific values.",0.5076583195183094,P3 - Medium (ML Moderate / Needs Review)
BenchmarkTest01286,1,CWE-78,1,1,0,0.5177,"Detected input from a HTTPServletRequest going into a 'ProcessBuilder' or 'exec' command. This could lead to command injection if variables passed into the exec commands are not properly sanitized. Instead, avoid using these OS commands with user-supplied input, or, if you must use these commands, use a whitelist of specific values.",0.5076583195183094,P3 - Medium (ML Moderate / Needs Review)
BenchmarkTest01287,1,CWE-78,1,1,0,0.5177,"Detected input from a HTTPServletRequest going into a 'ProcessBuilder' or 'exec' command. This could lead to command injection if variables passed into the exec commands are not properly sanitized. Instead, avoid using these OS commands with user-supplied input, or, if you must use these commands, use a whitelist of specific values.",0.565387778500283,P3 - Medium (ML Moderate / Needs Review)
BenchmarkTest01288,1,CWE-78,1,1,0,0.5177,"Detected input from a HTTPServletRequest going into a 'ProcessBuilder' or 'exec' command. This could lead to command injection if variables passed into the exec commands are not properly sanitized. Instead, avoid using these OS commands with user-supplied input, or, if you must use these commands, use a whitelist of specific values.",0.5076583195183094,P3 - Medium (ML Moderate / Needs Review)
BenchmarkTest01289,0,CWE-78,1,1,0,0.5177,"Detected input from a HTTPServletRequest going into a 'ProcessBuilder' or 'exec' command. This could lead to command injection if variables passed into the exec commands are not properly sanitized. Instead, avoid using these OS commands with user-supplied input, or, if you must use these commands, use a whitelist of specific values.",0.565387778500283,P3 - Medium (ML Moderate / Needs Review)
BenchmarkTest01290,0,CWE-78,1,1,0,0.5177,"Detected input from a HTTPServletRequest going into a 'ProcessBuilder' or 'exec' command. This could lead to command injection if variables passed into the exec commands are not properly sanitized. Instead, avoid using these OS commands with user-supplied input, or, if you must use these commands, use a whitelist of specific values.",0.5713557769679556,P3 - Medium (ML Moderate / Needs Review)
BenchmarkTest01291,0,CWE-330,0,0,0,1.0,,0.054878713660365834,P4 - Low (ML Suppressed / Likely False Alarm)
BenchmarkTest01292,0,CWE-330,0,0,0,1.0,,0.054878713660365834,P4 - Low (ML Suppressed / Likely False Alarm)
BenchmarkTest01293,0,CWE-330,0,0,0,1.0,,0.05437237384043517,P4 - Low (ML Suppressed / Likely False Alarm)
BenchmarkTest01294,0,CWE-330,0,0,0,1.0,,0.05437237384043517,P4 - Low (ML Suppressed / Likely False Alarm)
BenchmarkTest01295,0,CWE-330,0,0,0,1.0,,0.054878713660365834,P4 - Low (ML Suppressed / Likely False Alarm)
BenchmarkTest01296,0,CWE-330,0,0,0,1.0,,0.057764259022038515,P4 - Low (ML Suppressed / Likely False Alarm)
BenchmarkTest01297,0,CWE-330,0,0,0,1.0,,0.057764259022038515,P4 - Low (ML Suppressed / Likely False Alarm)
BenchmarkTest01298,0,CWE-330,0,0,0,1.0,,0.051215480072750806,P4 - Low (ML Suppressed / Likely False Alarm)
BenchmarkTest01299,1,CWE-501,1,1,0,0.7234,"Detected a request with potential user-input going into a OutputStream or Writer object. This bypasses any view or template environments, including HTML escaping, which may expose this application to cross-site scripting (XSS) vulnerabilities. Consider using a view technology such as JavaServer Faces (JSFs) which automatically escapes HTML views.",0.7097295014333608,P2 - High (ML Probable Vulnerability)
BenchmarkTest01300,0,CWE-501,1,1,0,0.7234,"Detected a request with potential user-input going into a OutputStream or Writer object. This bypasses any view or template environments, including HTML escaping, which may expose this application to cross-site scripting (XSS) vulnerabilities. Consider using a view technology such as JavaServer Faces (JSFs) which automatically escapes HTML views.",0.7078618281880859,P2 - High (ML Probable Vulnerability)
BenchmarkTest01301,0,CWE-89,2,1,1,0.5746,Detected input from a HTTPServletRequest going into a SQL sink or statement. This could lead to SQL injection if variables in the SQL statement are not properly sanitized. Use parameterized SQL queries or properly sanitize user input instead.,0.6172031360784221,P3 - Medium (ML Moderate / Needs Review)
BenchmarkTest01302,1,CWE-89,2,1,1,0.5746,Detected input from a HTTPServletRequest going into a SQL sink or statement. This could lead to SQL injection if variables in the SQL statement are not properly sanitized. Use parameterized SQL queries or properly sanitize user input instead.,0.6172031360784221,P3 - Medium (ML Moderate / Needs Review)
BenchmarkTest01303,0,CWE-89,2,1,1,0.5746,Detected input from a HTTPServletRequest going into a SQL sink or statement. This could lead to SQL injection if variables in the SQL statement are not properly sanitized. Use parameterized SQL queries or properly sanitize user input instead.,0.6052657034562158,P3 - Medium (ML Moderate / Needs Review)
BenchmarkTest01304,1,CWE-89,2,1,1,0.5746,Detected input from a HTTPServletRequest going into a SQL sink or statement. This could lead to SQL injection if variables in the SQL statement are not properly sanitized. Use parameterized SQL queries or properly sanitize user input instead.,0.6172031360784221,P3 - Medium (ML Moderate / Needs Review)
BenchmarkTest01305,0,CWE-89,2,1,1,0.5746,Detected input from a HTTPServletRequest going into a SQL sink or statement. This could lead to SQL injection if variables in the SQL statement are not properly sanitized. Use parameterized SQL queries or properly sanitize user input instead.,0.6052657034562158,P3 - Medium (ML Moderate / Needs Review)
BenchmarkTest01306,1,CWE-89,2,1,1,0.5746,Detected input from a HTTPServletRequest going into a SQL sink or statement. This could lead to SQL injection if variables in the SQL statement are not properly sanitized. Use parameterized SQL queries or properly sanitize user input instead.,0.6326009898069045,P3 - Medium (ML Moderate / Needs Review)
BenchmarkTest01307,0,CWE-89,2,1,1,0.5746,Detected input from a HTTPServletRequest going into a SQL sink or statement. This could lead to SQL injection if variables in the SQL statement are not properly sanitized. Use parameterized SQL queries or properly sanitize user input instead.,0.6133730231246536,P3 - Medium (ML Moderate / Needs Review)
BenchmarkTest01308,1,CWE-89,1,1,0,0.5746,"Detected a request with potential user-input going into a OutputStream or Writer object. This bypasses any view or template environments, including HTML escaping, which may expose this application to cross-site scripting (XSS) vulnerabilities. Consider using a view technology such as JavaServer Faces (JSFs) which automatically escapes HTML views.",0.5883339559634727,P3 - Medium (ML Moderate / Needs Review)
BenchmarkTest01309,0,CWE-89,1,1,0,0.5746,Detected input from a HTTPServletRequest going into a SQL sink or statement. This could lead to SQL injection if variables in the SQL statement are not properly sanitized. Use parameterized SQL queries or properly sanitize user input instead.,0.6299341752169263,P3 - Medium (ML Moderate / Needs Review)
BenchmarkTest01310,0,CWE-89,2,1,1,0.5746,Detected a formatted string in a SQL statement. This could lead to SQL injection if variables in the SQL statement are not properly sanitized. Use a prepared statements (java.sql.PreparedStatement) instead. You can obtain a PreparedStatement using 'connection.prepareStatement'.,0.549532047868988,P3 - Medium (ML Moderate / Needs Review)
BenchmarkTest01311,1,CWE-89,2,1,1,0.5746,Detected a formatted string in a SQL statement. This could lead to SQL injection if variables in the SQL statement are not properly sanitized. Use a prepared statements (java.sql.PreparedStatement) instead. You can obtain a PreparedStatement using 'connection.prepareStatement'.,0.5312748750495969,P3 - Medium (ML Moderate / Needs Review)
BenchmarkTest01312,1,CWE-89,2,1,1,0.5746,Detected a formatted string in a SQL statement. This could lead to SQL injection if variables in the SQL statement are not properly sanitized. Use a prepared statements (java.sql.PreparedStatement) instead. You can obtain a PreparedStatement using 'connection.prepareStatement'.,0.4939336901384355,P3 - Medium (ML Moderate / Needs Review)
BenchmarkTest01313,1,CWE-89,2,1,1,0.5746,Detected input from a HTTPServletRequest going into a SQL sink or statement. This could lead to SQL injection if variables in the SQL statement are not properly sanitized. Use parameterized SQL queries or properly sanitize user input instead.,0.6013870000430575,P3 - Medium (ML Moderate / Needs Review)
BenchmarkTest01314,1,CWE-89,2,1,1,0.5746,Detected input from a HTTPServletRequest going into a SQL sink or statement. This could lead to SQL injection if variables in the SQL statement are not properly sanitized. Use parameterized SQL queries or properly sanitize user input instead.,0.6013870000430575,P3 - Medium (ML Moderate / Needs Review)
BenchmarkTest01315,0,CWE-89,2,1,1,0.5746,Detected input from a HTTPServletRequest going into a SQL sink or statement. This could lead to SQL injection if variables in the SQL statement are not properly sanitized. Use parameterized SQL queries or properly sanitize user input instead.,0.6172031360784221,P3 - Medium (ML Moderate / Needs Review)
BenchmarkTest01316,1,CWE-643,1,1,0,0.5185,"Detected a request with potential user-input going into a OutputStream or Writer object. This bypasses any view or template environments, including HTML escaping, which may expose this application to cross-site scripting (XSS) vulnerabilities. Consider using a view technology such as JavaServer Faces (JSFs) which automatically escapes HTML views.",0.5639760800600782,P3 - Medium (ML Moderate / Needs Review)
BenchmarkTest01317,1,CWE-327,1,0,1,0.9046,Use a strong cipher algorithm.,0.746894127214667,P2 - High (ML Probable Vulnerability)
BenchmarkTest01318,1,CWE-327,1,0,1,0.9046,Use another cipher mode or disable padding.,0.7615061478378989,P2 - High (ML Probable Vulnerability)
BenchmarkTest01319,0,CWE-327,0,0,0,0.9046,,0.09081970593165378,P4 - Low (ML Suppressed / Likely False Alarm)
BenchmarkTest01320,1,CWE-327,1,0,1,0.9046,Use a strong cipher algorithm.,0.7448928852534946,P2 - High (ML Probable Vulnerability)
BenchmarkTest01321,0,CWE-327,0,0,0,0.9046,,0.09759301912689183,P4 - Low (ML Suppressed / Likely False Alarm)
BenchmarkTest01322,1,CWE-327,2,1,1,0.9046,DES is considered deprecated. AES is the recommended cipher. Upgrade to use AES. See https://www.nist.gov/news-events/news/2005/06/nist-withdraws-outdated-data-encryption-standard for more information.,0.9549847982426458,P1 - Critical (ML High-Confidence Vulnerability)
BenchmarkTest01323,1,CWE-327,2,1,1,0.9046,DES is considered deprecated. AES is the recommended cipher. Upgrade to use AES. See https://www.nist.gov/news-events/news/2005/06/nist-withdraws-outdated-data-encryption-standard for more information.,0.9549847982426458,P1 - Critical (ML High-Confidence Vulnerability)
BenchmarkTest01324,0,CWE-327,0,0,0,0.9046,,0.09176958896267884,P4 - Low (ML Suppressed / Likely False Alarm)
BenchmarkTest01325,1,CWE-327,1,0,1,0.9046,Use a secure cipher mode.,0.7615061478378989,P2 - High (ML Probable Vulnerability)
BenchmarkTest01326,1,CWE-90,1,1,0,0.4815,"Detected input from a HTTPServletRequest going into an LDAP query. This could lead to LDAP injection if the input is not properly sanitized, which could result in attackers modifying objects in the LDAP tree structure. Ensure data passed to an LDAP query is not controllable or properly sanitize the data.",0.4812138184171754,P3 - Medium (ML Moderate / Needs Review)
BenchmarkTest01327,0,CWE-90,1,1,0,0.4815,"Detected input from a HTTPServletRequest going into an LDAP query. This could lead to LDAP injection if the input is not properly sanitized, which could result in attackers modifying objects in the LDAP tree structure. Ensure data passed to an LDAP query is not controllable or properly sanitize the data.",0.5026710330672093,P3 - Medium (ML Moderate / Needs Review)
BenchmarkTest01328,0,CWE-22,1,1,0,0.531,"Detected a potential path traversal. A malicious actor could control the location of this file, to include going backwards in the directory with '../'. To address this, ensure that user-controlled variables in file paths are sanitized. You may also consider using a utility method such as org.apache.commons.io.FilenameUtils.getName(...) to only retrieve the file name from the path.",0.5323617688956359,P3 - Medium (ML Moderate / Needs Review)
BenchmarkTest01329,1,CWE-22,1,1,0,0.531,"Detected a potential path traversal. A malicious actor could control the location of this file, to include going backwards in the directory with '../'. To address this, ensure that user-controlled variables in file paths are sanitized. You may also consider using a utility method such as org.apache.commons.io.FilenameUtils.getName(...) to only retrieve the file name from the path.",0.5446502000682291,P3 - Medium (ML Moderate / Needs Review)
BenchmarkTest01330,1,CWE-22,1,1,0,0.531,"Detected a potential path traversal. A malicious actor could control the location of this file, to include going backwards in the directory with '../'. To address this, ensure that user-controlled variables in file paths are sanitized. You may also consider using a utility method such as org.apache.commons.io.FilenameUtils.getName(...) to only retrieve the file name from the path.",0.5333552162927581,P3 - Medium (ML Moderate / Needs Review)
BenchmarkTest01331,0,CWE-22,1,1,0,0.531,"Detected a potential path traversal. A malicious actor could control the location of this file, to include going backwards in the directory with '../'. To address this, ensure that user-controlled variables in file paths are sanitized. You may also consider using a utility method such as org.apache.commons.io.FilenameUtils.getName(...) to only retrieve the file name from the path.",0.5446502000682291,P3 - Medium (ML Moderate / Needs Review)
BenchmarkTest01332,0,CWE-328,0,0,0,1.0,,0.2336827722158927,P4 - Low (ML Suppressed / Likely False Alarm)
BenchmarkTest01333,1,CWE-328,2,1,1,1.0,Detected MD5 hash algorithm which is considered insecure. MD5 is not collision resistant and is therefore not suitable as a cryptographic signature. Use HMAC instead.,0.9967183475989987,P1 - Critical (ML High-Confidence Vulnerability)
BenchmarkTest01334,1,CWE-328,2,1,1,1.0,Detected MD5 hash algorithm which is considered insecure. MD5 is not collision resistant and is therefore not suitable as a cryptographic signature. Use HMAC instead.,0.9980365742548483,P1 - Critical (ML High-Confidence Vulnerability)
BenchmarkTest01335,1,CWE-79,1,1,0,0.6516,"Detected a request with potential user-input going into a OutputStream or Writer object. This bypasses any view or template environments, including HTML escaping, which may expose this application to cross-site scripting (XSS) vulnerabilities. Consider using a view technology such as JavaServer Faces (JSFs) which automatically escapes HTML views.",0.6567667998284668,P2 - High (ML Probable Vulnerability)
BenchmarkTest01336,0,CWE-79,1,1,0,0.6516,"Detected a request with potential user-input going into a OutputStream or Writer object. This bypasses any view or template environments, including HTML escaping, which may expose this application to cross-site scripting (XSS) vulnerabilities. Consider using a view technology such as JavaServer Faces (JSFs) which automatically escapes HTML views.",0.6567667998284668,P2 - High (ML Probable Vulnerability)
BenchmarkTest01337,1,CWE-79,1,1,0,0.6516,"Detected a request with potential user-input going into a OutputStream or Writer object. This bypasses any view or template environments, including HTML escaping, which may expose this application to cross-site scripting (XSS) vulnerabilities. Consider using a view technology such as JavaServer Faces (JSFs) which automatically escapes HTML views.",0.6447953001558595,P3 - Medium (ML Moderate / Needs Review)
BenchmarkTest01338,0,CWE-79,1,1,0,0.6516,"Detected a request with potential user-input going into a OutputStream or Writer object. This bypasses any view or template environments, including HTML escaping, which may expose this application to cross-site scripting (XSS) vulnerabilities. Consider using a view technology such as JavaServer Faces (JSFs) which automatically escapes HTML views.",0.6567667998284668,P2 - High (ML Probable Vulnerability)
BenchmarkTest01339,0,CWE-79,1,1,0,0.6516,"Detected a request with potential user-input going into a OutputStream or Writer object. This bypasses any view or template environments, including HTML escaping, which may expose this application to cross-site scripting (XSS) vulnerabilities. Consider using a view technology such as JavaServer Faces (JSFs) which automatically escapes HTML views.",0.6567667998284668,P2 - High (ML Probable Vulnerability)
BenchmarkTest01340,0,CWE-79,1,1,0,0.6516,"Detected a request with potential user-input going into a OutputStream or Writer object. This bypasses any view or template environments, including HTML escaping, which may expose this application to cross-site scripting (XSS) vulnerabilities. Consider using a view technology such as JavaServer Faces (JSFs) which automatically escapes HTML views.",0.658125282848209,P2 - High (ML Probable Vulnerability)
BenchmarkTest01341,0,CWE-79,1,1,0,0.6516,"Detected a request with potential user-input going into a OutputStream or Writer object. This bypasses any view or template environments, including HTML escaping, which may expose this application to cross-site scripting (XSS) vulnerabilities. Consider using a view technology such as JavaServer Faces (JSFs) which automatically escapes HTML views.",0.620660943864709,P3 - Medium (ML Moderate / Needs Review)
BenchmarkTest01342,0,CWE-79,1,1,0,0.6516,"Detected a request with potential user-input going into a OutputStream or Writer object. This bypasses any view or template environments, including HTML escaping, which may expose this application to cross-site scripting (XSS) vulnerabilities. Consider using a view technology such as JavaServer Faces (JSFs) which automatically escapes HTML views.",0.620660943864709,P3 - Medium (ML Moderate / Needs Review)
BenchmarkTest01343,0,CWE-79,1,1,0,0.6516,"Detected a request with potential user-input going into a OutputStream or Writer object. This bypasses any view or template environments, including HTML escaping, which may expose this application to cross-site scripting (XSS) vulnerabilities. Consider using a view technology such as JavaServer Faces (JSFs) which automatically escapes HTML views.",0.6447953001558595,P3 - Medium (ML Moderate / Needs Review)
BenchmarkTest01344,0,CWE-79,1,1,0,0.6516,"Detected a request with potential user-input going into a OutputStream or Writer object. This bypasses any view or template environments, including HTML escaping, which may expose this application to cross-site scripting (XSS) vulnerabilities. Consider using a view technology such as JavaServer Faces (JSFs) which automatically escapes HTML views.",0.658125282848209,P2 - High (ML Probable Vulnerability)
BenchmarkTest01345,0,CWE-79,1,1,0,0.6516,"Detected a request with potential user-input going into a OutputStream or Writer object. This bypasses any view or template environments, including HTML escaping, which may expose this application to cross-site scripting (XSS) vulnerabilities. Consider using a view technology such as JavaServer Faces (JSFs) which automatically escapes HTML views.",0.6567667998284668,P2 - High (ML Probable Vulnerability)
BenchmarkTest01346,1,CWE-79,1,1,0,0.6516,"Detected a request with potential user-input going into a OutputStream or Writer object. This bypasses any view or template environments, including HTML escaping, which may expose this application to cross-site scripting (XSS) vulnerabilities. Consider using a view technology such as JavaServer Faces (JSFs) which automatically escapes HTML views.",0.6654635318596704,P2 - High (ML Probable Vulnerability)
BenchmarkTest01347,1,CWE-79,1,1,0,0.6516,"Detected a request with potential user-input going into a OutputStream or Writer object. This bypasses any view or template environments, including HTML escaping, which may expose this application to cross-site scripting (XSS) vulnerabilities. Consider using a view technology such as JavaServer Faces (JSFs) which automatically escapes HTML views.",0.620660943864709,P3 - Medium (ML Moderate / Needs Review)
BenchmarkTest01348,0,CWE-79,1,1,0,0.6516,"Detected a request with potential user-input going into a OutputStream or Writer object. This bypasses any view or template environments, including HTML escaping, which may expose this application to cross-site scripting (XSS) vulnerabilities. Consider using a view technology such as JavaServer Faces (JSFs) which automatically escapes HTML views.",0.6654635318596704,P2 - High (ML Probable Vulnerability)
BenchmarkTest01349,1,CWE-79,1,1,0,0.6516,"Detected a request with potential user-input going into a OutputStream or Writer object. This bypasses any view or template environments, including HTML escaping, which may expose this application to cross-site scripting (XSS) vulnerabilities. Consider using a view technology such as JavaServer Faces (JSFs) which automatically escapes HTML views.",0.6447953001558595,P3 - Medium (ML Moderate / Needs Review)
BenchmarkTest01350,1,CWE-79,1,1,0,0.6516,"Detected a request with potential user-input going into a OutputStream or Writer object. This bypasses any view or template environments, including HTML escaping, which may expose this application to cross-site scripting (XSS) vulnerabilities. Consider using a view technology such as JavaServer Faces (JSFs) which automatically escapes HTML views.",0.6447953001558595,P3 - Medium (ML Moderate / Needs Review)
BenchmarkTest01351,0,CWE-79,1,1,0,0.6516,"Detected a request with potential user-input going into a OutputStream or Writer object. This bypasses any view or template environments, including HTML escaping, which may expose this application to cross-site scripting (XSS) vulnerabilities. Consider using a view technology such as JavaServer Faces (JSFs) which automatically escapes HTML views.",0.6654635318596704,P2 - High (ML Probable Vulnerability)
BenchmarkTest01352,0,CWE-79,1,1,0,0.6516,"Detected a request with potential user-input going into a OutputStream or Writer object. This bypasses any view or template environments, including HTML escaping, which may expose this application to cross-site scripting (XSS) vulnerabilities. Consider using a view technology such as JavaServer Faces (JSFs) which automatically escapes HTML views.",0.6654635318596704,P2 - High (ML Probable Vulnerability)
BenchmarkTest01353,0,CWE-78,1,1,0,0.5177,"Detected input from a HTTPServletRequest going into a 'ProcessBuilder' or 'exec' command. This could lead to command injection if variables passed into the exec commands are not properly sanitized. Instead, avoid using these OS commands with user-supplied input, or, if you must use these commands, use a whitelist of specific values.",0.565387778500283,P3 - Medium (ML Moderate / Needs Review)
BenchmarkTest01354,1,CWE-330,2,1,1,1.0,"Detected use of the functions `Math.random()` or `java.util.Random()`. These are both not cryptographically strong random number generators (RNGs). If you are using these RNGs to create passwords or secret tokens, use `java.security.SecureRandom` instead.",1.0,P1 - Critical (ML High-Confidence Vulnerability)
BenchmarkTest01355,1,CWE-330,2,1,1,1.0,"Detected use of the functions `Math.random()` or `java.util.Random()`. These are both not cryptographically strong random number generators (RNGs). If you are using these RNGs to create passwords or secret tokens, use `java.security.SecureRandom` instead.",1.0,P1 - Critical (ML High-Confidence Vulnerability)
BenchmarkTest01356,1,CWE-330,2,1,1,1.0,"Detected use of the functions `Math.random()` or `java.util.Random()`. These are both not cryptographically strong random number generators (RNGs). If you are using these RNGs to create passwords or secret tokens, use `java.security.SecureRandom` instead.",1.0,P1 - Critical (ML High-Confidence Vulnerability)
BenchmarkTest01357,1,CWE-330,2,1,1,1.0,"Detected use of the functions `Math.random()` or `java.util.Random()`. These are both not cryptographically strong random number generators (RNGs). If you are using these RNGs to create passwords or secret tokens, use `java.security.SecureRandom` instead.",1.0,P1 - Critical (ML High-Confidence Vulnerability)
BenchmarkTest01358,1,CWE-330,2,1,1,1.0,"Detected use of the functions `Math.random()` or `java.util.Random()`. These are both not cryptographically strong random number generators (RNGs). If you are using these RNGs to create passwords or secret tokens, use `java.security.SecureRandom` instead.",1.0,P1 - Critical (ML High-Confidence Vulnerability)
BenchmarkTest01359,0,CWE-614,0,0,0,1.0,,0.10458381250387964,P4 - Low (ML Suppressed / Likely False Alarm)
BenchmarkTest01360,1,CWE-78,1,1,0,0.5177,"Detected input from a HTTPServletRequest going into a 'ProcessBuilder' or 'exec' command. This could lead to command injection if variables passed into the exec commands are not properly sanitized. Instead, avoid using these OS commands with user-supplied input, or, if you must use these commands, use a whitelist of specific values.",0.5076583195183094,P3 - Medium (ML Moderate / Needs Review)
BenchmarkTest01361,1,CWE-78,1,1,0,0.5177,"Detected input from a HTTPServletRequest going into a 'ProcessBuilder' or 'exec' command. This could lead to command injection if variables passed into the exec commands are not properly sanitized. Instead, avoid using these OS commands with user-supplied input, or, if you must use these commands, use a whitelist of specific values.",0.5076583195183094,P3 - Medium (ML Moderate / Needs Review)
BenchmarkTest01362,1,CWE-78,1,1,0,0.5177,"Detected input from a HTTPServletRequest going into a 'ProcessBuilder' or 'exec' command. This could lead to command injection if variables passed into the exec commands are not properly sanitized. Instead, avoid using these OS commands with user-supplied input, or, if you must use these commands, use a whitelist of specific values.",0.543197997632849,P3 - Medium (ML Moderate / Needs Review)
BenchmarkTest01363,1,CWE-78,1,1,0,0.5177,"Detected input from a HTTPServletRequest going into a 'ProcessBuilder' or 'exec' command. This could lead to command injection if variables passed into the exec commands are not properly sanitized. Instead, avoid using these OS commands with user-supplied input, or, if you must use these commands, use a whitelist of specific values.",0.5140518495956894,P3 - Medium (ML Moderate / Needs Review)
BenchmarkTest01364,0,CWE-78,1,1,0,0.5177,"Detected input from a HTTPServletRequest going into a 'ProcessBuilder' or 'exec' command. This could lead to command injection if variables passed into the exec commands are not properly sanitized. Instead, avoid using these OS commands with user-supplied input, or, if you must use these commands, use a whitelist of specific values.",0.5076583195183094,P3 - Medium (ML Moderate / Needs Review)
BenchmarkTest01365,0,CWE-78,1,1,0,0.5177,"Detected input from a HTTPServletRequest going into a 'ProcessBuilder' or 'exec' command. This could lead to command injection if variables passed into the exec commands are not properly sanitized. Instead, avoid using these OS commands with user-supplied input, or, if you must use these commands, use a whitelist of specific values.",0.543197997632849,P3 - Medium (ML Moderate / Needs Review)
BenchmarkTest01366,0,CWE-330,0,0,0,1.0,,0.054878713660365834,P4 - Low (ML Suppressed / Likely False Alarm)
BenchmarkTest01367,0,CWE-330,0,0,0,1.0,,0.054878713660365834,P4 - Low (ML Suppressed / Likely False Alarm)
BenchmarkTest01368,0,CWE-330,0,0,0,1.0,,0.05157343440022427,P4 - Low (ML Suppressed / Likely False Alarm)
BenchmarkTest01369,0,CWE-330,0,0,0,1.0,,0.05437237384043517,P4 - Low (ML Suppressed / Likely False Alarm)
BenchmarkTest01370,0,CWE-330,0,0,0,1.0,,0.051215480072750806,P4 - Low (ML Suppressed / Likely False Alarm)
BenchmarkTest01371,0,CWE-330,0,0,0,1.0,,0.05437237384043517,P4 - Low (ML Suppressed / Likely False Alarm)
BenchmarkTest01372,0,CWE-330,0,0,0,1.0,,0.054878713660365834,P4 - Low (ML Suppressed / Likely False Alarm)
BenchmarkTest01373,0,CWE-330,0,0,0,1.0,,0.051215480072750806,P4 - Low (ML Suppressed / Likely False Alarm)
BenchmarkTest01374,1,CWE-501,1,1,0,0.7234,"Detected a request with potential user-input going into a OutputStream or Writer object. This bypasses any view or template environments, including HTML escaping, which may expose this application to cross-site scripting (XSS) vulnerabilities. Consider using a view technology such as JavaServer Faces (JSFs) which automatically escapes HTML views.",0.7065454651105066,P2 - High (ML Probable Vulnerability)
BenchmarkTest01375,1,CWE-501,1,1,0,0.7234,"Detected a request with potential user-input going into a OutputStream or Writer object. This bypasses any view or template environments, including HTML escaping, which may expose this application to cross-site scripting (XSS) vulnerabilities. Consider using a view technology such as JavaServer Faces (JSFs) which automatically escapes HTML views.",0.675477596449973,P2 - High (ML Probable Vulnerability)
BenchmarkTest01376,1,CWE-501,1,1,0,0.7234,"Detected a request with potential user-input going into a OutputStream or Writer object. This bypasses any view or template environments, including HTML escaping, which may expose this application to cross-site scripting (XSS) vulnerabilities. Consider using a view technology such as JavaServer Faces (JSFs) which automatically escapes HTML views.",0.7065454651105066,P2 - High (ML Probable Vulnerability)
BenchmarkTest01377,0,CWE-501,1,1,0,0.7234,"Detected a request with potential user-input going into a OutputStream or Writer object. This bypasses any view or template environments, including HTML escaping, which may expose this application to cross-site scripting (XSS) vulnerabilities. Consider using a view technology such as JavaServer Faces (JSFs) which automatically escapes HTML views.",0.675477596449973,P2 - High (ML Probable Vulnerability)
BenchmarkTest01378,0,CWE-89,2,1,1,0.5746,Detected input from a HTTPServletRequest going into a SQL sink or statement. This could lead to SQL injection if variables in the SQL statement are not properly sanitized. Use parameterized SQL queries or properly sanitize user input instead.,0.6133730231246536,P3 - Medium (ML Moderate / Needs Review)
BenchmarkTest01379,1,CWE-89,2,1,1,0.5746,Detected input from a HTTPServletRequest going into a SQL sink or statement. This could lead to SQL injection if variables in the SQL statement are not properly sanitized. Use parameterized SQL queries or properly sanitize user input instead.,0.6133730231246536,P3 - Medium (ML Moderate / Needs Review)
BenchmarkTest01380,0,CWE-89,2,1,1,0.5746,Detected input from a HTTPServletRequest going into a SQL sink or statement. This could lead to SQL injection if variables in the SQL statement are not properly sanitized. Use parameterized SQL queries or properly sanitize user input instead.,0.6013870000430575,P3 - Medium (ML Moderate / Needs Review)
BenchmarkTest01381,1,CWE-89,2,1,1,0.5746,Detected input from a HTTPServletRequest going into a SQL sink or statement. This could lead to SQL injection if variables in the SQL statement are not properly sanitized. Use parameterized SQL queries or properly sanitize user input instead.,0.6013870000430575,P3 - Medium (ML Moderate / Needs Review)
BenchmarkTest01382,1,CWE-89,2,1,1,0.5746,Detected input from a HTTPServletRequest going into a SQL sink or statement. This could lead to SQL injection if variables in the SQL statement are not properly sanitized. Use parameterized SQL queries or properly sanitize user input instead.,0.6172031360784221,P3 - Medium (ML Moderate / Needs Review)
BenchmarkTest01383,1,CWE-89,2,1,1,0.5746,Detected input from a HTTPServletRequest going into a SQL sink or statement. This could lead to SQL injection if variables in the SQL statement are not properly sanitized. Use parameterized SQL queries or properly sanitize user input instead.,0.6052657034562158,P3 - Medium (ML Moderate / Needs Review)
BenchmarkTest01384,1,CWE-89,2,1,1,0.5746,Detected input from a HTTPServletRequest going into a SQL sink or statement. This could lead to SQL injection if variables in the SQL statement are not properly sanitized. Use parameterized SQL queries or properly sanitize user input instead.,0.6013870000430575,P3 - Medium (ML Moderate / Needs Review)
BenchmarkTest01385,0,CWE-89,2,1,1,0.5746,Detected input from a HTTPServletRequest going into a SQL sink or statement. This could lead to SQL injection if variables in the SQL statement are not properly sanitized. Use parameterized SQL queries or properly sanitize user input instead.,0.6133730231246536,P3 - Medium (ML Moderate / Needs Review)
BenchmarkTest01386,0,CWE-89,1,1,0,0.5746,"Detected a request with potential user-input going into a OutputStream or Writer object. This bypasses any view or template environments, including HTML escaping, which may expose this application to cross-site scripting (XSS) vulnerabilities. Consider using a view technology such as JavaServer Faces (JSFs) which automatically escapes HTML views.",0.6589680232910345,P2 - High (ML Probable Vulnerability)
BenchmarkTest01387,0,CWE-89,1,1,0,0.5746,"Detected a request with potential user-input going into a OutputStream or Writer object. This bypasses any view or template environments, including HTML escaping, which may expose this application to cross-site scripting (XSS) vulnerabilities. Consider using a view technology such as JavaServer Faces (JSFs) which automatically escapes HTML views.",0.663158147073452,P2 - High (ML Probable Vulnerability)
BenchmarkTest01388,1,CWE-89,1,1,0,0.5746,"Detected a request with potential user-input going into a OutputStream or Writer object. This bypasses any view or template environments, including HTML escaping, which may expose this application to cross-site scripting (XSS) vulnerabilities. Consider using a view technology such as JavaServer Faces (JSFs) which automatically escapes HTML views.",0.6073803082754364,P3 - Medium (ML Moderate / Needs Review)
BenchmarkTest01389,0,CWE-89,1,1,0,0.5746,Detected input from a HTTPServletRequest going into a SQL sink or statement. This could lead to SQL injection if variables in the SQL statement are not properly sanitized. Use parameterized SQL queries or properly sanitize user input instead.,0.6352860383034056,P3 - Medium (ML Moderate / Needs Review)
BenchmarkTest01390,1,CWE-89,1,1,0,0.5746,"Detected a request with potential user-input going into a OutputStream or Writer object. This bypasses any view or template environments, including HTML escaping, which may expose this application to cross-site scripting (XSS) vulnerabilities. Consider using a view technology such as JavaServer Faces (JSFs) which automatically escapes HTML views.",0.6589680232910345,P2 - High (ML Probable Vulnerability)
BenchmarkTest01391,1,CWE-89,2,1,1,0.5746,Detected input from a HTTPServletRequest going into a SQL sink or statement. This could lead to SQL injection if variables in the SQL statement are not properly sanitized. Use parameterized SQL queries or properly sanitize user input instead.,0.6326009898069045,P3 - Medium (ML Moderate / Needs Review)
BenchmarkTest01392,0,CWE-89,2,1,1,0.5746,Detected input from a HTTPServletRequest going into a SQL sink or statement. This could lead to SQL injection if variables in the SQL statement are not properly sanitized. Use parameterized SQL queries or properly sanitize user input instead.,0.6052657034562158,P3 - Medium (ML Moderate / Needs Review)
BenchmarkTest01393,0,CWE-89,2,1,1,0.5746,Detected input from a HTTPServletRequest going into a SQL sink or statement. This could lead to SQL injection if variables in the SQL statement are not properly sanitized. Use parameterized SQL queries or properly sanitize user input instead.,0.6172031360784221,P3 - Medium (ML Moderate / Needs Review)
BenchmarkTest01394,1,CWE-89,2,1,1,0.5746,Detected input from a HTTPServletRequest going into a SQL sink or statement. This could lead to SQL injection if variables in the SQL statement are not properly sanitized. Use parameterized SQL queries or properly sanitize user input instead.,0.6133730231246536,P3 - Medium (ML Moderate / Needs Review)
BenchmarkTest01395,1,CWE-89,2,1,1,0.5746,Detected input from a HTTPServletRequest going into a SQL sink or statement. This could lead to SQL injection if variables in the SQL statement are not properly sanitized. Use parameterized SQL queries or properly sanitize user input instead.,0.6172031360784221,P3 - Medium (ML Moderate / Needs Review)
BenchmarkTest01396,1,CWE-89,2,1,1,0.5746,Detected input from a HTTPServletRequest going into a SQL sink or statement. This could lead to SQL injection if variables in the SQL statement are not properly sanitized. Use parameterized SQL queries or properly sanitize user input instead.,0.6052657034562158,P3 - Medium (ML Moderate / Needs Review)
BenchmarkTest01397,0,CWE-643,1,1,0,0.5185,"Detected a request with potential user-input going into a OutputStream or Writer object. This bypasses any view or template environments, including HTML escaping, which may expose this application to cross-site scripting (XSS) vulnerabilities. Consider using a view technology such as JavaServer Faces (JSFs) which automatically escapes HTML views.",0.5390225203962058,P3 - Medium (ML Moderate / Needs Review)
BenchmarkTest01398,1,CWE-327,1,0,1,0.9046,Use another cipher mode or disable padding.,0.7615061478378989,P2 - High (ML Probable Vulnerability)
BenchmarkTest01399,0,CWE-327,0,0,0,0.9046,,0.09759301912689183,P4 - Low (ML Suppressed / Likely False Alarm)
BenchmarkTest01400,0,CWE-327,0,0,0,0.9046,,0.09081970593165378,P4 - Low (ML Suppressed / Likely False Alarm)
BenchmarkTest01401,0,CWE-327,1,0,1,0.9046,Use a secure cipher mode.,0.7615061478378989,P2 - High (ML Probable Vulnerability)
BenchmarkTest01402,0,CWE-90,1,1,0,0.4815,"Detected input from a HTTPServletRequest going into an LDAP query. This could lead to LDAP injection if the input is not properly sanitized, which could result in attackers modifying objects in the LDAP tree structure. Ensure data passed to an LDAP query is not controllable or properly sanitize the data.",0.5266004013240456,P3 - Medium (ML Moderate / Needs Review)
BenchmarkTest01403,1,CWE-22,1,1,0,0.531,"Detected a potential path traversal. A malicious actor could control the location of this file, to include going backwards in the directory with '../'. To address this, ensure that user-controlled variables in file paths are sanitized. You may also consider using a utility method such as org.apache.commons.io.FilenameUtils.getName(...) to only retrieve the file name from the path.",0.5446502000682291,P3 - Medium (ML Moderate / Needs Review)
BenchmarkTest01404,0,CWE-22,1,1,0,0.531,"Detected a potential path traversal. A malicious actor could control the location of this file, to include going backwards in the directory with '../'. To address this, ensure that user-controlled variables in file paths are sanitized. You may also consider using a utility method such as org.apache.commons.io.FilenameUtils.getName(...) to only retrieve the file name from the path.",0.5300041467457454,P3 - Medium (ML Moderate / Needs Review)
BenchmarkTest01405,1,CWE-22,1,1,0,0.531,"Detected a potential path traversal. A malicious actor could control the location of this file, to include going backwards in the directory with '../'. To address this, ensure that user-controlled variables in file paths are sanitized. You may also consider using a utility method such as org.apache.commons.io.FilenameUtils.getName(...) to only retrieve the file name from the path.",0.5323617688956359,P3 - Medium (ML Moderate / Needs Review)
BenchmarkTest01406,0,CWE-22,1,1,0,0.531,"Detected a potential path traversal. A malicious actor could control the location of this file, to include going backwards in the directory with '../'. To address this, ensure that user-controlled variables in file paths are sanitized. You may also consider using a utility method such as org.apache.commons.io.FilenameUtils.getName(...) to only retrieve the file name from the path.",0.5333552162927581,P3 - Medium (ML Moderate / Needs Review)
BenchmarkTest01407,0,CWE-22,1,1,0,0.531,"Detected a potential path traversal. A malicious actor could control the location of this file, to include going backwards in the directory with '../'. To address this, ensure that user-controlled variables in file paths are sanitized. You may also consider using a utility method such as org.apache.commons.io.FilenameUtils.getName(...) to only retrieve the file name from the path.",0.5333552162927581,P3 - Medium (ML Moderate / Needs Review)
BenchmarkTest01408,1,CWE-22,1,1,0,0.531,"Detected a potential path traversal. A malicious actor could control the location of this file, to include going backwards in the directory with '../'. To address this, ensure that user-controlled variables in file paths are sanitized. You may also consider using a utility method such as org.apache.commons.io.FilenameUtils.getName(...) to only retrieve the file name from the path.",0.5300041467457454,P3 - Medium (ML Moderate / Needs Review)
BenchmarkTest01409,0,CWE-22,0,0,0,0.531,,0.24590279655141292,P4 - Low (ML Suppressed / Likely False Alarm)
BenchmarkTest01410,0,CWE-328,0,0,0,1.0,,0.20319054080011195,P4 - Low (ML Suppressed / Likely False Alarm)
BenchmarkTest01411,1,CWE-328,2,1,1,1.0,"Detected SHA1 hash algorithm which is considered insecure. SHA1 is not collision resistant and is therefore not suitable as a cryptographic signature. Instead, use PBKDF2 for password hashing or SHA256 or SHA512 for other hash function applications.",0.9967183475989987,P1 - Critical (ML High-Confidence Vulnerability)
BenchmarkTest01412,0,CWE-328,0,0,0,1.0,,0.2042594061680803,P4 - Low (ML Suppressed / Likely False Alarm)
BenchmarkTest01413,0,CWE-328,0,0,0,1.0,,0.2336827722158927,P4 - Low (ML Suppressed / Likely False Alarm)
BenchmarkTest01414,1,CWE-328,0,0,0,1.0,,0.20319054080011195,P4 - Low (ML Suppressed / Likely False Alarm)
BenchmarkTest01415,1,CWE-328,0,0,0,1.0,,0.2042594061680803,P4 - Low (ML Suppressed / Likely False Alarm)
BenchmarkTest01416,1,CWE-328,0,0,0,1.0,,0.2336827722158927,P4 - Low (ML Suppressed / Likely False Alarm)
BenchmarkTest01417,1,CWE-79,1,1,0,0.6516,"Detected a request with potential user-input going into a OutputStream or Writer object. This bypasses any view or template environments, including HTML escaping, which may expose this application to cross-site scripting (XSS) vulnerabilities. Consider using a view technology such as JavaServer Faces (JSFs) which automatically escapes HTML views.",0.620660943864709,P3 - Medium (ML Moderate / Needs Review)
BenchmarkTest01418,1,CWE-79,1,1,0,0.6516,"Detected a request with potential user-input going into a OutputStream or Writer object. This bypasses any view or template environments, including HTML escaping, which may expose this application to cross-site scripting (XSS) vulnerabilities. Consider using a view technology such as JavaServer Faces (JSFs) which automatically escapes HTML views.",0.658125282848209,P2 - High (ML Probable Vulnerability)
BenchmarkTest01419,0,CWE-79,1,1,0,0.6516,"Detected a request with potential user-input going into a OutputStream or Writer object. This bypasses any view or template environments, including HTML escaping, which may expose this application to cross-site scripting (XSS) vulnerabilities. Consider using a view technology such as JavaServer Faces (JSFs) which automatically escapes HTML views.",0.6447953001558595,P3 - Medium (ML Moderate / Needs Review)
BenchmarkTest01420,0,CWE-79,1,1,0,0.6516,"Detected a request with potential user-input going into a OutputStream or Writer object. This bypasses any view or template environments, including HTML escaping, which may expose this application to cross-site scripting (XSS) vulnerabilities. Consider using a view technology such as JavaServer Faces (JSFs) which automatically escapes HTML views.",0.6567667998284668,P2 - High (ML Probable Vulnerability)
BenchmarkTest01421,0,CWE-79,1,1,0,0.6516,"Detected a request with potential user-input going into a OutputStream or Writer object. This bypasses any view or template environments, including HTML escaping, which may expose this application to cross-site scripting (XSS) vulnerabilities. Consider using a view technology such as JavaServer Faces (JSFs) which automatically escapes HTML views.",0.6654635318596704,P2 - High (ML Probable Vulnerability)
BenchmarkTest01422,0,CWE-79,1,1,0,0.6516,"Detected a request with potential user-input going into a OutputStream or Writer object. This bypasses any view or template environments, including HTML escaping, which may expose this application to cross-site scripting (XSS) vulnerabilities. Consider using a view technology such as JavaServer Faces (JSFs) which automatically escapes HTML views.",0.658125282848209,P2 - High (ML Probable Vulnerability)
BenchmarkTest01423,1,CWE-79,1,1,0,0.6516,"Detected a request with potential user-input going into a OutputStream or Writer object. This bypasses any view or template environments, including HTML escaping, which may expose this application to cross-site scripting (XSS) vulnerabilities. Consider using a view technology such as JavaServer Faces (JSFs) which automatically escapes HTML views.",0.6654635318596704,P2 - High (ML Probable Vulnerability)
BenchmarkTest01424,1,CWE-79,1,1,0,0.6516,"Detected a request with potential user-input going into a OutputStream or Writer object. This bypasses any view or template environments, including HTML escaping, which may expose this application to cross-site scripting (XSS) vulnerabilities. Consider using a view technology such as JavaServer Faces (JSFs) which automatically escapes HTML views.",0.6567667998284668,P2 - High (ML Probable Vulnerability)
BenchmarkTest01425,0,CWE-79,1,1,0,0.6516,"Detected a request with potential user-input going into a OutputStream or Writer object. This bypasses any view or template environments, including HTML escaping, which may expose this application to cross-site scripting (XSS) vulnerabilities. Consider using a view technology such as JavaServer Faces (JSFs) which automatically escapes HTML views.",0.6654635318596704,P2 - High (ML Probable Vulnerability)
BenchmarkTest01426,1,CWE-79,1,1,0,0.6516,"Detected a request with potential user-input going into a OutputStream or Writer object. This bypasses any view or template environments, including HTML escaping, which may expose this application to cross-site scripting (XSS) vulnerabilities. Consider using a view technology such as JavaServer Faces (JSFs) which automatically escapes HTML views.",0.620660943864709,P3 - Medium (ML Moderate / Needs Review)
BenchmarkTest01427,1,CWE-79,1,1,0,0.6516,"Detected a request with potential user-input going into a OutputStream or Writer object. This bypasses any view or template environments, including HTML escaping, which may expose this application to cross-site scripting (XSS) vulnerabilities. Consider using a view technology such as JavaServer Faces (JSFs) which automatically escapes HTML views.",0.620660943864709,P3 - Medium (ML Moderate / Needs Review)
BenchmarkTest01428,1,CWE-79,1,1,0,0.6516,"Detected a request with potential user-input going into a OutputStream or Writer object. This bypasses any view or template environments, including HTML escaping, which may expose this application to cross-site scripting (XSS) vulnerabilities. Consider using a view technology such as JavaServer Faces (JSFs) which automatically escapes HTML views.",0.6567667998284668,P2 - High (ML Probable Vulnerability)
BenchmarkTest01429,1,CWE-79,1,1,0,0.6516,"Detected a request with potential user-input going into a OutputStream or Writer object. This bypasses any view or template environments, including HTML escaping, which may expose this application to cross-site scripting (XSS) vulnerabilities. Consider using a view technology such as JavaServer Faces (JSFs) which automatically escapes HTML views.",0.620660943864709,P3 - Medium (ML Moderate / Needs Review)
BenchmarkTest01430,1,CWE-78,1,1,0,0.5177,"Detected input from a HTTPServletRequest going into a 'ProcessBuilder' or 'exec' command. This could lead to command injection if variables passed into the exec commands are not properly sanitized. Instead, avoid using these OS commands with user-supplied input, or, if you must use these commands, use a whitelist of specific values.",0.5713557769679556,P3 - Medium (ML Moderate / Needs Review)
BenchmarkTest01431,1,CWE-330,2,1,1,1.0,"Detected use of the functions `Math.random()` or `java.util.Random()`. These are both not cryptographically strong random number generators (RNGs). If you are using these RNGs to create passwords or secret tokens, use `java.security.SecureRandom` instead.",1.0,P1 - Critical (ML High-Confidence Vulnerability)
BenchmarkTest01432,1,CWE-330,2,1,1,1.0,"Detected use of the functions `Math.random()` or `java.util.Random()`. These are both not cryptographically strong random number generators (RNGs). If you are using these RNGs to create passwords or secret tokens, use `java.security.SecureRandom` instead.",1.0,P1 - Critical (ML High-Confidence Vulnerability)
BenchmarkTest01433,1,CWE-330,2,1,1,1.0,"Detected use of the functions `Math.random()` or `java.util.Random()`. These are both not cryptographically strong random number generators (RNGs). If you are using these RNGs to create passwords or secret tokens, use `java.security.SecureRandom` instead.",1.0,P1 - Critical (ML High-Confidence Vulnerability)
BenchmarkTest01434,1,CWE-330,2,1,1,1.0,"Detected use of the functions `Math.random()` or `java.util.Random()`. These are both not cryptographically strong random number generators (RNGs). If you are using these RNGs to create passwords or secret tokens, use `java.security.SecureRandom` instead.",1.0,P1 - Critical (ML High-Confidence Vulnerability)
BenchmarkTest01435,1,CWE-330,2,1,1,1.0,"Detected use of the functions `Math.random()` or `java.util.Random()`. These are both not cryptographically strong random number generators (RNGs). If you are using these RNGs to create passwords or secret tokens, use `java.security.SecureRandom` instead.",1.0,P1 - Critical (ML High-Confidence Vulnerability)
BenchmarkTest01436,0,CWE-614,0,0,0,1.0,,0.10532987746572291,P4 - Low (ML Suppressed / Likely False Alarm)
BenchmarkTest01437,1,CWE-79,1,1,0,0.6516,"Detected a request with potential user-input going into a OutputStream or Writer object. This bypasses any view or template environments, including HTML escaping, which may expose this application to cross-site scripting (XSS) vulnerabilities. Consider using a view technology such as JavaServer Faces (JSFs) which automatically escapes HTML views.",0.658125282848209,P2 - High (ML Probable Vulnerability)
BenchmarkTest01438,1,CWE-79,1,1,0,0.6516,"Detected a request with potential user-input going into a OutputStream or Writer object. This bypasses any view or template environments, including HTML escaping, which may expose this application to cross-site scripting (XSS) vulnerabilities. Consider using a view technology such as JavaServer Faces (JSFs) which automatically escapes HTML views.",0.6447953001558595,P3 - Medium (ML Moderate / Needs Review)
BenchmarkTest01439,0,CWE-79,1,1,0,0.6516,"Detected a request with potential user-input going into a OutputStream or Writer object. This bypasses any view or template environments, including HTML escaping, which may expose this application to cross-site scripting (XSS) vulnerabilities. Consider using a view technology such as JavaServer Faces (JSFs) which automatically escapes HTML views.",0.658125282848209,P2 - High (ML Probable Vulnerability)
BenchmarkTest01440,0,CWE-78,1,1,0,0.5177,"Detected input from a HTTPServletRequest going into a 'ProcessBuilder' or 'exec' command. This could lead to command injection if variables passed into the exec commands are not properly sanitized. Instead, avoid using these OS commands with user-supplied input, or, if you must use these commands, use a whitelist of specific values.",0.565387778500283,P3 - Medium (ML Moderate / Needs Review)
BenchmarkTest01441,1,CWE-78,1,1,0,0.5177,"Detected input from a HTTPServletRequest going into a 'ProcessBuilder' or 'exec' command. This could lead to command injection if variables passed into the exec commands are not properly sanitized. Instead, avoid using these OS commands with user-supplied input, or, if you must use these commands, use a whitelist of specific values.",0.5140518495956894,P3 - Medium (ML Moderate / Needs Review)
BenchmarkTest01442,1,CWE-78,1,1,0,0.5177,"Detected input from a HTTPServletRequest going into a 'ProcessBuilder' or 'exec' command. This could lead to command injection if variables passed into the exec commands are not properly sanitized. Instead, avoid using these OS commands with user-supplied input, or, if you must use these commands, use a whitelist of specific values.",0.5713557769679556,P3 - Medium (ML Moderate / Needs Review)
BenchmarkTest01443,0,CWE-78,1,1,0,0.5177,"Detected input from a HTTPServletRequest going into a 'ProcessBuilder' or 'exec' command. This could lead to command injection if variables passed into the exec commands are not properly sanitized. Instead, avoid using these OS commands with user-supplied input, or, if you must use these commands, use a whitelist of specific values.",0.5713557769679556,P3 - Medium (ML Moderate / Needs Review)
BenchmarkTest01444,0,CWE-78,1,1,0,0.5177,"Detected input from a HTTPServletRequest going into a 'ProcessBuilder' or 'exec' command. This could lead to command injection if variables passed into the exec commands are not properly sanitized. Instead, avoid using these OS commands with user-supplied input, or, if you must use these commands, use a whitelist of specific values.",0.565387778500283,P3 - Medium (ML Moderate / Needs Review)
BenchmarkTest01445,0,CWE-78,1,1,0,0.5177,"Detected input from a HTTPServletRequest going into a 'ProcessBuilder' or 'exec' command. This could lead to command injection if variables passed into the exec commands are not properly sanitized. Instead, avoid using these OS commands with user-supplied input, or, if you must use these commands, use a whitelist of specific values.",0.565387778500283,P3 - Medium (ML Moderate / Needs Review)
BenchmarkTest01446,1,CWE-78,1,1,0,0.5177,"Detected input from a HTTPServletRequest going into a 'ProcessBuilder' or 'exec' command. This could lead to command injection if variables passed into the exec commands are not properly sanitized. Instead, avoid using these OS commands with user-supplied input, or, if you must use these commands, use a whitelist of specific values.",0.543197997632849,P3 - Medium (ML Moderate / Needs Review)
BenchmarkTest01447,0,CWE-330,0,0,0,1.0,,0.051215480072750806,P4 - Low (ML Suppressed / Likely False Alarm)
BenchmarkTest01448,0,CWE-330,0,0,0,1.0,,0.054878713660365834,P4 - Low (ML Suppressed / Likely False Alarm)
BenchmarkTest01449,0,CWE-330,0,0,0,1.0,,0.054878713660365834,P4 - Low (ML Suppressed / Likely False Alarm)
BenchmarkTest01450,0,CWE-330,0,0,0,1.0,,0.051215480072750806,P4 - Low (ML Suppressed / Likely False Alarm)
BenchmarkTest01451,0,CWE-330,0,0,0,1.0,,0.05437237384043517,P4 - Low (ML Suppressed / Likely False Alarm)
BenchmarkTest01452,0,CWE-330,0,0,0,1.0,,0.05157343440022427,P4 - Low (ML Suppressed / Likely False Alarm)
BenchmarkTest01453,0,CWE-330,0,0,0,1.0,,0.054878713660365834,P4 - Low (ML Suppressed / Likely False Alarm)
BenchmarkTest01454,0,CWE-501,1,1,0,0.7234,"Detected a request with potential user-input going into a OutputStream or Writer object. This bypasses any view or template environments, including HTML escaping, which may expose this application to cross-site scripting (XSS) vulnerabilities. Consider using a view technology such as JavaServer Faces (JSFs) which automatically escapes HTML views.",0.7097295014333608,P2 - High (ML Probable Vulnerability)
BenchmarkTest01455,1,CWE-501,1,1,0,0.7234,"Detected a request with potential user-input going into a OutputStream or Writer object. This bypasses any view or template environments, including HTML escaping, which may expose this application to cross-site scripting (XSS) vulnerabilities. Consider using a view technology such as JavaServer Faces (JSFs) which automatically escapes HTML views.",0.7097295014333608,P2 - High (ML Probable Vulnerability)
BenchmarkTest01456,1,CWE-501,1,1,0,0.7234,"Detected a request with potential user-input going into a OutputStream or Writer object. This bypasses any view or template environments, including HTML escaping, which may expose this application to cross-site scripting (XSS) vulnerabilities. Consider using a view technology such as JavaServer Faces (JSFs) which automatically escapes HTML views.",0.7065454651105066,P2 - High (ML Probable Vulnerability)
BenchmarkTest01457,1,CWE-501,1,1,0,0.7234,"Detected a request with potential user-input going into a OutputStream or Writer object. This bypasses any view or template environments, including HTML escaping, which may expose this application to cross-site scripting (XSS) vulnerabilities. Consider using a view technology such as JavaServer Faces (JSFs) which automatically escapes HTML views.",0.675477596449973,P2 - High (ML Probable Vulnerability)
BenchmarkTest01458,1,CWE-501,1,1,0,0.7234,"Detected a request with potential user-input going into a OutputStream or Writer object. This bypasses any view or template environments, including HTML escaping, which may expose this application to cross-site scripting (XSS) vulnerabilities. Consider using a view technology such as JavaServer Faces (JSFs) which automatically escapes HTML views.",0.6941563292264352,P2 - High (ML Probable Vulnerability)
BenchmarkTest01459,0,CWE-89,2,1,1,0.5746,Detected input from a HTTPServletRequest going into a SQL sink or statement. This could lead to SQL injection if variables in the SQL statement are not properly sanitized. Use parameterized SQL queries or properly sanitize user input instead.,0.6326009898069045,P3 - Medium (ML Moderate / Needs Review)
BenchmarkTest01460,1,CWE-89,2,1,1,0.5746,Detected input from a HTTPServletRequest going into a SQL sink or statement. This could lead to SQL injection if variables in the SQL statement are not properly sanitized. Use parameterized SQL queries or properly sanitize user input instead.,0.6326009898069045,P3 - Medium (ML Moderate / Needs Review)
BenchmarkTest01461,0,CWE-89,2,1,1,0.5746,Detected input from a HTTPServletRequest going into a SQL sink or statement. This could lead to SQL injection if variables in the SQL statement are not properly sanitized. Use parameterized SQL queries or properly sanitize user input instead.,0.6326009898069045,P3 - Medium (ML Moderate / Needs Review)
BenchmarkTest01462,1,CWE-89,2,1,1,0.5746,Detected input from a HTTPServletRequest going into a SQL sink or statement. This could lead to SQL injection if variables in the SQL statement are not properly sanitized. Use parameterized SQL queries or properly sanitize user input instead.,0.6052657034562158,P3 - Medium (ML Moderate / Needs Review)
BenchmarkTest01463,1,CWE-89,2,1,1,0.5746,Detected input from a HTTPServletRequest going into a SQL sink or statement. This could lead to SQL injection if variables in the SQL statement are not properly sanitized. Use parameterized SQL queries or properly sanitize user input instead.,0.6013870000430575,P3 - Medium (ML Moderate / Needs Review)
BenchmarkTest01464,1,CWE-89,2,1,1,0.5746,Detected input from a HTTPServletRequest going into a SQL sink or statement. This could lead to SQL injection if variables in the SQL statement are not properly sanitized. Use parameterized SQL queries or properly sanitize user input instead.,0.6172031360784221,P3 - Medium (ML Moderate / Needs Review)
BenchmarkTest01465,1,CWE-89,1,1,0,0.5746,Detected input from a HTTPServletRequest going into a SQL sink or statement. This could lead to SQL injection if variables in the SQL statement are not properly sanitized. Use parameterized SQL queries or properly sanitize user input instead.,0.6369388599842778,P3 - Medium (ML Moderate / Needs Review)
BenchmarkTest01466,1,CWE-89,1,1,0,0.5746,Detected input from a HTTPServletRequest going into a SQL sink or statement. This could lead to SQL injection if variables in the SQL statement are not properly sanitized. Use parameterized SQL queries or properly sanitize user input instead.,0.6369388599842778,P3 - Medium (ML Moderate / Needs Review)
BenchmarkTest01467,0,CWE-89,1,1,0,0.5746,Detected input from a HTTPServletRequest going into a SQL sink or statement. This could lead to SQL injection if variables in the SQL statement are not properly sanitized. Use parameterized SQL queries or properly sanitize user input instead.,0.6411923512308969,P3 - Medium (ML Moderate / Needs Review)
BenchmarkTest01468,0,CWE-89,1,1,0,0.5746,Detected input from a HTTPServletRequest going into a SQL sink or statement. This could lead to SQL injection if variables in the SQL statement are not properly sanitized. Use parameterized SQL queries or properly sanitize user input instead.,0.6411923512308969,P3 - Medium (ML Moderate / Needs Review)
BenchmarkTest01469,0,CWE-89,1,1,0,0.5746,Detected input from a HTTPServletRequest going into a SQL sink or statement. This could lead to SQL injection if variables in the SQL statement are not properly sanitized. Use parameterized SQL queries or properly sanitize user input instead.,0.6352860383034056,P3 - Medium (ML Moderate / Needs Review)
BenchmarkTest01470,1,CWE-89,1,1,0,0.5746,Detected input from a HTTPServletRequest going into a SQL sink or statement. This could lead to SQL injection if variables in the SQL statement are not properly sanitized. Use parameterized SQL queries or properly sanitize user input instead.,0.6369388599842778,P3 - Medium (ML Moderate / Needs Review)
BenchmarkTest01471,1,CWE-89,1,1,0,0.5746,Detected input from a HTTPServletRequest going into a SQL sink or statement. This could lead to SQL injection if variables in the SQL statement are not properly sanitized. Use parameterized SQL queries or properly sanitize user input instead.,0.6352860383034056,P3 - Medium (ML Moderate / Needs Review)
BenchmarkTest01472,0,CWE-89,2,1,1,0.5746,Detected input from a HTTPServletRequest going into a SQL sink or statement. This could lead to SQL injection if variables in the SQL statement are not properly sanitized. Use parameterized SQL queries or properly sanitize user input instead.,0.6172031360784221,P3 - Medium (ML Moderate / Needs Review)
BenchmarkTest01473,1,CWE-89,2,1,1,0.5746,Detected a formatted string in a SQL statement. This could lead to SQL injection if variables in the SQL statement are not properly sanitized. Use a prepared statements (java.sql.PreparedStatement) instead. You can obtain a PreparedStatement using 'connection.prepareStatement'.,0.49671630473765704,P3 - Medium (ML Moderate / Needs Review)
BenchmarkTest01474,1,CWE-89,2,1,1,0.5746,Detected input from a HTTPServletRequest going into a SQL sink or statement. This could lead to SQL injection if variables in the SQL statement are not properly sanitized. Use parameterized SQL queries or properly sanitize user input instead.,0.6172031360784221,P3 - Medium (ML Moderate / Needs Review)
BenchmarkTest01475,1,CWE-89,2,1,1,0.5746,Detected input from a HTTPServletRequest going into a SQL sink or statement. This could lead to SQL injection if variables in the SQL statement are not properly sanitized. Use parameterized SQL queries or properly sanitize user input instead.,0.6326009898069045,P3 - Medium (ML Moderate / Needs Review)
BenchmarkTest01476,1,CWE-89,2,1,1,0.5746,Detected input from a HTTPServletRequest going into a SQL sink or statement. This could lead to SQL injection if variables in the SQL statement are not properly sanitized. Use parameterized SQL queries or properly sanitize user input instead.,0.6013870000430575,P3 - Medium (ML Moderate / Needs Review)
BenchmarkTest01477,1,CWE-89,2,1,1,0.5746,Detected input from a HTTPServletRequest going into a SQL sink or statement. This could lead to SQL injection if variables in the SQL statement are not properly sanitized. Use parameterized SQL queries or properly sanitize user input instead.,0.6326009898069045,P3 - Medium (ML Moderate / Needs Review)
BenchmarkTest01478,1,CWE-643,1,1,0,0.5185,"Detected a request with potential user-input going into a OutputStream or Writer object. This bypasses any view or template environments, including HTML escaping, which may expose this application to cross-site scripting (XSS) vulnerabilities. Consider using a view technology such as JavaServer Faces (JSFs) which automatically escapes HTML views.",0.5248431078241387,P3 - Medium (ML Moderate / Needs Review)
BenchmarkTest01479,0,CWE-643,1,1,0,0.5185,"Detected a request with potential user-input going into a OutputStream or Writer object. This bypasses any view or template environments, including HTML escaping, which may expose this application to cross-site scripting (XSS) vulnerabilities. Consider using a view technology such as JavaServer Faces (JSFs) which automatically escapes HTML views.",0.5966911090684172,P3 - Medium (ML Moderate / Needs Review)
BenchmarkTest01480,1,CWE-327,1,0,1,0.9046,Use another cipher mode or disable padding.,0.7669870863329693,P2 - High (ML Probable Vulnerability)
BenchmarkTest01481,0,CWE-327,0,0,0,0.9046,,0.09081970593165378,P4 - Low (ML Suppressed / Likely False Alarm)
BenchmarkTest01482,0,CWE-327,0,0,0,0.9046,,0.09759301912689183,P4 - Low (ML Suppressed / Likely False Alarm)
BenchmarkTest01483,1,CWE-327,1,0,1,0.9046,Use another cipher mode or disable padding.,0.7669870863329693,P2 - High (ML Probable Vulnerability)
BenchmarkTest01484,1,CWE-327,1,0,1,0.9046,Use another cipher mode or disable padding.,0.746894127214667,P2 - High (ML Probable Vulnerability)
BenchmarkTest01485,0,CWE-327,0,0,0,0.9046,,0.10245024003086535,P4 - Low (ML Suppressed / Likely False Alarm)
BenchmarkTest01486,1,CWE-327,2,1,1,0.9046,DES is considered deprecated. AES is the recommended cipher. Upgrade to use AES. See https://www.nist.gov/news-events/news/2005/06/nist-withdraws-outdated-data-encryption-standard for more information.,0.9582673165050278,P1 - Critical (ML High-Confidence Vulnerability)
BenchmarkTest01487,0,CWE-327,0,0,0,0.9046,,0.09759301912689183,P4 - Low (ML Suppressed / Likely False Alarm)
BenchmarkTest01488,0,CWE-327,0,0,0,0.9046,,0.10245024003086535,P4 - Low (ML Suppressed / Likely False Alarm)
BenchmarkTest01489,1,CWE-327,1,0,1,0.9046,Use a secure cipher mode.,0.746894127214667,P2 - High (ML Probable Vulnerability)
BenchmarkTest01490,1,CWE-90,1,1,0,0.4815,"Detected input from a HTTPServletRequest going into an LDAP query. This could lead to LDAP injection if the input is not properly sanitized, which could result in attackers modifying objects in the LDAP tree structure. Ensure data passed to an LDAP query is not controllable or properly sanitize the data.",0.4812138184171754,P3 - Medium (ML Moderate / Needs Review)
BenchmarkTest01491,0,CWE-90,1,1,0,0.4815,"Detected input from a HTTPServletRequest going into an LDAP query. This could lead to LDAP injection if the input is not properly sanitized, which could result in attackers modifying objects in the LDAP tree structure. Ensure data passed to an LDAP query is not controllable or properly sanitize the data.",0.5131125537608819,P3 - Medium (ML Moderate / Needs Review)
BenchmarkTest01492,0,CWE-90,1,1,0,0.4815,"Detected input from a HTTPServletRequest going into an LDAP query. This could lead to LDAP injection if the input is not properly sanitized, which could result in attackers modifying objects in the LDAP tree structure. Ensure data passed to an LDAP query is not controllable or properly sanitize the data.",0.4729567405628093,P3 - Medium (ML Moderate / Needs Review)
BenchmarkTest01493,0,CWE-22,1,1,0,0.531,"Detected a potential path traversal. A malicious actor could control the location of this file, to include going backwards in the directory with '../'. To address this, ensure that user-controlled variables in file paths are sanitized. You may also consider using a utility method such as org.apache.commons.io.FilenameUtils.getName(...) to only retrieve the file name from the path.",0.5333552162927581,P3 - Medium (ML Moderate / Needs Review)
BenchmarkTest01494,1,CWE-22,1,1,0,0.531,"Detected a potential path traversal. A malicious actor could control the location of this file, to include going backwards in the directory with '../'. To address this, ensure that user-controlled variables in file paths are sanitized. You may also consider using a utility method such as org.apache.commons.io.FilenameUtils.getName(...) to only retrieve the file name from the path.",0.5446502000682291,P3 - Medium (ML Moderate / Needs Review)
BenchmarkTest01495,1,CWE-22,1,1,0,0.531,"Detected a potential path traversal. A malicious actor could control the location of this file, to include going backwards in the directory with '../'. To address this, ensure that user-controlled variables in file paths are sanitized. You may also consider using a utility method such as org.apache.commons.io.FilenameUtils.getName(...) to only retrieve the file name from the path.",0.5333552162927581,P3 - Medium (ML Moderate / Needs Review)
BenchmarkTest01496,1,CWE-22,1,1,0,0.531,"Detected a potential path traversal. A malicious actor could control the location of this file, to include going backwards in the directory with '../'. To address this, ensure that user-controlled variables in file paths are sanitized. You may also consider using a utility method such as org.apache.commons.io.FilenameUtils.getName(...) to only retrieve the file name from the path.",0.5323617688956359,P3 - Medium (ML Moderate / Needs Review)
BenchmarkTest01497,1,CWE-22,1,1,0,0.531,"Detected a potential path traversal. A malicious actor could control the location of this file, to include going backwards in the directory with '../'. To address this, ensure that user-controlled variables in file paths are sanitized. You may also consider using a utility method such as org.apache.commons.io.FilenameUtils.getName(...) to only retrieve the file name from the path.",0.5446502000682291,P3 - Medium (ML Moderate / Needs Review)
BenchmarkTest01498,1,CWE-22,1,1,0,0.531,"Detected a potential path traversal. A malicious actor could control the location of this file, to include going backwards in the directory with '../'. To address this, ensure that user-controlled variables in file paths are sanitized. You may also consider using a utility method such as org.apache.commons.io.FilenameUtils.getName(...) to only retrieve the file name from the path.",0.5300041467457454,P3 - Medium (ML Moderate / Needs Review)
BenchmarkTest01499,0,CWE-22,1,1,0,0.531,"Detected a potential path traversal. A malicious actor could control the location of this file, to include going backwards in the directory with '../'. To address this, ensure that user-controlled variables in file paths are sanitized. You may also consider using a utility method such as org.apache.commons.io.FilenameUtils.getName(...) to only retrieve the file name from the path.",0.5446502000682291,P3 - Medium (ML Moderate / Needs Review)
BenchmarkTest01500,1,CWE-22,0,0,0,0.531,,0.23939612297813506,P4 - Low (ML Suppressed / Likely False Alarm)
BenchmarkTest01501,1,CWE-90,1,1,0,0.4815,"Detected input from a HTTPServletRequest going into an LDAP query. This could lead to LDAP injection if the input is not properly sanitized, which could result in attackers modifying objects in the LDAP tree structure. Ensure data passed to an LDAP query is not controllable or properly sanitize the data.",0.5026710330672093,P3 - Medium (ML Moderate / Needs Review)
BenchmarkTest01502,1,CWE-330,2,1,1,1.0,"Detected use of the functions `Math.random()` or `java.util.Random()`. These are both not cryptographically strong random number generators (RNGs). If you are using these RNGs to create passwords or secret tokens, use `java.security.SecureRandom` instead.",1.0,P1 - Critical (ML High-Confidence Vulnerability)
BenchmarkTest01503,1,CWE-328,1,0,1,1.0,Make sure this weak hash algorithm is not used in a sensitive context here.,0.8883896409585705,P1 - Critical (ML High-Confidence Vulnerability)
BenchmarkTest01504,1,CWE-328,2,1,1,1.0,Detected MD5 hash algorithm which is considered insecure. MD5 is not collision resistant and is therefore not suitable as a cryptographic signature. Use HMAC instead.,0.9969687847493788,P1 - Critical (ML High-Confidence Vulnerability)
BenchmarkTest01505,1,CWE-79,0,0,0,0.6516,,0.2376126864028741,P4 - Low (ML Suppressed / Likely False Alarm)
BenchmarkTest01506,1,CWE-79,0,0,0,0.6516,,0.2918844006955008,P4 - Low (ML Suppressed / Likely False Alarm)
BenchmarkTest01507,1,CWE-79,0,0,0,0.6516,,0.2376126864028741,P4 - Low (ML Suppressed / Likely False Alarm)
BenchmarkTest01508,0,CWE-79,0,0,0,0.6516,,0.2376126864028741,P4 - Low (ML Suppressed / Likely False Alarm)
BenchmarkTest01509,1,CWE-79,0,0,0,0.6516,,0.2376126864028741,P4 - Low (ML Suppressed / Likely False Alarm)
BenchmarkTest01510,1,CWE-79,0,0,0,0.6516,,0.3134314167136792,P4 - Low (ML Suppressed / Likely False Alarm)
BenchmarkTest01511,1,CWE-79,0,0,0,0.6516,,0.2376126864028741,P4 - Low (ML Suppressed / Likely False Alarm)
BenchmarkTest01512,1,CWE-79,0,0,0,0.6516,,0.25396206195529714,P4 - Low (ML Suppressed / Likely False Alarm)
BenchmarkTest01513,0,CWE-79,0,0,0,0.6516,,0.25396206195529714,P4 - Low (ML Suppressed / Likely False Alarm)
BenchmarkTest01514,0,CWE-79,0,0,0,0.6516,,0.25396206195529714,P4 - Low (ML Suppressed / Likely False Alarm)
BenchmarkTest01515,0,CWE-79,0,0,0,0.6516,,0.2918844006955008,P4 - Low (ML Suppressed / Likely False Alarm)
BenchmarkTest01516,0,CWE-78,1,1,0,0.5177,A formatted or concatenated string was detected as input to a ProcessBuilder call. This is dangerous if a variable is controlled by user input and could result in a command injection. Ensure your variables are not controlled by users or sufficiently sanitized.,0.3218176877891268,P4 - Low (ML Suppressed / Likely False Alarm)
BenchmarkTest01517,1,CWE-78,1,1,0,0.5177,"Detected input from a HTTPServletRequest going into a 'ProcessBuilder' or 'exec' command. This could lead to command injection if variables passed into the exec commands are not properly sanitized. Instead, avoid using these OS commands with user-supplied input, or, if you must use these commands, use a whitelist of specific values.",0.5140518495956894,P3 - Medium (ML Moderate / Needs Review)
BenchmarkTest01518,1,CWE-330,2,1,1,1.0,"Detected use of the functions `Math.random()` or `java.util.Random()`. These are both not cryptographically strong random number generators (RNGs). If you are using these RNGs to create passwords or secret tokens, use `java.security.SecureRandom` instead.",1.0,P1 - Critical (ML High-Confidence Vulnerability)
BenchmarkTest01519,1,CWE-330,2,1,1,1.0,"Detected use of the functions `Math.random()` or `java.util.Random()`. These are both not cryptographically strong random number generators (RNGs). If you are using these RNGs to create passwords or secret tokens, use `java.security.SecureRandom` instead.",1.0,P1 - Critical (ML High-Confidence Vulnerability)
BenchmarkTest01520,1,CWE-330,2,1,1,1.0,"Detected use of the functions `Math.random()` or `java.util.Random()`. These are both not cryptographically strong random number generators (RNGs). If you are using these RNGs to create passwords or secret tokens, use `java.security.SecureRandom` instead.",1.0,P1 - Critical (ML High-Confidence Vulnerability)
BenchmarkTest01521,1,CWE-614,1,1,0,1.0,A cookie was detected without setting the 'secure' flag. The 'secure' flag for cookies prevents the client from transmitting the cookie over insecure channels such as HTTP. Set the 'secure' flag by calling 'cookie.setSecure(true);',0.9296620455478106,P1 - Critical (ML High-Confidence Vulnerability)
BenchmarkTest01522,0,CWE-614,0,0,0,1.0,,0.10087677962527324,P4 - Low (ML Suppressed / Likely False Alarm)
BenchmarkTest01523,0,CWE-614,0,0,0,1.0,,0.10087677962527324,P4 - Low (ML Suppressed / Likely False Alarm)
BenchmarkTest01524,0,CWE-614,0,0,0,1.0,,0.09988438870874627,P4 - Low (ML Suppressed / Likely False Alarm)
BenchmarkTest01525,1,CWE-79,0,0,0,0.6516,,0.2918844006955008,P4 - Low (ML Suppressed / Likely False Alarm)
BenchmarkTest01526,0,CWE-78,1,1,0,0.5177,"Detected input from a HTTPServletRequest going into a 'ProcessBuilder' or 'exec' command. This could lead to command injection if variables passed into the exec commands are not properly sanitized. Instead, avoid using these OS commands with user-supplied input, or, if you must use these commands, use a whitelist of specific values.",0.5140518495956894,P3 - Medium (ML Moderate / Needs Review)
BenchmarkTest01527,0,CWE-78,1,1,0,0.5177,"Detected input from a HTTPServletRequest going into a 'ProcessBuilder' or 'exec' command. This could lead to command injection if variables passed into the exec commands are not properly sanitized. Instead, avoid using these OS commands with user-supplied input, or, if you must use these commands, use a whitelist of specific values.",0.5713557769679556,P3 - Medium (ML Moderate / Needs Review)
BenchmarkTest01528,0,CWE-78,1,1,0,0.5177,"Detected input from a HTTPServletRequest going into a 'ProcessBuilder' or 'exec' command. This could lead to command injection if variables passed into the exec commands are not properly sanitized. Instead, avoid using these OS commands with user-supplied input, or, if you must use these commands, use a whitelist of specific values.",0.5713557769679556,P3 - Medium (ML Moderate / Needs Review)
BenchmarkTest01529,0,CWE-78,1,1,0,0.5177,"Detected input from a HTTPServletRequest going into a 'ProcessBuilder' or 'exec' command. This could lead to command injection if variables passed into the exec commands are not properly sanitized. Instead, avoid using these OS commands with user-supplied input, or, if you must use these commands, use a whitelist of specific values.",0.5713557769679556,P3 - Medium (ML Moderate / Needs Review)
BenchmarkTest01530,0,CWE-78,1,1,0,0.5177,"Detected input from a HTTPServletRequest going into a 'ProcessBuilder' or 'exec' command. This could lead to command injection if variables passed into the exec commands are not properly sanitized. Instead, avoid using these OS commands with user-supplied input, or, if you must use these commands, use a whitelist of specific values.",0.5713557769679556,P3 - Medium (ML Moderate / Needs Review)
BenchmarkTest01531,1,CWE-78,1,1,0,0.5177,"Detected input from a HTTPServletRequest going into a 'ProcessBuilder' or 'exec' command. This could lead to command injection if variables passed into the exec commands are not properly sanitized. Instead, avoid using these OS commands with user-supplied input, or, if you must use these commands, use a whitelist of specific values.",0.5713557769679556,P3 - Medium (ML Moderate / Needs Review)
BenchmarkTest01532,0,CWE-78,1,1,0,0.5177,"Detected input from a HTTPServletRequest going into a 'ProcessBuilder' or 'exec' command. This could lead to command injection if variables passed into the exec commands are not properly sanitized. Instead, avoid using these OS commands with user-supplied input, or, if you must use these commands, use a whitelist of specific values.",0.565387778500283,P3 - Medium (ML Moderate / Needs Review)
BenchmarkTest01533,1,CWE-78,1,1,0,0.5177,"Detected input from a HTTPServletRequest going into a 'ProcessBuilder' or 'exec' command. This could lead to command injection if variables passed into the exec commands are not properly sanitized. Instead, avoid using these OS commands with user-supplied input, or, if you must use these commands, use a whitelist of specific values.",0.5076583195183094,P3 - Medium (ML Moderate / Needs Review)
BenchmarkTest01534,0,CWE-330,0,0,0,1.0,,0.05157343440022427,P4 - Low (ML Suppressed / Likely False Alarm)
BenchmarkTest01535,0,CWE-330,0,0,0,1.0,,0.05157343440022427,P4 - Low (ML Suppressed / Likely False Alarm)
BenchmarkTest01536,0,CWE-330,0,0,0,1.0,,0.054878713660365834,P4 - Low (ML Suppressed / Likely False Alarm)
BenchmarkTest01537,0,CWE-330,0,0,0,1.0,,0.051215480072750806,P4 - Low (ML Suppressed / Likely False Alarm)
BenchmarkTest01538,0,CWE-330,0,0,0,1.0,,0.057764259022038515,P4 - Low (ML Suppressed / Likely False Alarm)
BenchmarkTest01539,0,CWE-330,0,0,0,1.0,,0.051215480072750806,P4 - Low (ML Suppressed / Likely False Alarm)
BenchmarkTest01540,0,CWE-330,0,0,0,1.0,,0.05157343440022427,P4 - Low (ML Suppressed / Likely False Alarm)
BenchmarkTest01541,0,CWE-330,0,0,0,1.0,,0.051215480072750806,P4 - Low (ML Suppressed / Likely False Alarm)
BenchmarkTest01542,0,CWE-330,0,0,0,1.0,,0.054878713660365834,P4 - Low (ML Suppressed / Likely False Alarm)
BenchmarkTest01543,0,CWE-330,0,0,0,1.0,,0.057764259022038515,P4 - Low (ML Suppressed / Likely False Alarm)
BenchmarkTest01544,0,CWE-330,0,0,0,1.0,,0.054878713660365834,P4 - Low (ML Suppressed / Likely False Alarm)
BenchmarkTest01545,0,CWE-330,0,0,0,1.0,,0.057764259022038515,P4 - Low (ML Suppressed / Likely False Alarm)
BenchmarkTest01546,1,CWE-501,0,0,0,0.7234,,0.33858143099312765,P4 - Low (ML Suppressed / Likely False Alarm)
BenchmarkTest01547,1,CWE-501,0,0,0,0.7234,,0.3381941644881687,P4 - Low (ML Suppressed / Likely False Alarm)
BenchmarkTest01548,1,CWE-501,0,0,0,0.7234,,0.33884839126194705,P4 - Low (ML Suppressed / Likely False Alarm)
BenchmarkTest01549,1,CWE-501,0,0,0,0.7234,,0.33858143099312765,P4 - Low (ML Suppressed / Likely False Alarm)
BenchmarkTest01550,1,CWE-501,0,0,0,0.7234,,0.31561365135242075,P4 - Low (ML Suppressed / Likely False Alarm)
BenchmarkTest01551,1,CWE-501,0,0,0,0.7234,,0.3381941644881687,P4 - Low (ML Suppressed / Likely False Alarm)
BenchmarkTest01552,1,CWE-89,1,0,1,0.5746,Make sure using a dynamically formatted SQL query is safe here.,0.22966555524516252,P4 - Low (ML Suppressed / Likely False Alarm)
BenchmarkTest01553,0,CWE-89,0,0,0,0.5746,,0.2278663181533582,P4 - Low (ML Suppressed / Likely False Alarm)
BenchmarkTest01554,1,CWE-89,0,0,0,0.5746,,0.24016502690485492,P4 - Low (ML Suppressed / Likely False Alarm)
BenchmarkTest01555,0,CWE-89,0,0,0,0.5746,,0.2278663181533582,P4 - Low (ML Suppressed / Likely False Alarm)
BenchmarkTest01556,0,CWE-89,0,0,0,0.5746,,0.23686947337572348,P4 - Low (ML Suppressed / Likely False Alarm)
BenchmarkTest01557,1,CWE-89,2,1,1,0.5746,Detected a formatted string in a SQL statement. This could lead to SQL injection if variables in the SQL statement are not properly sanitized. Use a prepared statements (java.sql.PreparedStatement) instead. You can obtain a PreparedStatement using 'connection.prepareStatement'.,0.5312748750495969,P3 - Medium (ML Moderate / Needs Review)
BenchmarkTest01558,1,CWE-89,2,1,1,0.5746,Detected a formatted string in a SQL statement. This could lead to SQL injection if variables in the SQL statement are not properly sanitized. Use a prepared statements (java.sql.PreparedStatement) instead. You can obtain a PreparedStatement using 'connection.prepareStatement'.,0.46600563814060314,P3 - Medium (ML Moderate / Needs Review)
BenchmarkTest01559,1,CWE-89,2,1,1,0.5746,Detected a formatted string in a SQL statement. This could lead to SQL injection if variables in the SQL statement are not properly sanitized. Use a prepared statements (java.sql.PreparedStatement) instead. You can obtain a PreparedStatement using 'connection.prepareStatement'.,0.49671630473765704,P3 - Medium (ML Moderate / Needs Review)
BenchmarkTest01560,1,CWE-89,2,1,1,0.5746,Detected a formatted string in a SQL statement. This could lead to SQL injection if variables in the SQL statement are not properly sanitized. Use a prepared statements (java.sql.PreparedStatement) instead. You can obtain a PreparedStatement using 'connection.prepareStatement'.,0.549532047868988,P3 - Medium (ML Moderate / Needs Review)
BenchmarkTest01561,1,CWE-643,0,0,0,0.5185,,0.15954848044663497,P4 - Low (ML Suppressed / Likely False Alarm)
BenchmarkTest01562,0,CWE-643,0,0,0,0.5185,,0.22184131406995117,P4 - Low (ML Suppressed / Likely False Alarm)
BenchmarkTest01563,0,CWE-327,0,0,0,0.9046,,0.08431073471868633,P4 - Low (ML Suppressed / Likely False Alarm)
BenchmarkTest01564,0,CWE-327,0,0,0,0.9046,,0.10245024003086535,P4 - Low (ML Suppressed / Likely False Alarm)
BenchmarkTest01565,1,CWE-327,2,1,1,0.9046,DES is considered deprecated. AES is the recommended cipher. Upgrade to use AES. See https://www.nist.gov/news-events/news/2005/06/nist-withdraws-outdated-data-encryption-standard for more information.,0.9663830351149392,P1 - Critical (ML High-Confidence Vulnerability)
BenchmarkTest01566,1,CWE-327,1,0,1,0.9046,Use a secure cipher mode.,0.746894127214667,P2 - High (ML Probable Vulnerability)
BenchmarkTest01567,0,CWE-327,1,0,1,0.9046,Use a secure cipher mode.,0.7448928852534946,P2 - High (ML Probable Vulnerability)
BenchmarkTest01568,1,CWE-90,1,1,0,0.4815,"Detected input from a HTTPServletRequest going into an LDAP query. This could lead to LDAP injection if the input is not properly sanitized, which could result in attackers modifying objects in the LDAP tree structure. Ensure data passed to an LDAP query is not controllable or properly sanitize the data.",0.5026710330672093,P3 - Medium (ML Moderate / Needs Review)
BenchmarkTest01569,0,CWE-90,1,1,0,0.4815,"Detected input from a HTTPServletRequest going into an LDAP query. This could lead to LDAP injection if the input is not properly sanitized, which could result in attackers modifying objects in the LDAP tree structure. Ensure data passed to an LDAP query is not controllable or properly sanitize the data.",0.5131125537608819,P3 - Medium (ML Moderate / Needs Review)
BenchmarkTest01570,0,CWE-22,1,1,0,0.531,"Detected a potential path traversal. A malicious actor could control the location of this file, to include going backwards in the directory with '../'. To address this, ensure that user-controlled variables in file paths are sanitized. You may also consider using a utility method such as org.apache.commons.io.FilenameUtils.getName(...) to only retrieve the file name from the path.",0.5300041467457454,P3 - Medium (ML Moderate / Needs Review)
BenchmarkTest01571,1,CWE-22,1,1,0,0.531,"Detected a potential path traversal. A malicious actor could control the location of this file, to include going backwards in the directory with '../'. To address this, ensure that user-controlled variables in file paths are sanitized. You may also consider using a utility method such as org.apache.commons.io.FilenameUtils.getName(...) to only retrieve the file name from the path.",0.5333552162927581,P3 - Medium (ML Moderate / Needs Review)
BenchmarkTest01572,1,CWE-22,1,1,0,0.531,"Detected a potential path traversal. A malicious actor could control the location of this file, to include going backwards in the directory with '../'. To address this, ensure that user-controlled variables in file paths are sanitized. You may also consider using a utility method such as org.apache.commons.io.FilenameUtils.getName(...) to only retrieve the file name from the path.",0.528523134306003,P3 - Medium (ML Moderate / Needs Review)
BenchmarkTest01573,0,CWE-22,1,1,0,0.531,"Detected a potential path traversal. A malicious actor could control the location of this file, to include going backwards in the directory with '../'. To address this, ensure that user-controlled variables in file paths are sanitized. You may also consider using a utility method such as org.apache.commons.io.FilenameUtils.getName(...) to only retrieve the file name from the path.",0.5446502000682291,P3 - Medium (ML Moderate / Needs Review)
BenchmarkTest01574,0,CWE-22,1,1,0,0.531,"Detected a potential path traversal. A malicious actor could control the location of this file, to include going backwards in the directory with '../'. To address this, ensure that user-controlled variables in file paths are sanitized. You may also consider using a utility method such as org.apache.commons.io.FilenameUtils.getName(...) to only retrieve the file name from the path.",0.5333552162927581,P3 - Medium (ML Moderate / Needs Review)
BenchmarkTest01575,1,CWE-330,2,1,1,1.0,"Detected use of the functions `Math.random()` or `java.util.Random()`. These are both not cryptographically strong random number generators (RNGs). If you are using these RNGs to create passwords or secret tokens, use `java.security.SecureRandom` instead.",1.0,P1 - Critical (ML High-Confidence Vulnerability)
BenchmarkTest01576,0,CWE-328,0,0,0,1.0,,0.2042594061680803,P4 - Low (ML Suppressed / Likely False Alarm)
BenchmarkTest01577,1,CWE-328,2,1,1,1.0,Detected MD5 hash algorithm which is considered insecure. MD5 is not collision resistant and is therefore not suitable as a cryptographic signature. Use HMAC instead.,0.9969687847493788,P1 - Critical (ML High-Confidence Vulnerability)
BenchmarkTest01578,0,CWE-328,0,0,0,1.0,,0.2336827722158927,P4 - Low (ML Suppressed / Likely False Alarm)
BenchmarkTest01579,1,CWE-328,0,0,0,1.0,,0.21055491925120276,P4 - Low (ML Suppressed / Likely False Alarm)
BenchmarkTest01580,1,CWE-328,0,0,0,1.0,,0.20319054080011195,P4 - Low (ML Suppressed / Likely False Alarm)
BenchmarkTest01581,0,CWE-328,0,0,0,1.0,,0.21055491925120276,P4 - Low (ML Suppressed / Likely False Alarm)
BenchmarkTest01582,0,CWE-328,0,0,0,1.0,,0.2042594061680803,P4 - Low (ML Suppressed / Likely False Alarm)
BenchmarkTest01583,1,CWE-79,1,1,0,0.6516,"Detected a request with potential user-input going into a OutputStream or Writer object. This bypasses any view or template environments, including HTML escaping, which may expose this application to cross-site scripting (XSS) vulnerabilities. Consider using a view technology such as JavaServer Faces (JSFs) which automatically escapes HTML views.",0.620660943864709,P3 - Medium (ML Moderate / Needs Review)
BenchmarkTest01584,1,CWE-79,1,1,0,0.6516,"Detected a request with potential user-input going into a OutputStream or Writer object. This bypasses any view or template environments, including HTML escaping, which may expose this application to cross-site scripting (XSS) vulnerabilities. Consider using a view technology such as JavaServer Faces (JSFs) which automatically escapes HTML views.",0.658125282848209,P2 - High (ML Probable Vulnerability)
BenchmarkTest01585,0,CWE-79,1,1,0,0.6516,"Detected a request with potential user-input going into a OutputStream or Writer object. This bypasses any view or template environments, including HTML escaping, which may expose this application to cross-site scripting (XSS) vulnerabilities. Consider using a view technology such as JavaServer Faces (JSFs) which automatically escapes HTML views.",0.658125282848209,P2 - High (ML Probable Vulnerability)
BenchmarkTest01586,0,CWE-79,1,1,0,0.6516,"Detected a request with potential user-input going into a OutputStream or Writer object. This bypasses any view or template environments, including HTML escaping, which may expose this application to cross-site scripting (XSS) vulnerabilities. Consider using a view technology such as JavaServer Faces (JSFs) which automatically escapes HTML views.",0.6567667998284668,P2 - High (ML Probable Vulnerability)
BenchmarkTest01587,1,CWE-79,1,1,0,0.6516,"Detected a request with potential user-input going into a OutputStream or Writer object. This bypasses any view or template environments, including HTML escaping, which may expose this application to cross-site scripting (XSS) vulnerabilities. Consider using a view technology such as JavaServer Faces (JSFs) which automatically escapes HTML views.",0.658125282848209,P2 - High (ML Probable Vulnerability)
BenchmarkTest01588,0,CWE-79,1,1,0,0.6516,"Detected a request with potential user-input going into a OutputStream or Writer object. This bypasses any view or template environments, including HTML escaping, which may expose this application to cross-site scripting (XSS) vulnerabilities. Consider using a view technology such as JavaServer Faces (JSFs) which automatically escapes HTML views.",0.658125282848209,P2 - High (ML Probable Vulnerability)
BenchmarkTest01589,1,CWE-79,1,1,0,0.6516,"Detected a request with potential user-input going into a OutputStream or Writer object. This bypasses any view or template environments, including HTML escaping, which may expose this application to cross-site scripting (XSS) vulnerabilities. Consider using a view technology such as JavaServer Faces (JSFs) which automatically escapes HTML views.",0.6567667998284668,P2 - High (ML Probable Vulnerability)
BenchmarkTest01590,1,CWE-79,1,1,0,0.6516,"Detected a request with potential user-input going into a OutputStream or Writer object. This bypasses any view or template environments, including HTML escaping, which may expose this application to cross-site scripting (XSS) vulnerabilities. Consider using a view technology such as JavaServer Faces (JSFs) which automatically escapes HTML views.",0.658125282848209,P2 - High (ML Probable Vulnerability)
BenchmarkTest01591,0,CWE-79,1,1,0,0.6516,"Detected a request with potential user-input going into a OutputStream or Writer object. This bypasses any view or template environments, including HTML escaping, which may expose this application to cross-site scripting (XSS) vulnerabilities. Consider using a view technology such as JavaServer Faces (JSFs) which automatically escapes HTML views.",0.6567667998284668,P2 - High (ML Probable Vulnerability)
BenchmarkTest01592,1,CWE-79,1,1,0,0.6516,"Detected a request with potential user-input going into a OutputStream or Writer object. This bypasses any view or template environments, including HTML escaping, which may expose this application to cross-site scripting (XSS) vulnerabilities. Consider using a view technology such as JavaServer Faces (JSFs) which automatically escapes HTML views.",0.658125282848209,P2 - High (ML Probable Vulnerability)
BenchmarkTest01593,0,CWE-79,1,1,0,0.6516,"Detected a request with potential user-input going into a OutputStream or Writer object. This bypasses any view or template environments, including HTML escaping, which may expose this application to cross-site scripting (XSS) vulnerabilities. Consider using a view technology such as JavaServer Faces (JSFs) which automatically escapes HTML views.",0.6447953001558595,P3 - Medium (ML Moderate / Needs Review)
BenchmarkTest01594,1,CWE-79,1,1,0,0.6516,"Detected a request with potential user-input going into a OutputStream or Writer object. This bypasses any view or template environments, including HTML escaping, which may expose this application to cross-site scripting (XSS) vulnerabilities. Consider using a view technology such as JavaServer Faces (JSFs) which automatically escapes HTML views.",0.6654635318596704,P2 - High (ML Probable Vulnerability)
BenchmarkTest01595,0,CWE-79,1,1,0,0.6516,"Detected a request with potential user-input going into a OutputStream or Writer object. This bypasses any view or template environments, including HTML escaping, which may expose this application to cross-site scripting (XSS) vulnerabilities. Consider using a view technology such as JavaServer Faces (JSFs) which automatically escapes HTML views.",0.658125282848209,P2 - High (ML Probable Vulnerability)
BenchmarkTest01596,1,CWE-79,1,1,0,0.6516,"Detected a request with potential user-input going into a OutputStream or Writer object. This bypasses any view or template environments, including HTML escaping, which may expose this application to cross-site scripting (XSS) vulnerabilities. Consider using a view technology such as JavaServer Faces (JSFs) which automatically escapes HTML views.",0.6654635318596704,P2 - High (ML Probable Vulnerability)
BenchmarkTest01597,1,CWE-79,1,1,0,0.6516,"Detected a request with potential user-input going into a OutputStream or Writer object. This bypasses any view or template environments, including HTML escaping, which may expose this application to cross-site scripting (XSS) vulnerabilities. Consider using a view technology such as JavaServer Faces (JSFs) which automatically escapes HTML views.",0.658125282848209,P2 - High (ML Probable Vulnerability)
BenchmarkTest01598,1,CWE-79,1,1,0,0.6516,"Detected a request with potential user-input going into a OutputStream or Writer object. This bypasses any view or template environments, including HTML escaping, which may expose this application to cross-site scripting (XSS) vulnerabilities. Consider using a view technology such as JavaServer Faces (JSFs) which automatically escapes HTML views.",0.6654635318596704,P2 - High (ML Probable Vulnerability)
BenchmarkTest01599,0,CWE-79,1,1,0,0.6516,"Detected a request with potential user-input going into a OutputStream or Writer object. This bypasses any view or template environments, including HTML escaping, which may expose this application to cross-site scripting (XSS) vulnerabilities. Consider using a view technology such as JavaServer Faces (JSFs) which automatically escapes HTML views.",0.6567667998284668,P2 - High (ML Probable Vulnerability)
BenchmarkTest01600,0,CWE-78,1,1,0,0.5177,"Detected input from a HTTPServletRequest going into a 'ProcessBuilder' or 'exec' command. This could lead to command injection if variables passed into the exec commands are not properly sanitized. Instead, avoid using these OS commands with user-supplied input, or, if you must use these commands, use a whitelist of specific values.",0.5076583195183094,P3 - Medium (ML Moderate / Needs Review)
BenchmarkTest01601,1,CWE-78,1,1,0,0.5177,"Detected input from a HTTPServletRequest going into a 'ProcessBuilder' or 'exec' command. This could lead to command injection if variables passed into the exec commands are not properly sanitized. Instead, avoid using these OS commands with user-supplied input, or, if you must use these commands, use a whitelist of specific values.",0.5713557769679556,P3 - Medium (ML Moderate / Needs Review)
BenchmarkTest01602,1,CWE-330,2,1,1,1.0,"Detected use of the functions `Math.random()` or `java.util.Random()`. These are both not cryptographically strong random number generators (RNGs). If you are using these RNGs to create passwords or secret tokens, use `java.security.SecureRandom` instead.",1.0,P1 - Critical (ML High-Confidence Vulnerability)
BenchmarkTest01603,1,CWE-330,2,1,1,1.0,"Detected use of the functions `Math.random()` or `java.util.Random()`. These are both not cryptographically strong random number generators (RNGs). If you are using these RNGs to create passwords or secret tokens, use `java.security.SecureRandom` instead.",1.0,P1 - Critical (ML High-Confidence Vulnerability)
BenchmarkTest01604,0,CWE-614,0,0,0,1.0,,0.10458381250387964,P4 - Low (ML Suppressed / Likely False Alarm)
BenchmarkTest01605,0,CWE-614,0,0,0,1.0,,0.10458381250387964,P4 - Low (ML Suppressed / Likely False Alarm)
BenchmarkTest01606,0,CWE-78,1,1,0,0.5177,"Detected input from a HTTPServletRequest going into a 'ProcessBuilder' or 'exec' command. This could lead to command injection if variables passed into the exec commands are not properly sanitized. Instead, avoid using these OS commands with user-supplied input, or, if you must use these commands, use a whitelist of specific values.",0.5140518495956894,P3 - Medium (ML Moderate / Needs Review)
BenchmarkTest01607,0,CWE-78,1,1,0,0.5177,"Detected input from a HTTPServletRequest going into a 'ProcessBuilder' or 'exec' command. This could lead to command injection if variables passed into the exec commands are not properly sanitized. Instead, avoid using these OS commands with user-supplied input, or, if you must use these commands, use a whitelist of specific values.",0.543197997632849,P3 - Medium (ML Moderate / Needs Review)
BenchmarkTest01608,0,CWE-78,1,1,0,0.5177,"Detected input from a HTTPServletRequest going into a 'ProcessBuilder' or 'exec' command. This could lead to command injection if variables passed into the exec commands are not properly sanitized. Instead, avoid using these OS commands with user-supplied input, or, if you must use these commands, use a whitelist of specific values.",0.5713557769679556,P3 - Medium (ML Moderate / Needs Review)
BenchmarkTest01609,1,CWE-78,1,1,0,0.5177,"Detected input from a HTTPServletRequest going into a 'ProcessBuilder' or 'exec' command. This could lead to command injection if variables passed into the exec commands are not properly sanitized. Instead, avoid using these OS commands with user-supplied input, or, if you must use these commands, use a whitelist of specific values.",0.5076583195183094,P3 - Medium (ML Moderate / Needs Review)
BenchmarkTest01610,1,CWE-78,1,1,0,0.5177,"Detected input from a HTTPServletRequest going into a 'ProcessBuilder' or 'exec' command. This could lead to command injection if variables passed into the exec commands are not properly sanitized. Instead, avoid using these OS commands with user-supplied input, or, if you must use these commands, use a whitelist of specific values.",0.543197997632849,P3 - Medium (ML Moderate / Needs Review)
BenchmarkTest01611,0,CWE-330,0,0,0,1.0,,0.054878713660365834,P4 - Low (ML Suppressed / Likely False Alarm)
BenchmarkTest01612,0,CWE-330,0,0,0,1.0,,0.051215480072750806,P4 - Low (ML Suppressed / Likely False Alarm)
BenchmarkTest01613,0,CWE-330,0,0,0,1.0,,0.057764259022038515,P4 - Low (ML Suppressed / Likely False Alarm)
BenchmarkTest01614,0,CWE-330,0,0,0,1.0,,0.051215480072750806,P4 - Low (ML Suppressed / Likely False Alarm)
BenchmarkTest01615,1,CWE-501,1,1,0,0.7234,"Detected a request with potential user-input going into a OutputStream or Writer object. This bypasses any view or template environments, including HTML escaping, which may expose this application to cross-site scripting (XSS) vulnerabilities. Consider using a view technology such as JavaServer Faces (JSFs) which automatically escapes HTML views.",0.7078618281880859,P2 - High (ML Probable Vulnerability)
BenchmarkTest01616,1,CWE-501,1,1,0,0.7234,"Detected a request with potential user-input going into a OutputStream or Writer object. This bypasses any view or template environments, including HTML escaping, which may expose this application to cross-site scripting (XSS) vulnerabilities. Consider using a view technology such as JavaServer Faces (JSFs) which automatically escapes HTML views.",0.7065454651105066,P2 - High (ML Probable Vulnerability)
BenchmarkTest01617,1,CWE-501,1,1,0,0.7234,"Detected a request with potential user-input going into a OutputStream or Writer object. This bypasses any view or template environments, including HTML escaping, which may expose this application to cross-site scripting (XSS) vulnerabilities. Consider using a view technology such as JavaServer Faces (JSFs) which automatically escapes HTML views.",0.6941563292264352,P2 - High (ML Probable Vulnerability)
BenchmarkTest01618,1,CWE-501,1,1,0,0.7234,"Detected a request with potential user-input going into a OutputStream or Writer object. This bypasses any view or template environments, including HTML escaping, which may expose this application to cross-site scripting (XSS) vulnerabilities. Consider using a view technology such as JavaServer Faces (JSFs) which automatically escapes HTML views.",0.7097295014333608,P2 - High (ML Probable Vulnerability)
BenchmarkTest01619,1,CWE-501,1,1,0,0.7234,"Detected a request with potential user-input going into a OutputStream or Writer object. This bypasses any view or template environments, including HTML escaping, which may expose this application to cross-site scripting (XSS) vulnerabilities. Consider using a view technology such as JavaServer Faces (JSFs) which automatically escapes HTML views.",0.675477596449973,P2 - High (ML Probable Vulnerability)
BenchmarkTest01620,1,CWE-89,2,1,1,0.5746,Detected input from a HTTPServletRequest going into a SQL sink or statement. This could lead to SQL injection if variables in the SQL statement are not properly sanitized. Use parameterized SQL queries or properly sanitize user input instead.,0.6172031360784221,P3 - Medium (ML Moderate / Needs Review)
BenchmarkTest01621,1,CWE-89,2,1,1,0.5746,Detected input from a HTTPServletRequest going into a SQL sink or statement. This could lead to SQL injection if variables in the SQL statement are not properly sanitized. Use parameterized SQL queries or properly sanitize user input instead.,0.6013870000430575,P3 - Medium (ML Moderate / Needs Review)
BenchmarkTest01622,0,CWE-89,2,1,1,0.5746,Detected input from a HTTPServletRequest going into a SQL sink or statement. This could lead to SQL injection if variables in the SQL statement are not properly sanitized. Use parameterized SQL queries or properly sanitize user input instead.,0.6326009898069045,P3 - Medium (ML Moderate / Needs Review)
BenchmarkTest01623,1,CWE-89,2,1,1,0.5746,Detected input from a HTTPServletRequest going into a SQL sink or statement. This could lead to SQL injection if variables in the SQL statement are not properly sanitized. Use parameterized SQL queries or properly sanitize user input instead.,0.6133730231246536,P3 - Medium (ML Moderate / Needs Review)
BenchmarkTest01624,1,CWE-89,1,1,0,0.5746,Detected input from a HTTPServletRequest going into a SQL sink or statement. This could lead to SQL injection if variables in the SQL statement are not properly sanitized. Use parameterized SQL queries or properly sanitize user input instead.,0.6411923512308969,P3 - Medium (ML Moderate / Needs Review)
BenchmarkTest01625,1,CWE-89,1,1,0,0.5746,"Detected a request with potential user-input going into a OutputStream or Writer object. This bypasses any view or template environments, including HTML escaping, which may expose this application to cross-site scripting (XSS) vulnerabilities. Consider using a view technology such as JavaServer Faces (JSFs) which automatically escapes HTML views.",0.6073803082754364,P3 - Medium (ML Moderate / Needs Review)
BenchmarkTest01626,1,CWE-89,2,1,1,0.5746,Detected input from a HTTPServletRequest going into a SQL sink or statement. This could lead to SQL injection if variables in the SQL statement are not properly sanitized. Use parameterized SQL queries or properly sanitize user input instead.,0.6052657034562158,P3 - Medium (ML Moderate / Needs Review)
BenchmarkTest01627,1,CWE-89,2,1,1,0.5746,Detected a formatted string in a SQL statement. This could lead to SQL injection if variables in the SQL statement are not properly sanitized. Use a prepared statements (java.sql.PreparedStatement) instead. You can obtain a PreparedStatement using 'connection.prepareStatement'.,0.46600563814060314,P3 - Medium (ML Moderate / Needs Review)
BenchmarkTest01628,0,CWE-89,2,1,1,0.5746,Detected a formatted string in a SQL statement. This could lead to SQL injection if variables in the SQL statement are not properly sanitized. Use a prepared statements (java.sql.PreparedStatement) instead. You can obtain a PreparedStatement using 'connection.prepareStatement'.,0.5312748750495969,P3 - Medium (ML Moderate / Needs Review)
BenchmarkTest01629,0,CWE-89,2,1,1,0.5746,Detected input from a HTTPServletRequest going into a SQL sink or statement. This could lead to SQL injection if variables in the SQL statement are not properly sanitized. Use parameterized SQL queries or properly sanitize user input instead.,0.6052657034562158,P3 - Medium (ML Moderate / Needs Review)
BenchmarkTest01630,1,CWE-89,2,1,1,0.5746,Detected input from a HTTPServletRequest going into a SQL sink or statement. This could lead to SQL injection if variables in the SQL statement are not properly sanitized. Use parameterized SQL queries or properly sanitize user input instead.,0.6013870000430575,P3 - Medium (ML Moderate / Needs Review)
BenchmarkTest01631,1,CWE-89,2,1,1,0.5746,Detected input from a HTTPServletRequest going into a SQL sink or statement. This could lead to SQL injection if variables in the SQL statement are not properly sanitized. Use parameterized SQL queries or properly sanitize user input instead.,0.6052657034562158,P3 - Medium (ML Moderate / Needs Review)
BenchmarkTest01632,0,CWE-643,1,1,0,0.5185,"Detected a request with potential user-input going into a OutputStream or Writer object. This bypasses any view or template environments, including HTML escaping, which may expose this application to cross-site scripting (XSS) vulnerabilities. Consider using a view technology such as JavaServer Faces (JSFs) which automatically escapes HTML views.",0.5639760800600782,P3 - Medium (ML Moderate / Needs Review)
BenchmarkTest01633,0,CWE-643,1,1,0,0.5185,"Detected a request with potential user-input going into a OutputStream or Writer object. This bypasses any view or template environments, including HTML escaping, which may expose this application to cross-site scripting (XSS) vulnerabilities. Consider using a view technology such as JavaServer Faces (JSFs) which automatically escapes HTML views.",0.5248431078241387,P3 - Medium (ML Moderate / Needs Review)
BenchmarkTest01634,1,CWE-327,1,0,1,0.9046,Use another cipher mode or disable padding.,0.746894127214667,P2 - High (ML Probable Vulnerability)
BenchmarkTest01635,0,CWE-327,0,0,0,0.9046,,0.09176958896267884,P4 - Low (ML Suppressed / Likely False Alarm)
BenchmarkTest01636,0,CWE-327,0,0,0,0.9046,,0.08431073471868633,P4 - Low (ML Suppressed / Likely False Alarm)
BenchmarkTest01637,1,CWE-327,1,0,1,0.9046,Use a strong cipher algorithm.,0.746894127214667,P2 - High (ML Probable Vulnerability)
BenchmarkTest01638,1,CWE-327,2,1,1,0.9046,DES is considered deprecated. AES is the recommended cipher. Upgrade to use AES. See https://www.nist.gov/news-events/news/2005/06/nist-withdraws-outdated-data-encryption-standard for more information.,0.9582673165050278,P1 - Critical (ML High-Confidence Vulnerability)
BenchmarkTest01639,1,CWE-327,2,1,1,0.9046,DES is considered deprecated. AES is the recommended cipher. Upgrade to use AES. See https://www.nist.gov/news-events/news/2005/06/nist-withdraws-outdated-data-encryption-standard for more information.,0.9549847982426458,P1 - Critical (ML High-Confidence Vulnerability)
BenchmarkTest01640,0,CWE-327,0,0,0,0.9046,,0.10245024003086535,P4 - Low (ML Suppressed / Likely False Alarm)
BenchmarkTest01641,1,CWE-327,1,0,1,0.9046,Use a secure cipher mode.,0.7651568594963934,P2 - High (ML Probable Vulnerability)
BenchmarkTest01642,1,CWE-22,1,1,0,0.531,"Detected a potential path traversal. A malicious actor could control the location of this file, to include going backwards in the directory with '../'. To address this, ensure that user-controlled variables in file paths are sanitized. You may also consider using a utility method such as org.apache.commons.io.FilenameUtils.getName(...) to only retrieve the file name from the path.",0.5323617688956359,P3 - Medium (ML Moderate / Needs Review)
BenchmarkTest01643,1,CWE-22,1,1,0,0.531,"Detected a potential path traversal. A malicious actor could control the location of this file, to include going backwards in the directory with '../'. To address this, ensure that user-controlled variables in file paths are sanitized. You may also consider using a utility method such as org.apache.commons.io.FilenameUtils.getName(...) to only retrieve the file name from the path.",0.5300041467457454,P3 - Medium (ML Moderate / Needs Review)
BenchmarkTest01644,0,CWE-22,1,1,0,0.531,"Detected a potential path traversal. A malicious actor could control the location of this file, to include going backwards in the directory with '../'. To address this, ensure that user-controlled variables in file paths are sanitized. You may also consider using a utility method such as org.apache.commons.io.FilenameUtils.getName(...) to only retrieve the file name from the path.",0.5446502000682291,P3 - Medium (ML Moderate / Needs Review)
BenchmarkTest01645,1,CWE-22,1,1,0,0.531,"Detected a potential path traversal. A malicious actor could control the location of this file, to include going backwards in the directory with '../'. To address this, ensure that user-controlled variables in file paths are sanitized. You may also consider using a utility method such as org.apache.commons.io.FilenameUtils.getName(...) to only retrieve the file name from the path.",0.5300041467457454,P3 - Medium (ML Moderate / Needs Review)
BenchmarkTest01646,0,CWE-22,1,1,0,0.531,"Detected a potential path traversal. A malicious actor could control the location of this file, to include going backwards in the directory with '../'. To address this, ensure that user-controlled variables in file paths are sanitized. You may also consider using a utility method such as org.apache.commons.io.FilenameUtils.getName(...) to only retrieve the file name from the path.",0.5323617688956359,P3 - Medium (ML Moderate / Needs Review)
BenchmarkTest01647,1,CWE-22,1,1,0,0.531,"Detected a potential path traversal. A malicious actor could control the location of this file, to include going backwards in the directory with '../'. To address this, ensure that user-controlled variables in file paths are sanitized. You may also consider using a utility method such as org.apache.commons.io.FilenameUtils.getName(...) to only retrieve the file name from the path.",0.5446502000682291,P3 - Medium (ML Moderate / Needs Review)
BenchmarkTest01648,1,CWE-330,2,1,1,1.0,"Detected use of the functions `Math.random()` or `java.util.Random()`. These are both not cryptographically strong random number generators (RNGs). If you are using these RNGs to create passwords or secret tokens, use `java.security.SecureRandom` instead.",1.0,P1 - Critical (ML High-Confidence Vulnerability)
BenchmarkTest01649,1,CWE-328,2,1,1,1.0,"Detected SHA1 hash algorithm which is considered insecure. SHA1 is not collision resistant and is therefore not suitable as a cryptographic signature. Instead, use PBKDF2 for password hashing or SHA256 or SHA512 for other hash function applications.",0.9964738352100482,P1 - Critical (ML High-Confidence Vulnerability)
BenchmarkTest01650,1,CWE-328,2,1,1,1.0,"Detected SHA1 hash algorithm which is considered insecure. SHA1 is not collision resistant and is therefore not suitable as a cryptographic signature. Instead, use PBKDF2 for password hashing or SHA256 or SHA512 for other hash function applications.",0.9963725018172893,P1 - Critical (ML High-Confidence Vulnerability)
BenchmarkTest01651,1,CWE-328,2,1,1,1.0,"Detected SHA1 hash algorithm which is considered insecure. SHA1 is not collision resistant and is therefore not suitable as a cryptographic signature. Instead, use PBKDF2 for password hashing or SHA256 or SHA512 for other hash function applications.",0.9969687847493788,P1 - Critical (ML High-Confidence Vulnerability)
BenchmarkTest01652,0,CWE-328,0,0,0,1.0,,0.22444171124432277,P4 - Low (ML Suppressed / Likely False Alarm)
BenchmarkTest01653,1,CWE-328,2,1,1,1.0,Detected MD5 hash algorithm which is considered insecure. MD5 is not collision resistant and is therefore not suitable as a cryptographic signature. Use HMAC instead.,0.9980365742548483,P1 - Critical (ML High-Confidence Vulnerability)
BenchmarkTest01654,1,CWE-328,0,0,0,1.0,,0.2336827722158927,P4 - Low (ML Suppressed / Likely False Alarm)
BenchmarkTest01655,0,CWE-328,0,0,0,1.0,,0.2042594061680803,P4 - Low (ML Suppressed / Likely False Alarm)
BenchmarkTest01656,0,CWE-328,0,0,0,1.0,,0.2336827722158927,P4 - Low (ML Suppressed / Likely False Alarm)
BenchmarkTest01657,1,CWE-79,1,1,0,0.6516,"Detected a request with potential user-input going into a OutputStream or Writer object. This bypasses any view or template environments, including HTML escaping, which may expose this application to cross-site scripting (XSS) vulnerabilities. Consider using a view technology such as JavaServer Faces (JSFs) which automatically escapes HTML views.",0.658125282848209,P2 - High (ML Probable Vulnerability)
BenchmarkTest01658,1,CWE-79,1,1,0,0.6516,"Detected a request with potential user-input going into a OutputStream or Writer object. This bypasses any view or template environments, including HTML escaping, which may expose this application to cross-site scripting (XSS) vulnerabilities. Consider using a view technology such as JavaServer Faces (JSFs) which automatically escapes HTML views.",0.658125282848209,P2 - High (ML Probable Vulnerability)
BenchmarkTest01659,0,CWE-79,1,1,0,0.6516,"Detected a request with potential user-input going into a OutputStream or Writer object. This bypasses any view or template environments, including HTML escaping, which may expose this application to cross-site scripting (XSS) vulnerabilities. Consider using a view technology such as JavaServer Faces (JSFs) which automatically escapes HTML views.",0.6654635318596704,P2 - High (ML Probable Vulnerability)
BenchmarkTest01660,1,CWE-79,1,1,0,0.6516,"Detected a request with potential user-input going into a OutputStream or Writer object. This bypasses any view or template environments, including HTML escaping, which may expose this application to cross-site scripting (XSS) vulnerabilities. Consider using a view technology such as JavaServer Faces (JSFs) which automatically escapes HTML views.",0.6654635318596704,P2 - High (ML Probable Vulnerability)
BenchmarkTest01661,0,CWE-79,1,1,0,0.6516,"Detected a request with potential user-input going into a OutputStream or Writer object. This bypasses any view or template environments, including HTML escaping, which may expose this application to cross-site scripting (XSS) vulnerabilities. Consider using a view technology such as JavaServer Faces (JSFs) which automatically escapes HTML views.",0.658125282848209,P2 - High (ML Probable Vulnerability)
BenchmarkTest01662,1,CWE-79,1,1,0,0.6516,"Detected a request with potential user-input going into a OutputStream or Writer object. This bypasses any view or template environments, including HTML escaping, which may expose this application to cross-site scripting (XSS) vulnerabilities. Consider using a view technology such as JavaServer Faces (JSFs) which automatically escapes HTML views.",0.6447953001558595,P3 - Medium (ML Moderate / Needs Review)
BenchmarkTest01663,0,CWE-79,1,1,0,0.6516,"Detected a request with potential user-input going into a OutputStream or Writer object. This bypasses any view or template environments, including HTML escaping, which may expose this application to cross-site scripting (XSS) vulnerabilities. Consider using a view technology such as JavaServer Faces (JSFs) which automatically escapes HTML views.",0.6654635318596704,P2 - High (ML Probable Vulnerability)
BenchmarkTest01664,0,CWE-79,1,1,0,0.6516,"Detected a request with potential user-input going into a OutputStream or Writer object. This bypasses any view or template environments, including HTML escaping, which may expose this application to cross-site scripting (XSS) vulnerabilities. Consider using a view technology such as JavaServer Faces (JSFs) which automatically escapes HTML views.",0.620660943864709,P3 - Medium (ML Moderate / Needs Review)
BenchmarkTest01665,1,CWE-79,1,1,0,0.6516,"Detected a request with potential user-input going into a OutputStream or Writer object. This bypasses any view or template environments, including HTML escaping, which may expose this application to cross-site scripting (XSS) vulnerabilities. Consider using a view technology such as JavaServer Faces (JSFs) which automatically escapes HTML views.",0.6447953001558595,P3 - Medium (ML Moderate / Needs Review)
BenchmarkTest01666,1,CWE-79,1,1,0,0.6516,"Detected a request with potential user-input going into a OutputStream or Writer object. This bypasses any view or template environments, including HTML escaping, which may expose this application to cross-site scripting (XSS) vulnerabilities. Consider using a view technology such as JavaServer Faces (JSFs) which automatically escapes HTML views.",0.6654635318596704,P2 - High (ML Probable Vulnerability)
BenchmarkTest01667,1,CWE-79,1,1,0,0.6516,"Detected a request with potential user-input going into a OutputStream or Writer object. This bypasses any view or template environments, including HTML escaping, which may expose this application to cross-site scripting (XSS) vulnerabilities. Consider using a view technology such as JavaServer Faces (JSFs) which automatically escapes HTML views.",0.6447953001558595,P3 - Medium (ML Moderate / Needs Review)
BenchmarkTest01668,0,CWE-79,1,1,0,0.6516,"Detected a request with potential user-input going into a OutputStream or Writer object. This bypasses any view or template environments, including HTML escaping, which may expose this application to cross-site scripting (XSS) vulnerabilities. Consider using a view technology such as JavaServer Faces (JSFs) which automatically escapes HTML views.",0.6447953001558595,P3 - Medium (ML Moderate / Needs Review)
BenchmarkTest01669,0,CWE-79,1,1,0,0.6516,"Detected a request with potential user-input going into a OutputStream or Writer object. This bypasses any view or template environments, including HTML escaping, which may expose this application to cross-site scripting (XSS) vulnerabilities. Consider using a view technology such as JavaServer Faces (JSFs) which automatically escapes HTML views.",0.6447953001558595,P3 - Medium (ML Moderate / Needs Review)
BenchmarkTest01670,1,CWE-79,1,1,0,0.6516,"Detected a request with potential user-input going into a OutputStream or Writer object. This bypasses any view or template environments, including HTML escaping, which may expose this application to cross-site scripting (XSS) vulnerabilities. Consider using a view technology such as JavaServer Faces (JSFs) which automatically escapes HTML views.",0.6567667998284668,P2 - High (ML Probable Vulnerability)
BenchmarkTest01671,0,CWE-79,1,1,0,0.6516,"Detected a request with potential user-input going into a OutputStream or Writer object. This bypasses any view or template environments, including HTML escaping, which may expose this application to cross-site scripting (XSS) vulnerabilities. Consider using a view technology such as JavaServer Faces (JSFs) which automatically escapes HTML views.",0.6447953001558595,P3 - Medium (ML Moderate / Needs Review)
BenchmarkTest01672,0,CWE-78,1,1,0,0.5177,A formatted or concatenated string was detected as input to a ProcessBuilder call. This is dangerous if a variable is controlled by user input and could result in a command injection. Ensure your variables are not controlled by users or sufficiently sanitized.,0.3218176877891268,P4 - Low (ML Suppressed / Likely False Alarm)
BenchmarkTest01673,1,CWE-78,1,1,0,0.5177,"Detected input from a HTTPServletRequest going into a 'ProcessBuilder' or 'exec' command. This could lead to command injection if variables passed into the exec commands are not properly sanitized. Instead, avoid using these OS commands with user-supplied input, or, if you must use these commands, use a whitelist of specific values.",0.5140518495956894,P3 - Medium (ML Moderate / Needs Review)
BenchmarkTest01674,1,CWE-78,1,1,0,0.5177,"Detected input from a HTTPServletRequest going into a 'ProcessBuilder' or 'exec' command. This could lead to command injection if variables passed into the exec commands are not properly sanitized. Instead, avoid using these OS commands with user-supplied input, or, if you must use these commands, use a whitelist of specific values.",0.5140518495956894,P3 - Medium (ML Moderate / Needs Review)
BenchmarkTest01675,1,CWE-330,2,1,1,1.0,"Detected use of the functions `Math.random()` or `java.util.Random()`. These are both not cryptographically strong random number generators (RNGs). If you are using these RNGs to create passwords or secret tokens, use `java.security.SecureRandom` instead.",1.0,P1 - Critical (ML High-Confidence Vulnerability)
BenchmarkTest01676,1,CWE-330,2,1,1,1.0,"Detected use of the functions `Math.random()` or `java.util.Random()`. These are both not cryptographically strong random number generators (RNGs). If you are using these RNGs to create passwords or secret tokens, use `java.security.SecureRandom` instead.",1.0,P1 - Critical (ML High-Confidence Vulnerability)
BenchmarkTest01677,1,CWE-330,2,1,1,1.0,"Detected use of the functions `Math.random()` or `java.util.Random()`. These are both not cryptographically strong random number generators (RNGs). If you are using these RNGs to create passwords or secret tokens, use `java.security.SecureRandom` instead.",1.0,P1 - Critical (ML High-Confidence Vulnerability)
BenchmarkTest01678,1,CWE-330,2,1,1,1.0,"Detected use of the functions `Math.random()` or `java.util.Random()`. These are both not cryptographically strong random number generators (RNGs). If you are using these RNGs to create passwords or secret tokens, use `java.security.SecureRandom` instead.",1.0,P1 - Critical (ML High-Confidence Vulnerability)
BenchmarkTest01679,1,CWE-330,2,1,1,1.0,"Detected use of the functions `Math.random()` or `java.util.Random()`. These are both not cryptographically strong random number generators (RNGs). If you are using these RNGs to create passwords or secret tokens, use `java.security.SecureRandom` instead.",1.0,P1 - Critical (ML High-Confidence Vulnerability)
BenchmarkTest01680,1,CWE-330,2,1,1,1.0,"Detected use of the functions `Math.random()` or `java.util.Random()`. These are both not cryptographically strong random number generators (RNGs). If you are using these RNGs to create passwords or secret tokens, use `java.security.SecureRandom` instead.",1.0,P1 - Critical (ML High-Confidence Vulnerability)
BenchmarkTest01681,1,CWE-330,2,1,1,1.0,"Detected use of the functions `Math.random()` or `java.util.Random()`. These are both not cryptographically strong random number generators (RNGs). If you are using these RNGs to create passwords or secret tokens, use `java.security.SecureRandom` instead.",1.0,P1 - Critical (ML High-Confidence Vulnerability)
BenchmarkTest01682,1,CWE-614,1,1,0,1.0,A cookie was detected without setting the 'secure' flag. The 'secure' flag for cookies prevents the client from transmitting the cookie over insecure channels such as HTTP. Set the 'secure' flag by calling 'cookie.setSecure(true);',0.9363653782212263,P1 - Critical (ML High-Confidence Vulnerability)
BenchmarkTest01683,1,CWE-614,1,1,0,1.0,A cookie was detected without setting the 'secure' flag. The 'secure' flag for cookies prevents the client from transmitting the cookie over insecure channels such as HTTP. Set the 'secure' flag by calling 'cookie.setSecure(true);',0.9363653782212263,P1 - Critical (ML High-Confidence Vulnerability)
BenchmarkTest01684,0,CWE-614,0,0,0,1.0,,0.10509525118902438,P4 - Low (ML Suppressed / Likely False Alarm)
BenchmarkTest01685,1,CWE-78,1,1,0,0.5177,"Detected input from a HTTPServletRequest going into a 'ProcessBuilder' or 'exec' command. This could lead to command injection if variables passed into the exec commands are not properly sanitized. Instead, avoid using these OS commands with user-supplied input, or, if you must use these commands, use a whitelist of specific values.",0.5076583195183094,P3 - Medium (ML Moderate / Needs Review)
BenchmarkTest01686,0,CWE-78,1,1,0,0.5177,"Detected input from a HTTPServletRequest going into a 'ProcessBuilder' or 'exec' command. This could lead to command injection if variables passed into the exec commands are not properly sanitized. Instead, avoid using these OS commands with user-supplied input, or, if you must use these commands, use a whitelist of specific values.",0.565387778500283,P3 - Medium (ML Moderate / Needs Review)
BenchmarkTest01687,0,CWE-78,1,1,0,0.5177,"Detected input from a HTTPServletRequest going into a 'ProcessBuilder' or 'exec' command. This could lead to command injection if variables passed into the exec commands are not properly sanitized. Instead, avoid using these OS commands with user-supplied input, or, if you must use these commands, use a whitelist of specific values.",0.5713557769679556,P3 - Medium (ML Moderate / Needs Review)
BenchmarkTest01688,0,CWE-78,1,1,0,0.5177,"Detected input from a HTTPServletRequest going into a 'ProcessBuilder' or 'exec' command. This could lead to command injection if variables passed into the exec commands are not properly sanitized. Instead, avoid using these OS commands with user-supplied input, or, if you must use these commands, use a whitelist of specific values.",0.565387778500283,P3 - Medium (ML Moderate / Needs Review)
BenchmarkTest01689,1,CWE-78,1,1,0,0.5177,"Detected input from a HTTPServletRequest going into a 'ProcessBuilder' or 'exec' command. This could lead to command injection if variables passed into the exec commands are not properly sanitized. Instead, avoid using these OS commands with user-supplied input, or, if you must use these commands, use a whitelist of specific values.",0.5140518495956894,P3 - Medium (ML Moderate / Needs Review)
BenchmarkTest01690,1,CWE-78,1,1,0,0.5177,"Detected input from a HTTPServletRequest going into a 'ProcessBuilder' or 'exec' command. This could lead to command injection if variables passed into the exec commands are not properly sanitized. Instead, avoid using these OS commands with user-supplied input, or, if you must use these commands, use a whitelist of specific values.",0.5140518495956894,P3 - Medium (ML Moderate / Needs Review)
BenchmarkTest01691,1,CWE-78,1,1,0,0.5177,"Detected input from a HTTPServletRequest going into a 'ProcessBuilder' or 'exec' command. This could lead to command injection if variables passed into the exec commands are not properly sanitized. Instead, avoid using these OS commands with user-supplied input, or, if you must use these commands, use a whitelist of specific values.",0.5713557769679556,P3 - Medium (ML Moderate / Needs Review)
BenchmarkTest01692,0,CWE-78,1,1,0,0.5177,"Detected input from a HTTPServletRequest going into a 'ProcessBuilder' or 'exec' command. This could lead to command injection if variables passed into the exec commands are not properly sanitized. Instead, avoid using these OS commands with user-supplied input, or, if you must use these commands, use a whitelist of specific values.",0.565387778500283,P3 - Medium (ML Moderate / Needs Review)
BenchmarkTest01693,0,CWE-78,1,1,0,0.5177,"Detected input from a HTTPServletRequest going into a 'ProcessBuilder' or 'exec' command. This could lead to command injection if variables passed into the exec commands are not properly sanitized. Instead, avoid using these OS commands with user-supplied input, or, if you must use these commands, use a whitelist of specific values.",0.543197997632849,P3 - Medium (ML Moderate / Needs Review)
BenchmarkTest01694,0,CWE-330,0,0,0,1.0,,0.05157343440022427,P4 - Low (ML Suppressed / Likely False Alarm)
BenchmarkTest01695,0,CWE-330,0,0,0,1.0,,0.051215480072750806,P4 - Low (ML Suppressed / Likely False Alarm)
BenchmarkTest01696,0,CWE-330,0,0,0,1.0,,0.05437237384043517,P4 - Low (ML Suppressed / Likely False Alarm)
BenchmarkTest01697,0,CWE-330,0,0,0,1.0,,0.051215480072750806,P4 - Low (ML Suppressed / Likely False Alarm)
BenchmarkTest01698,0,CWE-330,0,0,0,1.0,,0.05437237384043517,P4 - Low (ML Suppressed / Likely False Alarm)
BenchmarkTest01699,0,CWE-330,0,0,0,1.0,,0.057764259022038515,P4 - Low (ML Suppressed / Likely False Alarm)
BenchmarkTest01700,0,CWE-330,0,0,0,1.0,,0.05157343440022427,P4 - Low (ML Suppressed / Likely False Alarm)
BenchmarkTest01701,0,CWE-330,0,0,0,1.0,,0.05157343440022427,P4 - Low (ML Suppressed / Likely False Alarm)
BenchmarkTest01702,0,CWE-330,0,0,0,1.0,,0.05157343440022427,P4 - Low (ML Suppressed / Likely False Alarm)
BenchmarkTest01703,0,CWE-330,0,0,0,1.0,,0.05437237384043517,P4 - Low (ML Suppressed / Likely False Alarm)
BenchmarkTest01704,0,CWE-330,0,0,0,1.0,,0.057764259022038515,P4 - Low (ML Suppressed / Likely False Alarm)
BenchmarkTest01705,0,CWE-330,0,0,0,1.0,,0.057764259022038515,P4 - Low (ML Suppressed / Likely False Alarm)
BenchmarkTest01706,0,CWE-330,0,0,0,1.0,,0.05437237384043517,P4 - Low (ML Suppressed / Likely False Alarm)
BenchmarkTest01707,0,CWE-330,0,0,0,1.0,,0.054878713660365834,P4 - Low (ML Suppressed / Likely False Alarm)
BenchmarkTest01708,1,CWE-501,1,1,0,0.7234,"Detected a request with potential user-input going into a OutputStream or Writer object. This bypasses any view or template environments, including HTML escaping, which may expose this application to cross-site scripting (XSS) vulnerabilities. Consider using a view technology such as JavaServer Faces (JSFs) which automatically escapes HTML views.",0.7065454651105066,P2 - High (ML Probable Vulnerability)
BenchmarkTest01709,1,CWE-501,1,1,0,0.7234,"Detected a request with potential user-input going into a OutputStream or Writer object. This bypasses any view or template environments, including HTML escaping, which may expose this application to cross-site scripting (XSS) vulnerabilities. Consider using a view technology such as JavaServer Faces (JSFs) which automatically escapes HTML views.",0.7065454651105066,P2 - High (ML Probable Vulnerability)
BenchmarkTest01710,1,CWE-501,1,1,0,0.7234,"Detected a request with potential user-input going into a OutputStream or Writer object. This bypasses any view or template environments, including HTML escaping, which may expose this application to cross-site scripting (XSS) vulnerabilities. Consider using a view technology such as JavaServer Faces (JSFs) which automatically escapes HTML views.",0.7097295014333608,P2 - High (ML Probable Vulnerability)
BenchmarkTest01711,1,CWE-501,1,1,0,0.7234,"Detected a request with potential user-input going into a OutputStream or Writer object. This bypasses any view or template environments, including HTML escaping, which may expose this application to cross-site scripting (XSS) vulnerabilities. Consider using a view technology such as JavaServer Faces (JSFs) which automatically escapes HTML views.",0.675477596449973,P2 - High (ML Probable Vulnerability)
BenchmarkTest01712,1,CWE-89,2,1,1,0.5746,Detected input from a HTTPServletRequest going into a SQL sink or statement. This could lead to SQL injection if variables in the SQL statement are not properly sanitized. Use parameterized SQL queries or properly sanitize user input instead.,0.6172031360784221,P3 - Medium (ML Moderate / Needs Review)
BenchmarkTest01713,0,CWE-89,2,1,1,0.5746,Detected input from a HTTPServletRequest going into a SQL sink or statement. This could lead to SQL injection if variables in the SQL statement are not properly sanitized. Use parameterized SQL queries or properly sanitize user input instead.,0.6326009898069045,P3 - Medium (ML Moderate / Needs Review)
BenchmarkTest01714,0,CWE-89,2,1,1,0.5746,Detected input from a HTTPServletRequest going into a SQL sink or statement. This could lead to SQL injection if variables in the SQL statement are not properly sanitized. Use parameterized SQL queries or properly sanitize user input instead.,0.6013870000430575,P3 - Medium (ML Moderate / Needs Review)
BenchmarkTest01715,1,CWE-89,2,1,1,0.5746,Detected input from a HTTPServletRequest going into a SQL sink or statement. This could lead to SQL injection if variables in the SQL statement are not properly sanitized. Use parameterized SQL queries or properly sanitize user input instead.,0.6326009898069045,P3 - Medium (ML Moderate / Needs Review)
BenchmarkTest01716,1,CWE-89,2,1,1,0.5746,Detected input from a HTTPServletRequest going into a SQL sink or statement. This could lead to SQL injection if variables in the SQL statement are not properly sanitized. Use parameterized SQL queries or properly sanitize user input instead.,0.6326009898069045,P3 - Medium (ML Moderate / Needs Review)
BenchmarkTest01717,0,CWE-89,2,1,1,0.5746,Detected input from a HTTPServletRequest going into a SQL sink or statement. This could lead to SQL injection if variables in the SQL statement are not properly sanitized. Use parameterized SQL queries or properly sanitize user input instead.,0.6172031360784221,P3 - Medium (ML Moderate / Needs Review)
BenchmarkTest01718,1,CWE-89,2,1,1,0.5746,Detected input from a HTTPServletRequest going into a SQL sink or statement. This could lead to SQL injection if variables in the SQL statement are not properly sanitized. Use parameterized SQL queries or properly sanitize user input instead.,0.6052657034562158,P3 - Medium (ML Moderate / Needs Review)
BenchmarkTest01719,0,CWE-89,2,1,1,0.5746,Detected input from a HTTPServletRequest going into a SQL sink or statement. This could lead to SQL injection if variables in the SQL statement are not properly sanitized. Use parameterized SQL queries or properly sanitize user input instead.,0.6013870000430575,P3 - Medium (ML Moderate / Needs Review)
BenchmarkTest01720,1,CWE-89,1,1,0,0.5746,Detected input from a HTTPServletRequest going into a SQL sink or statement. This could lead to SQL injection if variables in the SQL statement are not properly sanitized. Use parameterized SQL queries or properly sanitize user input instead.,0.6325793924610322,P3 - Medium (ML Moderate / Needs Review)
BenchmarkTest01721,1,CWE-89,1,1,0,0.5746,Detected input from a HTTPServletRequest going into a SQL sink or statement. This could lead to SQL injection if variables in the SQL statement are not properly sanitized. Use parameterized SQL queries or properly sanitize user input instead.,0.6352860383034056,P3 - Medium (ML Moderate / Needs Review)
BenchmarkTest01722,0,CWE-89,1,1,0,0.5746,Detected input from a HTTPServletRequest going into a SQL sink or statement. This could lead to SQL injection if variables in the SQL statement are not properly sanitized. Use parameterized SQL queries or properly sanitize user input instead.,0.6369388599842778,P3 - Medium (ML Moderate / Needs Review)
BenchmarkTest01723,1,CWE-89,1,1,0,0.5746,"Detected a request with potential user-input going into a OutputStream or Writer object. This bypasses any view or template environments, including HTML escaping, which may expose this application to cross-site scripting (XSS) vulnerabilities. Consider using a view technology such as JavaServer Faces (JSFs) which automatically escapes HTML views.",0.663158147073452,P2 - High (ML Probable Vulnerability)
BenchmarkTest01724,1,CWE-89,1,1,0,0.5746,Detected input from a HTTPServletRequest going into a SQL sink or statement. This could lead to SQL injection if variables in the SQL statement are not properly sanitized. Use parameterized SQL queries or properly sanitize user input instead.,0.6352860383034056,P3 - Medium (ML Moderate / Needs Review)
BenchmarkTest01725,1,CWE-89,1,1,0,0.5746,Detected input from a HTTPServletRequest going into a SQL sink or statement. This could lead to SQL injection if variables in the SQL statement are not properly sanitized. Use parameterized SQL queries or properly sanitize user input instead.,0.6369388599842778,P3 - Medium (ML Moderate / Needs Review)
BenchmarkTest01726,1,CWE-89,1,1,0,0.5746,Detected input from a HTTPServletRequest going into a SQL sink or statement. This could lead to SQL injection if variables in the SQL statement are not properly sanitized. Use parameterized SQL queries or properly sanitize user input instead.,0.6369388599842778,P3 - Medium (ML Moderate / Needs Review)
BenchmarkTest01727,1,CWE-89,1,1,0,0.5746,Detected input from a HTTPServletRequest going into a SQL sink or statement. This could lead to SQL injection if variables in the SQL statement are not properly sanitized. Use parameterized SQL queries or properly sanitize user input instead.,0.6352860383034056,P3 - Medium (ML Moderate / Needs Review)
BenchmarkTest01728,1,CWE-89,2,1,1,0.5746,Detected input from a HTTPServletRequest going into a SQL sink or statement. This could lead to SQL injection if variables in the SQL statement are not properly sanitized. Use parameterized SQL queries or properly sanitize user input instead.,0.6013870000430575,P3 - Medium (ML Moderate / Needs Review)
BenchmarkTest01729,0,CWE-89,2,1,1,0.5746,Detected input from a HTTPServletRequest going into a SQL sink or statement. This could lead to SQL injection if variables in the SQL statement are not properly sanitized. Use parameterized SQL queries or properly sanitize user input instead.,0.6052657034562158,P3 - Medium (ML Moderate / Needs Review)
BenchmarkTest01730,1,CWE-89,2,1,1,0.5746,Detected a formatted string in a SQL statement. This could lead to SQL injection if variables in the SQL statement are not properly sanitized. Use a prepared statements (java.sql.PreparedStatement) instead. You can obtain a PreparedStatement using 'connection.prepareStatement'.,0.5312748750495969,P3 - Medium (ML Moderate / Needs Review)
BenchmarkTest01731,1,CWE-89,2,1,1,0.5746,Detected a formatted string in a SQL statement. This could lead to SQL injection if variables in the SQL statement are not properly sanitized. Use a prepared statements (java.sql.PreparedStatement) instead. You can obtain a PreparedStatement using 'connection.prepareStatement'.,0.46600563814060314,P3 - Medium (ML Moderate / Needs Review)
BenchmarkTest01732,0,CWE-89,2,1,1,0.5746,Detected input from a HTTPServletRequest going into a SQL sink or statement. This could lead to SQL injection if variables in the SQL statement are not properly sanitized. Use parameterized SQL queries or properly sanitize user input instead.,0.6133730231246536,P3 - Medium (ML Moderate / Needs Review)
BenchmarkTest01733,1,CWE-89,2,1,1,0.5746,Detected input from a HTTPServletRequest going into a SQL sink or statement. This could lead to SQL injection if variables in the SQL statement are not properly sanitized. Use parameterized SQL queries or properly sanitize user input instead.,0.6172031360784221,P3 - Medium (ML Moderate / Needs Review)
BenchmarkTest01734,1,CWE-643,1,1,0,0.5185,"Detected a request with potential user-input going into a OutputStream or Writer object. This bypasses any view or template environments, including HTML escaping, which may expose this application to cross-site scripting (XSS) vulnerabilities. Consider using a view technology such as JavaServer Faces (JSFs) which automatically escapes HTML views.",0.5390225203962058,P3 - Medium (ML Moderate / Needs Review)
BenchmarkTest01735,0,CWE-643,1,1,0,0.5185,"Detected a request with potential user-input going into a OutputStream or Writer object. This bypasses any view or template environments, including HTML escaping, which may expose this application to cross-site scripting (XSS) vulnerabilities. Consider using a view technology such as JavaServer Faces (JSFs) which automatically escapes HTML views.",0.5818816613600312,P3 - Medium (ML Moderate / Needs Review)
BenchmarkTest01736,1,CWE-643,1,1,0,0.5185,"Detected a request with potential user-input going into a OutputStream or Writer object. This bypasses any view or template environments, including HTML escaping, which may expose this application to cross-site scripting (XSS) vulnerabilities. Consider using a view technology such as JavaServer Faces (JSFs) which automatically escapes HTML views.",0.5248431078241387,P3 - Medium (ML Moderate / Needs Review)
BenchmarkTest01737,0,CWE-327,0,0,0,0.9046,,0.09176958896267884,P4 - Low (ML Suppressed / Likely False Alarm)
BenchmarkTest01738,0,CWE-327,0,0,0,0.9046,,0.09081970593165378,P4 - Low (ML Suppressed / Likely False Alarm)
BenchmarkTest01739,0,CWE-327,0,0,0,0.9046,,0.09759301912689183,P4 - Low (ML Suppressed / Likely False Alarm)
BenchmarkTest01740,1,CWE-327,1,0,1,0.9046,Use a secure cipher mode.,0.7448928852534946,P2 - High (ML Probable Vulnerability)
BenchmarkTest01741,1,CWE-327,1,0,1,0.9046,Use a secure cipher mode.,0.7669870863329693,P2 - High (ML Probable Vulnerability)
BenchmarkTest01742,1,CWE-327,1,0,1,0.9046,Use a secure cipher mode.,0.7448928852534946,P2 - High (ML Probable Vulnerability)
BenchmarkTest01743,0,CWE-90,1,1,0,0.4815,"Detected input from a HTTPServletRequest going into an LDAP query. This could lead to LDAP injection if the input is not properly sanitized, which could result in attackers modifying objects in the LDAP tree structure. Ensure data passed to an LDAP query is not controllable or properly sanitize the data.",0.5026710330672093,P3 - Medium (ML Moderate / Needs Review)
BenchmarkTest01744,0,CWE-22,1,1,0,0.531,"Detected a potential path traversal. A malicious actor could control the location of this file, to include going backwards in the directory with '../'. To address this, ensure that user-controlled variables in file paths are sanitized. You may also consider using a utility method such as org.apache.commons.io.FilenameUtils.getName(...) to only retrieve the file name from the path.",0.5333552162927581,P3 - Medium (ML Moderate / Needs Review)
BenchmarkTest01745,0,CWE-22,1,1,0,0.531,"Detected a potential path traversal. A malicious actor could control the location of this file, to include going backwards in the directory with '../'. To address this, ensure that user-controlled variables in file paths are sanitized. You may also consider using a utility method such as org.apache.commons.io.FilenameUtils.getName(...) to only retrieve the file name from the path.",0.5300041467457454,P3 - Medium (ML Moderate / Needs Review)
BenchmarkTest01746,0,CWE-22,1,1,0,0.531,"Detected a potential path traversal. A malicious actor could control the location of this file, to include going backwards in the directory with '../'. To address this, ensure that user-controlled variables in file paths are sanitized. You may also consider using a utility method such as org.apache.commons.io.FilenameUtils.getName(...) to only retrieve the file name from the path.",0.528523134306003,P3 - Medium (ML Moderate / Needs Review)
BenchmarkTest01747,0,CWE-22,1,1,0,0.531,"Detected a potential path traversal. A malicious actor could control the location of this file, to include going backwards in the directory with '../'. To address this, ensure that user-controlled variables in file paths are sanitized. You may also consider using a utility method such as org.apache.commons.io.FilenameUtils.getName(...) to only retrieve the file name from the path.",0.528523134306003,P3 - Medium (ML Moderate / Needs Review)
BenchmarkTest01748,0,CWE-22,1,1,0,0.531,"Detected a potential path traversal. A malicious actor could control the location of this file, to include going backwards in the directory with '../'. To address this, ensure that user-controlled variables in file paths are sanitized. You may also consider using a utility method such as org.apache.commons.io.FilenameUtils.getName(...) to only retrieve the file name from the path.",0.5300041467457454,P3 - Medium (ML Moderate / Needs Review)
BenchmarkTest01749,0,CWE-22,1,1,0,0.531,"Detected a potential path traversal. A malicious actor could control the location of this file, to include going backwards in the directory with '../'. To address this, ensure that user-controlled variables in file paths are sanitized. You may also consider using a utility method such as org.apache.commons.io.FilenameUtils.getName(...) to only retrieve the file name from the path.",0.5333552162927581,P3 - Medium (ML Moderate / Needs Review)
BenchmarkTest01750,0,CWE-22,1,1,0,0.531,"Detected a potential path traversal. A malicious actor could control the location of this file, to include going backwards in the directory with '../'. To address this, ensure that user-controlled variables in file paths are sanitized. You may also consider using a utility method such as org.apache.commons.io.FilenameUtils.getName(...) to only retrieve the file name from the path.",0.5323617688956359,P3 - Medium (ML Moderate / Needs Review)
BenchmarkTest01751,0,CWE-22,1,1,0,0.531,"Detected a potential path traversal. A malicious actor could control the location of this file, to include going backwards in the directory with '../'. To address this, ensure that user-controlled variables in file paths are sanitized. You may also consider using a utility method such as org.apache.commons.io.FilenameUtils.getName(...) to only retrieve the file name from the path.",0.5300041467457454,P3 - Medium (ML Moderate / Needs Review)
BenchmarkTest01752,0,CWE-22,1,1,0,0.531,"Detected a potential path traversal. A malicious actor could control the location of this file, to include going backwards in the directory with '../'. To address this, ensure that user-controlled variables in file paths are sanitized. You may also consider using a utility method such as org.apache.commons.io.FilenameUtils.getName(...) to only retrieve the file name from the path.",0.5333552162927581,P3 - Medium (ML Moderate / Needs Review)
BenchmarkTest01753,0,CWE-90,1,1,0,0.4815,"Detected input from a HTTPServletRequest going into an LDAP query. This could lead to LDAP injection if the input is not properly sanitized, which could result in attackers modifying objects in the LDAP tree structure. Ensure data passed to an LDAP query is not controllable or properly sanitize the data.",0.4729567405628093,P3 - Medium (ML Moderate / Needs Review)
BenchmarkTest01754,0,CWE-90,1,1,0,0.4815,"Detected input from a HTTPServletRequest going into an LDAP query. This could lead to LDAP injection if the input is not properly sanitized, which could result in attackers modifying objects in the LDAP tree structure. Ensure data passed to an LDAP query is not controllable or properly sanitize the data.",0.5131125537608819,P3 - Medium (ML Moderate / Needs Review)
BenchmarkTest01755,0,CWE-90,1,1,0,0.4815,"Detected input from a HTTPServletRequest going into an LDAP query. This could lead to LDAP injection if the input is not properly sanitized, which could result in attackers modifying objects in the LDAP tree structure. Ensure data passed to an LDAP query is not controllable or properly sanitize the data.",0.5131125537608819,P3 - Medium (ML Moderate / Needs Review)
BenchmarkTest01756,0,CWE-90,1,1,0,0.4815,"Detected input from a HTTPServletRequest going into an LDAP query. This could lead to LDAP injection if the input is not properly sanitized, which could result in attackers modifying objects in the LDAP tree structure. Ensure data passed to an LDAP query is not controllable or properly sanitize the data.",0.5266004013240456,P3 - Medium (ML Moderate / Needs Review)
BenchmarkTest01757,1,CWE-328,1,0,1,1.0,Make sure this weak hash algorithm is not used in a sensitive context here.,0.8637953647791987,P1 - Critical (ML High-Confidence Vulnerability)
BenchmarkTest01758,0,CWE-328,0,0,0,1.0,,0.20319054080011195,P4 - Low (ML Suppressed / Likely False Alarm)
BenchmarkTest01759,0,CWE-328,0,0,0,1.0,,0.2336827722158927,P4 - Low (ML Suppressed / Likely False Alarm)
BenchmarkTest01760,0,CWE-328,0,0,0,1.0,,0.2336827722158927,P4 - Low (ML Suppressed / Likely False Alarm)
BenchmarkTest01761,1,CWE-328,2,1,1,1.0,"Detected SHA1 hash algorithm which is considered insecure. SHA1 is not collision resistant and is therefore not suitable as a cryptographic signature. Instead, use PBKDF2 for password hashing or SHA256 or SHA512 for other hash function applications.",0.9980365742548483,P1 - Critical (ML High-Confidence Vulnerability)
BenchmarkTest01762,0,CWE-328,0,0,0,1.0,,0.2336827722158927,P4 - Low (ML Suppressed / Likely False Alarm)
BenchmarkTest01763,0,CWE-328,0,0,0,1.0,,0.20319054080011195,P4 - Low (ML Suppressed / Likely False Alarm)
BenchmarkTest01764,0,CWE-328,0,0,0,1.0,,0.21055491925120276,P4 - Low (ML Suppressed / Likely False Alarm)
BenchmarkTest01765,1,CWE-328,0,0,0,1.0,,0.21055491925120276,P4 - Low (ML Suppressed / Likely False Alarm)
BenchmarkTest01766,1,CWE-328,0,0,0,1.0,,0.20319054080011195,P4 - Low (ML Suppressed / Likely False Alarm)
BenchmarkTest01767,0,CWE-79,0,0,0,0.6516,,0.2918844006955008,P4 - Low (ML Suppressed / Likely False Alarm)
BenchmarkTest01768,0,CWE-79,0,0,0,0.6516,,0.25396206195529714,P4 - Low (ML Suppressed / Likely False Alarm)
BenchmarkTest01769,0,CWE-79,0,0,0,0.6516,,0.2741956883318252,P4 - Low (ML Suppressed / Likely False Alarm)
BenchmarkTest01770,0,CWE-79,0,0,0,0.6516,,0.3134314167136792,P4 - Low (ML Suppressed / Likely False Alarm)
BenchmarkTest01771,0,CWE-79,0,0,0,0.6516,,0.2918844006955008,P4 - Low (ML Suppressed / Likely False Alarm)
BenchmarkTest01772,0,CWE-79,0,0,0,0.6516,,0.2918844006955008,P4 - Low (ML Suppressed / Likely False Alarm)
BenchmarkTest01773,0,CWE-79,0,0,0,0.6516,,0.2741956883318252,P4 - Low (ML Suppressed / Likely False Alarm)
BenchmarkTest01774,0,CWE-79,0,0,0,0.6516,,0.2376126864028741,P4 - Low (ML Suppressed / Likely False Alarm)
BenchmarkTest01775,0,CWE-79,0,0,0,0.6516,,0.3134314167136792,P4 - Low (ML Suppressed / Likely False Alarm)
BenchmarkTest01776,0,CWE-79,0,0,0,0.6516,,0.2918844006955008,P4 - Low (ML Suppressed / Likely False Alarm)
BenchmarkTest01777,0,CWE-79,0,0,0,0.6516,,0.3134314167136792,P4 - Low (ML Suppressed / Likely False Alarm)
BenchmarkTest01778,0,CWE-78,1,1,0,0.5177,A formatted or concatenated string was detected as input to a ProcessBuilder call. This is dangerous if a variable is controlled by user input and could result in a command injection. Ensure your variables are not controlled by users or sufficiently sanitized.,0.31974668314763266,P4 - Low (ML Suppressed / Likely False Alarm)
BenchmarkTest01779,0,CWE-78,1,1,0,0.5177,A formatted or concatenated string was detected as input to a ProcessBuilder call. This is dangerous if a variable is controlled by user input and could result in a command injection. Ensure your variables are not controlled by users or sufficiently sanitized.,0.354745277623145,P4 - Low (ML Suppressed / Likely False Alarm)
BenchmarkTest01780,0,CWE-78,1,1,0,0.5177,"Detected input from a HTTPServletRequest going into a 'ProcessBuilder' or 'exec' command. This could lead to command injection if variables passed into the exec commands are not properly sanitized. Instead, avoid using these OS commands with user-supplied input, or, if you must use these commands, use a whitelist of specific values.",0.5140518495956894,P3 - Medium (ML Moderate / Needs Review)
BenchmarkTest01781,1,CWE-330,2,1,1,1.0,"Detected use of the functions `Math.random()` or `java.util.Random()`. These are both not cryptographically strong random number generators (RNGs). If you are using these RNGs to create passwords or secret tokens, use `java.security.SecureRandom` instead.",1.0,P1 - Critical (ML High-Confidence Vulnerability)
BenchmarkTest01782,1,CWE-330,2,1,1,1.0,"Detected use of the functions `Math.random()` or `java.util.Random()`. These are both not cryptographically strong random number generators (RNGs). If you are using these RNGs to create passwords or secret tokens, use `java.security.SecureRandom` instead.",1.0,P1 - Critical (ML High-Confidence Vulnerability)
BenchmarkTest01783,1,CWE-330,2,1,1,1.0,"Detected use of the functions `Math.random()` or `java.util.Random()`. These are both not cryptographically strong random number generators (RNGs). If you are using these RNGs to create passwords or secret tokens, use `java.security.SecureRandom` instead.",1.0,P1 - Critical (ML High-Confidence Vulnerability)
BenchmarkTest01784,1,CWE-330,2,1,1,1.0,"Detected use of the functions `Math.random()` or `java.util.Random()`. These are both not cryptographically strong random number generators (RNGs). If you are using these RNGs to create passwords or secret tokens, use `java.security.SecureRandom` instead.",1.0,P1 - Critical (ML High-Confidence Vulnerability)
BenchmarkTest01785,1,CWE-330,2,1,1,1.0,"Detected use of the functions `Math.random()` or `java.util.Random()`. These are both not cryptographically strong random number generators (RNGs). If you are using these RNGs to create passwords or secret tokens, use `java.security.SecureRandom` instead.",1.0,P1 - Critical (ML High-Confidence Vulnerability)
BenchmarkTest01786,1,CWE-330,2,1,1,1.0,"Detected use of the functions `Math.random()` or `java.util.Random()`. These are both not cryptographically strong random number generators (RNGs). If you are using these RNGs to create passwords or secret tokens, use `java.security.SecureRandom` instead.",1.0,P1 - Critical (ML High-Confidence Vulnerability)
BenchmarkTest01787,1,CWE-330,2,1,1,1.0,"Detected use of the functions `Math.random()` or `java.util.Random()`. These are both not cryptographically strong random number generators (RNGs). If you are using these RNGs to create passwords or secret tokens, use `java.security.SecureRandom` instead.",1.0,P1 - Critical (ML High-Confidence Vulnerability)
BenchmarkTest01788,1,CWE-330,2,1,1,1.0,"Detected use of the functions `Math.random()` or `java.util.Random()`. These are both not cryptographically strong random number generators (RNGs). If you are using these RNGs to create passwords or secret tokens, use `java.security.SecureRandom` instead.",1.0,P1 - Critical (ML High-Confidence Vulnerability)
BenchmarkTest01789,1,CWE-614,1,1,0,1.0,A cookie was detected without setting the 'secure' flag. The 'secure' flag for cookies prevents the client from transmitting the cookie over insecure channels such as HTTP. Set the 'secure' flag by calling 'cookie.setSecure(true);',0.9472792447943184,P1 - Critical (ML High-Confidence Vulnerability)
BenchmarkTest01790,0,CWE-79,0,0,0,0.6516,,0.3134314167136792,P4 - Low (ML Suppressed / Likely False Alarm)
BenchmarkTest01791,0,CWE-78,1,1,0,0.5177,"Detected input from a HTTPServletRequest going into a 'ProcessBuilder' or 'exec' command. This could lead to command injection if variables passed into the exec commands are not properly sanitized. Instead, avoid using these OS commands with user-supplied input, or, if you must use these commands, use a whitelist of specific values.",0.5713557769679556,P3 - Medium (ML Moderate / Needs Review)
BenchmarkTest01792,0,CWE-78,1,1,0,0.5177,"Detected input from a HTTPServletRequest going into a 'ProcessBuilder' or 'exec' command. This could lead to command injection if variables passed into the exec commands are not properly sanitized. Instead, avoid using these OS commands with user-supplied input, or, if you must use these commands, use a whitelist of specific values.",0.5140518495956894,P3 - Medium (ML Moderate / Needs Review)
BenchmarkTest01793,0,CWE-78,1,1,0,0.5177,"Detected input from a HTTPServletRequest going into a 'ProcessBuilder' or 'exec' command. This could lead to command injection if variables passed into the exec commands are not properly sanitized. Instead, avoid using these OS commands with user-supplied input, or, if you must use these commands, use a whitelist of specific values.",0.565387778500283,P3 - Medium (ML Moderate / Needs Review)
BenchmarkTest01794,0,CWE-78,1,1,0,0.5177,"Detected input from a HTTPServletRequest going into a 'ProcessBuilder' or 'exec' command. This could lead to command injection if variables passed into the exec commands are not properly sanitized. Instead, avoid using these OS commands with user-supplied input, or, if you must use these commands, use a whitelist of specific values.",0.5713557769679556,P3 - Medium (ML Moderate / Needs Review)
BenchmarkTest01795,0,CWE-78,1,1,0,0.5177,"Detected input from a HTTPServletRequest going into a 'ProcessBuilder' or 'exec' command. This could lead to command injection if variables passed into the exec commands are not properly sanitized. Instead, avoid using these OS commands with user-supplied input, or, if you must use these commands, use a whitelist of specific values.",0.5713557769679556,P3 - Medium (ML Moderate / Needs Review)
BenchmarkTest01796,0,CWE-78,1,1,0,0.5177,"Detected input from a HTTPServletRequest going into a 'ProcessBuilder' or 'exec' command. This could lead to command injection if variables passed into the exec commands are not properly sanitized. Instead, avoid using these OS commands with user-supplied input, or, if you must use these commands, use a whitelist of specific values.",0.565387778500283,P3 - Medium (ML Moderate / Needs Review)
BenchmarkTest01797,0,CWE-330,0,0,0,1.0,,0.054878713660365834,P4 - Low (ML Suppressed / Likely False Alarm)
BenchmarkTest01798,0,CWE-330,0,0,0,1.0,,0.057764259022038515,P4 - Low (ML Suppressed / Likely False Alarm)
BenchmarkTest01799,0,CWE-330,0,0,0,1.0,,0.05157343440022427,P4 - Low (ML Suppressed / Likely False Alarm)
BenchmarkTest01800,0,CWE-330,0,0,0,1.0,,0.05437237384043517,P4 - Low (ML Suppressed / Likely False Alarm)
BenchmarkTest01801,0,CWE-330,0,0,0,1.0,,0.054878713660365834,P4 - Low (ML Suppressed / Likely False Alarm)
BenchmarkTest01802,0,CWE-501,0,0,0,0.7234,,0.31561365135242075,P4 - Low (ML Suppressed / Likely False Alarm)
BenchmarkTest01803,0,CWE-89,1,0,1,0.5746,Make sure using a dynamically formatted SQL query is safe here.,0.27826349045176924,P4 - Low (ML Suppressed / Likely False Alarm)
BenchmarkTest01804,0,CWE-89,1,0,1,0.5746,Make sure using a dynamically formatted SQL query is safe here.,0.27826349045176924,P4 - Low (ML Suppressed / Likely False Alarm)
BenchmarkTest01805,0,CWE-89,1,0,1,0.5746,Make sure using a dynamically formatted SQL query is safe here.,0.2849134456975897,P4 - Low (ML Suppressed / Likely False Alarm)
BenchmarkTest01806,0,CWE-89,0,0,0,0.5746,,0.24016502690485492,P4 - Low (ML Suppressed / Likely False Alarm)
BenchmarkTest01807,0,CWE-89,0,0,0,0.5746,,0.22537707007614627,P4 - Low (ML Suppressed / Likely False Alarm)
BenchmarkTest01808,0,CWE-89,0,0,0,0.5746,,0.24016502690485492,P4 - Low (ML Suppressed / Likely False Alarm)
BenchmarkTest01809,0,CWE-89,0,0,0,0.5746,,0.24016502690485492,P4 - Low (ML Suppressed / Likely False Alarm)
BenchmarkTest01810,0,CWE-89,0,0,0,0.5746,,0.23686947337572348,P4 - Low (ML Suppressed / Likely False Alarm)
BenchmarkTest01811,0,CWE-89,0,0,0,0.5746,,0.22127245890996192,P4 - Low (ML Suppressed / Likely False Alarm)
BenchmarkTest01812,0,CWE-89,0,0,0,0.5746,,0.23686947337572348,P4 - Low (ML Suppressed / Likely False Alarm)
BenchmarkTest01813,0,CWE-89,0,0,0,0.5746,,0.23686947337572348,P4 - Low (ML Suppressed / Likely False Alarm)
BenchmarkTest01814,0,CWE-89,0,0,0,0.5746,,0.22127245890996192,P4 - Low (ML Suppressed / Likely False Alarm)
BenchmarkTest01815,0,CWE-89,2,1,1,0.5746,Detected a formatted string in a SQL statement. This could lead to SQL injection if variables in the SQL statement are not properly sanitized. Use a prepared statements (java.sql.PreparedStatement) instead. You can obtain a PreparedStatement using 'connection.prepareStatement'.,0.46600563814060314,P3 - Medium (ML Moderate / Needs Review)
BenchmarkTest01816,0,CWE-89,2,1,1,0.5746,Detected a formatted string in a SQL statement. This could lead to SQL injection if variables in the SQL statement are not properly sanitized. Use a prepared statements (java.sql.PreparedStatement) instead. You can obtain a PreparedStatement using 'connection.prepareStatement'.,0.49671630473765704,P3 - Medium (ML Moderate / Needs Review)
BenchmarkTest01817,0,CWE-89,2,1,1,0.5746,Detected a formatted string in a SQL statement. This could lead to SQL injection if variables in the SQL statement are not properly sanitized. Use a prepared statements (java.sql.PreparedStatement) instead. You can obtain a PreparedStatement using 'connection.prepareStatement'.,0.4939336901384355,P3 - Medium (ML Moderate / Needs Review)
BenchmarkTest01818,0,CWE-89,2,1,1,0.5746,Detected a formatted string in a SQL statement. This could lead to SQL injection if variables in the SQL statement are not properly sanitized. Use a prepared statements (java.sql.PreparedStatement) instead. You can obtain a PreparedStatement using 'connection.prepareStatement'.,0.549532047868988,P3 - Medium (ML Moderate / Needs Review)
BenchmarkTest01819,0,CWE-89,2,1,1,0.5746,Detected a formatted string in a SQL statement. This could lead to SQL injection if variables in the SQL statement are not properly sanitized. Use a prepared statements (java.sql.PreparedStatement) instead. You can obtain a PreparedStatement using 'connection.prepareStatement'.,0.49671630473765704,P3 - Medium (ML Moderate / Needs Review)
BenchmarkTest01820,0,CWE-89,2,1,1,0.5746,Detected a formatted string in a SQL statement. This could lead to SQL injection if variables in the SQL statement are not properly sanitized. Use a prepared statements (java.sql.PreparedStatement) instead. You can obtain a PreparedStatement using 'connection.prepareStatement'.,0.5312748750495969,P3 - Medium (ML Moderate / Needs Review)
BenchmarkTest01821,0,CWE-643,0,0,0,0.5185,,0.19359810964024982,P4 - Low (ML Suppressed / Likely False Alarm)
BenchmarkTest01822,1,CWE-327,1,0,1,0.9046,Use another cipher mode or disable padding.,0.7669870863329693,P2 - High (ML Probable Vulnerability)
BenchmarkTest01823,1,CWE-327,1,0,1,0.9046,Use a strong cipher algorithm.,0.7448928852534946,P2 - High (ML Probable Vulnerability)
BenchmarkTest01824,0,CWE-327,0,0,0,0.9046,,0.09176958896267884,P4 - Low (ML Suppressed / Likely False Alarm)
BenchmarkTest01825,0,CWE-327,0,0,0,0.9046,,0.09176958896267884,P4 - Low (ML Suppressed / Likely False Alarm)
BenchmarkTest01826,0,CWE-327,0,0,0,0.9046,,0.10245024003086535,P4 - Low (ML Suppressed / Likely False Alarm)
BenchmarkTest01827,0,CWE-327,0,0,0,0.9046,,0.09081970593165378,P4 - Low (ML Suppressed / Likely False Alarm)
BenchmarkTest01828,0,CWE-327,0,0,0,0.9046,,0.09176958896267884,P4 - Low (ML Suppressed / Likely False Alarm)
BenchmarkTest01829,1,CWE-327,1,0,1,0.9046,Use a strong cipher algorithm.,0.7615061478378989,P2 - High (ML Probable Vulnerability)
BenchmarkTest01830,1,CWE-327,1,0,1,0.9046,Use a strong cipher algorithm.,0.7615061478378989,P2 - High (ML Probable Vulnerability)
BenchmarkTest01831,1,CWE-90,1,1,0,0.4815,"Detected input from a HTTPServletRequest going into an LDAP query. This could lead to LDAP injection if the input is not properly sanitized, which could result in attackers modifying objects in the LDAP tree structure. Ensure data passed to an LDAP query is not controllable or properly sanitize the data.",0.5026710330672093,P3 - Medium (ML Moderate / Needs Review)
BenchmarkTest01832,1,CWE-90,1,1,0,0.4815,"Detected input from a HTTPServletRequest going into an LDAP query. This could lead to LDAP injection if the input is not properly sanitized, which could result in attackers modifying objects in the LDAP tree structure. Ensure data passed to an LDAP query is not controllable or properly sanitize the data.",0.5131125537608819,P3 - Medium (ML Moderate / Needs Review)
BenchmarkTest01833,1,CWE-22,1,1,0,0.531,"Detected a potential path traversal. A malicious actor could control the location of this file, to include going backwards in the directory with '../'. To address this, ensure that user-controlled variables in file paths are sanitized. You may also consider using a utility method such as org.apache.commons.io.FilenameUtils.getName(...) to only retrieve the file name from the path.",0.5323617688956359,P3 - Medium (ML Moderate / Needs Review)
BenchmarkTest01834,0,CWE-22,1,1,0,0.531,"Detected a potential path traversal. A malicious actor could control the location of this file, to include going backwards in the directory with '../'. To address this, ensure that user-controlled variables in file paths are sanitized. You may also consider using a utility method such as org.apache.commons.io.FilenameUtils.getName(...) to only retrieve the file name from the path.",0.5446502000682291,P3 - Medium (ML Moderate / Needs Review)
BenchmarkTest01835,1,CWE-22,1,1,0,0.531,"Detected a potential path traversal. A malicious actor could control the location of this file, to include going backwards in the directory with '../'. To address this, ensure that user-controlled variables in file paths are sanitized. You may also consider using a utility method such as org.apache.commons.io.FilenameUtils.getName(...) to only retrieve the file name from the path.",0.5323617688956359,P3 - Medium (ML Moderate / Needs Review)
BenchmarkTest01836,1,CWE-22,1,1,0,0.531,"Detected a potential path traversal. A malicious actor could control the location of this file, to include going backwards in the directory with '../'. To address this, ensure that user-controlled variables in file paths are sanitized. You may also consider using a utility method such as org.apache.commons.io.FilenameUtils.getName(...) to only retrieve the file name from the path.",0.528523134306003,P3 - Medium (ML Moderate / Needs Review)
BenchmarkTest01837,0,CWE-22,1,1,0,0.531,"Detected a potential path traversal. A malicious actor could control the location of this file, to include going backwards in the directory with '../'. To address this, ensure that user-controlled variables in file paths are sanitized. You may also consider using a utility method such as org.apache.commons.io.FilenameUtils.getName(...) to only retrieve the file name from the path.",0.5300041467457454,P3 - Medium (ML Moderate / Needs Review)
BenchmarkTest01838,0,CWE-22,1,1,0,0.531,"Detected a potential path traversal. A malicious actor could control the location of this file, to include going backwards in the directory with '../'. To address this, ensure that user-controlled variables in file paths are sanitized. You may also consider using a utility method such as org.apache.commons.io.FilenameUtils.getName(...) to only retrieve the file name from the path.",0.5323617688956359,P3 - Medium (ML Moderate / Needs Review)
BenchmarkTest01839,1,CWE-22,1,1,0,0.531,"Detected a potential path traversal. A malicious actor could control the location of this file, to include going backwards in the directory with '../'. To address this, ensure that user-controlled variables in file paths are sanitized. You may also consider using a utility method such as org.apache.commons.io.FilenameUtils.getName(...) to only retrieve the file name from the path.",0.5446502000682291,P3 - Medium (ML Moderate / Needs Review)
BenchmarkTest01840,1,CWE-22,1,1,0,0.531,"Detected a potential path traversal. A malicious actor could control the location of this file, to include going backwards in the directory with '../'. To address this, ensure that user-controlled variables in file paths are sanitized. You may also consider using a utility method such as org.apache.commons.io.FilenameUtils.getName(...) to only retrieve the file name from the path.",0.5300041467457454,P3 - Medium (ML Moderate / Needs Review)
BenchmarkTest01841,0,CWE-22,1,1,0,0.531,"Detected a potential path traversal. A malicious actor could control the location of this file, to include going backwards in the directory with '../'. To address this, ensure that user-controlled variables in file paths are sanitized. You may also consider using a utility method such as org.apache.commons.io.FilenameUtils.getName(...) to only retrieve the file name from the path.",0.528523134306003,P3 - Medium (ML Moderate / Needs Review)
BenchmarkTest01842,1,CWE-330,2,1,1,1.0,"Detected use of the functions `Math.random()` or `java.util.Random()`. These are both not cryptographically strong random number generators (RNGs). If you are using these RNGs to create passwords or secret tokens, use `java.security.SecureRandom` instead.",1.0,P1 - Critical (ML High-Confidence Vulnerability)
BenchmarkTest01843,1,CWE-330,2,1,1,1.0,"Detected use of the functions `Math.random()` or `java.util.Random()`. These are both not cryptographically strong random number generators (RNGs). If you are using these RNGs to create passwords or secret tokens, use `java.security.SecureRandom` instead.",1.0,P1 - Critical (ML High-Confidence Vulnerability)
BenchmarkTest01844,1,CWE-328,1,0,1,1.0,Make sure this weak hash algorithm is not used in a sensitive context here.,0.9103970488462652,P1 - Critical (ML High-Confidence Vulnerability)
BenchmarkTest01845,1,CWE-328,1,0,1,1.0,Make sure this weak hash algorithm is not used in a sensitive context here.,0.8883896409585705,P1 - Critical (ML High-Confidence Vulnerability)
BenchmarkTest01846,1,CWE-328,1,0,1,1.0,Make sure this weak hash algorithm is not used in a sensitive context here.,0.914768873042162,P1 - Critical (ML High-Confidence Vulnerability)
BenchmarkTest01847,0,CWE-328,0,0,0,1.0,,0.2336827722158927,P4 - Low (ML Suppressed / Likely False Alarm)
BenchmarkTest01848,0,CWE-328,0,0,0,1.0,,0.2336827722158927,P4 - Low (ML Suppressed / Likely False Alarm)
BenchmarkTest01849,0,CWE-328,0,0,0,1.0,,0.2042594061680803,P4 - Low (ML Suppressed / Likely False Alarm)
BenchmarkTest01850,1,CWE-78,1,1,0,0.5177,"Detected input from a HTTPServletRequest going into a 'ProcessBuilder' or 'exec' command. This could lead to command injection if variables passed into the exec commands are not properly sanitized. Instead, avoid using these OS commands with user-supplied input, or, if you must use these commands, use a whitelist of specific values.",0.5713557769679556,P3 - Medium (ML Moderate / Needs Review)
BenchmarkTest01851,1,CWE-78,1,1,0,0.5177,"Detected input from a HTTPServletRequest going into a 'ProcessBuilder' or 'exec' command. This could lead to command injection if variables passed into the exec commands are not properly sanitized. Instead, avoid using these OS commands with user-supplied input, or, if you must use these commands, use a whitelist of specific values.",0.565387778500283,P3 - Medium (ML Moderate / Needs Review)
BenchmarkTest01852,1,CWE-78,1,1,0,0.5177,"Detected input from a HTTPServletRequest going into a 'ProcessBuilder' or 'exec' command. This could lead to command injection if variables passed into the exec commands are not properly sanitized. Instead, avoid using these OS commands with user-supplied input, or, if you must use these commands, use a whitelist of specific values.",0.543197997632849,P3 - Medium (ML Moderate / Needs Review)
BenchmarkTest01853,1,CWE-330,2,1,1,1.0,"Detected use of the functions `Math.random()` or `java.util.Random()`. These are both not cryptographically strong random number generators (RNGs). If you are using these RNGs to create passwords or secret tokens, use `java.security.SecureRandom` instead.",1.0,P1 - Critical (ML High-Confidence Vulnerability)
BenchmarkTest01854,1,CWE-330,2,1,1,1.0,"Detected use of the functions `Math.random()` or `java.util.Random()`. These are both not cryptographically strong random number generators (RNGs). If you are using these RNGs to create passwords or secret tokens, use `java.security.SecureRandom` instead.",1.0,P1 - Critical (ML High-Confidence Vulnerability)
BenchmarkTest01855,1,CWE-330,2,1,1,1.0,"Detected use of the functions `Math.random()` or `java.util.Random()`. These are both not cryptographically strong random number generators (RNGs). If you are using these RNGs to create passwords or secret tokens, use `java.security.SecureRandom` instead.",1.0,P1 - Critical (ML High-Confidence Vulnerability)
BenchmarkTest01856,1,CWE-330,2,1,1,1.0,"Detected use of the functions `Math.random()` or `java.util.Random()`. These are both not cryptographically strong random number generators (RNGs). If you are using these RNGs to create passwords or secret tokens, use `java.security.SecureRandom` instead.",1.0,P1 - Critical (ML High-Confidence Vulnerability)
BenchmarkTest01857,1,CWE-330,2,1,1,1.0,"Detected use of the functions `Math.random()` or `java.util.Random()`. These are both not cryptographically strong random number generators (RNGs). If you are using these RNGs to create passwords or secret tokens, use `java.security.SecureRandom` instead.",1.0,P1 - Critical (ML High-Confidence Vulnerability)
BenchmarkTest01858,1,CWE-330,2,1,1,1.0,"Detected use of the functions `Math.random()` or `java.util.Random()`. These are both not cryptographically strong random number generators (RNGs). If you are using these RNGs to create passwords or secret tokens, use `java.security.SecureRandom` instead.",1.0,P1 - Critical (ML High-Confidence Vulnerability)
BenchmarkTest01859,1,CWE-330,2,1,1,1.0,"Detected use of the functions `Math.random()` or `java.util.Random()`. These are both not cryptographically strong random number generators (RNGs). If you are using these RNGs to create passwords or secret tokens, use `java.security.SecureRandom` instead.",1.0,P1 - Critical (ML High-Confidence Vulnerability)
BenchmarkTest01860,1,CWE-330,2,1,1,1.0,"Detected use of the functions `Math.random()` or `java.util.Random()`. These are both not cryptographically strong random number generators (RNGs). If you are using these RNGs to create passwords or secret tokens, use `java.security.SecureRandom` instead.",1.0,P1 - Critical (ML High-Confidence Vulnerability)
BenchmarkTest01861,1,CWE-614,1,1,0,1.0,A cookie was detected without setting the 'secure' flag. The 'secure' flag for cookies prevents the client from transmitting the cookie over insecure channels such as HTTP. Set the 'secure' flag by calling 'cookie.setSecure(true);',0.9296620455478106,P1 - Critical (ML High-Confidence Vulnerability)
BenchmarkTest01862,0,CWE-614,0,0,0,1.0,,0.10509525118902438,P4 - Low (ML Suppressed / Likely False Alarm)
BenchmarkTest01863,0,CWE-614,0,0,0,1.0,,0.10087677962527324,P4 - Low (ML Suppressed / Likely False Alarm)
BenchmarkTest01864,1,CWE-78,1,1,0,0.5177,"Detected input from a HTTPServletRequest going into a 'ProcessBuilder' or 'exec' command. This could lead to command injection if variables passed into the exec commands are not properly sanitized. Instead, avoid using these OS commands with user-supplied input, or, if you must use these commands, use a whitelist of specific values.",0.5713557769679556,P3 - Medium (ML Moderate / Needs Review)
BenchmarkTest01865,0,CWE-78,1,1,0,0.5177,"Detected input from a HTTPServletRequest going into a 'ProcessBuilder' or 'exec' command. This could lead to command injection if variables passed into the exec commands are not properly sanitized. Instead, avoid using these OS commands with user-supplied input, or, if you must use these commands, use a whitelist of specific values.",0.5140518495956894,P3 - Medium (ML Moderate / Needs Review)
BenchmarkTest01866,0,CWE-330,0,0,0,1.0,,0.05157343440022427,P4 - Low (ML Suppressed / Likely False Alarm)
BenchmarkTest01867,0,CWE-330,0,0,0,1.0,,0.05157343440022427,P4 - Low (ML Suppressed / Likely False Alarm)
BenchmarkTest01868,0,CWE-330,0,0,0,1.0,,0.05157343440022427,P4 - Low (ML Suppressed / Likely False Alarm)
BenchmarkTest01869,0,CWE-330,0,0,0,1.0,,0.05157343440022427,P4 - Low (ML Suppressed / Likely False Alarm)
BenchmarkTest01870,0,CWE-330,0,0,0,1.0,,0.05157343440022427,P4 - Low (ML Suppressed / Likely False Alarm)
BenchmarkTest01871,0,CWE-330,0,0,0,1.0,,0.05437237384043517,P4 - Low (ML Suppressed / Likely False Alarm)
BenchmarkTest01872,1,CWE-501,1,1,0,0.7234,"Detected a request with potential user-input going into a OutputStream or Writer object. This bypasses any view or template environments, including HTML escaping, which may expose this application to cross-site scripting (XSS) vulnerabilities. Consider using a view technology such as JavaServer Faces (JSFs) which automatically escapes HTML views.",0.7065454651105066,P2 - High (ML Probable Vulnerability)
BenchmarkTest01873,0,CWE-501,1,1,0,0.7234,"Detected a request with potential user-input going into a OutputStream or Writer object. This bypasses any view or template environments, including HTML escaping, which may expose this application to cross-site scripting (XSS) vulnerabilities. Consider using a view technology such as JavaServer Faces (JSFs) which automatically escapes HTML views.",0.675477596449973,P2 - High (ML Probable Vulnerability)
BenchmarkTest01874,1,CWE-501,1,1,0,0.7234,"Detected a request with potential user-input going into a OutputStream or Writer object. This bypasses any view or template environments, including HTML escaping, which may expose this application to cross-site scripting (XSS) vulnerabilities. Consider using a view technology such as JavaServer Faces (JSFs) which automatically escapes HTML views.",0.6941563292264352,P2 - High (ML Probable Vulnerability)
BenchmarkTest01875,1,CWE-501,1,1,0,0.7234,"Detected a request with potential user-input going into a OutputStream or Writer object. This bypasses any view or template environments, including HTML escaping, which may expose this application to cross-site scripting (XSS) vulnerabilities. Consider using a view technology such as JavaServer Faces (JSFs) which automatically escapes HTML views.",0.6941563292264352,P2 - High (ML Probable Vulnerability)
BenchmarkTest01876,1,CWE-501,1,1,0,0.7234,"Detected a request with potential user-input going into a OutputStream or Writer object. This bypasses any view or template environments, including HTML escaping, which may expose this application to cross-site scripting (XSS) vulnerabilities. Consider using a view technology such as JavaServer Faces (JSFs) which automatically escapes HTML views.",0.6941563292264352,P2 - High (ML Probable Vulnerability)
BenchmarkTest01877,0,CWE-89,2,1,1,0.5746,Detected input from a HTTPServletRequest going into a SQL sink or statement. This could lead to SQL injection if variables in the SQL statement are not properly sanitized. Use parameterized SQL queries or properly sanitize user input instead.,0.6013870000430575,P3 - Medium (ML Moderate / Needs Review)
BenchmarkTest01878,0,CWE-89,2,1,1,0.5746,Detected input from a HTTPServletRequest going into a SQL sink or statement. This could lead to SQL injection if variables in the SQL statement are not properly sanitized. Use parameterized SQL queries or properly sanitize user input instead.,0.6326009898069045,P3 - Medium (ML Moderate / Needs Review)
BenchmarkTest01879,0,CWE-89,2,1,1,0.5746,Detected input from a HTTPServletRequest going into a SQL sink or statement. This could lead to SQL injection if variables in the SQL statement are not properly sanitized. Use parameterized SQL queries or properly sanitize user input instead.,0.6052657034562158,P3 - Medium (ML Moderate / Needs Review)
BenchmarkTest01880,0,CWE-89,2,1,1,0.5746,Detected input from a HTTPServletRequest going into a SQL sink or statement. This could lead to SQL injection if variables in the SQL statement are not properly sanitized. Use parameterized SQL queries or properly sanitize user input instead.,0.6013870000430575,P3 - Medium (ML Moderate / Needs Review)
BenchmarkTest01881,1,CWE-89,1,1,0,0.5746,Detected input from a HTTPServletRequest going into a SQL sink or statement. This could lead to SQL injection if variables in the SQL statement are not properly sanitized. Use parameterized SQL queries or properly sanitize user input instead.,0.6325793924610322,P3 - Medium (ML Moderate / Needs Review)
BenchmarkTest01882,1,CWE-89,1,1,0,0.5746,Detected input from a HTTPServletRequest going into a SQL sink or statement. This could lead to SQL injection if variables in the SQL statement are not properly sanitized. Use parameterized SQL queries or properly sanitize user input instead.,0.6411923512308969,P3 - Medium (ML Moderate / Needs Review)
BenchmarkTest01883,1,CWE-89,1,1,0,0.5746,Detected input from a HTTPServletRequest going into a SQL sink or statement. This could lead to SQL injection if variables in the SQL statement are not properly sanitized. Use parameterized SQL queries or properly sanitize user input instead.,0.6325793924610322,P3 - Medium (ML Moderate / Needs Review)
BenchmarkTest01884,0,CWE-89,1,1,0,0.5746,Detected input from a HTTPServletRequest going into a SQL sink or statement. This could lead to SQL injection if variables in the SQL statement are not properly sanitized. Use parameterized SQL queries or properly sanitize user input instead.,0.6352860383034056,P3 - Medium (ML Moderate / Needs Review)
BenchmarkTest01885,0,CWE-89,2,1,1,0.5746,Detected a formatted string in a SQL statement. This could lead to SQL injection if variables in the SQL statement are not properly sanitized. Use a prepared statements (java.sql.PreparedStatement) instead. You can obtain a PreparedStatement using 'connection.prepareStatement'.,0.549532047868988,P3 - Medium (ML Moderate / Needs Review)
BenchmarkTest01886,0,CWE-89,2,1,1,0.5746,Detected a formatted string in a SQL statement. This could lead to SQL injection if variables in the SQL statement are not properly sanitized. Use a prepared statements (java.sql.PreparedStatement) instead. You can obtain a PreparedStatement using 'connection.prepareStatement'.,0.49671630473765704,P3 - Medium (ML Moderate / Needs Review)
BenchmarkTest01887,1,CWE-89,2,1,1,0.5746,Detected input from a HTTPServletRequest going into a SQL sink or statement. This could lead to SQL injection if variables in the SQL statement are not properly sanitized. Use parameterized SQL queries or properly sanitize user input instead.,0.6172031360784221,P3 - Medium (ML Moderate / Needs Review)
BenchmarkTest01888,1,CWE-89,2,1,1,0.5746,Detected input from a HTTPServletRequest going into a SQL sink or statement. This could lead to SQL injection if variables in the SQL statement are not properly sanitized. Use parameterized SQL queries or properly sanitize user input instead.,0.6052657034562158,P3 - Medium (ML Moderate / Needs Review)
BenchmarkTest01889,1,CWE-89,2,1,1,0.5746,Detected input from a HTTPServletRequest going into a SQL sink or statement. This could lead to SQL injection if variables in the SQL statement are not properly sanitized. Use parameterized SQL queries or properly sanitize user input instead.,0.6052657034562158,P3 - Medium (ML Moderate / Needs Review)
BenchmarkTest01890,1,CWE-89,2,1,1,0.5746,Detected input from a HTTPServletRequest going into a SQL sink or statement. This could lead to SQL injection if variables in the SQL statement are not properly sanitized. Use parameterized SQL queries or properly sanitize user input instead.,0.6013870000430575,P3 - Medium (ML Moderate / Needs Review)
BenchmarkTest01891,1,CWE-89,2,1,1,0.5746,Detected input from a HTTPServletRequest going into a SQL sink or statement. This could lead to SQL injection if variables in the SQL statement are not properly sanitized. Use parameterized SQL queries or properly sanitize user input instead.,0.6133730231246536,P3 - Medium (ML Moderate / Needs Review)
BenchmarkTest01892,1,CWE-643,1,1,0,0.5185,"Detected a request with potential user-input going into a OutputStream or Writer object. This bypasses any view or template environments, including HTML escaping, which may expose this application to cross-site scripting (XSS) vulnerabilities. Consider using a view technology such as JavaServer Faces (JSFs) which automatically escapes HTML views.",0.5818816613600312,P3 - Medium (ML Moderate / Needs Review)
BenchmarkTest01893,0,CWE-643,1,1,0,0.5185,"Detected a request with potential user-input going into a OutputStream or Writer object. This bypasses any view or template environments, including HTML escaping, which may expose this application to cross-site scripting (XSS) vulnerabilities. Consider using a view technology such as JavaServer Faces (JSFs) which automatically escapes HTML views.",0.5966911090684172,P3 - Medium (ML Moderate / Needs Review)
BenchmarkTest01894,1,CWE-643,1,1,0,0.5185,"Detected a request with potential user-input going into a OutputStream or Writer object. This bypasses any view or template environments, including HTML escaping, which may expose this application to cross-site scripting (XSS) vulnerabilities. Consider using a view technology such as JavaServer Faces (JSFs) which automatically escapes HTML views.",0.5639760800600782,P3 - Medium (ML Moderate / Needs Review)
BenchmarkTest01895,1,CWE-327,1,0,1,0.9046,Use another cipher mode or disable padding.,0.7669870863329693,P2 - High (ML Probable Vulnerability)
BenchmarkTest01896,0,CWE-327,0,0,0,0.9046,,0.09176958896267884,P4 - Low (ML Suppressed / Likely False Alarm)
BenchmarkTest01897,1,CWE-327,2,1,1,0.9046,DES is considered deprecated. AES is the recommended cipher. Upgrade to use AES. See https://www.nist.gov/news-events/news/2005/06/nist-withdraws-outdated-data-encryption-standard for more information.,0.9726464839232182,P1 - Critical (ML High-Confidence Vulnerability)
BenchmarkTest01898,1,CWE-327,2,1,1,0.9046,DES is considered deprecated. AES is the recommended cipher. Upgrade to use AES. See https://www.nist.gov/news-events/news/2005/06/nist-withdraws-outdated-data-encryption-standard for more information.,0.9599168322784121,P1 - Critical (ML High-Confidence Vulnerability)
BenchmarkTest01899,0,CWE-327,0,0,0,0.9046,,0.10245024003086535,P4 - Low (ML Suppressed / Likely False Alarm)
BenchmarkTest01900,1,CWE-327,1,0,1,0.9046,Use a strong cipher algorithm.,0.7669870863329693,P2 - High (ML Probable Vulnerability)
BenchmarkTest01901,0,CWE-327,1,0,1,0.9046,Use a secure cipher mode.,0.7651568594963934,P2 - High (ML Probable Vulnerability)
BenchmarkTest01902,1,CWE-90,1,1,0,0.4815,"Detected input from a HTTPServletRequest going into an LDAP query. This could lead to LDAP injection if the input is not properly sanitized, which could result in attackers modifying objects in the LDAP tree structure. Ensure data passed to an LDAP query is not controllable or properly sanitize the data.",0.4812138184171754,P3 - Medium (ML Moderate / Needs Review)
BenchmarkTest01903,0,CWE-90,1,1,0,0.4815,"Detected input from a HTTPServletRequest going into an LDAP query. This could lead to LDAP injection if the input is not properly sanitized, which could result in attackers modifying objects in the LDAP tree structure. Ensure data passed to an LDAP query is not controllable or properly sanitize the data.",0.5026710330672093,P3 - Medium (ML Moderate / Needs Review)
BenchmarkTest01904,1,CWE-22,1,1,0,0.531,"Detected a potential path traversal. A malicious actor could control the location of this file, to include going backwards in the directory with '../'. To address this, ensure that user-controlled variables in file paths are sanitized. You may also consider using a utility method such as org.apache.commons.io.FilenameUtils.getName(...) to only retrieve the file name from the path.",0.5446502000682291,P3 - Medium (ML Moderate / Needs Review)
BenchmarkTest01905,0,CWE-22,1,1,0,0.531,"Detected a potential path traversal. A malicious actor could control the location of this file, to include going backwards in the directory with '../'. To address this, ensure that user-controlled variables in file paths are sanitized. You may also consider using a utility method such as org.apache.commons.io.FilenameUtils.getName(...) to only retrieve the file name from the path.",0.5323617688956359,P3 - Medium (ML Moderate / Needs Review)
BenchmarkTest01906,1,CWE-22,1,1,0,0.531,"Detected a potential path traversal. A malicious actor could control the location of this file, to include going backwards in the directory with '../'. To address this, ensure that user-controlled variables in file paths are sanitized. You may also consider using a utility method such as org.apache.commons.io.FilenameUtils.getName(...) to only retrieve the file name from the path.",0.5333552162927581,P3 - Medium (ML Moderate / Needs Review)
BenchmarkTest01907,1,CWE-22,1,1,0,0.531,"Detected a potential path traversal. A malicious actor could control the location of this file, to include going backwards in the directory with '../'. To address this, ensure that user-controlled variables in file paths are sanitized. You may also consider using a utility method such as org.apache.commons.io.FilenameUtils.getName(...) to only retrieve the file name from the path.",0.5323617688956359,P3 - Medium (ML Moderate / Needs Review)
BenchmarkTest01908,1,CWE-22,0,0,0,0.531,,0.22112950407752943,P4 - Low (ML Suppressed / Likely False Alarm)
BenchmarkTest01909,0,CWE-90,1,1,0,0.4815,"Detected input from a HTTPServletRequest going into an LDAP query. This could lead to LDAP injection if the input is not properly sanitized, which could result in attackers modifying objects in the LDAP tree structure. Ensure data passed to an LDAP query is not controllable or properly sanitize the data.",0.4729567405628093,P3 - Medium (ML Moderate / Needs Review)
BenchmarkTest01910,1,CWE-330,2,1,1,1.0,"Detected use of the functions `Math.random()` or `java.util.Random()`. These are both not cryptographically strong random number generators (RNGs). If you are using these RNGs to create passwords or secret tokens, use `java.security.SecureRandom` instead.",1.0,P1 - Critical (ML High-Confidence Vulnerability)
BenchmarkTest01911,1,CWE-328,1,0,1,1.0,Make sure this weak hash algorithm is not used in a sensitive context here.,0.9103970488462652,P1 - Critical (ML High-Confidence Vulnerability)
BenchmarkTest01912,0,CWE-328,0,0,0,1.0,,0.20319054080011195,P4 - Low (ML Suppressed / Likely False Alarm)
BenchmarkTest01913,0,CWE-328,0,0,0,1.0,,0.2336827722158927,P4 - Low (ML Suppressed / Likely False Alarm)
BenchmarkTest01914,0,CWE-79,1,1,0,0.6516,"Detected a request with potential user-input going into a OutputStream or Writer object. This bypasses any view or template environments, including HTML escaping, which may expose this application to cross-site scripting (XSS) vulnerabilities. Consider using a view technology such as JavaServer Faces (JSFs) which automatically escapes HTML views.",0.658125282848209,P2 - High (ML Probable Vulnerability)
BenchmarkTest01915,0,CWE-79,1,1,0,0.6516,"Detected a request with potential user-input going into a OutputStream or Writer object. This bypasses any view or template environments, including HTML escaping, which may expose this application to cross-site scripting (XSS) vulnerabilities. Consider using a view technology such as JavaServer Faces (JSFs) which automatically escapes HTML views.",0.6567667998284668,P2 - High (ML Probable Vulnerability)
BenchmarkTest01916,1,CWE-79,1,1,0,0.6516,"Detected a request with potential user-input going into a OutputStream or Writer object. This bypasses any view or template environments, including HTML escaping, which may expose this application to cross-site scripting (XSS) vulnerabilities. Consider using a view technology such as JavaServer Faces (JSFs) which automatically escapes HTML views.",0.6447953001558595,P3 - Medium (ML Moderate / Needs Review)
BenchmarkTest01917,0,CWE-79,1,1,0,0.6516,"Detected a request with potential user-input going into a OutputStream or Writer object. This bypasses any view or template environments, including HTML escaping, which may expose this application to cross-site scripting (XSS) vulnerabilities. Consider using a view technology such as JavaServer Faces (JSFs) which automatically escapes HTML views.",0.658125282848209,P2 - High (ML Probable Vulnerability)
BenchmarkTest01918,0,CWE-79,1,1,0,0.6516,"Detected a request with potential user-input going into a OutputStream or Writer object. This bypasses any view or template environments, including HTML escaping, which may expose this application to cross-site scripting (XSS) vulnerabilities. Consider using a view technology such as JavaServer Faces (JSFs) which automatically escapes HTML views.",0.658125282848209,P2 - High (ML Probable Vulnerability)
BenchmarkTest01919,1,CWE-79,1,1,0,0.6516,"Detected a request with potential user-input going into a OutputStream or Writer object. This bypasses any view or template environments, including HTML escaping, which may expose this application to cross-site scripting (XSS) vulnerabilities. Consider using a view technology such as JavaServer Faces (JSFs) which automatically escapes HTML views.",0.6447953001558595,P3 - Medium (ML Moderate / Needs Review)
BenchmarkTest01920,1,CWE-79,1,1,0,0.6516,"Detected a request with potential user-input going into a OutputStream or Writer object. This bypasses any view or template environments, including HTML escaping, which may expose this application to cross-site scripting (XSS) vulnerabilities. Consider using a view technology such as JavaServer Faces (JSFs) which automatically escapes HTML views.",0.6447953001558595,P3 - Medium (ML Moderate / Needs Review)
BenchmarkTest01921,1,CWE-79,1,1,0,0.6516,"Detected a request with potential user-input going into a OutputStream or Writer object. This bypasses any view or template environments, including HTML escaping, which may expose this application to cross-site scripting (XSS) vulnerabilities. Consider using a view technology such as JavaServer Faces (JSFs) which automatically escapes HTML views.",0.6654635318596704,P2 - High (ML Probable Vulnerability)
BenchmarkTest01922,1,CWE-79,1,1,0,0.6516,"Detected a request with potential user-input going into a OutputStream or Writer object. This bypasses any view or template environments, including HTML escaping, which may expose this application to cross-site scripting (XSS) vulnerabilities. Consider using a view technology such as JavaServer Faces (JSFs) which automatically escapes HTML views.",0.6447953001558595,P3 - Medium (ML Moderate / Needs Review)
BenchmarkTest01923,1,CWE-79,1,1,0,0.6516,"Detected a request with potential user-input going into a OutputStream or Writer object. This bypasses any view or template environments, including HTML escaping, which may expose this application to cross-site scripting (XSS) vulnerabilities. Consider using a view technology such as JavaServer Faces (JSFs) which automatically escapes HTML views.",0.658125282848209,P2 - High (ML Probable Vulnerability)
BenchmarkTest01924,0,CWE-79,1,1,0,0.6516,"Detected a request with potential user-input going into a OutputStream or Writer object. This bypasses any view or template environments, including HTML escaping, which may expose this application to cross-site scripting (XSS) vulnerabilities. Consider using a view technology such as JavaServer Faces (JSFs) which automatically escapes HTML views.",0.658125282848209,P2 - High (ML Probable Vulnerability)
BenchmarkTest01925,1,CWE-79,1,1,0,0.6516,"Detected a request with potential user-input going into a OutputStream or Writer object. This bypasses any view or template environments, including HTML escaping, which may expose this application to cross-site scripting (XSS) vulnerabilities. Consider using a view technology such as JavaServer Faces (JSFs) which automatically escapes HTML views.",0.6567667998284668,P2 - High (ML Probable Vulnerability)
BenchmarkTest01926,1,CWE-79,1,1,0,0.6516,"Detected a request with potential user-input going into a OutputStream or Writer object. This bypasses any view or template environments, including HTML escaping, which may expose this application to cross-site scripting (XSS) vulnerabilities. Consider using a view technology such as JavaServer Faces (JSFs) which automatically escapes HTML views.",0.6654635318596704,P2 - High (ML Probable Vulnerability)
BenchmarkTest01927,1,CWE-79,1,1,0,0.6516,"Detected a request with potential user-input going into a OutputStream or Writer object. This bypasses any view or template environments, including HTML escaping, which may expose this application to cross-site scripting (XSS) vulnerabilities. Consider using a view technology such as JavaServer Faces (JSFs) which automatically escapes HTML views.",0.658125282848209,P2 - High (ML Probable Vulnerability)
BenchmarkTest01928,1,CWE-78,1,1,0,0.5177,"Detected input from a HTTPServletRequest going into a 'ProcessBuilder' or 'exec' command. This could lead to command injection if variables passed into the exec commands are not properly sanitized. Instead, avoid using these OS commands with user-supplied input, or, if you must use these commands, use a whitelist of specific values.",0.5140518495956894,P3 - Medium (ML Moderate / Needs Review)
BenchmarkTest01929,1,CWE-78,1,1,0,0.5177,"Detected input from a HTTPServletRequest going into a 'ProcessBuilder' or 'exec' command. This could lead to command injection if variables passed into the exec commands are not properly sanitized. Instead, avoid using these OS commands with user-supplied input, or, if you must use these commands, use a whitelist of specific values.",0.565387778500283,P3 - Medium (ML Moderate / Needs Review)
BenchmarkTest01930,1,CWE-330,2,1,1,1.0,"Detected use of the functions `Math.random()` or `java.util.Random()`. These are both not cryptographically strong random number generators (RNGs). If you are using these RNGs to create passwords or secret tokens, use `java.security.SecureRandom` instead.",1.0,P1 - Critical (ML High-Confidence Vulnerability)
BenchmarkTest01931,1,CWE-330,2,1,1,1.0,"Detected use of the functions `Math.random()` or `java.util.Random()`. These are both not cryptographically strong random number generators (RNGs). If you are using these RNGs to create passwords or secret tokens, use `java.security.SecureRandom` instead.",1.0,P1 - Critical (ML High-Confidence Vulnerability)
BenchmarkTest01932,1,CWE-330,2,1,1,1.0,"Detected use of the functions `Math.random()` or `java.util.Random()`. These are both not cryptographically strong random number generators (RNGs). If you are using these RNGs to create passwords or secret tokens, use `java.security.SecureRandom` instead.",1.0,P1 - Critical (ML High-Confidence Vulnerability)
BenchmarkTest01933,1,CWE-330,2,1,1,1.0,"Detected use of the functions `Math.random()` or `java.util.Random()`. These are both not cryptographically strong random number generators (RNGs). If you are using these RNGs to create passwords or secret tokens, use `java.security.SecureRandom` instead.",1.0,P1 - Critical (ML High-Confidence Vulnerability)
BenchmarkTest01934,1,CWE-330,2,1,1,1.0,"Detected use of the functions `Math.random()` or `java.util.Random()`. These are both not cryptographically strong random number generators (RNGs). If you are using these RNGs to create passwords or secret tokens, use `java.security.SecureRandom` instead.",1.0,P1 - Critical (ML High-Confidence Vulnerability)
BenchmarkTest01935,0,CWE-614,0,0,0,1.0,,0.10458381250387964,P4 - Low (ML Suppressed / Likely False Alarm)
BenchmarkTest01936,1,CWE-78,1,1,0,0.5177,"Detected input from a HTTPServletRequest going into a 'ProcessBuilder' or 'exec' command. This could lead to command injection if variables passed into the exec commands are not properly sanitized. Instead, avoid using these OS commands with user-supplied input, or, if you must use these commands, use a whitelist of specific values.",0.5076583195183094,P3 - Medium (ML Moderate / Needs Review)
BenchmarkTest01937,0,CWE-78,1,1,0,0.5177,"Detected input from a HTTPServletRequest going into a 'ProcessBuilder' or 'exec' command. This could lead to command injection if variables passed into the exec commands are not properly sanitized. Instead, avoid using these OS commands with user-supplied input, or, if you must use these commands, use a whitelist of specific values.",0.5140518495956894,P3 - Medium (ML Moderate / Needs Review)
BenchmarkTest01938,1,CWE-78,1,1,0,0.5177,"Detected input from a HTTPServletRequest going into a 'ProcessBuilder' or 'exec' command. This could lead to command injection if variables passed into the exec commands are not properly sanitized. Instead, avoid using these OS commands with user-supplied input, or, if you must use these commands, use a whitelist of specific values.",0.5076583195183094,P3 - Medium (ML Moderate / Needs Review)
BenchmarkTest01939,0,CWE-78,1,1,0,0.5177,"Detected input from a HTTPServletRequest going into a 'ProcessBuilder' or 'exec' command. This could lead to command injection if variables passed into the exec commands are not properly sanitized. Instead, avoid using these OS commands with user-supplied input, or, if you must use these commands, use a whitelist of specific values.",0.565387778500283,P3 - Medium (ML Moderate / Needs Review)
BenchmarkTest01940,1,CWE-78,1,1,0,0.5177,"Detected input from a HTTPServletRequest going into a 'ProcessBuilder' or 'exec' command. This could lead to command injection if variables passed into the exec commands are not properly sanitized. Instead, avoid using these OS commands with user-supplied input, or, if you must use these commands, use a whitelist of specific values.",0.5713557769679556,P3 - Medium (ML Moderate / Needs Review)
BenchmarkTest01941,0,CWE-78,1,1,0,0.5177,"Detected input from a HTTPServletRequest going into a 'ProcessBuilder' or 'exec' command. This could lead to command injection if variables passed into the exec commands are not properly sanitized. Instead, avoid using these OS commands with user-supplied input, or, if you must use these commands, use a whitelist of specific values.",0.5076583195183094,P3 - Medium (ML Moderate / Needs Review)
BenchmarkTest01942,1,CWE-78,1,1,0,0.5177,"Detected input from a HTTPServletRequest going into a 'ProcessBuilder' or 'exec' command. This could lead to command injection if variables passed into the exec commands are not properly sanitized. Instead, avoid using these OS commands with user-supplied input, or, if you must use these commands, use a whitelist of specific values.",0.5076583195183094,P3 - Medium (ML Moderate / Needs Review)
BenchmarkTest01943,0,CWE-78,1,1,0,0.5177,"Detected input from a HTTPServletRequest going into a 'ProcessBuilder' or 'exec' command. This could lead to command injection if variables passed into the exec commands are not properly sanitized. Instead, avoid using these OS commands with user-supplied input, or, if you must use these commands, use a whitelist of specific values.",0.543197997632849,P3 - Medium (ML Moderate / Needs Review)
BenchmarkTest01944,1,CWE-78,1,1,0,0.5177,"Detected input from a HTTPServletRequest going into a 'ProcessBuilder' or 'exec' command. This could lead to command injection if variables passed into the exec commands are not properly sanitized. Instead, avoid using these OS commands with user-supplied input, or, if you must use these commands, use a whitelist of specific values.",0.565387778500283,P3 - Medium (ML Moderate / Needs Review)
BenchmarkTest01945,0,CWE-330,0,0,0,1.0,,0.054878713660365834,P4 - Low (ML Suppressed / Likely False Alarm)
BenchmarkTest01946,0,CWE-330,0,0,0,1.0,,0.05437237384043517,P4 - Low (ML Suppressed / Likely False Alarm)
BenchmarkTest01947,0,CWE-330,0,0,0,1.0,,0.054878713660365834,P4 - Low (ML Suppressed / Likely False Alarm)
BenchmarkTest01948,0,CWE-330,0,0,0,1.0,,0.05437237384043517,P4 - Low (ML Suppressed / Likely False Alarm)
BenchmarkTest01949,0,CWE-330,0,0,0,1.0,,0.051215480072750806,P4 - Low (ML Suppressed / Likely False Alarm)
BenchmarkTest01950,0,CWE-330,0,0,0,1.0,,0.054878713660365834,P4 - Low (ML Suppressed / Likely False Alarm)
BenchmarkTest01951,0,CWE-330,0,0,0,1.0,,0.057764259022038515,P4 - Low (ML Suppressed / Likely False Alarm)
BenchmarkTest01952,0,CWE-330,0,0,0,1.0,,0.05157343440022427,P4 - Low (ML Suppressed / Likely False Alarm)
BenchmarkTest01953,0,CWE-330,0,0,0,1.0,,0.05437237384043517,P4 - Low (ML Suppressed / Likely False Alarm)
BenchmarkTest01954,0,CWE-330,0,0,0,1.0,,0.057764259022038515,P4 - Low (ML Suppressed / Likely False Alarm)
BenchmarkTest01955,1,CWE-501,1,1,0,0.7234,"Detected a request with potential user-input going into a OutputStream or Writer object. This bypasses any view or template environments, including HTML escaping, which may expose this application to cross-site scripting (XSS) vulnerabilities. Consider using a view technology such as JavaServer Faces (JSFs) which automatically escapes HTML views.",0.7078618281880859,P2 - High (ML Probable Vulnerability)
BenchmarkTest01956,0,CWE-501,1,1,0,0.7234,"Detected a request with potential user-input going into a OutputStream or Writer object. This bypasses any view or template environments, including HTML escaping, which may expose this application to cross-site scripting (XSS) vulnerabilities. Consider using a view technology such as JavaServer Faces (JSFs) which automatically escapes HTML views.",0.7078618281880859,P2 - High (ML Probable Vulnerability)
BenchmarkTest01957,0,CWE-501,1,1,0,0.7234,"Detected a request with potential user-input going into a OutputStream or Writer object. This bypasses any view or template environments, including HTML escaping, which may expose this application to cross-site scripting (XSS) vulnerabilities. Consider using a view technology such as JavaServer Faces (JSFs) which automatically escapes HTML views.",0.7065454651105066,P2 - High (ML Probable Vulnerability)
BenchmarkTest01958,1,CWE-501,1,1,0,0.7234,"Detected a request with potential user-input going into a OutputStream or Writer object. This bypasses any view or template environments, including HTML escaping, which may expose this application to cross-site scripting (XSS) vulnerabilities. Consider using a view technology such as JavaServer Faces (JSFs) which automatically escapes HTML views.",0.6941563292264352,P2 - High (ML Probable Vulnerability)
BenchmarkTest01959,0,CWE-501,1,1,0,0.7234,"Detected a request with potential user-input going into a OutputStream or Writer object. This bypasses any view or template environments, including HTML escaping, which may expose this application to cross-site scripting (XSS) vulnerabilities. Consider using a view technology such as JavaServer Faces (JSFs) which automatically escapes HTML views.",0.7065454651105066,P2 - High (ML Probable Vulnerability)
BenchmarkTest01960,1,CWE-501,1,1,0,0.7234,"Detected a request with potential user-input going into a OutputStream or Writer object. This bypasses any view or template environments, including HTML escaping, which may expose this application to cross-site scripting (XSS) vulnerabilities. Consider using a view technology such as JavaServer Faces (JSFs) which automatically escapes HTML views.",0.7078618281880859,P2 - High (ML Probable Vulnerability)
BenchmarkTest01961,0,CWE-89,2,1,1,0.5746,Detected input from a HTTPServletRequest going into a SQL sink or statement. This could lead to SQL injection if variables in the SQL statement are not properly sanitized. Use parameterized SQL queries or properly sanitize user input instead.,0.6172031360784221,P3 - Medium (ML Moderate / Needs Review)
BenchmarkTest01962,1,CWE-89,2,1,1,0.5746,Detected input from a HTTPServletRequest going into a SQL sink or statement. This could lead to SQL injection if variables in the SQL statement are not properly sanitized. Use parameterized SQL queries or properly sanitize user input instead.,0.6013870000430575,P3 - Medium (ML Moderate / Needs Review)
BenchmarkTest01963,1,CWE-89,1,1,0,0.5746,Detected input from a HTTPServletRequest going into a SQL sink or statement. This could lead to SQL injection if variables in the SQL statement are not properly sanitized. Use parameterized SQL queries or properly sanitize user input instead.,0.6299341752169263,P3 - Medium (ML Moderate / Needs Review)
BenchmarkTest01964,1,CWE-89,1,1,0,0.5746,Detected input from a HTTPServletRequest going into a SQL sink or statement. This could lead to SQL injection if variables in the SQL statement are not properly sanitized. Use parameterized SQL queries or properly sanitize user input instead.,0.6411923512308969,P3 - Medium (ML Moderate / Needs Review)
BenchmarkTest01965,0,CWE-89,1,1,0,0.5746,"Detected a request with potential user-input going into a OutputStream or Writer object. This bypasses any view or template environments, including HTML escaping, which may expose this application to cross-site scripting (XSS) vulnerabilities. Consider using a view technology such as JavaServer Faces (JSFs) which automatically escapes HTML views.",0.5883339559634727,P3 - Medium (ML Moderate / Needs Review)
BenchmarkTest01966,0,CWE-89,1,1,0,0.5746,Detected input from a HTTPServletRequest going into a SQL sink or statement. This could lead to SQL injection if variables in the SQL statement are not properly sanitized. Use parameterized SQL queries or properly sanitize user input instead.,0.6369388599842778,P3 - Medium (ML Moderate / Needs Review)
BenchmarkTest01967,0,CWE-89,1,1,0,0.5746,Detected input from a HTTPServletRequest going into a SQL sink or statement. This could lead to SQL injection if variables in the SQL statement are not properly sanitized. Use parameterized SQL queries or properly sanitize user input instead.,0.6352860383034056,P3 - Medium (ML Moderate / Needs Review)
BenchmarkTest01968,0,CWE-89,1,1,0,0.5746,Detected input from a HTTPServletRequest going into a SQL sink or statement. This could lead to SQL injection if variables in the SQL statement are not properly sanitized. Use parameterized SQL queries or properly sanitize user input instead.,0.6369388599842778,P3 - Medium (ML Moderate / Needs Review)
BenchmarkTest01969,0,CWE-89,2,1,1,0.5746,Detected input from a HTTPServletRequest going into a SQL sink or statement. This could lead to SQL injection if variables in the SQL statement are not properly sanitized. Use parameterized SQL queries or properly sanitize user input instead.,0.6326009898069045,P3 - Medium (ML Moderate / Needs Review)
BenchmarkTest01970,1,CWE-89,2,1,1,0.5746,Detected input from a HTTPServletRequest going into a SQL sink or statement. This could lead to SQL injection if variables in the SQL statement are not properly sanitized. Use parameterized SQL queries or properly sanitize user input instead.,0.6133730231246536,P3 - Medium (ML Moderate / Needs Review)
BenchmarkTest01971,1,CWE-89,2,1,1,0.5746,Detected a formatted string in a SQL statement. This could lead to SQL injection if variables in the SQL statement are not properly sanitized. Use a prepared statements (java.sql.PreparedStatement) instead. You can obtain a PreparedStatement using 'connection.prepareStatement'.,0.4939336901384355,P3 - Medium (ML Moderate / Needs Review)
BenchmarkTest01972,1,CWE-89,2,1,1,0.5746,Detected a formatted string in a SQL statement. This could lead to SQL injection if variables in the SQL statement are not properly sanitized. Use a prepared statements (java.sql.PreparedStatement) instead. You can obtain a PreparedStatement using 'connection.prepareStatement'.,0.46600563814060314,P3 - Medium (ML Moderate / Needs Review)
BenchmarkTest01973,0,CWE-89,2,1,1,0.5746,Detected input from a HTTPServletRequest going into a SQL sink or statement. This could lead to SQL injection if variables in the SQL statement are not properly sanitized. Use parameterized SQL queries or properly sanitize user input instead.,0.6172031360784221,P3 - Medium (ML Moderate / Needs Review)
BenchmarkTest01974,1,CWE-643,1,1,0,0.5185,"Detected a request with potential user-input going into a OutputStream or Writer object. This bypasses any view or template environments, including HTML escaping, which may expose this application to cross-site scripting (XSS) vulnerabilities. Consider using a view technology such as JavaServer Faces (JSFs) which automatically escapes HTML views.",0.5390225203962058,P3 - Medium (ML Moderate / Needs Review)
BenchmarkTest01975,0,CWE-327,0,0,0,0.9046,,0.10245024003086535,P4 - Low (ML Suppressed / Likely False Alarm)
BenchmarkTest01976,0,CWE-327,0,0,0,0.9046,,0.09176958896267884,P4 - Low (ML Suppressed / Likely False Alarm)
BenchmarkTest01977,0,CWE-327,0,0,0,0.9046,,0.09176958896267884,P4 - Low (ML Suppressed / Likely False Alarm)
BenchmarkTest01978,1,CWE-327,2,1,1,0.9046,DES is considered deprecated. AES is the recommended cipher. Upgrade to use AES. See https://www.nist.gov/news-events/news/2005/06/nist-withdraws-outdated-data-encryption-standard for more information.,0.9599168322784121,P1 - Critical (ML High-Confidence Vulnerability)
BenchmarkTest01979,0,CWE-327,0,0,0,0.9046,,0.09081970593165378,P4 - Low (ML Suppressed / Likely False Alarm)
BenchmarkTest01980,1,CWE-327,1,0,1,0.9046,Use a secure cipher mode.,0.7615061478378989,P2 - High (ML Probable Vulnerability)
BenchmarkTest01981,1,CWE-327,1,0,1,0.9046,Use a strong cipher algorithm.,0.7615061478378989,P2 - High (ML Probable Vulnerability)
BenchmarkTest01982,0,CWE-327,1,0,1,0.9046,Use a secure cipher mode.,0.7669870863329693,P2 - High (ML Probable Vulnerability)
BenchmarkTest01983,1,CWE-22,1,1,0,0.531,"Detected a potential path traversal. A malicious actor could control the location of this file, to include going backwards in the directory with '../'. To address this, ensure that user-controlled variables in file paths are sanitized. You may also consider using a utility method such as org.apache.commons.io.FilenameUtils.getName(...) to only retrieve the file name from the path.",0.5300041467457454,P3 - Medium (ML Moderate / Needs Review)
BenchmarkTest01984,0,CWE-22,1,1,0,0.531,"Detected a potential path traversal. A malicious actor could control the location of this file, to include going backwards in the directory with '../'. To address this, ensure that user-controlled variables in file paths are sanitized. You may also consider using a utility method such as org.apache.commons.io.FilenameUtils.getName(...) to only retrieve the file name from the path.",0.5323617688956359,P3 - Medium (ML Moderate / Needs Review)
BenchmarkTest01985,1,CWE-22,1,1,0,0.531,"Detected a potential path traversal. A malicious actor could control the location of this file, to include going backwards in the directory with '../'. To address this, ensure that user-controlled variables in file paths are sanitized. You may also consider using a utility method such as org.apache.commons.io.FilenameUtils.getName(...) to only retrieve the file name from the path.",0.5333552162927581,P3 - Medium (ML Moderate / Needs Review)
BenchmarkTest01986,0,CWE-22,1,1,0,0.531,"Detected a potential path traversal. A malicious actor could control the location of this file, to include going backwards in the directory with '../'. To address this, ensure that user-controlled variables in file paths are sanitized. You may also consider using a utility method such as org.apache.commons.io.FilenameUtils.getName(...) to only retrieve the file name from the path.",0.5300041467457454,P3 - Medium (ML Moderate / Needs Review)
BenchmarkTest01987,1,CWE-22,1,1,0,0.531,"Detected a potential path traversal. A malicious actor could control the location of this file, to include going backwards in the directory with '../'. To address this, ensure that user-controlled variables in file paths are sanitized. You may also consider using a utility method such as org.apache.commons.io.FilenameUtils.getName(...) to only retrieve the file name from the path.",0.5323617688956359,P3 - Medium (ML Moderate / Needs Review)
BenchmarkTest01988,1,CWE-22,1,1,0,0.531,"Detected a potential path traversal. A malicious actor could control the location of this file, to include going backwards in the directory with '../'. To address this, ensure that user-controlled variables in file paths are sanitized. You may also consider using a utility method such as org.apache.commons.io.FilenameUtils.getName(...) to only retrieve the file name from the path.",0.5333552162927581,P3 - Medium (ML Moderate / Needs Review)
BenchmarkTest01989,1,CWE-22,1,1,0,0.531,"Detected a potential path traversal. A malicious actor could control the location of this file, to include going backwards in the directory with '../'. To address this, ensure that user-controlled variables in file paths are sanitized. You may also consider using a utility method such as org.apache.commons.io.FilenameUtils.getName(...) to only retrieve the file name from the path.",0.5323617688956359,P3 - Medium (ML Moderate / Needs Review)
BenchmarkTest01990,0,CWE-22,1,1,0,0.531,"Detected a potential path traversal. A malicious actor could control the location of this file, to include going backwards in the directory with '../'. To address this, ensure that user-controlled variables in file paths are sanitized. You may also consider using a utility method such as org.apache.commons.io.FilenameUtils.getName(...) to only retrieve the file name from the path.",0.528523134306003,P3 - Medium (ML Moderate / Needs Review)
BenchmarkTest01991,0,CWE-22,0,0,0,0.531,,0.23367630537219905,P4 - Low (ML Suppressed / Likely False Alarm)
BenchmarkTest01992,1,CWE-330,2,1,1,1.0,"Detected use of the functions `Math.random()` or `java.util.Random()`. These are both not cryptographically strong random number generators (RNGs). If you are using these RNGs to create passwords or secret tokens, use `java.security.SecureRandom` instead.",1.0,P1 - Critical (ML High-Confidence Vulnerability)
BenchmarkTest01993,0,CWE-328,0,0,0,1.0,,0.2042594061680803,P4 - Low (ML Suppressed / Likely False Alarm)
BenchmarkTest01994,0,CWE-328,0,0,0,1.0,,0.2336827722158927,P4 - Low (ML Suppressed / Likely False Alarm)
BenchmarkTest01995,0,CWE-328,0,0,0,1.0,,0.2336827722158927,P4 - Low (ML Suppressed / Likely False Alarm)
BenchmarkTest01996,1,CWE-328,0,0,0,1.0,,0.20319054080011195,P4 - Low (ML Suppressed / Likely False Alarm)
BenchmarkTest01997,1,CWE-328,0,0,0,1.0,,0.2042594061680803,P4 - Low (ML Suppressed / Likely False Alarm)
BenchmarkTest01998,0,CWE-328,0,0,0,1.0,,0.2042594061680803,P4 - Low (ML Suppressed / Likely False Alarm)
BenchmarkTest01999,1,CWE-330,2,1,1,1.0,"Detected use of the functions `Math.random()` or `java.util.Random()`. These are both not cryptographically strong random number generators (RNGs). If you are using these RNGs to create passwords or secret tokens, use `java.security.SecureRandom` instead.",1.0,P1 - Critical (ML High-Confidence Vulnerability)
BenchmarkTest02000,1,CWE-330,2,1,1,1.0,"Detected use of the functions `Math.random()` or `java.util.Random()`. These are both not cryptographically strong random number generators (RNGs). If you are using these RNGs to create passwords or secret tokens, use `java.security.SecureRandom` instead.",1.0,P1 - Critical (ML High-Confidence Vulnerability)
BenchmarkTest02001,1,CWE-330,2,1,1,1.0,"Detected use of the functions `Math.random()` or `java.util.Random()`. These are both not cryptographically strong random number generators (RNGs). If you are using these RNGs to create passwords or secret tokens, use `java.security.SecureRandom` instead.",1.0,P1 - Critical (ML High-Confidence Vulnerability)
BenchmarkTest02002,1,CWE-330,2,1,1,1.0,"Detected use of the functions `Math.random()` or `java.util.Random()`. These are both not cryptographically strong random number generators (RNGs). If you are using these RNGs to create passwords or secret tokens, use `java.security.SecureRandom` instead.",1.0,P1 - Critical (ML High-Confidence Vulnerability)
BenchmarkTest02003,1,CWE-330,2,1,1,1.0,"Detected use of the functions `Math.random()` or `java.util.Random()`. These are both not cryptographically strong random number generators (RNGs). If you are using these RNGs to create passwords or secret tokens, use `java.security.SecureRandom` instead.",1.0,P1 - Critical (ML High-Confidence Vulnerability)
BenchmarkTest02004,1,CWE-330,2,1,1,1.0,"Detected use of the functions `Math.random()` or `java.util.Random()`. These are both not cryptographically strong random number generators (RNGs). If you are using these RNGs to create passwords or secret tokens, use `java.security.SecureRandom` instead.",1.0,P1 - Critical (ML High-Confidence Vulnerability)
BenchmarkTest02005,1,CWE-614,1,1,0,1.0,A cookie was detected without setting the 'secure' flag. The 'secure' flag for cookies prevents the client from transmitting the cookie over insecure channels such as HTTP. Set the 'secure' flag by calling 'cookie.setSecure(true);',0.9472792447943184,P1 - Critical (ML High-Confidence Vulnerability)
BenchmarkTest02006,0,CWE-614,0,0,0,1.0,,0.09988438870874627,P4 - Low (ML Suppressed / Likely False Alarm)
BenchmarkTest02007,0,CWE-330,0,0,0,1.0,,0.051215480072750806,P4 - Low (ML Suppressed / Likely False Alarm)
BenchmarkTest02008,0,CWE-330,0,0,0,1.0,,0.054878713660365834,P4 - Low (ML Suppressed / Likely False Alarm)
BenchmarkTest02009,0,CWE-330,0,0,0,1.0,,0.057764259022038515,P4 - Low (ML Suppressed / Likely False Alarm)
BenchmarkTest02010,0,CWE-330,0,0,0,1.0,,0.057764259022038515,P4 - Low (ML Suppressed / Likely False Alarm)
BenchmarkTest02011,0,CWE-330,0,0,0,1.0,,0.054878713660365834,P4 - Low (ML Suppressed / Likely False Alarm)
BenchmarkTest02012,0,CWE-330,0,0,0,1.0,,0.051215480072750806,P4 - Low (ML Suppressed / Likely False Alarm)
BenchmarkTest02013,0,CWE-330,0,0,0,1.0,,0.05437237384043517,P4 - Low (ML Suppressed / Likely False Alarm)
BenchmarkTest02014,0,CWE-330,0,0,0,1.0,,0.057764259022038515,P4 - Low (ML Suppressed / Likely False Alarm)
BenchmarkTest02015,1,CWE-501,1,1,0,0.7234,"Detected a request with potential user-input going into a OutputStream or Writer object. This bypasses any view or template environments, including HTML escaping, which may expose this application to cross-site scripting (XSS) vulnerabilities. Consider using a view technology such as JavaServer Faces (JSFs) which automatically escapes HTML views.",0.7097295014333608,P2 - High (ML Probable Vulnerability)
BenchmarkTest02016,1,CWE-501,1,1,0,0.7234,"Detected a request with potential user-input going into a OutputStream or Writer object. This bypasses any view or template environments, including HTML escaping, which may expose this application to cross-site scripting (XSS) vulnerabilities. Consider using a view technology such as JavaServer Faces (JSFs) which automatically escapes HTML views.",0.6941563292264352,P2 - High (ML Probable Vulnerability)
BenchmarkTest02017,1,CWE-327,1,0,1,0.9046,Use a strong cipher algorithm.,0.7615061478378989,P2 - High (ML Probable Vulnerability)
BenchmarkTest02018,1,CWE-327,1,0,1,0.9046,Use a strong cipher algorithm.,0.7448928852534946,P2 - High (ML Probable Vulnerability)
BenchmarkTest02019,1,CWE-327,1,0,1,0.9046,Use a strong cipher algorithm.,0.7615061478378989,P2 - High (ML Probable Vulnerability)
BenchmarkTest02020,1,CWE-327,1,0,1,0.9046,Use another cipher mode or disable padding.,0.7448928852534946,P2 - High (ML Probable Vulnerability)
BenchmarkTest02021,0,CWE-327,0,0,0,0.9046,,0.09759301912689183,P4 - Low (ML Suppressed / Likely False Alarm)
BenchmarkTest02022,1,CWE-327,1,0,1,0.9046,Use a strong cipher algorithm.,0.7669870863329693,P2 - High (ML Probable Vulnerability)
BenchmarkTest02023,1,CWE-327,1,0,1,0.9046,Use a secure cipher mode.,0.7448928852534946,P2 - High (ML Probable Vulnerability)
BenchmarkTest02024,0,CWE-327,1,0,1,0.9046,Use a secure cipher mode.,0.7651568594963934,P2 - High (ML Probable Vulnerability)
BenchmarkTest02025,0,CWE-90,1,1,0,0.4815,"Detected input from a HTTPServletRequest going into an LDAP query. This could lead to LDAP injection if the input is not properly sanitized, which could result in attackers modifying objects in the LDAP tree structure. Ensure data passed to an LDAP query is not controllable or properly sanitize the data.",0.5266004013240456,P3 - Medium (ML Moderate / Needs Review)
BenchmarkTest02026,0,CWE-22,1,1,0,0.531,"Detected a potential path traversal. A malicious actor could control the location of this file, to include going backwards in the directory with '../'. To address this, ensure that user-controlled variables in file paths are sanitized. You may also consider using a utility method such as org.apache.commons.io.FilenameUtils.getName(...) to only retrieve the file name from the path.",0.5300041467457454,P3 - Medium (ML Moderate / Needs Review)
BenchmarkTest02027,1,CWE-22,1,1,0,0.531,"Detected a potential path traversal. A malicious actor could control the location of this file, to include going backwards in the directory with '../'. To address this, ensure that user-controlled variables in file paths are sanitized. You may also consider using a utility method such as org.apache.commons.io.FilenameUtils.getName(...) to only retrieve the file name from the path.",0.5300041467457454,P3 - Medium (ML Moderate / Needs Review)
BenchmarkTest02028,0,CWE-22,1,1,0,0.531,"Detected a potential path traversal. A malicious actor could control the location of this file, to include going backwards in the directory with '../'. To address this, ensure that user-controlled variables in file paths are sanitized. You may also consider using a utility method such as org.apache.commons.io.FilenameUtils.getName(...) to only retrieve the file name from the path.",0.5446502000682291,P3 - Medium (ML Moderate / Needs Review)
BenchmarkTest02029,0,CWE-22,1,1,0,0.531,"Detected a potential path traversal. A malicious actor could control the location of this file, to include going backwards in the directory with '../'. To address this, ensure that user-controlled variables in file paths are sanitized. You may also consider using a utility method such as org.apache.commons.io.FilenameUtils.getName(...) to only retrieve the file name from the path.",0.5333552162927581,P3 - Medium (ML Moderate / Needs Review)
BenchmarkTest02030,0,CWE-22,1,1,0,0.531,"Detected a potential path traversal. A malicious actor could control the location of this file, to include going backwards in the directory with '../'. To address this, ensure that user-controlled variables in file paths are sanitized. You may also consider using a utility method such as org.apache.commons.io.FilenameUtils.getName(...) to only retrieve the file name from the path.",0.5323617688956359,P3 - Medium (ML Moderate / Needs Review)
BenchmarkTest02031,0,CWE-22,1,1,0,0.531,"Detected a potential path traversal. A malicious actor could control the location of this file, to include going backwards in the directory with '../'. To address this, ensure that user-controlled variables in file paths are sanitized. You may also consider using a utility method such as org.apache.commons.io.FilenameUtils.getName(...) to only retrieve the file name from the path.",0.528523134306003,P3 - Medium (ML Moderate / Needs Review)
BenchmarkTest02032,1,CWE-22,1,1,0,0.531,"Detected a potential path traversal. A malicious actor could control the location of this file, to include going backwards in the directory with '../'. To address this, ensure that user-controlled variables in file paths are sanitized. You may also consider using a utility method such as org.apache.commons.io.FilenameUtils.getName(...) to only retrieve the file name from the path.",0.5446502000682291,P3 - Medium (ML Moderate / Needs Review)
BenchmarkTest02033,0,CWE-22,1,1,0,0.531,"Detected a potential path traversal. A malicious actor could control the location of this file, to include going backwards in the directory with '../'. To address this, ensure that user-controlled variables in file paths are sanitized. You may also consider using a utility method such as org.apache.commons.io.FilenameUtils.getName(...) to only retrieve the file name from the path.",0.5333552162927581,P3 - Medium (ML Moderate / Needs Review)
BenchmarkTest02034,1,CWE-22,1,1,0,0.531,"Detected a potential path traversal. A malicious actor could control the location of this file, to include going backwards in the directory with '../'. To address this, ensure that user-controlled variables in file paths are sanitized. You may also consider using a utility method such as org.apache.commons.io.FilenameUtils.getName(...) to only retrieve the file name from the path.",0.5446502000682291,P3 - Medium (ML Moderate / Needs Review)
BenchmarkTest02035,0,CWE-22,0,0,0,0.531,,0.23939612297813506,P4 - Low (ML Suppressed / Likely False Alarm)
BenchmarkTest02036,1,CWE-90,1,1,0,0.4815,"Detected input from a HTTPServletRequest going into an LDAP query. This could lead to LDAP injection if the input is not properly sanitized, which could result in attackers modifying objects in the LDAP tree structure. Ensure data passed to an LDAP query is not controllable or properly sanitize the data.",0.5131125537608819,P3 - Medium (ML Moderate / Needs Review)
BenchmarkTest02037,1,CWE-90,1,1,0,0.4815,"Detected input from a HTTPServletRequest going into an LDAP query. This could lead to LDAP injection if the input is not properly sanitized, which could result in attackers modifying objects in the LDAP tree structure. Ensure data passed to an LDAP query is not controllable or properly sanitize the data.",0.4812138184171754,P3 - Medium (ML Moderate / Needs Review)
BenchmarkTest02038,1,CWE-330,2,1,1,1.0,"Detected use of the functions `Math.random()` or `java.util.Random()`. These are both not cryptographically strong random number generators (RNGs). If you are using these RNGs to create passwords or secret tokens, use `java.security.SecureRandom` instead.",1.0,P1 - Critical (ML High-Confidence Vulnerability)
BenchmarkTest02039,1,CWE-330,2,1,1,1.0,"Detected use of the functions `Math.random()` or `java.util.Random()`. These are both not cryptographically strong random number generators (RNGs). If you are using these RNGs to create passwords or secret tokens, use `java.security.SecureRandom` instead.",1.0,P1 - Critical (ML High-Confidence Vulnerability)
BenchmarkTest02040,1,CWE-330,2,1,1,1.0,"Detected use of the functions `Math.random()` or `java.util.Random()`. These are both not cryptographically strong random number generators (RNGs). If you are using these RNGs to create passwords or secret tokens, use `java.security.SecureRandom` instead.",1.0,P1 - Critical (ML High-Confidence Vulnerability)
BenchmarkTest02041,0,CWE-328,0,0,0,1.0,,0.22444171124432277,P4 - Low (ML Suppressed / Likely False Alarm)
BenchmarkTest02042,1,CWE-328,2,1,1,1.0,"Detected SHA1 hash algorithm which is considered insecure. SHA1 is not collision resistant and is therefore not suitable as a cryptographic signature. Instead, use PBKDF2 for password hashing or SHA256 or SHA512 for other hash function applications.",0.9963725018172893,P1 - Critical (ML High-Confidence Vulnerability)
BenchmarkTest02043,0,CWE-328,0,0,0,1.0,,0.20319054080011195,P4 - Low (ML Suppressed / Likely False Alarm)
BenchmarkTest02044,0,CWE-328,0,0,0,1.0,,0.20319054080011195,P4 - Low (ML Suppressed / Likely False Alarm)
BenchmarkTest02045,0,CWE-79,1,1,0,0.6516,"Detected a request with potential user-input going into a OutputStream or Writer object. This bypasses any view or template environments, including HTML escaping, which may expose this application to cross-site scripting (XSS) vulnerabilities. Consider using a view technology such as JavaServer Faces (JSFs) which automatically escapes HTML views.",0.6654635318596704,P2 - High (ML Probable Vulnerability)
BenchmarkTest02046,1,CWE-79,1,1,0,0.6516,"Detected a request with potential user-input going into a OutputStream or Writer object. This bypasses any view or template environments, including HTML escaping, which may expose this application to cross-site scripting (XSS) vulnerabilities. Consider using a view technology such as JavaServer Faces (JSFs) which automatically escapes HTML views.",0.6447953001558595,P3 - Medium (ML Moderate / Needs Review)
BenchmarkTest02047,1,CWE-79,1,1,0,0.6516,"Detected a request with potential user-input going into a OutputStream or Writer object. This bypasses any view or template environments, including HTML escaping, which may expose this application to cross-site scripting (XSS) vulnerabilities. Consider using a view technology such as JavaServer Faces (JSFs) which automatically escapes HTML views.",0.620660943864709,P3 - Medium (ML Moderate / Needs Review)
BenchmarkTest02048,0,CWE-79,1,1,0,0.6516,"Detected a request with potential user-input going into a OutputStream or Writer object. This bypasses any view or template environments, including HTML escaping, which may expose this application to cross-site scripting (XSS) vulnerabilities. Consider using a view technology such as JavaServer Faces (JSFs) which automatically escapes HTML views.",0.658125282848209,P2 - High (ML Probable Vulnerability)
BenchmarkTest02049,0,CWE-79,1,1,0,0.6516,"Detected a request with potential user-input going into a OutputStream or Writer object. This bypasses any view or template environments, including HTML escaping, which may expose this application to cross-site scripting (XSS) vulnerabilities. Consider using a view technology such as JavaServer Faces (JSFs) which automatically escapes HTML views.",0.6654635318596704,P2 - High (ML Probable Vulnerability)
BenchmarkTest02050,1,CWE-79,1,1,0,0.6516,"Detected a request with potential user-input going into a OutputStream or Writer object. This bypasses any view or template environments, including HTML escaping, which may expose this application to cross-site scripting (XSS) vulnerabilities. Consider using a view technology such as JavaServer Faces (JSFs) which automatically escapes HTML views.",0.6447953001558595,P3 - Medium (ML Moderate / Needs Review)
BenchmarkTest02051,1,CWE-79,1,1,0,0.6516,"Detected a request with potential user-input going into a OutputStream or Writer object. This bypasses any view or template environments, including HTML escaping, which may expose this application to cross-site scripting (XSS) vulnerabilities. Consider using a view technology such as JavaServer Faces (JSFs) which automatically escapes HTML views.",0.6654635318596704,P2 - High (ML Probable Vulnerability)
BenchmarkTest02052,0,CWE-79,1,1,0,0.6516,"Detected a request with potential user-input going into a OutputStream or Writer object. This bypasses any view or template environments, including HTML escaping, which may expose this application to cross-site scripting (XSS) vulnerabilities. Consider using a view technology such as JavaServer Faces (JSFs) which automatically escapes HTML views.",0.620660943864709,P3 - Medium (ML Moderate / Needs Review)
BenchmarkTest02053,0,CWE-79,1,1,0,0.6516,"Detected a request with potential user-input going into a OutputStream or Writer object. This bypasses any view or template environments, including HTML escaping, which may expose this application to cross-site scripting (XSS) vulnerabilities. Consider using a view technology such as JavaServer Faces (JSFs) which automatically escapes HTML views.",0.6567667998284668,P2 - High (ML Probable Vulnerability)
BenchmarkTest02054,1,CWE-79,1,1,0,0.6516,"Detected a request with potential user-input going into a OutputStream or Writer object. This bypasses any view or template environments, including HTML escaping, which may expose this application to cross-site scripting (XSS) vulnerabilities. Consider using a view technology such as JavaServer Faces (JSFs) which automatically escapes HTML views.",0.6567667998284668,P2 - High (ML Probable Vulnerability)
BenchmarkTest02055,1,CWE-79,1,1,0,0.6516,"Detected a request with potential user-input going into a OutputStream or Writer object. This bypasses any view or template environments, including HTML escaping, which may expose this application to cross-site scripting (XSS) vulnerabilities. Consider using a view technology such as JavaServer Faces (JSFs) which automatically escapes HTML views.",0.6447953001558595,P3 - Medium (ML Moderate / Needs Review)
BenchmarkTest02056,1,CWE-79,1,1,0,0.6516,"Detected a request with potential user-input going into a OutputStream or Writer object. This bypasses any view or template environments, including HTML escaping, which may expose this application to cross-site scripting (XSS) vulnerabilities. Consider using a view technology such as JavaServer Faces (JSFs) which automatically escapes HTML views.",0.6447953001558595,P3 - Medium (ML Moderate / Needs Review)
BenchmarkTest02057,1,CWE-79,1,1,0,0.6516,"Detected a request with potential user-input going into a OutputStream or Writer object. This bypasses any view or template environments, including HTML escaping, which may expose this application to cross-site scripting (XSS) vulnerabilities. Consider using a view technology such as JavaServer Faces (JSFs) which automatically escapes HTML views.",0.620660943864709,P3 - Medium (ML Moderate / Needs Review)
BenchmarkTest02058,0,CWE-78,1,1,0,0.5177,"Detected input from a HTTPServletRequest going into a 'ProcessBuilder' or 'exec' command. This could lead to command injection if variables passed into the exec commands are not properly sanitized. Instead, avoid using these OS commands with user-supplied input, or, if you must use these commands, use a whitelist of specific values.",0.5713557769679556,P3 - Medium (ML Moderate / Needs Review)
BenchmarkTest02059,1,CWE-78,1,1,0,0.5177,"Detected input from a HTTPServletRequest going into a 'ProcessBuilder' or 'exec' command. This could lead to command injection if variables passed into the exec commands are not properly sanitized. Instead, avoid using these OS commands with user-supplied input, or, if you must use these commands, use a whitelist of specific values.",0.5076583195183094,P3 - Medium (ML Moderate / Needs Review)
BenchmarkTest02060,1,CWE-330,2,1,1,1.0,"Detected use of the functions `Math.random()` or `java.util.Random()`. These are both not cryptographically strong random number generators (RNGs). If you are using these RNGs to create passwords or secret tokens, use `java.security.SecureRandom` instead.",1.0,P1 - Critical (ML High-Confidence Vulnerability)
BenchmarkTest02061,1,CWE-330,2,1,1,1.0,"Detected use of the functions `Math.random()` or `java.util.Random()`. These are both not cryptographically strong random number generators (RNGs). If you are using these RNGs to create passwords or secret tokens, use `java.security.SecureRandom` instead.",1.0,P1 - Critical (ML High-Confidence Vulnerability)
BenchmarkTest02062,1,CWE-330,2,1,1,1.0,"Detected use of the functions `Math.random()` or `java.util.Random()`. These are both not cryptographically strong random number generators (RNGs). If you are using these RNGs to create passwords or secret tokens, use `java.security.SecureRandom` instead.",1.0,P1 - Critical (ML High-Confidence Vulnerability)
BenchmarkTest02063,1,CWE-330,2,1,1,1.0,"Detected use of the functions `Math.random()` or `java.util.Random()`. These are both not cryptographically strong random number generators (RNGs). If you are using these RNGs to create passwords or secret tokens, use `java.security.SecureRandom` instead.",1.0,P1 - Critical (ML High-Confidence Vulnerability)
BenchmarkTest02064,0,CWE-614,0,0,0,1.0,,0.10458381250387964,P4 - Low (ML Suppressed / Likely False Alarm)
BenchmarkTest02065,0,CWE-614,0,0,0,1.0,,0.09988438870874627,P4 - Low (ML Suppressed / Likely False Alarm)
BenchmarkTest02066,0,CWE-614,0,0,0,1.0,,0.10532987746572291,P4 - Low (ML Suppressed / Likely False Alarm)
BenchmarkTest02067,0,CWE-78,1,1,0,0.5177,"Detected input from a HTTPServletRequest going into a 'ProcessBuilder' or 'exec' command. This could lead to command injection if variables passed into the exec commands are not properly sanitized. Instead, avoid using these OS commands with user-supplied input, or, if you must use these commands, use a whitelist of specific values.",0.5140518495956894,P3 - Medium (ML Moderate / Needs Review)
BenchmarkTest02068,0,CWE-78,1,1,0,0.5177,"Detected input from a HTTPServletRequest going into a 'ProcessBuilder' or 'exec' command. This could lead to command injection if variables passed into the exec commands are not properly sanitized. Instead, avoid using these OS commands with user-supplied input, or, if you must use these commands, use a whitelist of specific values.",0.5140518495956894,P3 - Medium (ML Moderate / Needs Review)
BenchmarkTest02069,0,CWE-78,1,1,0,0.5177,"Detected input from a HTTPServletRequest going into a 'ProcessBuilder' or 'exec' command. This could lead to command injection if variables passed into the exec commands are not properly sanitized. Instead, avoid using these OS commands with user-supplied input, or, if you must use these commands, use a whitelist of specific values.",0.565387778500283,P3 - Medium (ML Moderate / Needs Review)
BenchmarkTest02070,1,CWE-78,1,1,0,0.5177,"Detected input from a HTTPServletRequest going into a 'ProcessBuilder' or 'exec' command. This could lead to command injection if variables passed into the exec commands are not properly sanitized. Instead, avoid using these OS commands with user-supplied input, or, if you must use these commands, use a whitelist of specific values.",0.5140518495956894,P3 - Medium (ML Moderate / Needs Review)
BenchmarkTest02071,0,CWE-330,0,0,0,1.0,,0.054878713660365834,P4 - Low (ML Suppressed / Likely False Alarm)
BenchmarkTest02072,0,CWE-330,0,0,0,1.0,,0.054878713660365834,P4 - Low (ML Suppressed / Likely False Alarm)
BenchmarkTest02073,0,CWE-330,0,0,0,1.0,,0.051215480072750806,P4 - Low (ML Suppressed / Likely False Alarm)
BenchmarkTest02074,0,CWE-330,0,0,0,1.0,,0.05437237384043517,P4 - Low (ML Suppressed / Likely False Alarm)
BenchmarkTest02075,0,CWE-330,0,0,0,1.0,,0.054878713660365834,P4 - Low (ML Suppressed / Likely False Alarm)
BenchmarkTest02076,0,CWE-330,0,0,0,1.0,,0.05437237384043517,P4 - Low (ML Suppressed / Likely False Alarm)
BenchmarkTest02077,0,CWE-330,0,0,0,1.0,,0.057764259022038515,P4 - Low (ML Suppressed / Likely False Alarm)
BenchmarkTest02078,0,CWE-330,0,0,0,1.0,,0.057764259022038515,P4 - Low (ML Suppressed / Likely False Alarm)
BenchmarkTest02079,0,CWE-330,0,0,0,1.0,,0.054878713660365834,P4 - Low (ML Suppressed / Likely False Alarm)
BenchmarkTest02080,0,CWE-330,0,0,0,1.0,,0.057764259022038515,P4 - Low (ML Suppressed / Likely False Alarm)
BenchmarkTest02081,0,CWE-330,0,0,0,1.0,,0.054878713660365834,P4 - Low (ML Suppressed / Likely False Alarm)
BenchmarkTest02082,0,CWE-330,0,0,0,1.0,,0.054878713660365834,P4 - Low (ML Suppressed / Likely False Alarm)
BenchmarkTest02083,0,CWE-330,0,0,0,1.0,,0.05437237384043517,P4 - Low (ML Suppressed / Likely False Alarm)
BenchmarkTest02084,1,CWE-501,1,1,0,0.7234,"Detected a request with potential user-input going into a OutputStream or Writer object. This bypasses any view or template environments, including HTML escaping, which may expose this application to cross-site scripting (XSS) vulnerabilities. Consider using a view technology such as JavaServer Faces (JSFs) which automatically escapes HTML views.",0.675477596449973,P2 - High (ML Probable Vulnerability)
BenchmarkTest02085,0,CWE-501,1,1,0,0.7234,"Detected a request with potential user-input going into a OutputStream or Writer object. This bypasses any view or template environments, including HTML escaping, which may expose this application to cross-site scripting (XSS) vulnerabilities. Consider using a view technology such as JavaServer Faces (JSFs) which automatically escapes HTML views.",0.7078618281880859,P2 - High (ML Probable Vulnerability)
BenchmarkTest02086,0,CWE-501,1,1,0,0.7234,"Detected a request with potential user-input going into a OutputStream or Writer object. This bypasses any view or template environments, including HTML escaping, which may expose this application to cross-site scripting (XSS) vulnerabilities. Consider using a view technology such as JavaServer Faces (JSFs) which automatically escapes HTML views.",0.7097295014333608,P2 - High (ML Probable Vulnerability)
BenchmarkTest02087,1,CWE-89,2,1,1,0.5746,Detected input from a HTTPServletRequest going into a SQL sink or statement. This could lead to SQL injection if variables in the SQL statement are not properly sanitized. Use parameterized SQL queries or properly sanitize user input instead.,0.6052657034562158,P3 - Medium (ML Moderate / Needs Review)
BenchmarkTest02088,1,CWE-89,2,1,1,0.5746,Detected input from a HTTPServletRequest going into a SQL sink or statement. This could lead to SQL injection if variables in the SQL statement are not properly sanitized. Use parameterized SQL queries or properly sanitize user input instead.,0.6133730231246536,P3 - Medium (ML Moderate / Needs Review)
BenchmarkTest02089,0,CWE-89,2,1,1,0.5746,Detected input from a HTTPServletRequest going into a SQL sink or statement. This could lead to SQL injection if variables in the SQL statement are not properly sanitized. Use parameterized SQL queries or properly sanitize user input instead.,0.6052657034562158,P3 - Medium (ML Moderate / Needs Review)
BenchmarkTest02090,1,CWE-89,1,1,0,0.5746,Detected input from a HTTPServletRequest going into a SQL sink or statement. This could lead to SQL injection if variables in the SQL statement are not properly sanitized. Use parameterized SQL queries or properly sanitize user input instead.,0.6299341752169263,P3 - Medium (ML Moderate / Needs Review)
BenchmarkTest02091,1,CWE-89,1,1,0,0.5746,Detected input from a HTTPServletRequest going into a SQL sink or statement. This could lead to SQL injection if variables in the SQL statement are not properly sanitized. Use parameterized SQL queries or properly sanitize user input instead.,0.6369388599842778,P3 - Medium (ML Moderate / Needs Review)
BenchmarkTest02092,1,CWE-89,2,1,1,0.5746,Detected a formatted string in a SQL statement. This could lead to SQL injection if variables in the SQL statement are not properly sanitized. Use a prepared statements (java.sql.PreparedStatement) instead. You can obtain a PreparedStatement using 'connection.prepareStatement'.,0.49671630473765704,P3 - Medium (ML Moderate / Needs Review)
BenchmarkTest02093,0,CWE-89,2,1,1,0.5746,Detected a formatted string in a SQL statement. This could lead to SQL injection if variables in the SQL statement are not properly sanitized. Use a prepared statements (java.sql.PreparedStatement) instead. You can obtain a PreparedStatement using 'connection.prepareStatement'.,0.46600563814060314,P3 - Medium (ML Moderate / Needs Review)
BenchmarkTest02094,1,CWE-89,2,1,1,0.5746,Detected a formatted string in a SQL statement. This could lead to SQL injection if variables in the SQL statement are not properly sanitized. Use a prepared statements (java.sql.PreparedStatement) instead. You can obtain a PreparedStatement using 'connection.prepareStatement'.,0.549532047868988,P3 - Medium (ML Moderate / Needs Review)
BenchmarkTest02095,0,CWE-89,2,1,1,0.5746,Detected a formatted string in a SQL statement. This could lead to SQL injection if variables in the SQL statement are not properly sanitized. Use a prepared statements (java.sql.PreparedStatement) instead. You can obtain a PreparedStatement using 'connection.prepareStatement'.,0.549532047868988,P3 - Medium (ML Moderate / Needs Review)
BenchmarkTest02096,1,CWE-89,2,1,1,0.5746,Detected a formatted string in a SQL statement. This could lead to SQL injection if variables in the SQL statement are not properly sanitized. Use a prepared statements (java.sql.PreparedStatement) instead. You can obtain a PreparedStatement using 'connection.prepareStatement'.,0.46600563814060314,P3 - Medium (ML Moderate / Needs Review)
BenchmarkTest02097,0,CWE-89,2,1,1,0.5746,Detected input from a HTTPServletRequest going into a SQL sink or statement. This could lead to SQL injection if variables in the SQL statement are not properly sanitized. Use parameterized SQL queries or properly sanitize user input instead.,0.6326009898069045,P3 - Medium (ML Moderate / Needs Review)
BenchmarkTest02098,0,CWE-89,2,1,1,0.5746,Detected input from a HTTPServletRequest going into a SQL sink or statement. This could lead to SQL injection if variables in the SQL statement are not properly sanitized. Use parameterized SQL queries or properly sanitize user input instead.,0.6013870000430575,P3 - Medium (ML Moderate / Needs Review)
BenchmarkTest02099,1,CWE-89,2,1,1,0.5746,Detected input from a HTTPServletRequest going into a SQL sink or statement. This could lead to SQL injection if variables in the SQL statement are not properly sanitized. Use parameterized SQL queries or properly sanitize user input instead.,0.6013870000430575,P3 - Medium (ML Moderate / Needs Review)
BenchmarkTest02100,1,CWE-643,1,1,0,0.5185,"Detected a request with potential user-input going into a OutputStream or Writer object. This bypasses any view or template environments, including HTML escaping, which may expose this application to cross-site scripting (XSS) vulnerabilities. Consider using a view technology such as JavaServer Faces (JSFs) which automatically escapes HTML views.",0.5966911090684172,P3 - Medium (ML Moderate / Needs Review)
BenchmarkTest02101,1,CWE-327,1,0,1,0.9046,Use another cipher mode or disable padding.,0.7448928852534946,P2 - High (ML Probable Vulnerability)
BenchmarkTest02102,0,CWE-327,0,0,0,0.9046,,0.09081970593165378,P4 - Low (ML Suppressed / Likely False Alarm)
BenchmarkTest02103,0,CWE-327,1,0,1,0.9046,Use a secure cipher mode.,0.7448928852534946,P2 - High (ML Probable Vulnerability)
BenchmarkTest02104,0,CWE-90,1,1,0,0.4815,"Detected input from a HTTPServletRequest going into an LDAP query. This could lead to LDAP injection if the input is not properly sanitized, which could result in attackers modifying objects in the LDAP tree structure. Ensure data passed to an LDAP query is not controllable or properly sanitize the data.",0.5266004013240456,P3 - Medium (ML Moderate / Needs Review)
BenchmarkTest02105,1,CWE-22,1,1,0,0.531,"Detected a potential path traversal. A malicious actor could control the location of this file, to include going backwards in the directory with '../'. To address this, ensure that user-controlled variables in file paths are sanitized. You may also consider using a utility method such as org.apache.commons.io.FilenameUtils.getName(...) to only retrieve the file name from the path.",0.5446502000682291,P3 - Medium (ML Moderate / Needs Review)
BenchmarkTest02106,1,CWE-22,1,1,0,0.531,"Detected a potential path traversal. A malicious actor could control the location of this file, to include going backwards in the directory with '../'. To address this, ensure that user-controlled variables in file paths are sanitized. You may also consider using a utility method such as org.apache.commons.io.FilenameUtils.getName(...) to only retrieve the file name from the path.",0.528523134306003,P3 - Medium (ML Moderate / Needs Review)
BenchmarkTest02107,0,CWE-22,1,1,0,0.531,"Detected a potential path traversal. A malicious actor could control the location of this file, to include going backwards in the directory with '../'. To address this, ensure that user-controlled variables in file paths are sanitized. You may also consider using a utility method such as org.apache.commons.io.FilenameUtils.getName(...) to only retrieve the file name from the path.",0.5323617688956359,P3 - Medium (ML Moderate / Needs Review)
BenchmarkTest02108,0,CWE-22,1,1,0,0.531,"Detected a potential path traversal. A malicious actor could control the location of this file, to include going backwards in the directory with '../'. To address this, ensure that user-controlled variables in file paths are sanitized. You may also consider using a utility method such as org.apache.commons.io.FilenameUtils.getName(...) to only retrieve the file name from the path.",0.5300041467457454,P3 - Medium (ML Moderate / Needs Review)
BenchmarkTest02109,1,CWE-22,1,1,0,0.531,"Detected a potential path traversal. A malicious actor could control the location of this file, to include going backwards in the directory with '../'. To address this, ensure that user-controlled variables in file paths are sanitized. You may also consider using a utility method such as org.apache.commons.io.FilenameUtils.getName(...) to only retrieve the file name from the path.",0.5333552162927581,P3 - Medium (ML Moderate / Needs Review)
BenchmarkTest02110,0,CWE-22,1,1,0,0.531,"Detected a potential path traversal. A malicious actor could control the location of this file, to include going backwards in the directory with '../'. To address this, ensure that user-controlled variables in file paths are sanitized. You may also consider using a utility method such as org.apache.commons.io.FilenameUtils.getName(...) to only retrieve the file name from the path.",0.5300041467457454,P3 - Medium (ML Moderate / Needs Review)
BenchmarkTest02111,0,CWE-22,1,1,0,0.531,"Detected a potential path traversal. A malicious actor could control the location of this file, to include going backwards in the directory with '../'. To address this, ensure that user-controlled variables in file paths are sanitized. You may also consider using a utility method such as org.apache.commons.io.FilenameUtils.getName(...) to only retrieve the file name from the path.",0.5323617688956359,P3 - Medium (ML Moderate / Needs Review)
BenchmarkTest02112,1,CWE-22,1,1,0,0.531,"Detected a potential path traversal. A malicious actor could control the location of this file, to include going backwards in the directory with '../'. To address this, ensure that user-controlled variables in file paths are sanitized. You may also consider using a utility method such as org.apache.commons.io.FilenameUtils.getName(...) to only retrieve the file name from the path.",0.5446502000682291,P3 - Medium (ML Moderate / Needs Review)
BenchmarkTest02113,1,CWE-22,0,0,0,0.531,,0.23926100857156368,P4 - Low (ML Suppressed / Likely False Alarm)
BenchmarkTest02114,0,CWE-90,1,1,0,0.4815,"Detected input from a HTTPServletRequest going into an LDAP query. This could lead to LDAP injection if the input is not properly sanitized, which could result in attackers modifying objects in the LDAP tree structure. Ensure data passed to an LDAP query is not controllable or properly sanitize the data.",0.5266004013240456,P3 - Medium (ML Moderate / Needs Review)
BenchmarkTest02115,0,CWE-90,1,1,0,0.4815,"Detected input from a HTTPServletRequest going into an LDAP query. This could lead to LDAP injection if the input is not properly sanitized, which could result in attackers modifying objects in the LDAP tree structure. Ensure data passed to an LDAP query is not controllable or properly sanitize the data.",0.5266004013240456,P3 - Medium (ML Moderate / Needs Review)
BenchmarkTest02116,0,CWE-90,1,1,0,0.4815,"Detected input from a HTTPServletRequest going into an LDAP query. This could lead to LDAP injection if the input is not properly sanitized, which could result in attackers modifying objects in the LDAP tree structure. Ensure data passed to an LDAP query is not controllable or properly sanitize the data.",0.5131125537608819,P3 - Medium (ML Moderate / Needs Review)
BenchmarkTest02117,1,CWE-330,2,1,1,1.0,"Detected use of the functions `Math.random()` or `java.util.Random()`. These are both not cryptographically strong random number generators (RNGs). If you are using these RNGs to create passwords or secret tokens, use `java.security.SecureRandom` instead.",1.0,P1 - Critical (ML High-Confidence Vulnerability)
BenchmarkTest02118,1,CWE-328,1,0,1,1.0,Make sure this weak hash algorithm is not used in a sensitive context here.,0.8883896409585705,P1 - Critical (ML High-Confidence Vulnerability)
BenchmarkTest02119,0,CWE-328,0,0,0,1.0,,0.20319054080011195,P4 - Low (ML Suppressed / Likely False Alarm)
BenchmarkTest02120,0,CWE-328,0,0,0,1.0,,0.20319054080011195,P4 - Low (ML Suppressed / Likely False Alarm)
BenchmarkTest02121,1,CWE-328,0,0,0,1.0,,0.22444171124432277,P4 - Low (ML Suppressed / Likely False Alarm)
BenchmarkTest02122,0,CWE-79,1,1,0,0.6516,"Detected a request with potential user-input going into a OutputStream or Writer object. This bypasses any view or template environments, including HTML escaping, which may expose this application to cross-site scripting (XSS) vulnerabilities. Consider using a view technology such as JavaServer Faces (JSFs) which automatically escapes HTML views.",0.658125282848209,P2 - High (ML Probable Vulnerability)
BenchmarkTest02123,1,CWE-79,1,1,0,0.6516,"Detected a request with potential user-input going into a OutputStream or Writer object. This bypasses any view or template environments, including HTML escaping, which may expose this application to cross-site scripting (XSS) vulnerabilities. Consider using a view technology such as JavaServer Faces (JSFs) which automatically escapes HTML views.",0.620660943864709,P3 - Medium (ML Moderate / Needs Review)
BenchmarkTest02124,1,CWE-79,1,1,0,0.6516,"Detected a request with potential user-input going into a OutputStream or Writer object. This bypasses any view or template environments, including HTML escaping, which may expose this application to cross-site scripting (XSS) vulnerabilities. Consider using a view technology such as JavaServer Faces (JSFs) which automatically escapes HTML views.",0.6654635318596704,P2 - High (ML Probable Vulnerability)
BenchmarkTest02125,0,CWE-79,1,1,0,0.6516,"Detected a request with potential user-input going into a OutputStream or Writer object. This bypasses any view or template environments, including HTML escaping, which may expose this application to cross-site scripting (XSS) vulnerabilities. Consider using a view technology such as JavaServer Faces (JSFs) which automatically escapes HTML views.",0.6447953001558595,P3 - Medium (ML Moderate / Needs Review)
BenchmarkTest02126,1,CWE-79,1,1,0,0.6516,"Detected a request with potential user-input going into a OutputStream or Writer object. This bypasses any view or template environments, including HTML escaping, which may expose this application to cross-site scripting (XSS) vulnerabilities. Consider using a view technology such as JavaServer Faces (JSFs) which automatically escapes HTML views.",0.6447953001558595,P3 - Medium (ML Moderate / Needs Review)
BenchmarkTest02127,1,CWE-79,1,1,0,0.6516,"Detected a request with potential user-input going into a OutputStream or Writer object. This bypasses any view or template environments, including HTML escaping, which may expose this application to cross-site scripting (XSS) vulnerabilities. Consider using a view technology such as JavaServer Faces (JSFs) which automatically escapes HTML views.",0.620660943864709,P3 - Medium (ML Moderate / Needs Review)
BenchmarkTest02128,1,CWE-79,1,1,0,0.6516,"Detected a request with potential user-input going into a OutputStream or Writer object. This bypasses any view or template environments, including HTML escaping, which may expose this application to cross-site scripting (XSS) vulnerabilities. Consider using a view technology such as JavaServer Faces (JSFs) which automatically escapes HTML views.",0.6567667998284668,P2 - High (ML Probable Vulnerability)
BenchmarkTest02129,1,CWE-79,1,1,0,0.6516,"Detected a request with potential user-input going into a OutputStream or Writer object. This bypasses any view or template environments, including HTML escaping, which may expose this application to cross-site scripting (XSS) vulnerabilities. Consider using a view technology such as JavaServer Faces (JSFs) which automatically escapes HTML views.",0.658125282848209,P2 - High (ML Probable Vulnerability)
BenchmarkTest02130,1,CWE-79,1,1,0,0.6516,"Detected a request with potential user-input going into a OutputStream or Writer object. This bypasses any view or template environments, including HTML escaping, which may expose this application to cross-site scripting (XSS) vulnerabilities. Consider using a view technology such as JavaServer Faces (JSFs) which automatically escapes HTML views.",0.6447953001558595,P3 - Medium (ML Moderate / Needs Review)
BenchmarkTest02131,1,CWE-79,1,1,0,0.6516,"Detected a request with potential user-input going into a OutputStream or Writer object. This bypasses any view or template environments, including HTML escaping, which may expose this application to cross-site scripting (XSS) vulnerabilities. Consider using a view technology such as JavaServer Faces (JSFs) which automatically escapes HTML views.",0.658125282848209,P2 - High (ML Probable Vulnerability)
BenchmarkTest02132,1,CWE-79,1,1,0,0.6516,"Detected a request with potential user-input going into a OutputStream or Writer object. This bypasses any view or template environments, including HTML escaping, which may expose this application to cross-site scripting (XSS) vulnerabilities. Consider using a view technology such as JavaServer Faces (JSFs) which automatically escapes HTML views.",0.620660943864709,P3 - Medium (ML Moderate / Needs Review)
BenchmarkTest02133,1,CWE-79,1,1,0,0.6516,"Detected a request with potential user-input going into a OutputStream or Writer object. This bypasses any view or template environments, including HTML escaping, which may expose this application to cross-site scripting (XSS) vulnerabilities. Consider using a view technology such as JavaServer Faces (JSFs) which automatically escapes HTML views.",0.6447953001558595,P3 - Medium (ML Moderate / Needs Review)
BenchmarkTest02134,1,CWE-79,1,1,0,0.6516,"Detected a request with potential user-input going into a OutputStream or Writer object. This bypasses any view or template environments, including HTML escaping, which may expose this application to cross-site scripting (XSS) vulnerabilities. Consider using a view technology such as JavaServer Faces (JSFs) which automatically escapes HTML views.",0.6654635318596704,P2 - High (ML Probable Vulnerability)
BenchmarkTest02135,0,CWE-79,1,1,0,0.6516,"Detected a request with potential user-input going into a OutputStream or Writer object. This bypasses any view or template environments, including HTML escaping, which may expose this application to cross-site scripting (XSS) vulnerabilities. Consider using a view technology such as JavaServer Faces (JSFs) which automatically escapes HTML views.",0.658125282848209,P2 - High (ML Probable Vulnerability)
BenchmarkTest02136,1,CWE-79,1,1,0,0.6516,"Detected a request with potential user-input going into a OutputStream or Writer object. This bypasses any view or template environments, including HTML escaping, which may expose this application to cross-site scripting (XSS) vulnerabilities. Consider using a view technology such as JavaServer Faces (JSFs) which automatically escapes HTML views.",0.620660943864709,P3 - Medium (ML Moderate / Needs Review)
BenchmarkTest02137,1,CWE-78,1,1,0,0.5177,"Detected input from a HTTPServletRequest going into a 'ProcessBuilder' or 'exec' command. This could lead to command injection if variables passed into the exec commands are not properly sanitized. Instead, avoid using these OS commands with user-supplied input, or, if you must use these commands, use a whitelist of specific values.",0.5140518495956894,P3 - Medium (ML Moderate / Needs Review)
BenchmarkTest02138,1,CWE-330,2,1,1,1.0,"Detected use of the functions `Math.random()` or `java.util.Random()`. These are both not cryptographically strong random number generators (RNGs). If you are using these RNGs to create passwords or secret tokens, use `java.security.SecureRandom` instead.",1.0,P1 - Critical (ML High-Confidence Vulnerability)
BenchmarkTest02139,1,CWE-330,2,1,1,1.0,"Detected use of the functions `Math.random()` or `java.util.Random()`. These are both not cryptographically strong random number generators (RNGs). If you are using these RNGs to create passwords or secret tokens, use `java.security.SecureRandom` instead.",1.0,P1 - Critical (ML High-Confidence Vulnerability)
BenchmarkTest02140,1,CWE-330,2,1,1,1.0,"Detected use of the functions `Math.random()` or `java.util.Random()`. These are both not cryptographically strong random number generators (RNGs). If you are using these RNGs to create passwords or secret tokens, use `java.security.SecureRandom` instead.",1.0,P1 - Critical (ML High-Confidence Vulnerability)
BenchmarkTest02141,1,CWE-330,2,1,1,1.0,"Detected use of the functions `Math.random()` or `java.util.Random()`. These are both not cryptographically strong random number generators (RNGs). If you are using these RNGs to create passwords or secret tokens, use `java.security.SecureRandom` instead.",1.0,P1 - Critical (ML High-Confidence Vulnerability)
BenchmarkTest02142,1,CWE-614,1,1,0,1.0,A cookie was detected without setting the 'secure' flag. The 'secure' flag for cookies prevents the client from transmitting the cookie over insecure channels such as HTTP. Set the 'secure' flag by calling 'cookie.setSecure(true);',0.9472792447943184,P1 - Critical (ML High-Confidence Vulnerability)
BenchmarkTest02143,0,CWE-614,0,0,0,1.0,,0.10509525118902438,P4 - Low (ML Suppressed / Likely False Alarm)
BenchmarkTest02144,0,CWE-614,0,0,0,1.0,,0.10532987746572291,P4 - Low (ML Suppressed / Likely False Alarm)
BenchmarkTest02145,1,CWE-79,1,1,0,0.6516,"Detected a request with potential user-input going into a OutputStream or Writer object. This bypasses any view or template environments, including HTML escaping, which may expose this application to cross-site scripting (XSS) vulnerabilities. Consider using a view technology such as JavaServer Faces (JSFs) which automatically escapes HTML views.",0.620660943864709,P3 - Medium (ML Moderate / Needs Review)
BenchmarkTest02146,1,CWE-78,1,1,0,0.5177,"Detected input from a HTTPServletRequest going into a 'ProcessBuilder' or 'exec' command. This could lead to command injection if variables passed into the exec commands are not properly sanitized. Instead, avoid using these OS commands with user-supplied input, or, if you must use these commands, use a whitelist of specific values.",0.543197997632849,P3 - Medium (ML Moderate / Needs Review)
BenchmarkTest02147,1,CWE-78,1,1,0,0.5177,"Detected input from a HTTPServletRequest going into a 'ProcessBuilder' or 'exec' command. This could lead to command injection if variables passed into the exec commands are not properly sanitized. Instead, avoid using these OS commands with user-supplied input, or, if you must use these commands, use a whitelist of specific values.",0.5076583195183094,P3 - Medium (ML Moderate / Needs Review)
BenchmarkTest02148,0,CWE-78,1,1,0,0.5177,"Detected input from a HTTPServletRequest going into a 'ProcessBuilder' or 'exec' command. This could lead to command injection if variables passed into the exec commands are not properly sanitized. Instead, avoid using these OS commands with user-supplied input, or, if you must use these commands, use a whitelist of specific values.",0.543197997632849,P3 - Medium (ML Moderate / Needs Review)
BenchmarkTest02149,0,CWE-78,1,1,0,0.5177,"Detected input from a HTTPServletRequest going into a 'ProcessBuilder' or 'exec' command. This could lead to command injection if variables passed into the exec commands are not properly sanitized. Instead, avoid using these OS commands with user-supplied input, or, if you must use these commands, use a whitelist of specific values.",0.543197997632849,P3 - Medium (ML Moderate / Needs Review)
BenchmarkTest02150,1,CWE-78,1,1,0,0.5177,"Detected input from a HTTPServletRequest going into a 'ProcessBuilder' or 'exec' command. This could lead to command injection if variables passed into the exec commands are not properly sanitized. Instead, avoid using these OS commands with user-supplied input, or, if you must use these commands, use a whitelist of specific values.",0.5076583195183094,P3 - Medium (ML Moderate / Needs Review)
BenchmarkTest02151,1,CWE-78,1,1,0,0.5177,"Detected input from a HTTPServletRequest going into a 'ProcessBuilder' or 'exec' command. This could lead to command injection if variables passed into the exec commands are not properly sanitized. Instead, avoid using these OS commands with user-supplied input, or, if you must use these commands, use a whitelist of specific values.",0.5713557769679556,P3 - Medium (ML Moderate / Needs Review)
BenchmarkTest02152,1,CWE-78,1,1,0,0.5177,"Detected input from a HTTPServletRequest going into a 'ProcessBuilder' or 'exec' command. This could lead to command injection if variables passed into the exec commands are not properly sanitized. Instead, avoid using these OS commands with user-supplied input, or, if you must use these commands, use a whitelist of specific values.",0.5713557769679556,P3 - Medium (ML Moderate / Needs Review)
BenchmarkTest02153,0,CWE-78,1,1,0,0.5177,"Detected input from a HTTPServletRequest going into a 'ProcessBuilder' or 'exec' command. This could lead to command injection if variables passed into the exec commands are not properly sanitized. Instead, avoid using these OS commands with user-supplied input, or, if you must use these commands, use a whitelist of specific values.",0.543197997632849,P3 - Medium (ML Moderate / Needs Review)
BenchmarkTest02154,1,CWE-78,1,1,0,0.5177,"Detected input from a HTTPServletRequest going into a 'ProcessBuilder' or 'exec' command. This could lead to command injection if variables passed into the exec commands are not properly sanitized. Instead, avoid using these OS commands with user-supplied input, or, if you must use these commands, use a whitelist of specific values.",0.543197997632849,P3 - Medium (ML Moderate / Needs Review)
BenchmarkTest02155,1,CWE-78,1,1,0,0.5177,"Detected input from a HTTPServletRequest going into a 'ProcessBuilder' or 'exec' command. This could lead to command injection if variables passed into the exec commands are not properly sanitized. Instead, avoid using these OS commands with user-supplied input, or, if you must use these commands, use a whitelist of specific values.",0.5076583195183094,P3 - Medium (ML Moderate / Needs Review)
BenchmarkTest02156,0,CWE-78,1,1,0,0.5177,"Detected input from a HTTPServletRequest going into a 'ProcessBuilder' or 'exec' command. This could lead to command injection if variables passed into the exec commands are not properly sanitized. Instead, avoid using these OS commands with user-supplied input, or, if you must use these commands, use a whitelist of specific values.",0.5140518495956894,P3 - Medium (ML Moderate / Needs Review)
BenchmarkTest02157,0,CWE-330,0,0,0,1.0,,0.05157343440022427,P4 - Low (ML Suppressed / Likely False Alarm)
BenchmarkTest02158,0,CWE-330,0,0,0,1.0,,0.05157343440022427,P4 - Low (ML Suppressed / Likely False Alarm)
BenchmarkTest02159,0,CWE-330,0,0,0,1.0,,0.051215480072750806,P4 - Low (ML Suppressed / Likely False Alarm)
BenchmarkTest02160,0,CWE-330,0,0,0,1.0,,0.054878713660365834,P4 - Low (ML Suppressed / Likely False Alarm)
BenchmarkTest02161,0,CWE-330,0,0,0,1.0,,0.05157343440022427,P4 - Low (ML Suppressed / Likely False Alarm)
BenchmarkTest02162,0,CWE-330,0,0,0,1.0,,0.054878713660365834,P4 - Low (ML Suppressed / Likely False Alarm)
BenchmarkTest02163,0,CWE-330,0,0,0,1.0,,0.05157343440022427,P4 - Low (ML Suppressed / Likely False Alarm)
BenchmarkTest02164,0,CWE-330,0,0,0,1.0,,0.051215480072750806,P4 - Low (ML Suppressed / Likely False Alarm)
BenchmarkTest02165,1,CWE-501,1,1,0,0.7234,"Detected a request with potential user-input going into a OutputStream or Writer object. This bypasses any view or template environments, including HTML escaping, which may expose this application to cross-site scripting (XSS) vulnerabilities. Consider using a view technology such as JavaServer Faces (JSFs) which automatically escapes HTML views.",0.675477596449973,P2 - High (ML Probable Vulnerability)
BenchmarkTest02166,0,CWE-501,1,1,0,0.7234,"Detected a request with potential user-input going into a OutputStream or Writer object. This bypasses any view or template environments, including HTML escaping, which may expose this application to cross-site scripting (XSS) vulnerabilities. Consider using a view technology such as JavaServer Faces (JSFs) which automatically escapes HTML views.",0.6941563292264352,P2 - High (ML Probable Vulnerability)
BenchmarkTest02167,1,CWE-501,1,1,0,0.7234,"Detected a request with potential user-input going into a OutputStream or Writer object. This bypasses any view or template environments, including HTML escaping, which may expose this application to cross-site scripting (XSS) vulnerabilities. Consider using a view technology such as JavaServer Faces (JSFs) which automatically escapes HTML views.",0.7097295014333608,P2 - High (ML Probable Vulnerability)
BenchmarkTest02168,0,CWE-501,1,1,0,0.7234,"Detected a request with potential user-input going into a OutputStream or Writer object. This bypasses any view or template environments, including HTML escaping, which may expose this application to cross-site scripting (XSS) vulnerabilities. Consider using a view technology such as JavaServer Faces (JSFs) which automatically escapes HTML views.",0.6941563292264352,P2 - High (ML Probable Vulnerability)
BenchmarkTest02169,1,CWE-89,2,1,1,0.5746,Detected input from a HTTPServletRequest going into a SQL sink or statement. This could lead to SQL injection if variables in the SQL statement are not properly sanitized. Use parameterized SQL queries or properly sanitize user input instead.,0.6052657034562158,P3 - Medium (ML Moderate / Needs Review)
BenchmarkTest02170,1,CWE-89,2,1,1,0.5746,Detected input from a HTTPServletRequest going into a SQL sink or statement. This could lead to SQL injection if variables in the SQL statement are not properly sanitized. Use parameterized SQL queries or properly sanitize user input instead.,0.6013870000430575,P3 - Medium (ML Moderate / Needs Review)
BenchmarkTest02171,1,CWE-89,2,1,1,0.5746,Detected input from a HTTPServletRequest going into a SQL sink or statement. This could lead to SQL injection if variables in the SQL statement are not properly sanitized. Use parameterized SQL queries or properly sanitize user input instead.,0.6172031360784221,P3 - Medium (ML Moderate / Needs Review)
BenchmarkTest02172,0,CWE-89,2,1,1,0.5746,Detected input from a HTTPServletRequest going into a SQL sink or statement. This could lead to SQL injection if variables in the SQL statement are not properly sanitized. Use parameterized SQL queries or properly sanitize user input instead.,0.6133730231246536,P3 - Medium (ML Moderate / Needs Review)
BenchmarkTest02173,0,CWE-89,2,1,1,0.5746,Detected input from a HTTPServletRequest going into a SQL sink or statement. This could lead to SQL injection if variables in the SQL statement are not properly sanitized. Use parameterized SQL queries or properly sanitize user input instead.,0.6013870000430575,P3 - Medium (ML Moderate / Needs Review)
BenchmarkTest02174,0,CWE-89,1,1,0,0.5746,Detected input from a HTTPServletRequest going into a SQL sink or statement. This could lead to SQL injection if variables in the SQL statement are not properly sanitized. Use parameterized SQL queries or properly sanitize user input instead.,0.6352860383034056,P3 - Medium (ML Moderate / Needs Review)
BenchmarkTest02175,0,CWE-89,1,1,0,0.5746,Detected input from a HTTPServletRequest going into a SQL sink or statement. This could lead to SQL injection if variables in the SQL statement are not properly sanitized. Use parameterized SQL queries or properly sanitize user input instead.,0.6325793924610322,P3 - Medium (ML Moderate / Needs Review)
BenchmarkTest02176,0,CWE-89,1,1,0,0.5746,Detected input from a HTTPServletRequest going into a SQL sink or statement. This could lead to SQL injection if variables in the SQL statement are not properly sanitized. Use parameterized SQL queries or properly sanitize user input instead.,0.6325793924610322,P3 - Medium (ML Moderate / Needs Review)
BenchmarkTest02177,1,CWE-89,1,1,0,0.5746,Detected input from a HTTPServletRequest going into a SQL sink or statement. This could lead to SQL injection if variables in the SQL statement are not properly sanitized. Use parameterized SQL queries or properly sanitize user input instead.,0.6299341752169263,P3 - Medium (ML Moderate / Needs Review)
BenchmarkTest02178,1,CWE-89,1,1,0,0.5746,Detected input from a HTTPServletRequest going into a SQL sink or statement. This could lead to SQL injection if variables in the SQL statement are not properly sanitized. Use parameterized SQL queries or properly sanitize user input instead.,0.6352860383034056,P3 - Medium (ML Moderate / Needs Review)
BenchmarkTest02179,1,CWE-89,1,1,0,0.5746,"Detected a request with potential user-input going into a OutputStream or Writer object. This bypasses any view or template environments, including HTML escaping, which may expose this application to cross-site scripting (XSS) vulnerabilities. Consider using a view technology such as JavaServer Faces (JSFs) which automatically escapes HTML views.",0.5883339559634727,P3 - Medium (ML Moderate / Needs Review)
BenchmarkTest02180,0,CWE-89,1,1,0,0.5746,"Detected a request with potential user-input going into a OutputStream or Writer object. This bypasses any view or template environments, including HTML escaping, which may expose this application to cross-site scripting (XSS) vulnerabilities. Consider using a view technology such as JavaServer Faces (JSFs) which automatically escapes HTML views.",0.663158147073452,P2 - High (ML Probable Vulnerability)
BenchmarkTest02181,1,CWE-89,1,1,0,0.5746,Detected input from a HTTPServletRequest going into a SQL sink or statement. This could lead to SQL injection if variables in the SQL statement are not properly sanitized. Use parameterized SQL queries or properly sanitize user input instead.,0.6352860383034056,P3 - Medium (ML Moderate / Needs Review)
BenchmarkTest02182,1,CWE-89,1,1,0,0.5746,Detected input from a HTTPServletRequest going into a SQL sink or statement. This could lead to SQL injection if variables in the SQL statement are not properly sanitized. Use parameterized SQL queries or properly sanitize user input instead.,0.6299341752169263,P3 - Medium (ML Moderate / Needs Review)
BenchmarkTest02183,0,CWE-89,1,1,0,0.5746,Detected input from a HTTPServletRequest going into a SQL sink or statement. This could lead to SQL injection if variables in the SQL statement are not properly sanitized. Use parameterized SQL queries or properly sanitize user input instead.,0.6369388599842778,P3 - Medium (ML Moderate / Needs Review)
BenchmarkTest02184,0,CWE-89,1,1,0,0.5746,Detected input from a HTTPServletRequest going into a SQL sink or statement. This could lead to SQL injection if variables in the SQL statement are not properly sanitized. Use parameterized SQL queries or properly sanitize user input instead.,0.6325793924610322,P3 - Medium (ML Moderate / Needs Review)
BenchmarkTest02185,0,CWE-89,2,1,1,0.5746,Detected input from a HTTPServletRequest going into a SQL sink or statement. This could lead to SQL injection if variables in the SQL statement are not properly sanitized. Use parameterized SQL queries or properly sanitize user input instead.,0.6133730231246536,P3 - Medium (ML Moderate / Needs Review)
BenchmarkTest02186,1,CWE-89,2,1,1,0.5746,Detected a formatted string in a SQL statement. This could lead to SQL injection if variables in the SQL statement are not properly sanitized. Use a prepared statements (java.sql.PreparedStatement) instead. You can obtain a PreparedStatement using 'connection.prepareStatement'.,0.5312748750495969,P3 - Medium (ML Moderate / Needs Review)
BenchmarkTest02187,1,CWE-89,2,1,1,0.5746,Detected a formatted string in a SQL statement. This could lead to SQL injection if variables in the SQL statement are not properly sanitized. Use a prepared statements (java.sql.PreparedStatement) instead. You can obtain a PreparedStatement using 'connection.prepareStatement'.,0.49671630473765704,P3 - Medium (ML Moderate / Needs Review)
BenchmarkTest02188,0,CWE-89,2,1,1,0.5746,Detected input from a HTTPServletRequest going into a SQL sink or statement. This could lead to SQL injection if variables in the SQL statement are not properly sanitized. Use parameterized SQL queries or properly sanitize user input instead.,0.6013870000430575,P3 - Medium (ML Moderate / Needs Review)
BenchmarkTest02189,1,CWE-643,1,1,0,0.5185,"Detected a request with potential user-input going into a OutputStream or Writer object. This bypasses any view or template environments, including HTML escaping, which may expose this application to cross-site scripting (XSS) vulnerabilities. Consider using a view technology such as JavaServer Faces (JSFs) which automatically escapes HTML views.",0.5248431078241387,P3 - Medium (ML Moderate / Needs Review)
BenchmarkTest02190,0,CWE-327,0,0,0,0.9046,,0.10245024003086535,P4 - Low (ML Suppressed / Likely False Alarm)
BenchmarkTest02191,0,CWE-327,0,0,0,0.9046,,0.10245024003086535,P4 - Low (ML Suppressed / Likely False Alarm)
BenchmarkTest02192,1,CWE-327,1,0,1,0.9046,Use a strong cipher algorithm.,0.746894127214667,P2 - High (ML Probable Vulnerability)
BenchmarkTest02193,1,CWE-327,1,0,1,0.9046,Use a strong cipher algorithm.,0.7651568594963934,P2 - High (ML Probable Vulnerability)
BenchmarkTest02194,1,CWE-327,2,1,1,0.9046,DES is considered deprecated. AES is the recommended cipher. Upgrade to use AES. See https://www.nist.gov/news-events/news/2005/06/nist-withdraws-outdated-data-encryption-standard for more information.,0.9599168322784121,P1 - Critical (ML High-Confidence Vulnerability)
BenchmarkTest02195,1,CWE-327,2,1,1,0.9046,DES is considered deprecated. AES is the recommended cipher. Upgrade to use AES. See https://www.nist.gov/news-events/news/2005/06/nist-withdraws-outdated-data-encryption-standard for more information.,0.9663830351149392,P1 - Critical (ML High-Confidence Vulnerability)
BenchmarkTest02196,1,CWE-90,1,1,0,0.4815,"Detected input from a HTTPServletRequest going into an LDAP query. This could lead to LDAP injection if the input is not properly sanitized, which could result in attackers modifying objects in the LDAP tree structure. Ensure data passed to an LDAP query is not controllable or properly sanitize the data.",0.4729567405628093,P3 - Medium (ML Moderate / Needs Review)
BenchmarkTest02197,1,CWE-22,1,1,0,0.531,"Detected a potential path traversal. A malicious actor could control the location of this file, to include going backwards in the directory with '../'. To address this, ensure that user-controlled variables in file paths are sanitized. You may also consider using a utility method such as org.apache.commons.io.FilenameUtils.getName(...) to only retrieve the file name from the path.",0.5333552162927581,P3 - Medium (ML Moderate / Needs Review)
BenchmarkTest02198,1,CWE-22,1,1,0,0.531,"Detected a potential path traversal. A malicious actor could control the location of this file, to include going backwards in the directory with '../'. To address this, ensure that user-controlled variables in file paths are sanitized. You may also consider using a utility method such as org.apache.commons.io.FilenameUtils.getName(...) to only retrieve the file name from the path.",0.5323617688956359,P3 - Medium (ML Moderate / Needs Review)
BenchmarkTest02199,1,CWE-22,1,1,0,0.531,"Detected a potential path traversal. A malicious actor could control the location of this file, to include going backwards in the directory with '../'. To address this, ensure that user-controlled variables in file paths are sanitized. You may also consider using a utility method such as org.apache.commons.io.FilenameUtils.getName(...) to only retrieve the file name from the path.",0.5333552162927581,P3 - Medium (ML Moderate / Needs Review)
BenchmarkTest02200,0,CWE-22,1,1,0,0.531,"Detected a potential path traversal. A malicious actor could control the location of this file, to include going backwards in the directory with '../'. To address this, ensure that user-controlled variables in file paths are sanitized. You may also consider using a utility method such as org.apache.commons.io.FilenameUtils.getName(...) to only retrieve the file name from the path.",0.5300041467457454,P3 - Medium (ML Moderate / Needs Review)
BenchmarkTest02201,0,CWE-22,1,1,0,0.531,"Detected a potential path traversal. A malicious actor could control the location of this file, to include going backwards in the directory with '../'. To address this, ensure that user-controlled variables in file paths are sanitized. You may also consider using a utility method such as org.apache.commons.io.FilenameUtils.getName(...) to only retrieve the file name from the path.",0.5300041467457454,P3 - Medium (ML Moderate / Needs Review)
BenchmarkTest02202,0,CWE-22,1,1,0,0.531,"Detected a potential path traversal. A malicious actor could control the location of this file, to include going backwards in the directory with '../'. To address this, ensure that user-controlled variables in file paths are sanitized. You may also consider using a utility method such as org.apache.commons.io.FilenameUtils.getName(...) to only retrieve the file name from the path.",0.5300041467457454,P3 - Medium (ML Moderate / Needs Review)
BenchmarkTest02203,0,CWE-22,1,1,0,0.531,"Detected a potential path traversal. A malicious actor could control the location of this file, to include going backwards in the directory with '../'. To address this, ensure that user-controlled variables in file paths are sanitized. You may also consider using a utility method such as org.apache.commons.io.FilenameUtils.getName(...) to only retrieve the file name from the path.",0.5333552162927581,P3 - Medium (ML Moderate / Needs Review)
BenchmarkTest02204,0,CWE-22,1,1,0,0.531,"Detected a potential path traversal. A malicious actor could control the location of this file, to include going backwards in the directory with '../'. To address this, ensure that user-controlled variables in file paths are sanitized. You may also consider using a utility method such as org.apache.commons.io.FilenameUtils.getName(...) to only retrieve the file name from the path.",0.5446502000682291,P3 - Medium (ML Moderate / Needs Review)
BenchmarkTest02205,1,CWE-22,1,1,0,0.531,"Detected a potential path traversal. A malicious actor could control the location of this file, to include going backwards in the directory with '../'. To address this, ensure that user-controlled variables in file paths are sanitized. You may also consider using a utility method such as org.apache.commons.io.FilenameUtils.getName(...) to only retrieve the file name from the path.",0.5323617688956359,P3 - Medium (ML Moderate / Needs Review)
BenchmarkTest02206,0,CWE-22,0,0,0,0.531,,0.23367630537219905,P4 - Low (ML Suppressed / Likely False Alarm)
BenchmarkTest02207,0,CWE-22,0,0,0,0.531,,0.23939612297813506,P4 - Low (ML Suppressed / Likely False Alarm)
BenchmarkTest02208,1,CWE-90,1,1,0,0.4815,"Detected input from a HTTPServletRequest going into an LDAP query. This could lead to LDAP injection if the input is not properly sanitized, which could result in attackers modifying objects in the LDAP tree structure. Ensure data passed to an LDAP query is not controllable or properly sanitize the data.",0.5026710330672093,P3 - Medium (ML Moderate / Needs Review)
BenchmarkTest02209,1,CWE-330,2,1,1,1.0,"Detected use of the functions `Math.random()` or `java.util.Random()`. These are both not cryptographically strong random number generators (RNGs). If you are using these RNGs to create passwords or secret tokens, use `java.security.SecureRandom` instead.",1.0,P1 - Critical (ML High-Confidence Vulnerability)
BenchmarkTest02210,0,CWE-328,0,0,0,1.0,,0.2042594061680803,P4 - Low (ML Suppressed / Likely False Alarm)
BenchmarkTest02211,1,CWE-328,2,1,1,1.0,"Detected SHA1 hash algorithm which is considered insecure. SHA1 is not collision resistant and is therefore not suitable as a cryptographic signature. Instead, use PBKDF2 for password hashing or SHA256 or SHA512 for other hash function applications.",0.9964738352100482,P1 - Critical (ML High-Confidence Vulnerability)
BenchmarkTest02212,1,CWE-328,2,1,1,1.0,"Detected SHA1 hash algorithm which is considered insecure. SHA1 is not collision resistant and is therefore not suitable as a cryptographic signature. Instead, use PBKDF2 for password hashing or SHA256 or SHA512 for other hash function applications.",0.9964738352100482,P1 - Critical (ML High-Confidence Vulnerability)
BenchmarkTest02213,1,CWE-328,2,1,1,1.0,"Detected SHA1 hash algorithm which is considered insecure. SHA1 is not collision resistant and is therefore not suitable as a cryptographic signature. Instead, use PBKDF2 for password hashing or SHA256 or SHA512 for other hash function applications.",0.9967183475989987,P1 - Critical (ML High-Confidence Vulnerability)
BenchmarkTest02214,0,CWE-328,0,0,0,1.0,,0.20319054080011195,P4 - Low (ML Suppressed / Likely False Alarm)
BenchmarkTest02215,0,CWE-328,0,0,0,1.0,,0.2042594061680803,P4 - Low (ML Suppressed / Likely False Alarm)
BenchmarkTest02216,0,CWE-328,0,0,0,1.0,,0.2336827722158927,P4 - Low (ML Suppressed / Likely False Alarm)
BenchmarkTest02217,1,CWE-328,2,1,1,1.0,Detected MD5 hash algorithm which is considered insecure. MD5 is not collision resistant and is therefore not suitable as a cryptographic signature. Use HMAC instead.,0.9980365742548483,P1 - Critical (ML High-Confidence Vulnerability)
BenchmarkTest02218,0,CWE-328,0,0,0,1.0,,0.22444171124432277,P4 - Low (ML Suppressed / Likely False Alarm)
BenchmarkTest02219,1,CWE-328,0,0,0,1.0,,0.22444171124432277,P4 - Low (ML Suppressed / Likely False Alarm)
BenchmarkTest02220,0,CWE-328,0,0,0,1.0,,0.2042594061680803,P4 - Low (ML Suppressed / Likely False Alarm)
BenchmarkTest02221,1,CWE-79,1,1,0,0.6516,"Detected a request with potential user-input going into a OutputStream or Writer object. This bypasses any view or template environments, including HTML escaping, which may expose this application to cross-site scripting (XSS) vulnerabilities. Consider using a view technology such as JavaServer Faces (JSFs) which automatically escapes HTML views.",0.6654635318596704,P2 - High (ML Probable Vulnerability)
BenchmarkTest02222,0,CWE-79,1,1,0,0.6516,"Detected a request with potential user-input going into a OutputStream or Writer object. This bypasses any view or template environments, including HTML escaping, which may expose this application to cross-site scripting (XSS) vulnerabilities. Consider using a view technology such as JavaServer Faces (JSFs) which automatically escapes HTML views.",0.6654635318596704,P2 - High (ML Probable Vulnerability)
BenchmarkTest02223,1,CWE-79,1,1,0,0.6516,"Detected a request with potential user-input going into a OutputStream or Writer object. This bypasses any view or template environments, including HTML escaping, which may expose this application to cross-site scripting (XSS) vulnerabilities. Consider using a view technology such as JavaServer Faces (JSFs) which automatically escapes HTML views.",0.620660943864709,P3 - Medium (ML Moderate / Needs Review)
BenchmarkTest02224,1,CWE-79,1,1,0,0.6516,"Detected a request with potential user-input going into a OutputStream or Writer object. This bypasses any view or template environments, including HTML escaping, which may expose this application to cross-site scripting (XSS) vulnerabilities. Consider using a view technology such as JavaServer Faces (JSFs) which automatically escapes HTML views.",0.6447953001558595,P3 - Medium (ML Moderate / Needs Review)
BenchmarkTest02225,1,CWE-79,1,1,0,0.6516,"Detected a request with potential user-input going into a OutputStream or Writer object. This bypasses any view or template environments, including HTML escaping, which may expose this application to cross-site scripting (XSS) vulnerabilities. Consider using a view technology such as JavaServer Faces (JSFs) which automatically escapes HTML views.",0.658125282848209,P2 - High (ML Probable Vulnerability)
BenchmarkTest02226,0,CWE-79,1,1,0,0.6516,"Detected a request with potential user-input going into a OutputStream or Writer object. This bypasses any view or template environments, including HTML escaping, which may expose this application to cross-site scripting (XSS) vulnerabilities. Consider using a view technology such as JavaServer Faces (JSFs) which automatically escapes HTML views.",0.6447953001558595,P3 - Medium (ML Moderate / Needs Review)
BenchmarkTest02227,1,CWE-79,1,1,0,0.6516,"Detected a request with potential user-input going into a OutputStream or Writer object. This bypasses any view or template environments, including HTML escaping, which may expose this application to cross-site scripting (XSS) vulnerabilities. Consider using a view technology such as JavaServer Faces (JSFs) which automatically escapes HTML views.",0.6567667998284668,P2 - High (ML Probable Vulnerability)
BenchmarkTest02228,1,CWE-79,1,1,0,0.6516,"Detected a request with potential user-input going into a OutputStream or Writer object. This bypasses any view or template environments, including HTML escaping, which may expose this application to cross-site scripting (XSS) vulnerabilities. Consider using a view technology such as JavaServer Faces (JSFs) which automatically escapes HTML views.",0.6567667998284668,P2 - High (ML Probable Vulnerability)
BenchmarkTest02229,0,CWE-79,1,1,0,0.6516,"Detected a request with potential user-input going into a OutputStream or Writer object. This bypasses any view or template environments, including HTML escaping, which may expose this application to cross-site scripting (XSS) vulnerabilities. Consider using a view technology such as JavaServer Faces (JSFs) which automatically escapes HTML views.",0.620660943864709,P3 - Medium (ML Moderate / Needs Review)
BenchmarkTest02230,1,CWE-79,1,1,0,0.6516,"Detected a request with potential user-input going into a OutputStream or Writer object. This bypasses any view or template environments, including HTML escaping, which may expose this application to cross-site scripting (XSS) vulnerabilities. Consider using a view technology such as JavaServer Faces (JSFs) which automatically escapes HTML views.",0.620660943864709,P3 - Medium (ML Moderate / Needs Review)
BenchmarkTest02231,0,CWE-79,1,1,0,0.6516,"Detected a request with potential user-input going into a OutputStream or Writer object. This bypasses any view or template environments, including HTML escaping, which may expose this application to cross-site scripting (XSS) vulnerabilities. Consider using a view technology such as JavaServer Faces (JSFs) which automatically escapes HTML views.",0.6567667998284668,P2 - High (ML Probable Vulnerability)
BenchmarkTest02232,1,CWE-79,1,1,0,0.6516,"Detected a request with potential user-input going into a OutputStream or Writer object. This bypasses any view or template environments, including HTML escaping, which may expose this application to cross-site scripting (XSS) vulnerabilities. Consider using a view technology such as JavaServer Faces (JSFs) which automatically escapes HTML views.",0.6567667998284668,P2 - High (ML Probable Vulnerability)
BenchmarkTest02233,0,CWE-79,1,1,0,0.6516,"Detected a request with potential user-input going into a OutputStream or Writer object. This bypasses any view or template environments, including HTML escaping, which may expose this application to cross-site scripting (XSS) vulnerabilities. Consider using a view technology such as JavaServer Faces (JSFs) which automatically escapes HTML views.",0.6654635318596704,P2 - High (ML Probable Vulnerability)
BenchmarkTest02234,1,CWE-79,1,1,0,0.6516,"Detected a request with potential user-input going into a OutputStream or Writer object. This bypasses any view or template environments, including HTML escaping, which may expose this application to cross-site scripting (XSS) vulnerabilities. Consider using a view technology such as JavaServer Faces (JSFs) which automatically escapes HTML views.",0.620660943864709,P3 - Medium (ML Moderate / Needs Review)
BenchmarkTest02235,0,CWE-79,1,1,0,0.6516,"Detected a request with potential user-input going into a OutputStream or Writer object. This bypasses any view or template environments, including HTML escaping, which may expose this application to cross-site scripting (XSS) vulnerabilities. Consider using a view technology such as JavaServer Faces (JSFs) which automatically escapes HTML views.",0.620660943864709,P3 - Medium (ML Moderate / Needs Review)
BenchmarkTest02236,0,CWE-79,1,1,0,0.6516,"Detected a request with potential user-input going into a OutputStream or Writer object. This bypasses any view or template environments, including HTML escaping, which may expose this application to cross-site scripting (XSS) vulnerabilities. Consider using a view technology such as JavaServer Faces (JSFs) which automatically escapes HTML views.",0.658125282848209,P2 - High (ML Probable Vulnerability)
BenchmarkTest02237,0,CWE-79,1,1,0,0.6516,"Detected a request with potential user-input going into a OutputStream or Writer object. This bypasses any view or template environments, including HTML escaping, which may expose this application to cross-site scripting (XSS) vulnerabilities. Consider using a view technology such as JavaServer Faces (JSFs) which automatically escapes HTML views.",0.658125282848209,P2 - High (ML Probable Vulnerability)
BenchmarkTest02238,0,CWE-79,1,1,0,0.6516,"Detected a request with potential user-input going into a OutputStream or Writer object. This bypasses any view or template environments, including HTML escaping, which may expose this application to cross-site scripting (XSS) vulnerabilities. Consider using a view technology such as JavaServer Faces (JSFs) which automatically escapes HTML views.",0.6654635318596704,P2 - High (ML Probable Vulnerability)
BenchmarkTest02239,0,CWE-79,1,1,0,0.6516,"Detected a request with potential user-input going into a OutputStream or Writer object. This bypasses any view or template environments, including HTML escaping, which may expose this application to cross-site scripting (XSS) vulnerabilities. Consider using a view technology such as JavaServer Faces (JSFs) which automatically escapes HTML views.",0.620660943864709,P3 - Medium (ML Moderate / Needs Review)
BenchmarkTest02240,0,CWE-79,1,1,0,0.6516,"Detected a request with potential user-input going into a OutputStream or Writer object. This bypasses any view or template environments, including HTML escaping, which may expose this application to cross-site scripting (XSS) vulnerabilities. Consider using a view technology such as JavaServer Faces (JSFs) which automatically escapes HTML views.",0.658125282848209,P2 - High (ML Probable Vulnerability)
BenchmarkTest02241,1,CWE-79,1,1,0,0.6516,"Detected a request with potential user-input going into a OutputStream or Writer object. This bypasses any view or template environments, including HTML escaping, which may expose this application to cross-site scripting (XSS) vulnerabilities. Consider using a view technology such as JavaServer Faces (JSFs) which automatically escapes HTML views.",0.6567667998284668,P2 - High (ML Probable Vulnerability)
BenchmarkTest02242,0,CWE-78,1,1,0,0.5177,"Detected input from a HTTPServletRequest going into a 'ProcessBuilder' or 'exec' command. This could lead to command injection if variables passed into the exec commands are not properly sanitized. Instead, avoid using these OS commands with user-supplied input, or, if you must use these commands, use a whitelist of specific values.",0.565387778500283,P3 - Medium (ML Moderate / Needs Review)
BenchmarkTest02243,1,CWE-78,1,1,0,0.5177,"Detected input from a HTTPServletRequest going into a 'ProcessBuilder' or 'exec' command. This could lead to command injection if variables passed into the exec commands are not properly sanitized. Instead, avoid using these OS commands with user-supplied input, or, if you must use these commands, use a whitelist of specific values.",0.543197997632849,P3 - Medium (ML Moderate / Needs Review)
BenchmarkTest02244,1,CWE-78,1,1,0,0.5177,"Detected input from a HTTPServletRequest going into a 'ProcessBuilder' or 'exec' command. This could lead to command injection if variables passed into the exec commands are not properly sanitized. Instead, avoid using these OS commands with user-supplied input, or, if you must use these commands, use a whitelist of specific values.",0.543197997632849,P3 - Medium (ML Moderate / Needs Review)
BenchmarkTest02245,1,CWE-330,2,1,1,1.0,"Detected use of the functions `Math.random()` or `java.util.Random()`. These are both not cryptographically strong random number generators (RNGs). If you are using these RNGs to create passwords or secret tokens, use `java.security.SecureRandom` instead.",1.0,P1 - Critical (ML High-Confidence Vulnerability)
BenchmarkTest02246,1,CWE-330,2,1,1,1.0,"Detected use of the functions `Math.random()` or `java.util.Random()`. These are both not cryptographically strong random number generators (RNGs). If you are using these RNGs to create passwords or secret tokens, use `java.security.SecureRandom` instead.",1.0,P1 - Critical (ML High-Confidence Vulnerability)
BenchmarkTest02247,0,CWE-614,0,0,0,1.0,,0.10087677962527324,P4 - Low (ML Suppressed / Likely False Alarm)
BenchmarkTest02248,0,CWE-614,0,0,0,1.0,,0.09988438870874627,P4 - Low (ML Suppressed / Likely False Alarm)
BenchmarkTest02249,1,CWE-78,1,1,0,0.5177,"Detected input from a HTTPServletRequest going into a 'ProcessBuilder' or 'exec' command. This could lead to command injection if variables passed into the exec commands are not properly sanitized. Instead, avoid using these OS commands with user-supplied input, or, if you must use these commands, use a whitelist of specific values.",0.5713557769679556,P3 - Medium (ML Moderate / Needs Review)
BenchmarkTest02250,1,CWE-78,1,1,0,0.5177,"Detected input from a HTTPServletRequest going into a 'ProcessBuilder' or 'exec' command. This could lead to command injection if variables passed into the exec commands are not properly sanitized. Instead, avoid using these OS commands with user-supplied input, or, if you must use these commands, use a whitelist of specific values.",0.565387778500283,P3 - Medium (ML Moderate / Needs Review)
BenchmarkTest02251,1,CWE-78,1,1,0,0.5177,"Detected input from a HTTPServletRequest going into a 'ProcessBuilder' or 'exec' command. This could lead to command injection if variables passed into the exec commands are not properly sanitized. Instead, avoid using these OS commands with user-supplied input, or, if you must use these commands, use a whitelist of specific values.",0.543197997632849,P3 - Medium (ML Moderate / Needs Review)
BenchmarkTest02252,0,CWE-78,1,1,0,0.5177,"Detected input from a HTTPServletRequest going into a 'ProcessBuilder' or 'exec' command. This could lead to command injection if variables passed into the exec commands are not properly sanitized. Instead, avoid using these OS commands with user-supplied input, or, if you must use these commands, use a whitelist of specific values.",0.5140518495956894,P3 - Medium (ML Moderate / Needs Review)
BenchmarkTest02253,0,CWE-78,1,1,0,0.5177,"Detected input from a HTTPServletRequest going into a 'ProcessBuilder' or 'exec' command. This could lead to command injection if variables passed into the exec commands are not properly sanitized. Instead, avoid using these OS commands with user-supplied input, or, if you must use these commands, use a whitelist of specific values.",0.5713557769679556,P3 - Medium (ML Moderate / Needs Review)
BenchmarkTest02254,0,CWE-330,0,0,0,1.0,,0.054878713660365834,P4 - Low (ML Suppressed / Likely False Alarm)
BenchmarkTest02255,0,CWE-330,0,0,0,1.0,,0.05437237384043517,P4 - Low (ML Suppressed / Likely False Alarm)
BenchmarkTest02256,0,CWE-330,0,0,0,1.0,,0.05437237384043517,P4 - Low (ML Suppressed / Likely False Alarm)
BenchmarkTest02257,0,CWE-330,0,0,0,1.0,,0.051215480072750806,P4 - Low (ML Suppressed / Likely False Alarm)
BenchmarkTest02258,0,CWE-330,0,0,0,1.0,,0.057764259022038515,P4 - Low (ML Suppressed / Likely False Alarm)
BenchmarkTest02259,0,CWE-330,0,0,0,1.0,,0.05157343440022427,P4 - Low (ML Suppressed / Likely False Alarm)
BenchmarkTest02260,0,CWE-330,0,0,0,1.0,,0.054878713660365834,P4 - Low (ML Suppressed / Likely False Alarm)
BenchmarkTest02261,1,CWE-501,1,1,0,0.7234,"Detected a request with potential user-input going into a OutputStream or Writer object. This bypasses any view or template environments, including HTML escaping, which may expose this application to cross-site scripting (XSS) vulnerabilities. Consider using a view technology such as JavaServer Faces (JSFs) which automatically escapes HTML views.",0.675477596449973,P2 - High (ML Probable Vulnerability)
BenchmarkTest02262,1,CWE-501,1,1,0,0.7234,"Detected a request with potential user-input going into a OutputStream or Writer object. This bypasses any view or template environments, including HTML escaping, which may expose this application to cross-site scripting (XSS) vulnerabilities. Consider using a view technology such as JavaServer Faces (JSFs) which automatically escapes HTML views.",0.675477596449973,P2 - High (ML Probable Vulnerability)
BenchmarkTest02263,1,CWE-501,1,1,0,0.7234,"Detected a request with potential user-input going into a OutputStream or Writer object. This bypasses any view or template environments, including HTML escaping, which may expose this application to cross-site scripting (XSS) vulnerabilities. Consider using a view technology such as JavaServer Faces (JSFs) which automatically escapes HTML views.",0.7065454651105066,P2 - High (ML Probable Vulnerability)
BenchmarkTest02264,1,CWE-89,2,1,1,0.5746,Detected input from a HTTPServletRequest going into a SQL sink or statement. This could lead to SQL injection if variables in the SQL statement are not properly sanitized. Use parameterized SQL queries or properly sanitize user input instead.,0.6133730231246536,P3 - Medium (ML Moderate / Needs Review)
BenchmarkTest02265,0,CWE-89,2,1,1,0.5746,Detected input from a HTTPServletRequest going into a SQL sink or statement. This could lead to SQL injection if variables in the SQL statement are not properly sanitized. Use parameterized SQL queries or properly sanitize user input instead.,0.6172031360784221,P3 - Medium (ML Moderate / Needs Review)
BenchmarkTest02266,0,CWE-89,2,1,1,0.5746,Detected input from a HTTPServletRequest going into a SQL sink or statement. This could lead to SQL injection if variables in the SQL statement are not properly sanitized. Use parameterized SQL queries or properly sanitize user input instead.,0.6133730231246536,P3 - Medium (ML Moderate / Needs Review)
BenchmarkTest02267,0,CWE-89,2,1,1,0.5746,Detected input from a HTTPServletRequest going into a SQL sink or statement. This could lead to SQL injection if variables in the SQL statement are not properly sanitized. Use parameterized SQL queries or properly sanitize user input instead.,0.6326009898069045,P3 - Medium (ML Moderate / Needs Review)
BenchmarkTest02268,0,CWE-89,2,1,1,0.5746,Detected input from a HTTPServletRequest going into a SQL sink or statement. This could lead to SQL injection if variables in the SQL statement are not properly sanitized. Use parameterized SQL queries or properly sanitize user input instead.,0.6172031360784221,P3 - Medium (ML Moderate / Needs Review)
BenchmarkTest02269,1,CWE-89,2,1,1,0.5746,Detected input from a HTTPServletRequest going into a SQL sink or statement. This could lead to SQL injection if variables in the SQL statement are not properly sanitized. Use parameterized SQL queries or properly sanitize user input instead.,0.6172031360784221,P3 - Medium (ML Moderate / Needs Review)
BenchmarkTest02270,1,CWE-89,2,1,1,0.5746,Detected input from a HTTPServletRequest going into a SQL sink or statement. This could lead to SQL injection if variables in the SQL statement are not properly sanitized. Use parameterized SQL queries or properly sanitize user input instead.,0.6133730231246536,P3 - Medium (ML Moderate / Needs Review)
BenchmarkTest02271,0,CWE-89,2,1,1,0.5746,Detected input from a HTTPServletRequest going into a SQL sink or statement. This could lead to SQL injection if variables in the SQL statement are not properly sanitized. Use parameterized SQL queries or properly sanitize user input instead.,0.6052657034562158,P3 - Medium (ML Moderate / Needs Review)
BenchmarkTest02272,1,CWE-89,1,1,0,0.5746,Detected input from a HTTPServletRequest going into a SQL sink or statement. This could lead to SQL injection if variables in the SQL statement are not properly sanitized. Use parameterized SQL queries or properly sanitize user input instead.,0.6352860383034056,P3 - Medium (ML Moderate / Needs Review)
BenchmarkTest02273,1,CWE-89,1,1,0,0.5746,Detected input from a HTTPServletRequest going into a SQL sink or statement. This could lead to SQL injection if variables in the SQL statement are not properly sanitized. Use parameterized SQL queries or properly sanitize user input instead.,0.6325793924610322,P3 - Medium (ML Moderate / Needs Review)
BenchmarkTest02274,0,CWE-89,1,1,0,0.5746,Detected input from a HTTPServletRequest going into a SQL sink or statement. This could lead to SQL injection if variables in the SQL statement are not properly sanitized. Use parameterized SQL queries or properly sanitize user input instead.,0.6369388599842778,P3 - Medium (ML Moderate / Needs Review)
BenchmarkTest02275,1,CWE-89,1,1,0,0.5746,"Detected a request with potential user-input going into a OutputStream or Writer object. This bypasses any view or template environments, including HTML escaping, which may expose this application to cross-site scripting (XSS) vulnerabilities. Consider using a view technology such as JavaServer Faces (JSFs) which automatically escapes HTML views.",0.6073803082754364,P3 - Medium (ML Moderate / Needs Review)
BenchmarkTest02276,0,CWE-89,1,1,0,0.5746,"Detected a request with potential user-input going into a OutputStream or Writer object. This bypasses any view or template environments, including HTML escaping, which may expose this application to cross-site scripting (XSS) vulnerabilities. Consider using a view technology such as JavaServer Faces (JSFs) which automatically escapes HTML views.",0.5883339559634727,P3 - Medium (ML Moderate / Needs Review)
BenchmarkTest02277,1,CWE-89,1,1,0,0.5746,Detected input from a HTTPServletRequest going into a SQL sink or statement. This could lead to SQL injection if variables in the SQL statement are not properly sanitized. Use parameterized SQL queries or properly sanitize user input instead.,0.6352860383034056,P3 - Medium (ML Moderate / Needs Review)
BenchmarkTest02278,0,CWE-89,1,1,0,0.5746,"Detected a request with potential user-input going into a OutputStream or Writer object. This bypasses any view or template environments, including HTML escaping, which may expose this application to cross-site scripting (XSS) vulnerabilities. Consider using a view technology such as JavaServer Faces (JSFs) which automatically escapes HTML views.",0.6589680232910345,P2 - High (ML Probable Vulnerability)
BenchmarkTest02279,0,CWE-89,1,1,0,0.5746,"Detected a request with potential user-input going into a OutputStream or Writer object. This bypasses any view or template environments, including HTML escaping, which may expose this application to cross-site scripting (XSS) vulnerabilities. Consider using a view technology such as JavaServer Faces (JSFs) which automatically escapes HTML views.",0.663158147073452,P2 - High (ML Probable Vulnerability)
BenchmarkTest02280,0,CWE-89,1,1,0,0.5746,"Detected a request with potential user-input going into a OutputStream or Writer object. This bypasses any view or template environments, including HTML escaping, which may expose this application to cross-site scripting (XSS) vulnerabilities. Consider using a view technology such as JavaServer Faces (JSFs) which automatically escapes HTML views.",0.6281714366101186,P3 - Medium (ML Moderate / Needs Review)
BenchmarkTest02281,1,CWE-89,1,1,0,0.5746,Detected input from a HTTPServletRequest going into a SQL sink or statement. This could lead to SQL injection if variables in the SQL statement are not properly sanitized. Use parameterized SQL queries or properly sanitize user input instead.,0.6352860383034056,P3 - Medium (ML Moderate / Needs Review)
BenchmarkTest02282,0,CWE-89,1,1,0,0.5746,Detected input from a HTTPServletRequest going into a SQL sink or statement. This could lead to SQL injection if variables in the SQL statement are not properly sanitized. Use parameterized SQL queries or properly sanitize user input instead.,0.6411923512308969,P3 - Medium (ML Moderate / Needs Review)
BenchmarkTest02283,0,CWE-89,2,1,1,0.5746,Detected a formatted string in a SQL statement. This could lead to SQL injection if variables in the SQL statement are not properly sanitized. Use a prepared statements (java.sql.PreparedStatement) instead. You can obtain a PreparedStatement using 'connection.prepareStatement'.,0.49671630473765704,P3 - Medium (ML Moderate / Needs Review)
BenchmarkTest02284,1,CWE-89,2,1,1,0.5746,Detected a formatted string in a SQL statement. This could lead to SQL injection if variables in the SQL statement are not properly sanitized. Use a prepared statements (java.sql.PreparedStatement) instead. You can obtain a PreparedStatement using 'connection.prepareStatement'.,0.549532047868988,P3 - Medium (ML Moderate / Needs Review)
BenchmarkTest02285,0,CWE-89,2,1,1,0.5746,Detected a formatted string in a SQL statement. This could lead to SQL injection if variables in the SQL statement are not properly sanitized. Use a prepared statements (java.sql.PreparedStatement) instead. You can obtain a PreparedStatement using 'connection.prepareStatement'.,0.5312748750495969,P3 - Medium (ML Moderate / Needs Review)
BenchmarkTest02286,1,CWE-89,2,1,1,0.5746,Detected input from a HTTPServletRequest going into a SQL sink or statement. This could lead to SQL injection if variables in the SQL statement are not properly sanitized. Use parameterized SQL queries or properly sanitize user input instead.,0.6013870000430575,P3 - Medium (ML Moderate / Needs Review)
BenchmarkTest02287,1,CWE-89,2,1,1,0.5746,Detected input from a HTTPServletRequest going into a SQL sink or statement. This could lead to SQL injection if variables in the SQL statement are not properly sanitized. Use parameterized SQL queries or properly sanitize user input instead.,0.6172031360784221,P3 - Medium (ML Moderate / Needs Review)
BenchmarkTest02288,1,CWE-89,2,1,1,0.5746,Detected input from a HTTPServletRequest going into a SQL sink or statement. This could lead to SQL injection if variables in the SQL statement are not properly sanitized. Use parameterized SQL queries or properly sanitize user input instead.,0.6133730231246536,P3 - Medium (ML Moderate / Needs Review)
BenchmarkTest02289,0,CWE-327,0,0,0,0.9046,,0.09081970593165378,P4 - Low (ML Suppressed / Likely False Alarm)
BenchmarkTest02290,1,CWE-327,1,0,1,0.9046,Use another cipher mode or disable padding.,0.746894127214667,P2 - High (ML Probable Vulnerability)
BenchmarkTest02291,1,CWE-327,1,0,1,0.9046,Use another cipher mode or disable padding.,0.7669870863329693,P2 - High (ML Probable Vulnerability)
BenchmarkTest02292,1,CWE-327,1,0,1,0.9046,Use another cipher mode or disable padding.,0.7651568594963934,P2 - High (ML Probable Vulnerability)
BenchmarkTest02293,1,CWE-327,2,1,1,0.9046,DES is considered deprecated. AES is the recommended cipher. Upgrade to use AES. See https://www.nist.gov/news-events/news/2005/06/nist-withdraws-outdated-data-encryption-standard for more information.,0.9582673165050278,P1 - Critical (ML High-Confidence Vulnerability)
BenchmarkTest02294,1,CWE-327,2,1,1,0.9046,DES is considered deprecated. AES is the recommended cipher. Upgrade to use AES. See https://www.nist.gov/news-events/news/2005/06/nist-withdraws-outdated-data-encryption-standard for more information.,0.9549847982426458,P1 - Critical (ML High-Confidence Vulnerability)
BenchmarkTest02295,1,CWE-327,2,1,1,0.9046,DES is considered deprecated. AES is the recommended cipher. Upgrade to use AES. See https://www.nist.gov/news-events/news/2005/06/nist-withdraws-outdated-data-encryption-standard for more information.,0.9726464839232182,P1 - Critical (ML High-Confidence Vulnerability)
BenchmarkTest02296,0,CWE-327,1,0,1,0.9046,Use a secure cipher mode.,0.7669870863329693,P2 - High (ML Probable Vulnerability)
BenchmarkTest02297,0,CWE-327,1,0,1,0.9046,Use a secure cipher mode.,0.746894127214667,P2 - High (ML Probable Vulnerability)
BenchmarkTest02298,0,CWE-327,1,0,1,0.9046,Use a secure cipher mode.,0.7615061478378989,P2 - High (ML Probable Vulnerability)
BenchmarkTest02299,1,CWE-90,1,1,0,0.4815,"Detected input from a HTTPServletRequest going into an LDAP query. This could lead to LDAP injection if the input is not properly sanitized, which could result in attackers modifying objects in the LDAP tree structure. Ensure data passed to an LDAP query is not controllable or properly sanitize the data.",0.5266004013240456,P3 - Medium (ML Moderate / Needs Review)
BenchmarkTest02300,0,CWE-22,1,1,0,0.531,"Detected a potential path traversal. A malicious actor could control the location of this file, to include going backwards in the directory with '../'. To address this, ensure that user-controlled variables in file paths are sanitized. You may also consider using a utility method such as org.apache.commons.io.FilenameUtils.getName(...) to only retrieve the file name from the path.",0.5446502000682291,P3 - Medium (ML Moderate / Needs Review)
BenchmarkTest02301,0,CWE-22,1,1,0,0.531,"Detected a potential path traversal. A malicious actor could control the location of this file, to include going backwards in the directory with '../'. To address this, ensure that user-controlled variables in file paths are sanitized. You may also consider using a utility method such as org.apache.commons.io.FilenameUtils.getName(...) to only retrieve the file name from the path.",0.5446502000682291,P3 - Medium (ML Moderate / Needs Review)
BenchmarkTest02302,1,CWE-22,1,1,0,0.531,"Detected a potential path traversal. A malicious actor could control the location of this file, to include going backwards in the directory with '../'. To address this, ensure that user-controlled variables in file paths are sanitized. You may also consider using a utility method such as org.apache.commons.io.FilenameUtils.getName(...) to only retrieve the file name from the path.",0.528523134306003,P3 - Medium (ML Moderate / Needs Review)
BenchmarkTest02303,1,CWE-22,1,1,0,0.531,"Detected a potential path traversal. A malicious actor could control the location of this file, to include going backwards in the directory with '../'. To address this, ensure that user-controlled variables in file paths are sanitized. You may also consider using a utility method such as org.apache.commons.io.FilenameUtils.getName(...) to only retrieve the file name from the path.",0.5300041467457454,P3 - Medium (ML Moderate / Needs Review)
BenchmarkTest02304,1,CWE-22,1,1,0,0.531,"Detected a potential path traversal. A malicious actor could control the location of this file, to include going backwards in the directory with '../'. To address this, ensure that user-controlled variables in file paths are sanitized. You may also consider using a utility method such as org.apache.commons.io.FilenameUtils.getName(...) to only retrieve the file name from the path.",0.5333552162927581,P3 - Medium (ML Moderate / Needs Review)
BenchmarkTest02305,1,CWE-90,1,1,0,0.4815,"Detected input from a HTTPServletRequest going into an LDAP query. This could lead to LDAP injection if the input is not properly sanitized, which could result in attackers modifying objects in the LDAP tree structure. Ensure data passed to an LDAP query is not controllable or properly sanitize the data.",0.4729567405628093,P3 - Medium (ML Moderate / Needs Review)
BenchmarkTest02306,1,CWE-90,1,1,0,0.4815,"Detected input from a HTTPServletRequest going into an LDAP query. This could lead to LDAP injection if the input is not properly sanitized, which could result in attackers modifying objects in the LDAP tree structure. Ensure data passed to an LDAP query is not controllable or properly sanitize the data.",0.5266004013240456,P3 - Medium (ML Moderate / Needs Review)
BenchmarkTest02307,1,CWE-328,1,0,1,1.0,Make sure this weak hash algorithm is not used in a sensitive context here.,0.9088985337595702,P1 - Critical (ML High-Confidence Vulnerability)
BenchmarkTest02308,1,CWE-328,2,1,1,1.0,"Detected SHA1 hash algorithm which is considered insecure. SHA1 is not collision resistant and is therefore not suitable as a cryptographic signature. Instead, use PBKDF2 for password hashing or SHA256 or SHA512 for other hash function applications.",0.9963725018172893,P1 - Critical (ML High-Confidence Vulnerability)
BenchmarkTest02309,0,CWE-328,0,0,0,1.0,,0.20319054080011195,P4 - Low (ML Suppressed / Likely False Alarm)
BenchmarkTest02310,0,CWE-328,0,0,0,1.0,,0.20319054080011195,P4 - Low (ML Suppressed / Likely False Alarm)
BenchmarkTest02311,1,CWE-328,2,1,1,1.0,Detected MD5 hash algorithm which is considered insecure. MD5 is not collision resistant and is therefore not suitable as a cryptographic signature. Use HMAC instead.,0.9967183475989987,P1 - Critical (ML High-Confidence Vulnerability)
BenchmarkTest02312,0,CWE-328,0,0,0,1.0,,0.2336827722158927,P4 - Low (ML Suppressed / Likely False Alarm)
BenchmarkTest02313,0,CWE-79,1,1,0,0.6516,"Detected a request with potential user-input going into a OutputStream or Writer object. This bypasses any view or template environments, including HTML escaping, which may expose this application to cross-site scripting (XSS) vulnerabilities. Consider using a view technology such as JavaServer Faces (JSFs) which automatically escapes HTML views.",0.6654635318596704,P2 - High (ML Probable Vulnerability)
BenchmarkTest02314,1,CWE-79,1,1,0,0.6516,"Detected a request with potential user-input going into a OutputStream or Writer object. This bypasses any view or template environments, including HTML escaping, which may expose this application to cross-site scripting (XSS) vulnerabilities. Consider using a view technology such as JavaServer Faces (JSFs) which automatically escapes HTML views.",0.6567667998284668,P2 - High (ML Probable Vulnerability)
BenchmarkTest02315,1,CWE-79,1,1,0,0.6516,"Detected a request with potential user-input going into a OutputStream or Writer object. This bypasses any view or template environments, including HTML escaping, which may expose this application to cross-site scripting (XSS) vulnerabilities. Consider using a view technology such as JavaServer Faces (JSFs) which automatically escapes HTML views.",0.6654635318596704,P2 - High (ML Probable Vulnerability)
BenchmarkTest02316,1,CWE-79,1,1,0,0.6516,"Detected a request with potential user-input going into a OutputStream or Writer object. This bypasses any view or template environments, including HTML escaping, which may expose this application to cross-site scripting (XSS) vulnerabilities. Consider using a view technology such as JavaServer Faces (JSFs) which automatically escapes HTML views.",0.6654635318596704,P2 - High (ML Probable Vulnerability)
BenchmarkTest02317,1,CWE-79,1,1,0,0.6516,"Detected a request with potential user-input going into a OutputStream or Writer object. This bypasses any view or template environments, including HTML escaping, which may expose this application to cross-site scripting (XSS) vulnerabilities. Consider using a view technology such as JavaServer Faces (JSFs) which automatically escapes HTML views.",0.658125282848209,P2 - High (ML Probable Vulnerability)
BenchmarkTest02318,0,CWE-79,1,1,0,0.6516,"Detected a request with potential user-input going into a OutputStream or Writer object. This bypasses any view or template environments, including HTML escaping, which may expose this application to cross-site scripting (XSS) vulnerabilities. Consider using a view technology such as JavaServer Faces (JSFs) which automatically escapes HTML views.",0.6447953001558595,P3 - Medium (ML Moderate / Needs Review)
BenchmarkTest02319,0,CWE-79,1,1,0,0.6516,"Detected a request with potential user-input going into a OutputStream or Writer object. This bypasses any view or template environments, including HTML escaping, which may expose this application to cross-site scripting (XSS) vulnerabilities. Consider using a view technology such as JavaServer Faces (JSFs) which automatically escapes HTML views.",0.658125282848209,P2 - High (ML Probable Vulnerability)
BenchmarkTest02320,0,CWE-79,1,1,0,0.6516,"Detected a request with potential user-input going into a OutputStream or Writer object. This bypasses any view or template environments, including HTML escaping, which may expose this application to cross-site scripting (XSS) vulnerabilities. Consider using a view technology such as JavaServer Faces (JSFs) which automatically escapes HTML views.",0.6654635318596704,P2 - High (ML Probable Vulnerability)
BenchmarkTest02321,1,CWE-79,1,1,0,0.6516,"Detected a request with potential user-input going into a OutputStream or Writer object. This bypasses any view or template environments, including HTML escaping, which may expose this application to cross-site scripting (XSS) vulnerabilities. Consider using a view technology such as JavaServer Faces (JSFs) which automatically escapes HTML views.",0.620660943864709,P3 - Medium (ML Moderate / Needs Review)
BenchmarkTest02322,1,CWE-79,1,1,0,0.6516,"Detected a request with potential user-input going into a OutputStream or Writer object. This bypasses any view or template environments, including HTML escaping, which may expose this application to cross-site scripting (XSS) vulnerabilities. Consider using a view technology such as JavaServer Faces (JSFs) which automatically escapes HTML views.",0.6567667998284668,P2 - High (ML Probable Vulnerability)
BenchmarkTest02323,1,CWE-79,1,1,0,0.6516,"Detected a request with potential user-input going into a OutputStream or Writer object. This bypasses any view or template environments, including HTML escaping, which may expose this application to cross-site scripting (XSS) vulnerabilities. Consider using a view technology such as JavaServer Faces (JSFs) which automatically escapes HTML views.",0.6567667998284668,P2 - High (ML Probable Vulnerability)
BenchmarkTest02324,1,CWE-79,1,1,0,0.6516,"Detected a request with potential user-input going into a OutputStream or Writer object. This bypasses any view or template environments, including HTML escaping, which may expose this application to cross-site scripting (XSS) vulnerabilities. Consider using a view technology such as JavaServer Faces (JSFs) which automatically escapes HTML views.",0.658125282848209,P2 - High (ML Probable Vulnerability)
BenchmarkTest02325,0,CWE-79,1,1,0,0.6516,"Detected a request with potential user-input going into a OutputStream or Writer object. This bypasses any view or template environments, including HTML escaping, which may expose this application to cross-site scripting (XSS) vulnerabilities. Consider using a view technology such as JavaServer Faces (JSFs) which automatically escapes HTML views.",0.6567667998284668,P2 - High (ML Probable Vulnerability)
BenchmarkTest02326,1,CWE-79,1,1,0,0.6516,"Detected a request with potential user-input going into a OutputStream or Writer object. This bypasses any view or template environments, including HTML escaping, which may expose this application to cross-site scripting (XSS) vulnerabilities. Consider using a view technology such as JavaServer Faces (JSFs) which automatically escapes HTML views.",0.6447953001558595,P3 - Medium (ML Moderate / Needs Review)
BenchmarkTest02327,1,CWE-79,1,1,0,0.6516,"Detected a request with potential user-input going into a OutputStream or Writer object. This bypasses any view or template environments, including HTML escaping, which may expose this application to cross-site scripting (XSS) vulnerabilities. Consider using a view technology such as JavaServer Faces (JSFs) which automatically escapes HTML views.",0.658125282848209,P2 - High (ML Probable Vulnerability)
BenchmarkTest02328,1,CWE-79,1,1,0,0.6516,"Detected a request with potential user-input going into a OutputStream or Writer object. This bypasses any view or template environments, including HTML escaping, which may expose this application to cross-site scripting (XSS) vulnerabilities. Consider using a view technology such as JavaServer Faces (JSFs) which automatically escapes HTML views.",0.6567667998284668,P2 - High (ML Probable Vulnerability)
BenchmarkTest02329,0,CWE-79,1,1,0,0.6516,"Detected a request with potential user-input going into a OutputStream or Writer object. This bypasses any view or template environments, including HTML escaping, which may expose this application to cross-site scripting (XSS) vulnerabilities. Consider using a view technology such as JavaServer Faces (JSFs) which automatically escapes HTML views.",0.6567667998284668,P2 - High (ML Probable Vulnerability)
BenchmarkTest02330,0,CWE-79,1,1,0,0.6516,"Detected a request with potential user-input going into a OutputStream or Writer object. This bypasses any view or template environments, including HTML escaping, which may expose this application to cross-site scripting (XSS) vulnerabilities. Consider using a view technology such as JavaServer Faces (JSFs) which automatically escapes HTML views.",0.6447953001558595,P3 - Medium (ML Moderate / Needs Review)
BenchmarkTest02331,0,CWE-79,1,1,0,0.6516,"Detected a request with potential user-input going into a OutputStream or Writer object. This bypasses any view or template environments, including HTML escaping, which may expose this application to cross-site scripting (XSS) vulnerabilities. Consider using a view technology such as JavaServer Faces (JSFs) which automatically escapes HTML views.",0.6447953001558595,P3 - Medium (ML Moderate / Needs Review)
BenchmarkTest02332,1,CWE-79,1,1,0,0.6516,"Detected a request with potential user-input going into a OutputStream or Writer object. This bypasses any view or template environments, including HTML escaping, which may expose this application to cross-site scripting (XSS) vulnerabilities. Consider using a view technology such as JavaServer Faces (JSFs) which automatically escapes HTML views.",0.6567667998284668,P2 - High (ML Probable Vulnerability)
BenchmarkTest02333,1,CWE-78,1,1,0,0.5177,"Detected input from a HTTPServletRequest going into a 'ProcessBuilder' or 'exec' command. This could lead to command injection if variables passed into the exec commands are not properly sanitized. Instead, avoid using these OS commands with user-supplied input, or, if you must use these commands, use a whitelist of specific values.",0.5076583195183094,P3 - Medium (ML Moderate / Needs Review)
BenchmarkTest02334,1,CWE-78,1,1,0,0.5177,"Detected input from a HTTPServletRequest going into a 'ProcessBuilder' or 'exec' command. This could lead to command injection if variables passed into the exec commands are not properly sanitized. Instead, avoid using these OS commands with user-supplied input, or, if you must use these commands, use a whitelist of specific values.",0.5140518495956894,P3 - Medium (ML Moderate / Needs Review)
BenchmarkTest02335,0,CWE-78,1,1,0,0.5177,A formatted or concatenated string was detected as input to a ProcessBuilder call. This is dangerous if a variable is controlled by user input and could result in a command injection. Ensure your variables are not controlled by users or sufficiently sanitized.,0.354745277623145,P4 - Low (ML Suppressed / Likely False Alarm)
BenchmarkTest02336,0,CWE-78,1,1,0,0.5177,A formatted or concatenated string was detected as input to a ProcessBuilder call. This is dangerous if a variable is controlled by user input and could result in a command injection. Ensure your variables are not controlled by users or sufficiently sanitized.,0.37148240212344014,P4 - Low (ML Suppressed / Likely False Alarm)
BenchmarkTest02337,1,CWE-330,2,1,1,1.0,"Detected use of the functions `Math.random()` or `java.util.Random()`. These are both not cryptographically strong random number generators (RNGs). If you are using these RNGs to create passwords or secret tokens, use `java.security.SecureRandom` instead.",1.0,P1 - Critical (ML High-Confidence Vulnerability)
BenchmarkTest02338,1,CWE-330,2,1,1,1.0,"Detected use of the functions `Math.random()` or `java.util.Random()`. These are both not cryptographically strong random number generators (RNGs). If you are using these RNGs to create passwords or secret tokens, use `java.security.SecureRandom` instead.",1.0,P1 - Critical (ML High-Confidence Vulnerability)
BenchmarkTest02339,1,CWE-614,1,1,0,1.0,A cookie was detected without setting the 'secure' flag. The 'secure' flag for cookies prevents the client from transmitting the cookie over insecure channels such as HTTP. Set the 'secure' flag by calling 'cookie.setSecure(true);',0.9472792447943184,P1 - Critical (ML High-Confidence Vulnerability)
BenchmarkTest02340,0,CWE-78,1,1,0,0.5177,"Detected input from a HTTPServletRequest going into a 'ProcessBuilder' or 'exec' command. This could lead to command injection if variables passed into the exec commands are not properly sanitized. Instead, avoid using these OS commands with user-supplied input, or, if you must use these commands, use a whitelist of specific values.",0.5713557769679556,P3 - Medium (ML Moderate / Needs Review)
BenchmarkTest02341,0,CWE-78,1,1,0,0.5177,"Detected input from a HTTPServletRequest going into a 'ProcessBuilder' or 'exec' command. This could lead to command injection if variables passed into the exec commands are not properly sanitized. Instead, avoid using these OS commands with user-supplied input, or, if you must use these commands, use a whitelist of specific values.",0.543197997632849,P3 - Medium (ML Moderate / Needs Review)
BenchmarkTest02342,1,CWE-78,1,1,0,0.5177,"Detected input from a HTTPServletRequest going into a 'ProcessBuilder' or 'exec' command. This could lead to command injection if variables passed into the exec commands are not properly sanitized. Instead, avoid using these OS commands with user-supplied input, or, if you must use these commands, use a whitelist of specific values.",0.5140518495956894,P3 - Medium (ML Moderate / Needs Review)
BenchmarkTest02343,1,CWE-78,1,1,0,0.5177,"Detected input from a HTTPServletRequest going into a 'ProcessBuilder' or 'exec' command. This could lead to command injection if variables passed into the exec commands are not properly sanitized. Instead, avoid using these OS commands with user-supplied input, or, if you must use these commands, use a whitelist of specific values.",0.5076583195183094,P3 - Medium (ML Moderate / Needs Review)
BenchmarkTest02344,1,CWE-78,1,1,0,0.5177,"Detected input from a HTTPServletRequest going into a 'ProcessBuilder' or 'exec' command. This could lead to command injection if variables passed into the exec commands are not properly sanitized. Instead, avoid using these OS commands with user-supplied input, or, if you must use these commands, use a whitelist of specific values.",0.543197997632849,P3 - Medium (ML Moderate / Needs Review)
BenchmarkTest02345,0,CWE-330,0,0,0,1.0,,0.05157343440022427,P4 - Low (ML Suppressed / Likely False Alarm)
BenchmarkTest02346,0,CWE-330,0,0,0,1.0,,0.05437237384043517,P4 - Low (ML Suppressed / Likely False Alarm)
BenchmarkTest02347,0,CWE-330,0,0,0,1.0,,0.05437237384043517,P4 - Low (ML Suppressed / Likely False Alarm)
BenchmarkTest02348,0,CWE-330,0,0,0,1.0,,0.05157343440022427,P4 - Low (ML Suppressed / Likely False Alarm)
BenchmarkTest02349,0,CWE-330,0,0,0,1.0,,0.057764259022038515,P4 - Low (ML Suppressed / Likely False Alarm)
BenchmarkTest02350,0,CWE-330,0,0,0,1.0,,0.051215480072750806,P4 - Low (ML Suppressed / Likely False Alarm)
BenchmarkTest02351,0,CWE-330,0,0,0,1.0,,0.057764259022038515,P4 - Low (ML Suppressed / Likely False Alarm)
BenchmarkTest02352,1,CWE-501,1,1,0,0.7234,"Detected a request with potential user-input going into a OutputStream or Writer object. This bypasses any view or template environments, including HTML escaping, which may expose this application to cross-site scripting (XSS) vulnerabilities. Consider using a view technology such as JavaServer Faces (JSFs) which automatically escapes HTML views.",0.7078618281880859,P2 - High (ML Probable Vulnerability)
BenchmarkTest02353,0,CWE-89,2,1,1,0.5746,Detected input from a HTTPServletRequest going into a SQL sink or statement. This could lead to SQL injection if variables in the SQL statement are not properly sanitized. Use parameterized SQL queries or properly sanitize user input instead.,0.6133730231246536,P3 - Medium (ML Moderate / Needs Review)
BenchmarkTest02354,1,CWE-89,2,1,1,0.5746,Detected input from a HTTPServletRequest going into a SQL sink or statement. This could lead to SQL injection if variables in the SQL statement are not properly sanitized. Use parameterized SQL queries or properly sanitize user input instead.,0.6013870000430575,P3 - Medium (ML Moderate / Needs Review)
BenchmarkTest02355,1,CWE-89,2,1,1,0.5746,Detected input from a HTTPServletRequest going into a SQL sink or statement. This could lead to SQL injection if variables in the SQL statement are not properly sanitized. Use parameterized SQL queries or properly sanitize user input instead.,0.6052657034562158,P3 - Medium (ML Moderate / Needs Review)
BenchmarkTest02356,1,CWE-89,1,1,0,0.5746,Detected input from a HTTPServletRequest going into a SQL sink or statement. This could lead to SQL injection if variables in the SQL statement are not properly sanitized. Use parameterized SQL queries or properly sanitize user input instead.,0.6369388599842778,P3 - Medium (ML Moderate / Needs Review)
BenchmarkTest02357,1,CWE-89,1,1,0,0.5746,Detected input from a HTTPServletRequest going into a SQL sink or statement. This could lead to SQL injection if variables in the SQL statement are not properly sanitized. Use parameterized SQL queries or properly sanitize user input instead.,0.6325793924610322,P3 - Medium (ML Moderate / Needs Review)
BenchmarkTest02358,1,CWE-89,1,1,0,0.5746,Detected input from a HTTPServletRequest going into a SQL sink or statement. This could lead to SQL injection if variables in the SQL statement are not properly sanitized. Use parameterized SQL queries or properly sanitize user input instead.,0.6369388599842778,P3 - Medium (ML Moderate / Needs Review)
BenchmarkTest02359,1,CWE-89,1,1,0,0.5746,"Detected a request with potential user-input going into a OutputStream or Writer object. This bypasses any view or template environments, including HTML escaping, which may expose this application to cross-site scripting (XSS) vulnerabilities. Consider using a view technology such as JavaServer Faces (JSFs) which automatically escapes HTML views.",0.663158147073452,P2 - High (ML Probable Vulnerability)
BenchmarkTest02360,1,CWE-89,1,1,0,0.5746,"Detected a request with potential user-input going into a OutputStream or Writer object. This bypasses any view or template environments, including HTML escaping, which may expose this application to cross-site scripting (XSS) vulnerabilities. Consider using a view technology such as JavaServer Faces (JSFs) which automatically escapes HTML views.",0.6589680232910345,P2 - High (ML Probable Vulnerability)
BenchmarkTest02361,0,CWE-89,1,1,0,0.5746,Detected input from a HTTPServletRequest going into a SQL sink or statement. This could lead to SQL injection if variables in the SQL statement are not properly sanitized. Use parameterized SQL queries or properly sanitize user input instead.,0.6411923512308969,P3 - Medium (ML Moderate / Needs Review)
BenchmarkTest02362,1,CWE-89,1,1,0,0.5746,Detected input from a HTTPServletRequest going into a SQL sink or statement. This could lead to SQL injection if variables in the SQL statement are not properly sanitized. Use parameterized SQL queries or properly sanitize user input instead.,0.6352860383034056,P3 - Medium (ML Moderate / Needs Review)
BenchmarkTest02363,0,CWE-89,1,1,0,0.5746,Detected input from a HTTPServletRequest going into a SQL sink or statement. This could lead to SQL injection if variables in the SQL statement are not properly sanitized. Use parameterized SQL queries or properly sanitize user input instead.,0.6299341752169263,P3 - Medium (ML Moderate / Needs Review)
BenchmarkTest02364,1,CWE-89,2,1,1,0.5746,Detected a formatted string in a SQL statement. This could lead to SQL injection if variables in the SQL statement are not properly sanitized. Use a prepared statements (java.sql.PreparedStatement) instead. You can obtain a PreparedStatement using 'connection.prepareStatement'.,0.49671630473765704,P3 - Medium (ML Moderate / Needs Review)
BenchmarkTest02365,0,CWE-89,2,1,1,0.5746,Detected a formatted string in a SQL statement. This could lead to SQL injection if variables in the SQL statement are not properly sanitized. Use a prepared statements (java.sql.PreparedStatement) instead. You can obtain a PreparedStatement using 'connection.prepareStatement'.,0.5312748750495969,P3 - Medium (ML Moderate / Needs Review)
BenchmarkTest02366,0,CWE-89,2,1,1,0.5746,Detected a formatted string in a SQL statement. This could lead to SQL injection if variables in the SQL statement are not properly sanitized. Use a prepared statements (java.sql.PreparedStatement) instead. You can obtain a PreparedStatement using 'connection.prepareStatement'.,0.549532047868988,P3 - Medium (ML Moderate / Needs Review)
BenchmarkTest02367,0,CWE-89,2,1,1,0.5746,Detected a formatted string in a SQL statement. This could lead to SQL injection if variables in the SQL statement are not properly sanitized. Use a prepared statements (java.sql.PreparedStatement) instead. You can obtain a PreparedStatement using 'connection.prepareStatement'.,0.5312748750495969,P3 - Medium (ML Moderate / Needs Review)
BenchmarkTest02368,0,CWE-89,2,1,1,0.5746,Detected input from a HTTPServletRequest going into a SQL sink or statement. This could lead to SQL injection if variables in the SQL statement are not properly sanitized. Use parameterized SQL queries or properly sanitize user input instead.,0.6326009898069045,P3 - Medium (ML Moderate / Needs Review)
BenchmarkTest02369,1,CWE-89,2,1,1,0.5746,Detected input from a HTTPServletRequest going into a SQL sink or statement. This could lead to SQL injection if variables in the SQL statement are not properly sanitized. Use parameterized SQL queries or properly sanitize user input instead.,0.6013870000430575,P3 - Medium (ML Moderate / Needs Review)
BenchmarkTest02370,0,CWE-643,1,1,0,0.5185,"Detected a request with potential user-input going into a OutputStream or Writer object. This bypasses any view or template environments, including HTML escaping, which may expose this application to cross-site scripting (XSS) vulnerabilities. Consider using a view technology such as JavaServer Faces (JSFs) which automatically escapes HTML views.",0.5966911090684172,P3 - Medium (ML Moderate / Needs Review)
BenchmarkTest02371,0,CWE-327,0,0,0,0.9046,,0.10245024003086535,P4 - Low (ML Suppressed / Likely False Alarm)
BenchmarkTest02372,0,CWE-327,0,0,0,0.9046,,0.08431073471868633,P4 - Low (ML Suppressed / Likely False Alarm)
BenchmarkTest02373,1,CWE-327,2,1,1,0.9046,DES is considered deprecated. AES is the recommended cipher. Upgrade to use AES. See https://www.nist.gov/news-events/news/2005/06/nist-withdraws-outdated-data-encryption-standard for more information.,0.9726464839232182,P1 - Critical (ML High-Confidence Vulnerability)
BenchmarkTest02374,1,CWE-327,2,1,1,0.9046,DES is considered deprecated. AES is the recommended cipher. Upgrade to use AES. See https://www.nist.gov/news-events/news/2005/06/nist-withdraws-outdated-data-encryption-standard for more information.,0.9582673165050278,P1 - Critical (ML High-Confidence Vulnerability)
BenchmarkTest02375,1,CWE-327,1,0,1,0.9046,Use a strong cipher algorithm.,0.7448928852534946,P2 - High (ML Probable Vulnerability)
BenchmarkTest02376,0,CWE-90,1,1,0,0.4815,"Detected input from a HTTPServletRequest going into an LDAP query. This could lead to LDAP injection if the input is not properly sanitized, which could result in attackers modifying objects in the LDAP tree structure. Ensure data passed to an LDAP query is not controllable or properly sanitize the data.",0.5026710330672093,P3 - Medium (ML Moderate / Needs Review)
BenchmarkTest02377,1,CWE-22,1,1,0,0.531,"Detected a potential path traversal. A malicious actor could control the location of this file, to include going backwards in the directory with '../'. To address this, ensure that user-controlled variables in file paths are sanitized. You may also consider using a utility method such as org.apache.commons.io.FilenameUtils.getName(...) to only retrieve the file name from the path.",0.5300041467457454,P3 - Medium (ML Moderate / Needs Review)
BenchmarkTest02378,1,CWE-22,1,1,0,0.531,"Detected a potential path traversal. A malicious actor could control the location of this file, to include going backwards in the directory with '../'. To address this, ensure that user-controlled variables in file paths are sanitized. You may also consider using a utility method such as org.apache.commons.io.FilenameUtils.getName(...) to only retrieve the file name from the path.",0.5323617688956359,P3 - Medium (ML Moderate / Needs Review)
BenchmarkTest02379,0,CWE-22,1,1,0,0.531,"Detected a potential path traversal. A malicious actor could control the location of this file, to include going backwards in the directory with '../'. To address this, ensure that user-controlled variables in file paths are sanitized. You may also consider using a utility method such as org.apache.commons.io.FilenameUtils.getName(...) to only retrieve the file name from the path.",0.528523134306003,P3 - Medium (ML Moderate / Needs Review)
BenchmarkTest02380,0,CWE-22,1,1,0,0.531,"Detected a potential path traversal. A malicious actor could control the location of this file, to include going backwards in the directory with '../'. To address this, ensure that user-controlled variables in file paths are sanitized. You may also consider using a utility method such as org.apache.commons.io.FilenameUtils.getName(...) to only retrieve the file name from the path.",0.5333552162927581,P3 - Medium (ML Moderate / Needs Review)
BenchmarkTest02381,0,CWE-22,1,1,0,0.531,"Detected a potential path traversal. A malicious actor could control the location of this file, to include going backwards in the directory with '../'. To address this, ensure that user-controlled variables in file paths are sanitized. You may also consider using a utility method such as org.apache.commons.io.FilenameUtils.getName(...) to only retrieve the file name from the path.",0.5446502000682291,P3 - Medium (ML Moderate / Needs Review)
BenchmarkTest02382,0,CWE-22,1,1,0,0.531,"Detected a potential path traversal. A malicious actor could control the location of this file, to include going backwards in the directory with '../'. To address this, ensure that user-controlled variables in file paths are sanitized. You may also consider using a utility method such as org.apache.commons.io.FilenameUtils.getName(...) to only retrieve the file name from the path.",0.5446502000682291,P3 - Medium (ML Moderate / Needs Review)
BenchmarkTest02383,1,CWE-22,1,1,0,0.531,"Detected a potential path traversal. A malicious actor could control the location of this file, to include going backwards in the directory with '../'. To address this, ensure that user-controlled variables in file paths are sanitized. You may also consider using a utility method such as org.apache.commons.io.FilenameUtils.getName(...) to only retrieve the file name from the path.",0.5323617688956359,P3 - Medium (ML Moderate / Needs Review)
BenchmarkTest02384,0,CWE-90,1,1,0,0.4815,"Detected input from a HTTPServletRequest going into an LDAP query. This could lead to LDAP injection if the input is not properly sanitized, which could result in attackers modifying objects in the LDAP tree structure. Ensure data passed to an LDAP query is not controllable or properly sanitize the data.",0.5026710330672093,P3 - Medium (ML Moderate / Needs Review)
BenchmarkTest02385,1,CWE-328,1,0,1,1.0,Make sure this weak hash algorithm is not used in a sensitive context here.,0.9088985337595702,P1 - Critical (ML High-Confidence Vulnerability)
BenchmarkTest02386,1,CWE-328,2,1,1,1.0,"Detected SHA1 hash algorithm which is considered insecure. SHA1 is not collision resistant and is therefore not suitable as a cryptographic signature. Instead, use PBKDF2 for password hashing or SHA256 or SHA512 for other hash function applications.",0.9967183475989987,P1 - Critical (ML High-Confidence Vulnerability)
BenchmarkTest02387,1,CWE-328,2,1,1,1.0,Detected MD5 hash algorithm which is considered insecure. MD5 is not collision resistant and is therefore not suitable as a cryptographic signature. Use HMAC instead.,0.9969687847493788,P1 - Critical (ML High-Confidence Vulnerability)
BenchmarkTest02388,1,CWE-328,2,1,1,1.0,Detected MD5 hash algorithm which is considered insecure. MD5 is not collision resistant and is therefore not suitable as a cryptographic signature. Use HMAC instead.,0.9964738352100482,P1 - Critical (ML High-Confidence Vulnerability)
BenchmarkTest02389,0,CWE-328,0,0,0,1.0,,0.2042594061680803,P4 - Low (ML Suppressed / Likely False Alarm)
BenchmarkTest02390,0,CWE-328,0,0,0,1.0,,0.2042594061680803,P4 - Low (ML Suppressed / Likely False Alarm)
BenchmarkTest02391,1,CWE-328,0,0,0,1.0,,0.2042594061680803,P4 - Low (ML Suppressed / Likely False Alarm)
BenchmarkTest02392,1,CWE-328,0,0,0,1.0,,0.22444171124432277,P4 - Low (ML Suppressed / Likely False Alarm)
BenchmarkTest02393,1,CWE-328,0,0,0,1.0,,0.22444171124432277,P4 - Low (ML Suppressed / Likely False Alarm)
BenchmarkTest02394,0,CWE-79,0,0,0,0.6516,,0.2376126864028741,P4 - Low (ML Suppressed / Likely False Alarm)
BenchmarkTest02395,1,CWE-79,0,0,0,0.6516,,0.2741956883318252,P4 - Low (ML Suppressed / Likely False Alarm)
BenchmarkTest02396,1,CWE-79,0,0,0,0.6516,,0.25396206195529714,P4 - Low (ML Suppressed / Likely False Alarm)
BenchmarkTest02397,1,CWE-79,0,0,0,0.6516,,0.2918844006955008,P4 - Low (ML Suppressed / Likely False Alarm)
BenchmarkTest02398,0,CWE-79,0,0,0,0.6516,,0.3134314167136792,P4 - Low (ML Suppressed / Likely False Alarm)
BenchmarkTest02399,1,CWE-79,0,0,0,0.6516,,0.25396206195529714,P4 - Low (ML Suppressed / Likely False Alarm)
BenchmarkTest02400,1,CWE-79,0,0,0,0.6516,,0.25396206195529714,P4 - Low (ML Suppressed / Likely False Alarm)
BenchmarkTest02401,0,CWE-79,0,0,0,0.6516,,0.25396206195529714,P4 - Low (ML Suppressed / Likely False Alarm)
BenchmarkTest02402,1,CWE-79,0,0,0,0.6516,,0.2376126864028741,P4 - Low (ML Suppressed / Likely False Alarm)
BenchmarkTest02403,1,CWE-79,0,0,0,0.6516,,0.25396206195529714,P4 - Low (ML Suppressed / Likely False Alarm)
BenchmarkTest02404,0,CWE-79,0,0,0,0.6516,,0.2376126864028741,P4 - Low (ML Suppressed / Likely False Alarm)
BenchmarkTest02405,1,CWE-79,0,0,0,0.6516,,0.2741956883318252,P4 - Low (ML Suppressed / Likely False Alarm)
BenchmarkTest02406,0,CWE-79,0,0,0,0.6516,,0.3134314167136792,P4 - Low (ML Suppressed / Likely False Alarm)
BenchmarkTest02407,1,CWE-79,0,0,0,0.6516,,0.25396206195529714,P4 - Low (ML Suppressed / Likely False Alarm)
BenchmarkTest02408,0,CWE-79,0,0,0,0.6516,,0.25396206195529714,P4 - Low (ML Suppressed / Likely False Alarm)
BenchmarkTest02409,1,CWE-79,0,0,0,0.6516,,0.25396206195529714,P4 - Low (ML Suppressed / Likely False Alarm)
BenchmarkTest02410,1,CWE-79,0,0,0,0.6516,,0.2376126864028741,P4 - Low (ML Suppressed / Likely False Alarm)
BenchmarkTest02411,1,CWE-78,1,1,0,0.5177,A formatted or concatenated string was detected as input to a ProcessBuilder call. This is dangerous if a variable is controlled by user input and could result in a command injection. Ensure your variables are not controlled by users or sufficiently sanitized.,0.21809871420741572,P4 - Low (ML Suppressed / Likely False Alarm)
BenchmarkTest02412,1,CWE-78,1,1,0,0.5177,A formatted or concatenated string was detected as input to a ProcessBuilder call. This is dangerous if a variable is controlled by user input and could result in a command injection. Ensure your variables are not controlled by users or sufficiently sanitized.,0.21809871420741572,P4 - Low (ML Suppressed / Likely False Alarm)
BenchmarkTest02413,0,CWE-78,1,1,0,0.5177,A formatted or concatenated string was detected as input to a ProcessBuilder call. This is dangerous if a variable is controlled by user input and could result in a command injection. Ensure your variables are not controlled by users or sufficiently sanitized.,0.37148240212344014,P4 - Low (ML Suppressed / Likely False Alarm)
BenchmarkTest02414,1,CWE-78,1,1,0,0.5177,"Detected input from a HTTPServletRequest going into a 'ProcessBuilder' or 'exec' command. This could lead to command injection if variables passed into the exec commands are not properly sanitized. Instead, avoid using these OS commands with user-supplied input, or, if you must use these commands, use a whitelist of specific values.",0.5713557769679556,P3 - Medium (ML Moderate / Needs Review)
BenchmarkTest02415,1,CWE-330,2,1,1,1.0,"Detected use of the functions `Math.random()` or `java.util.Random()`. These are both not cryptographically strong random number generators (RNGs). If you are using these RNGs to create passwords or secret tokens, use `java.security.SecureRandom` instead.",1.0,P1 - Critical (ML High-Confidence Vulnerability)
BenchmarkTest02416,1,CWE-330,2,1,1,1.0,"Detected use of the functions `Math.random()` or `java.util.Random()`. These are both not cryptographically strong random number generators (RNGs). If you are using these RNGs to create passwords or secret tokens, use `java.security.SecureRandom` instead.",1.0,P1 - Critical (ML High-Confidence Vulnerability)
BenchmarkTest02417,1,CWE-330,2,1,1,1.0,"Detected use of the functions `Math.random()` or `java.util.Random()`. These are both not cryptographically strong random number generators (RNGs). If you are using these RNGs to create passwords or secret tokens, use `java.security.SecureRandom` instead.",1.0,P1 - Critical (ML High-Confidence Vulnerability)
BenchmarkTest02418,1,CWE-330,2,1,1,1.0,"Detected use of the functions `Math.random()` or `java.util.Random()`. These are both not cryptographically strong random number generators (RNGs). If you are using these RNGs to create passwords or secret tokens, use `java.security.SecureRandom` instead.",1.0,P1 - Critical (ML High-Confidence Vulnerability)
BenchmarkTest02419,1,CWE-330,2,1,1,1.0,"Detected use of the functions `Math.random()` or `java.util.Random()`. These are both not cryptographically strong random number generators (RNGs). If you are using these RNGs to create passwords or secret tokens, use `java.security.SecureRandom` instead.",1.0,P1 - Critical (ML High-Confidence Vulnerability)
BenchmarkTest02420,1,CWE-330,2,1,1,1.0,"Detected use of the functions `Math.random()` or `java.util.Random()`. These are both not cryptographically strong random number generators (RNGs). If you are using these RNGs to create passwords or secret tokens, use `java.security.SecureRandom` instead.",1.0,P1 - Critical (ML High-Confidence Vulnerability)
BenchmarkTest02421,1,CWE-330,2,1,1,1.0,"Detected use of the functions `Math.random()` or `java.util.Random()`. These are both not cryptographically strong random number generators (RNGs). If you are using these RNGs to create passwords or secret tokens, use `java.security.SecureRandom` instead.",1.0,P1 - Critical (ML High-Confidence Vulnerability)
BenchmarkTest02422,1,CWE-330,2,1,1,1.0,"Detected use of the functions `Math.random()` or `java.util.Random()`. These are both not cryptographically strong random number generators (RNGs). If you are using these RNGs to create passwords or secret tokens, use `java.security.SecureRandom` instead.",1.0,P1 - Critical (ML High-Confidence Vulnerability)
BenchmarkTest02423,1,CWE-330,2,1,1,1.0,"Detected use of the functions `Math.random()` or `java.util.Random()`. These are both not cryptographically strong random number generators (RNGs). If you are using these RNGs to create passwords or secret tokens, use `java.security.SecureRandom` instead.",1.0,P1 - Critical (ML High-Confidence Vulnerability)
BenchmarkTest02424,1,CWE-330,2,1,1,1.0,"Detected use of the functions `Math.random()` or `java.util.Random()`. These are both not cryptographically strong random number generators (RNGs). If you are using these RNGs to create passwords or secret tokens, use `java.security.SecureRandom` instead.",1.0,P1 - Critical (ML High-Confidence Vulnerability)
BenchmarkTest02425,1,CWE-330,2,1,1,1.0,"Detected use of the functions `Math.random()` or `java.util.Random()`. These are both not cryptographically strong random number generators (RNGs). If you are using these RNGs to create passwords or secret tokens, use `java.security.SecureRandom` instead.",1.0,P1 - Critical (ML High-Confidence Vulnerability)
BenchmarkTest02426,1,CWE-330,2,1,1,1.0,"Detected use of the functions `Math.random()` or `java.util.Random()`. These are both not cryptographically strong random number generators (RNGs). If you are using these RNGs to create passwords or secret tokens, use `java.security.SecureRandom` instead.",1.0,P1 - Critical (ML High-Confidence Vulnerability)
BenchmarkTest02427,1,CWE-614,1,1,0,1.0,A cookie was detected without setting the 'secure' flag. The 'secure' flag for cookies prevents the client from transmitting the cookie over insecure channels such as HTTP. Set the 'secure' flag by calling 'cookie.setSecure(true);',0.9469332262689727,P1 - Critical (ML High-Confidence Vulnerability)
BenchmarkTest02428,0,CWE-78,1,1,0,0.5177,"Detected input from a HTTPServletRequest going into a 'ProcessBuilder' or 'exec' command. This could lead to command injection if variables passed into the exec commands are not properly sanitized. Instead, avoid using these OS commands with user-supplied input, or, if you must use these commands, use a whitelist of specific values.",0.5140518495956894,P3 - Medium (ML Moderate / Needs Review)
BenchmarkTest02429,1,CWE-78,1,1,0,0.5177,"Detected input from a HTTPServletRequest going into a 'ProcessBuilder' or 'exec' command. This could lead to command injection if variables passed into the exec commands are not properly sanitized. Instead, avoid using these OS commands with user-supplied input, or, if you must use these commands, use a whitelist of specific values.",0.543197997632849,P3 - Medium (ML Moderate / Needs Review)
BenchmarkTest02430,1,CWE-78,1,1,0,0.5177,"Detected input from a HTTPServletRequest going into a 'ProcessBuilder' or 'exec' command. This could lead to command injection if variables passed into the exec commands are not properly sanitized. Instead, avoid using these OS commands with user-supplied input, or, if you must use these commands, use a whitelist of specific values.",0.543197997632849,P3 - Medium (ML Moderate / Needs Review)
BenchmarkTest02431,1,CWE-78,1,1,0,0.5177,"Detected input from a HTTPServletRequest going into a 'ProcessBuilder' or 'exec' command. This could lead to command injection if variables passed into the exec commands are not properly sanitized. Instead, avoid using these OS commands with user-supplied input, or, if you must use these commands, use a whitelist of specific values.",0.5140518495956894,P3 - Medium (ML Moderate / Needs Review)
BenchmarkTest02432,1,CWE-78,1,1,0,0.5177,"Detected input from a HTTPServletRequest going into a 'ProcessBuilder' or 'exec' command. This could lead to command injection if variables passed into the exec commands are not properly sanitized. Instead, avoid using these OS commands with user-supplied input, or, if you must use these commands, use a whitelist of specific values.",0.5713557769679556,P3 - Medium (ML Moderate / Needs Review)
BenchmarkTest02433,1,CWE-78,1,1,0,0.5177,"Detected input from a HTTPServletRequest going into a 'ProcessBuilder' or 'exec' command. This could lead to command injection if variables passed into the exec commands are not properly sanitized. Instead, avoid using these OS commands with user-supplied input, or, if you must use these commands, use a whitelist of specific values.",0.5140518495956894,P3 - Medium (ML Moderate / Needs Review)
BenchmarkTest02434,0,CWE-330,0,0,0,1.0,,0.05437237384043517,P4 - Low (ML Suppressed / Likely False Alarm)
BenchmarkTest02435,0,CWE-330,0,0,0,1.0,,0.057764259022038515,P4 - Low (ML Suppressed / Likely False Alarm)
BenchmarkTest02436,0,CWE-330,0,0,0,1.0,,0.05437237384043517,P4 - Low (ML Suppressed / Likely False Alarm)
BenchmarkTest02437,0,CWE-330,0,0,0,1.0,,0.05157343440022427,P4 - Low (ML Suppressed / Likely False Alarm)
BenchmarkTest02438,0,CWE-330,0,0,0,1.0,,0.054878713660365834,P4 - Low (ML Suppressed / Likely False Alarm)
BenchmarkTest02439,0,CWE-330,0,0,0,1.0,,0.057764259022038515,P4 - Low (ML Suppressed / Likely False Alarm)
BenchmarkTest02440,0,CWE-330,0,0,0,1.0,,0.05437237384043517,P4 - Low (ML Suppressed / Likely False Alarm)
BenchmarkTest02441,0,CWE-330,0,0,0,1.0,,0.057764259022038515,P4 - Low (ML Suppressed / Likely False Alarm)
BenchmarkTest02442,0,CWE-330,0,0,0,1.0,,0.05437237384043517,P4 - Low (ML Suppressed / Likely False Alarm)
BenchmarkTest02443,0,CWE-330,0,0,0,1.0,,0.051215480072750806,P4 - Low (ML Suppressed / Likely False Alarm)
BenchmarkTest02444,0,CWE-330,0,0,0,1.0,,0.057764259022038515,P4 - Low (ML Suppressed / Likely False Alarm)
BenchmarkTest02445,0,CWE-330,0,0,0,1.0,,0.054878713660365834,P4 - Low (ML Suppressed / Likely False Alarm)
BenchmarkTest02446,1,CWE-501,0,0,0,0.7234,,0.33363594360888704,P4 - Low (ML Suppressed / Likely False Alarm)
BenchmarkTest02447,0,CWE-501,0,0,0,0.7234,,0.33884839126194705,P4 - Low (ML Suppressed / Likely False Alarm)
BenchmarkTest02448,1,CWE-501,0,0,0,0.7234,,0.31561365135242075,P4 - Low (ML Suppressed / Likely False Alarm)
BenchmarkTest02449,1,CWE-89,1,0,1,0.5746,Make sure using a dynamically formatted SQL query is safe here.,0.22966555524516252,P4 - Low (ML Suppressed / Likely False Alarm)
BenchmarkTest02450,0,CWE-89,1,0,1,0.5746,Make sure using a dynamically formatted SQL query is safe here.,0.3461669168666841,P4 - Low (ML Suppressed / Likely False Alarm)
BenchmarkTest02451,1,CWE-89,0,0,0,0.5746,,0.23686947337572348,P4 - Low (ML Suppressed / Likely False Alarm)
BenchmarkTest02452,0,CWE-89,0,0,0,0.5746,,0.23686947337572348,P4 - Low (ML Suppressed / Likely False Alarm)
BenchmarkTest02453,1,CWE-89,0,0,0,0.5746,,0.24016502690485492,P4 - Low (ML Suppressed / Likely False Alarm)
BenchmarkTest02454,1,CWE-89,2,1,1,0.5746,Detected a formatted string in a SQL statement. This could lead to SQL injection if variables in the SQL statement are not properly sanitized. Use a prepared statements (java.sql.PreparedStatement) instead. You can obtain a PreparedStatement using 'connection.prepareStatement'.,0.5312748750495969,P3 - Medium (ML Moderate / Needs Review)
BenchmarkTest02455,1,CWE-89,2,1,1,0.5746,Detected a formatted string in a SQL statement. This could lead to SQL injection if variables in the SQL statement are not properly sanitized. Use a prepared statements (java.sql.PreparedStatement) instead. You can obtain a PreparedStatement using 'connection.prepareStatement'.,0.49671630473765704,P3 - Medium (ML Moderate / Needs Review)
BenchmarkTest02456,0,CWE-89,2,1,1,0.5746,Detected a formatted string in a SQL statement. This could lead to SQL injection if variables in the SQL statement are not properly sanitized. Use a prepared statements (java.sql.PreparedStatement) instead. You can obtain a PreparedStatement using 'connection.prepareStatement'.,0.49671630473765704,P3 - Medium (ML Moderate / Needs Review)
BenchmarkTest02457,0,CWE-643,0,0,0,0.5185,,0.19359810964024982,P4 - Low (ML Suppressed / Likely False Alarm)
BenchmarkTest02458,1,CWE-327,1,0,1,0.9046,Use a strong cipher algorithm.,0.7669870863329693,P2 - High (ML Probable Vulnerability)
BenchmarkTest02459,0,CWE-327,0,0,0,0.9046,,0.09176958896267884,P4 - Low (ML Suppressed / Likely False Alarm)
BenchmarkTest02460,0,CWE-327,0,0,0,0.9046,,0.09081970593165378,P4 - Low (ML Suppressed / Likely False Alarm)
BenchmarkTest02461,0,CWE-327,0,0,0,0.9046,,0.08431073471868633,P4 - Low (ML Suppressed / Likely False Alarm)
BenchmarkTest02462,0,CWE-22,1,1,0,0.531,"Detected a potential path traversal. A malicious actor could control the location of this file, to include going backwards in the directory with '../'. To address this, ensure that user-controlled variables in file paths are sanitized. You may also consider using a utility method such as org.apache.commons.io.FilenameUtils.getName(...) to only retrieve the file name from the path.",0.528523134306003,P3 - Medium (ML Moderate / Needs Review)
BenchmarkTest02463,1,CWE-22,1,1,0,0.531,"Detected a potential path traversal. A malicious actor could control the location of this file, to include going backwards in the directory with '../'. To address this, ensure that user-controlled variables in file paths are sanitized. You may also consider using a utility method such as org.apache.commons.io.FilenameUtils.getName(...) to only retrieve the file name from the path.",0.5446502000682291,P3 - Medium (ML Moderate / Needs Review)
BenchmarkTest02464,0,CWE-22,1,1,0,0.531,"Detected a potential path traversal. A malicious actor could control the location of this file, to include going backwards in the directory with '../'. To address this, ensure that user-controlled variables in file paths are sanitized. You may also consider using a utility method such as org.apache.commons.io.FilenameUtils.getName(...) to only retrieve the file name from the path.",0.5323617688956359,P3 - Medium (ML Moderate / Needs Review)
BenchmarkTest02465,1,CWE-22,1,1,0,0.531,"Detected a potential path traversal. A malicious actor could control the location of this file, to include going backwards in the directory with '../'. To address this, ensure that user-controlled variables in file paths are sanitized. You may also consider using a utility method such as org.apache.commons.io.FilenameUtils.getName(...) to only retrieve the file name from the path.",0.5333552162927581,P3 - Medium (ML Moderate / Needs Review)
BenchmarkTest02466,1,CWE-22,1,1,0,0.531,"Detected a potential path traversal. A malicious actor could control the location of this file, to include going backwards in the directory with '../'. To address this, ensure that user-controlled variables in file paths are sanitized. You may also consider using a utility method such as org.apache.commons.io.FilenameUtils.getName(...) to only retrieve the file name from the path.",0.5333552162927581,P3 - Medium (ML Moderate / Needs Review)
BenchmarkTest02467,0,CWE-22,1,1,0,0.531,"Detected a potential path traversal. A malicious actor could control the location of this file, to include going backwards in the directory with '../'. To address this, ensure that user-controlled variables in file paths are sanitized. You may also consider using a utility method such as org.apache.commons.io.FilenameUtils.getName(...) to only retrieve the file name from the path.",0.5333552162927581,P3 - Medium (ML Moderate / Needs Review)
BenchmarkTest02468,0,CWE-22,1,1,0,0.531,"Detected a potential path traversal. A malicious actor could control the location of this file, to include going backwards in the directory with '../'. To address this, ensure that user-controlled variables in file paths are sanitized. You may also consider using a utility method such as org.apache.commons.io.FilenameUtils.getName(...) to only retrieve the file name from the path.",0.528523134306003,P3 - Medium (ML Moderate / Needs Review)
BenchmarkTest02469,1,CWE-22,1,1,0,0.531,"Detected a potential path traversal. A malicious actor could control the location of this file, to include going backwards in the directory with '../'. To address this, ensure that user-controlled variables in file paths are sanitized. You may also consider using a utility method such as org.apache.commons.io.FilenameUtils.getName(...) to only retrieve the file name from the path.",0.5333552162927581,P3 - Medium (ML Moderate / Needs Review)
BenchmarkTest02470,0,CWE-22,1,1,0,0.531,"Detected a potential path traversal. A malicious actor could control the location of this file, to include going backwards in the directory with '../'. To address this, ensure that user-controlled variables in file paths are sanitized. You may also consider using a utility method such as org.apache.commons.io.FilenameUtils.getName(...) to only retrieve the file name from the path.",0.5300041467457454,P3 - Medium (ML Moderate / Needs Review)
BenchmarkTest02471,0,CWE-22,0,0,0,0.531,,0.23939612297813506,P4 - Low (ML Suppressed / Likely False Alarm)
BenchmarkTest02472,1,CWE-90,1,1,0,0.4815,"Detected input from a HTTPServletRequest going into an LDAP query. This could lead to LDAP injection if the input is not properly sanitized, which could result in attackers modifying objects in the LDAP tree structure. Ensure data passed to an LDAP query is not controllable or properly sanitize the data.",0.5131125537608819,P3 - Medium (ML Moderate / Needs Review)
BenchmarkTest02473,1,CWE-330,2,1,1,1.0,"Detected use of the functions `Math.random()` or `java.util.Random()`. These are both not cryptographically strong random number generators (RNGs). If you are using these RNGs to create passwords or secret tokens, use `java.security.SecureRandom` instead.",1.0,P1 - Critical (ML High-Confidence Vulnerability)
BenchmarkTest02474,1,CWE-328,2,1,1,1.0,"Detected SHA1 hash algorithm which is considered insecure. SHA1 is not collision resistant and is therefore not suitable as a cryptographic signature. Instead, use PBKDF2 for password hashing or SHA256 or SHA512 for other hash function applications.",0.9963725018172893,P1 - Critical (ML High-Confidence Vulnerability)
BenchmarkTest02475,1,CWE-328,2,1,1,1.0,Detected MD5 hash algorithm which is considered insecure. MD5 is not collision resistant and is therefore not suitable as a cryptographic signature. Use HMAC instead.,0.9969687847493788,P1 - Critical (ML High-Confidence Vulnerability)
BenchmarkTest02476,1,CWE-328,2,1,1,1.0,Detected MD5 hash algorithm which is considered insecure. MD5 is not collision resistant and is therefore not suitable as a cryptographic signature. Use HMAC instead.,0.9967183475989987,P1 - Critical (ML High-Confidence Vulnerability)
BenchmarkTest02477,0,CWE-328,0,0,0,1.0,,0.2336827722158927,P4 - Low (ML Suppressed / Likely False Alarm)
BenchmarkTest02478,1,CWE-328,0,0,0,1.0,,0.2042594061680803,P4 - Low (ML Suppressed / Likely False Alarm)
BenchmarkTest02479,0,CWE-328,0,0,0,1.0,,0.21055491925120276,P4 - Low (ML Suppressed / Likely False Alarm)
BenchmarkTest02480,1,CWE-79,1,1,0,0.6516,"Detected a request with potential user-input going into a OutputStream or Writer object. This bypasses any view or template environments, including HTML escaping, which may expose this application to cross-site scripting (XSS) vulnerabilities. Consider using a view technology such as JavaServer Faces (JSFs) which automatically escapes HTML views.",0.6567667998284668,P2 - High (ML Probable Vulnerability)
BenchmarkTest02481,0,CWE-79,1,1,0,0.6516,"Detected a request with potential user-input going into a OutputStream or Writer object. This bypasses any view or template environments, including HTML escaping, which may expose this application to cross-site scripting (XSS) vulnerabilities. Consider using a view technology such as JavaServer Faces (JSFs) which automatically escapes HTML views.",0.620660943864709,P3 - Medium (ML Moderate / Needs Review)
BenchmarkTest02482,0,CWE-79,1,1,0,0.6516,"Detected a request with potential user-input going into a OutputStream or Writer object. This bypasses any view or template environments, including HTML escaping, which may expose this application to cross-site scripting (XSS) vulnerabilities. Consider using a view technology such as JavaServer Faces (JSFs) which automatically escapes HTML views.",0.6567667998284668,P2 - High (ML Probable Vulnerability)
BenchmarkTest02483,1,CWE-79,1,1,0,0.6516,"Detected a request with potential user-input going into a OutputStream or Writer object. This bypasses any view or template environments, including HTML escaping, which may expose this application to cross-site scripting (XSS) vulnerabilities. Consider using a view technology such as JavaServer Faces (JSFs) which automatically escapes HTML views.",0.6567667998284668,P2 - High (ML Probable Vulnerability)
BenchmarkTest02484,0,CWE-79,1,1,0,0.6516,"Detected a request with potential user-input going into a OutputStream or Writer object. This bypasses any view or template environments, including HTML escaping, which may expose this application to cross-site scripting (XSS) vulnerabilities. Consider using a view technology such as JavaServer Faces (JSFs) which automatically escapes HTML views.",0.6654635318596704,P2 - High (ML Probable Vulnerability)
BenchmarkTest02485,0,CWE-79,1,1,0,0.6516,"Detected a request with potential user-input going into a OutputStream or Writer object. This bypasses any view or template environments, including HTML escaping, which may expose this application to cross-site scripting (XSS) vulnerabilities. Consider using a view technology such as JavaServer Faces (JSFs) which automatically escapes HTML views.",0.6567667998284668,P2 - High (ML Probable Vulnerability)
BenchmarkTest02486,1,CWE-79,1,1,0,0.6516,"Detected a request with potential user-input going into a OutputStream or Writer object. This bypasses any view or template environments, including HTML escaping, which may expose this application to cross-site scripting (XSS) vulnerabilities. Consider using a view technology such as JavaServer Faces (JSFs) which automatically escapes HTML views.",0.6447953001558595,P3 - Medium (ML Moderate / Needs Review)
BenchmarkTest02487,1,CWE-79,1,1,0,0.6516,"Detected a request with potential user-input going into a OutputStream or Writer object. This bypasses any view or template environments, including HTML escaping, which may expose this application to cross-site scripting (XSS) vulnerabilities. Consider using a view technology such as JavaServer Faces (JSFs) which automatically escapes HTML views.",0.620660943864709,P3 - Medium (ML Moderate / Needs Review)
BenchmarkTest02488,0,CWE-79,1,1,0,0.6516,"Detected a request with potential user-input going into a OutputStream or Writer object. This bypasses any view or template environments, including HTML escaping, which may expose this application to cross-site scripting (XSS) vulnerabilities. Consider using a view technology such as JavaServer Faces (JSFs) which automatically escapes HTML views.",0.620660943864709,P3 - Medium (ML Moderate / Needs Review)
BenchmarkTest02489,1,CWE-79,1,1,0,0.6516,"Detected a request with potential user-input going into a OutputStream or Writer object. This bypasses any view or template environments, including HTML escaping, which may expose this application to cross-site scripting (XSS) vulnerabilities. Consider using a view technology such as JavaServer Faces (JSFs) which automatically escapes HTML views.",0.620660943864709,P3 - Medium (ML Moderate / Needs Review)
BenchmarkTest02490,0,CWE-79,1,1,0,0.6516,"Detected a request with potential user-input going into a OutputStream or Writer object. This bypasses any view or template environments, including HTML escaping, which may expose this application to cross-site scripting (XSS) vulnerabilities. Consider using a view technology such as JavaServer Faces (JSFs) which automatically escapes HTML views.",0.658125282848209,P2 - High (ML Probable Vulnerability)
BenchmarkTest02491,0,CWE-79,1,1,0,0.6516,"Detected a request with potential user-input going into a OutputStream or Writer object. This bypasses any view or template environments, including HTML escaping, which may expose this application to cross-site scripting (XSS) vulnerabilities. Consider using a view technology such as JavaServer Faces (JSFs) which automatically escapes HTML views.",0.620660943864709,P3 - Medium (ML Moderate / Needs Review)
BenchmarkTest02492,0,CWE-79,1,1,0,0.6516,"Detected a request with potential user-input going into a OutputStream or Writer object. This bypasses any view or template environments, including HTML escaping, which may expose this application to cross-site scripting (XSS) vulnerabilities. Consider using a view technology such as JavaServer Faces (JSFs) which automatically escapes HTML views.",0.6447953001558595,P3 - Medium (ML Moderate / Needs Review)
BenchmarkTest02493,1,CWE-79,1,1,0,0.6516,"Detected a request with potential user-input going into a OutputStream or Writer object. This bypasses any view or template environments, including HTML escaping, which may expose this application to cross-site scripting (XSS) vulnerabilities. Consider using a view technology such as JavaServer Faces (JSFs) which automatically escapes HTML views.",0.6447953001558595,P3 - Medium (ML Moderate / Needs Review)
BenchmarkTest02494,1,CWE-79,1,1,0,0.6516,"Detected a request with potential user-input going into a OutputStream or Writer object. This bypasses any view or template environments, including HTML escaping, which may expose this application to cross-site scripting (XSS) vulnerabilities. Consider using a view technology such as JavaServer Faces (JSFs) which automatically escapes HTML views.",0.620660943864709,P3 - Medium (ML Moderate / Needs Review)
BenchmarkTest02495,0,CWE-79,1,1,0,0.6516,"Detected a request with potential user-input going into a OutputStream or Writer object. This bypasses any view or template environments, including HTML escaping, which may expose this application to cross-site scripting (XSS) vulnerabilities. Consider using a view technology such as JavaServer Faces (JSFs) which automatically escapes HTML views.",0.620660943864709,P3 - Medium (ML Moderate / Needs Review)
BenchmarkTest02496,1,CWE-78,1,1,0,0.5177,A formatted or concatenated string was detected as input to a ProcessBuilder call. This is dangerous if a variable is controlled by user input and could result in a command injection. Ensure your variables are not controlled by users or sufficiently sanitized.,0.21809871420741572,P4 - Low (ML Suppressed / Likely False Alarm)
BenchmarkTest02497,1,CWE-330,2,1,1,1.0,"Detected use of the functions `Math.random()` or `java.util.Random()`. These are both not cryptographically strong random number generators (RNGs). If you are using these RNGs to create passwords or secret tokens, use `java.security.SecureRandom` instead.",1.0,P1 - Critical (ML High-Confidence Vulnerability)
BenchmarkTest02498,1,CWE-330,2,1,1,1.0,"Detected use of the functions `Math.random()` or `java.util.Random()`. These are both not cryptographically strong random number generators (RNGs). If you are using these RNGs to create passwords or secret tokens, use `java.security.SecureRandom` instead.",1.0,P1 - Critical (ML High-Confidence Vulnerability)
BenchmarkTest02499,1,CWE-330,2,1,1,1.0,"Detected use of the functions `Math.random()` or `java.util.Random()`. These are both not cryptographically strong random number generators (RNGs). If you are using these RNGs to create passwords or secret tokens, use `java.security.SecureRandom` instead.",1.0,P1 - Critical (ML High-Confidence Vulnerability)
BenchmarkTest02500,1,CWE-330,2,1,1,1.0,"Detected use of the functions `Math.random()` or `java.util.Random()`. These are both not cryptographically strong random number generators (RNGs). If you are using these RNGs to create passwords or secret tokens, use `java.security.SecureRandom` instead.",1.0,P1 - Critical (ML High-Confidence Vulnerability)
BenchmarkTest02501,1,CWE-330,2,1,1,1.0,"Detected use of the functions `Math.random()` or `java.util.Random()`. These are both not cryptographically strong random number generators (RNGs). If you are using these RNGs to create passwords or secret tokens, use `java.security.SecureRandom` instead.",1.0,P1 - Critical (ML High-Confidence Vulnerability)
BenchmarkTest02502,1,CWE-330,2,1,1,1.0,"Detected use of the functions `Math.random()` or `java.util.Random()`. These are both not cryptographically strong random number generators (RNGs). If you are using these RNGs to create passwords or secret tokens, use `java.security.SecureRandom` instead.",1.0,P1 - Critical (ML High-Confidence Vulnerability)
BenchmarkTest02503,1,CWE-330,2,1,1,1.0,"Detected use of the functions `Math.random()` or `java.util.Random()`. These are both not cryptographically strong random number generators (RNGs). If you are using these RNGs to create passwords or secret tokens, use `java.security.SecureRandom` instead.",1.0,P1 - Critical (ML High-Confidence Vulnerability)
BenchmarkTest02504,1,CWE-330,2,1,1,1.0,"Detected use of the functions `Math.random()` or `java.util.Random()`. These are both not cryptographically strong random number generators (RNGs). If you are using these RNGs to create passwords or secret tokens, use `java.security.SecureRandom` instead.",1.0,P1 - Critical (ML High-Confidence Vulnerability)
BenchmarkTest02505,1,CWE-330,2,1,1,1.0,"Detected use of the functions `Math.random()` or `java.util.Random()`. These are both not cryptographically strong random number generators (RNGs). If you are using these RNGs to create passwords or secret tokens, use `java.security.SecureRandom` instead.",1.0,P1 - Critical (ML High-Confidence Vulnerability)
BenchmarkTest02506,1,CWE-330,2,1,1,1.0,"Detected use of the functions `Math.random()` or `java.util.Random()`. These are both not cryptographically strong random number generators (RNGs). If you are using these RNGs to create passwords or secret tokens, use `java.security.SecureRandom` instead.",1.0,P1 - Critical (ML High-Confidence Vulnerability)
BenchmarkTest02507,1,CWE-614,1,1,0,1.0,A cookie was detected without setting the 'secure' flag. The 'secure' flag for cookies prevents the client from transmitting the cookie over insecure channels such as HTTP. Set the 'secure' flag by calling 'cookie.setSecure(true);',0.9469332262689727,P1 - Critical (ML High-Confidence Vulnerability)
BenchmarkTest02508,0,CWE-614,0,0,0,1.0,,0.10532987746572291,P4 - Low (ML Suppressed / Likely False Alarm)
BenchmarkTest02509,0,CWE-79,1,1,0,0.6516,"Detected a request with potential user-input going into a OutputStream or Writer object. This bypasses any view or template environments, including HTML escaping, which may expose this application to cross-site scripting (XSS) vulnerabilities. Consider using a view technology such as JavaServer Faces (JSFs) which automatically escapes HTML views.",0.6567667998284668,P2 - High (ML Probable Vulnerability)
BenchmarkTest02510,0,CWE-78,1,1,0,0.5177,"Detected input from a HTTPServletRequest going into a 'ProcessBuilder' or 'exec' command. This could lead to command injection if variables passed into the exec commands are not properly sanitized. Instead, avoid using these OS commands with user-supplied input, or, if you must use these commands, use a whitelist of specific values.",0.5076583195183094,P3 - Medium (ML Moderate / Needs Review)
BenchmarkTest02511,1,CWE-78,1,1,0,0.5177,"Detected input from a HTTPServletRequest going into a 'ProcessBuilder' or 'exec' command. This could lead to command injection if variables passed into the exec commands are not properly sanitized. Instead, avoid using these OS commands with user-supplied input, or, if you must use these commands, use a whitelist of specific values.",0.5076583195183094,P3 - Medium (ML Moderate / Needs Review)
BenchmarkTest02512,1,CWE-78,1,1,0,0.5177,"Detected input from a HTTPServletRequest going into a 'ProcessBuilder' or 'exec' command. This could lead to command injection if variables passed into the exec commands are not properly sanitized. Instead, avoid using these OS commands with user-supplied input, or, if you must use these commands, use a whitelist of specific values.",0.5713557769679556,P3 - Medium (ML Moderate / Needs Review)
BenchmarkTest02513,0,CWE-78,1,1,0,0.5177,"Detected input from a HTTPServletRequest going into a 'ProcessBuilder' or 'exec' command. This could lead to command injection if variables passed into the exec commands are not properly sanitized. Instead, avoid using these OS commands with user-supplied input, or, if you must use these commands, use a whitelist of specific values.",0.5076583195183094,P3 - Medium (ML Moderate / Needs Review)
BenchmarkTest02514,1,CWE-78,1,1,0,0.5177,"Detected input from a HTTPServletRequest going into a 'ProcessBuilder' or 'exec' command. This could lead to command injection if variables passed into the exec commands are not properly sanitized. Instead, avoid using these OS commands with user-supplied input, or, if you must use these commands, use a whitelist of specific values.",0.5076583195183094,P3 - Medium (ML Moderate / Needs Review)
BenchmarkTest02515,1,CWE-78,1,1,0,0.5177,"Detected input from a HTTPServletRequest going into a 'ProcessBuilder' or 'exec' command. This could lead to command injection if variables passed into the exec commands are not properly sanitized. Instead, avoid using these OS commands with user-supplied input, or, if you must use these commands, use a whitelist of specific values.",0.5140518495956894,P3 - Medium (ML Moderate / Needs Review)
BenchmarkTest02516,1,CWE-78,1,1,0,0.5177,"Detected input from a HTTPServletRequest going into a 'ProcessBuilder' or 'exec' command. This could lead to command injection if variables passed into the exec commands are not properly sanitized. Instead, avoid using these OS commands with user-supplied input, or, if you must use these commands, use a whitelist of specific values.",0.5140518495956894,P3 - Medium (ML Moderate / Needs Review)
BenchmarkTest02517,1,CWE-78,1,1,0,0.5177,"Detected input from a HTTPServletRequest going into a 'ProcessBuilder' or 'exec' command. This could lead to command injection if variables passed into the exec commands are not properly sanitized. Instead, avoid using these OS commands with user-supplied input, or, if you must use these commands, use a whitelist of specific values.",0.5140518495956894,P3 - Medium (ML Moderate / Needs Review)
BenchmarkTest02518,0,CWE-78,1,1,0,0.5177,"Detected input from a HTTPServletRequest going into a 'ProcessBuilder' or 'exec' command. This could lead to command injection if variables passed into the exec commands are not properly sanitized. Instead, avoid using these OS commands with user-supplied input, or, if you must use these commands, use a whitelist of specific values.",0.565387778500283,P3 - Medium (ML Moderate / Needs Review)
BenchmarkTest02519,0,CWE-330,0,0,0,1.0,,0.057764259022038515,P4 - Low (ML Suppressed / Likely False Alarm)
BenchmarkTest02520,0,CWE-330,0,0,0,1.0,,0.05157343440022427,P4 - Low (ML Suppressed / Likely False Alarm)
BenchmarkTest02521,0,CWE-330,0,0,0,1.0,,0.057764259022038515,P4 - Low (ML Suppressed / Likely False Alarm)
BenchmarkTest02522,0,CWE-330,0,0,0,1.0,,0.051215480072750806,P4 - Low (ML Suppressed / Likely False Alarm)
BenchmarkTest02523,0,CWE-501,1,1,0,0.7234,"Detected a request with potential user-input going into a OutputStream or Writer object. This bypasses any view or template environments, including HTML escaping, which may expose this application to cross-site scripting (XSS) vulnerabilities. Consider using a view technology such as JavaServer Faces (JSFs) which automatically escapes HTML views.",0.7078618281880859,P2 - High (ML Probable Vulnerability)
BenchmarkTest02524,1,CWE-501,1,1,0,0.7234,"Detected a request with potential user-input going into a OutputStream or Writer object. This bypasses any view or template environments, including HTML escaping, which may expose this application to cross-site scripting (XSS) vulnerabilities. Consider using a view technology such as JavaServer Faces (JSFs) which automatically escapes HTML views.",0.6941563292264352,P2 - High (ML Probable Vulnerability)
BenchmarkTest02525,1,CWE-501,1,1,0,0.7234,"Detected a request with potential user-input going into a OutputStream or Writer object. This bypasses any view or template environments, including HTML escaping, which may expose this application to cross-site scripting (XSS) vulnerabilities. Consider using a view technology such as JavaServer Faces (JSFs) which automatically escapes HTML views.",0.7078618281880859,P2 - High (ML Probable Vulnerability)
BenchmarkTest02526,1,CWE-501,1,1,0,0.7234,"Detected a request with potential user-input going into a OutputStream or Writer object. This bypasses any view or template environments, including HTML escaping, which may expose this application to cross-site scripting (XSS) vulnerabilities. Consider using a view technology such as JavaServer Faces (JSFs) which automatically escapes HTML views.",0.7097295014333608,P2 - High (ML Probable Vulnerability)
BenchmarkTest02527,1,CWE-501,1,1,0,0.7234,"Detected a request with potential user-input going into a OutputStream or Writer object. This bypasses any view or template environments, including HTML escaping, which may expose this application to cross-site scripting (XSS) vulnerabilities. Consider using a view technology such as JavaServer Faces (JSFs) which automatically escapes HTML views.",0.675477596449973,P2 - High (ML Probable Vulnerability)
BenchmarkTest02528,1,CWE-89,2,1,1,0.5746,Detected input from a HTTPServletRequest going into a SQL sink or statement. This could lead to SQL injection if variables in the SQL statement are not properly sanitized. Use parameterized SQL queries or properly sanitize user input instead.,0.6052657034562158,P3 - Medium (ML Moderate / Needs Review)
BenchmarkTest02529,0,CWE-89,2,1,1,0.5746,Detected input from a HTTPServletRequest going into a SQL sink or statement. This could lead to SQL injection if variables in the SQL statement are not properly sanitized. Use parameterized SQL queries or properly sanitize user input instead.,0.6172031360784221,P3 - Medium (ML Moderate / Needs Review)
BenchmarkTest02530,1,CWE-89,2,1,1,0.5746,Detected input from a HTTPServletRequest going into a SQL sink or statement. This could lead to SQL injection if variables in the SQL statement are not properly sanitized. Use parameterized SQL queries or properly sanitize user input instead.,0.6133730231246536,P3 - Medium (ML Moderate / Needs Review)
BenchmarkTest02531,1,CWE-89,2,1,1,0.5746,Detected input from a HTTPServletRequest going into a SQL sink or statement. This could lead to SQL injection if variables in the SQL statement are not properly sanitized. Use parameterized SQL queries or properly sanitize user input instead.,0.6172031360784221,P3 - Medium (ML Moderate / Needs Review)
BenchmarkTest02532,1,CWE-89,2,1,1,0.5746,Detected input from a HTTPServletRequest going into a SQL sink or statement. This could lead to SQL injection if variables in the SQL statement are not properly sanitized. Use parameterized SQL queries or properly sanitize user input instead.,0.6013870000430575,P3 - Medium (ML Moderate / Needs Review)
BenchmarkTest02533,1,CWE-89,2,1,1,0.5746,Detected input from a HTTPServletRequest going into a SQL sink or statement. This could lead to SQL injection if variables in the SQL statement are not properly sanitized. Use parameterized SQL queries or properly sanitize user input instead.,0.6013870000430575,P3 - Medium (ML Moderate / Needs Review)
BenchmarkTest02534,1,CWE-89,2,1,1,0.5746,Detected input from a HTTPServletRequest going into a SQL sink or statement. This could lead to SQL injection if variables in the SQL statement are not properly sanitized. Use parameterized SQL queries or properly sanitize user input instead.,0.6133730231246536,P3 - Medium (ML Moderate / Needs Review)
BenchmarkTest02535,1,CWE-89,2,1,1,0.5746,Detected input from a HTTPServletRequest going into a SQL sink or statement. This could lead to SQL injection if variables in the SQL statement are not properly sanitized. Use parameterized SQL queries or properly sanitize user input instead.,0.6326009898069045,P3 - Medium (ML Moderate / Needs Review)
BenchmarkTest02536,0,CWE-89,1,1,0,0.5746,Detected input from a HTTPServletRequest going into a SQL sink or statement. This could lead to SQL injection if variables in the SQL statement are not properly sanitized. Use parameterized SQL queries or properly sanitize user input instead.,0.6352860383034056,P3 - Medium (ML Moderate / Needs Review)
BenchmarkTest02537,1,CWE-89,1,1,0,0.5746,Detected input from a HTTPServletRequest going into a SQL sink or statement. This could lead to SQL injection if variables in the SQL statement are not properly sanitized. Use parameterized SQL queries or properly sanitize user input instead.,0.6299341752169263,P3 - Medium (ML Moderate / Needs Review)
BenchmarkTest02538,0,CWE-89,1,1,0,0.5746,Detected input from a HTTPServletRequest going into a SQL sink or statement. This could lead to SQL injection if variables in the SQL statement are not properly sanitized. Use parameterized SQL queries or properly sanitize user input instead.,0.6369388599842778,P3 - Medium (ML Moderate / Needs Review)
BenchmarkTest02539,0,CWE-89,1,1,0,0.5746,Detected input from a HTTPServletRequest going into a SQL sink or statement. This could lead to SQL injection if variables in the SQL statement are not properly sanitized. Use parameterized SQL queries or properly sanitize user input instead.,0.6411923512308969,P3 - Medium (ML Moderate / Needs Review)
BenchmarkTest02540,0,CWE-89,1,1,0,0.5746,Detected input from a HTTPServletRequest going into a SQL sink or statement. This could lead to SQL injection if variables in the SQL statement are not properly sanitized. Use parameterized SQL queries or properly sanitize user input instead.,0.6299341752169263,P3 - Medium (ML Moderate / Needs Review)
BenchmarkTest02541,0,CWE-89,2,1,1,0.5746,Detected input from a HTTPServletRequest going into a SQL sink or statement. This could lead to SQL injection if variables in the SQL statement are not properly sanitized. Use parameterized SQL queries or properly sanitize user input instead.,0.6013870000430575,P3 - Medium (ML Moderate / Needs Review)
BenchmarkTest02542,1,CWE-89,2,1,1,0.5746,Detected a formatted string in a SQL statement. This could lead to SQL injection if variables in the SQL statement are not properly sanitized. Use a prepared statements (java.sql.PreparedStatement) instead. You can obtain a PreparedStatement using 'connection.prepareStatement'.,0.49671630473765704,P3 - Medium (ML Moderate / Needs Review)
BenchmarkTest02543,1,CWE-89,2,1,1,0.5746,Detected a formatted string in a SQL statement. This could lead to SQL injection if variables in the SQL statement are not properly sanitized. Use a prepared statements (java.sql.PreparedStatement) instead. You can obtain a PreparedStatement using 'connection.prepareStatement'.,0.549532047868988,P3 - Medium (ML Moderate / Needs Review)
BenchmarkTest02544,0,CWE-89,2,1,1,0.5746,Detected a formatted string in a SQL statement. This could lead to SQL injection if variables in the SQL statement are not properly sanitized. Use a prepared statements (java.sql.PreparedStatement) instead. You can obtain a PreparedStatement using 'connection.prepareStatement'.,0.4939336901384355,P3 - Medium (ML Moderate / Needs Review)
BenchmarkTest02545,1,CWE-89,2,1,1,0.5746,Detected input from a HTTPServletRequest going into a SQL sink or statement. This could lead to SQL injection if variables in the SQL statement are not properly sanitized. Use parameterized SQL queries or properly sanitize user input instead.,0.6052657034562158,P3 - Medium (ML Moderate / Needs Review)
BenchmarkTest02546,0,CWE-89,2,1,1,0.5746,Detected input from a HTTPServletRequest going into a SQL sink or statement. This could lead to SQL injection if variables in the SQL statement are not properly sanitized. Use parameterized SQL queries or properly sanitize user input instead.,0.6172031360784221,P3 - Medium (ML Moderate / Needs Review)
BenchmarkTest02547,0,CWE-327,0,0,0,0.9046,,0.10245024003086535,P4 - Low (ML Suppressed / Likely False Alarm)
BenchmarkTest02548,1,CWE-327,1,0,1,0.9046,Use another cipher mode or disable padding.,0.746894127214667,P2 - High (ML Probable Vulnerability)
BenchmarkTest02549,1,CWE-327,1,0,1,0.9046,Use another cipher mode or disable padding.,0.7448928852534946,P2 - High (ML Probable Vulnerability)
BenchmarkTest02550,1,CWE-327,2,1,1,0.9046,DES is considered deprecated. AES is the recommended cipher. Upgrade to use AES. See https://www.nist.gov/news-events/news/2005/06/nist-withdraws-outdated-data-encryption-standard for more information.,0.9549847982426458,P1 - Critical (ML High-Confidence Vulnerability)
BenchmarkTest02551,0,CWE-327,0,0,0,0.9046,,0.10245024003086535,P4 - Low (ML Suppressed / Likely False Alarm)
BenchmarkTest02552,0,CWE-327,1,0,1,0.9046,Use a secure cipher mode.,0.7669870863329693,P2 - High (ML Probable Vulnerability)
BenchmarkTest02553,0,CWE-90,1,1,0,0.4815,"Detected input from a HTTPServletRequest going into an LDAP query. This could lead to LDAP injection if the input is not properly sanitized, which could result in attackers modifying objects in the LDAP tree structure. Ensure data passed to an LDAP query is not controllable or properly sanitize the data.",0.4729567405628093,P3 - Medium (ML Moderate / Needs Review)
BenchmarkTest02554,0,CWE-22,1,1,0,0.531,"Detected a potential path traversal. A malicious actor could control the location of this file, to include going backwards in the directory with '../'. To address this, ensure that user-controlled variables in file paths are sanitized. You may also consider using a utility method such as org.apache.commons.io.FilenameUtils.getName(...) to only retrieve the file name from the path.",0.5446502000682291,P3 - Medium (ML Moderate / Needs Review)
BenchmarkTest02555,1,CWE-22,1,1,0,0.531,"Detected a potential path traversal. A malicious actor could control the location of this file, to include going backwards in the directory with '../'. To address this, ensure that user-controlled variables in file paths are sanitized. You may also consider using a utility method such as org.apache.commons.io.FilenameUtils.getName(...) to only retrieve the file name from the path.",0.5333552162927581,P3 - Medium (ML Moderate / Needs Review)
BenchmarkTest02556,1,CWE-22,1,1,0,0.531,"Detected a potential path traversal. A malicious actor could control the location of this file, to include going backwards in the directory with '../'. To address this, ensure that user-controlled variables in file paths are sanitized. You may also consider using a utility method such as org.apache.commons.io.FilenameUtils.getName(...) to only retrieve the file name from the path.",0.528523134306003,P3 - Medium (ML Moderate / Needs Review)
BenchmarkTest02557,0,CWE-22,1,1,0,0.531,"Detected a potential path traversal. A malicious actor could control the location of this file, to include going backwards in the directory with '../'. To address this, ensure that user-controlled variables in file paths are sanitized. You may also consider using a utility method such as org.apache.commons.io.FilenameUtils.getName(...) to only retrieve the file name from the path.",0.5300041467457454,P3 - Medium (ML Moderate / Needs Review)
BenchmarkTest02558,0,CWE-22,1,1,0,0.531,"Detected a potential path traversal. A malicious actor could control the location of this file, to include going backwards in the directory with '../'. To address this, ensure that user-controlled variables in file paths are sanitized. You may also consider using a utility method such as org.apache.commons.io.FilenameUtils.getName(...) to only retrieve the file name from the path.",0.528523134306003,P3 - Medium (ML Moderate / Needs Review)
BenchmarkTest02559,1,CWE-22,1,1,0,0.531,"Detected a potential path traversal. A malicious actor could control the location of this file, to include going backwards in the directory with '../'. To address this, ensure that user-controlled variables in file paths are sanitized. You may also consider using a utility method such as org.apache.commons.io.FilenameUtils.getName(...) to only retrieve the file name from the path.",0.5446502000682291,P3 - Medium (ML Moderate / Needs Review)
BenchmarkTest02560,1,CWE-22,1,1,0,0.531,"Detected a potential path traversal. A malicious actor could control the location of this file, to include going backwards in the directory with '../'. To address this, ensure that user-controlled variables in file paths are sanitized. You may also consider using a utility method such as org.apache.commons.io.FilenameUtils.getName(...) to only retrieve the file name from the path.",0.528523134306003,P3 - Medium (ML Moderate / Needs Review)
BenchmarkTest02561,1,CWE-22,1,1,0,0.531,"Detected a potential path traversal. A malicious actor could control the location of this file, to include going backwards in the directory with '../'. To address this, ensure that user-controlled variables in file paths are sanitized. You may also consider using a utility method such as org.apache.commons.io.FilenameUtils.getName(...) to only retrieve the file name from the path.",0.5333552162927581,P3 - Medium (ML Moderate / Needs Review)
BenchmarkTest02562,1,CWE-22,1,1,0,0.531,"Detected a potential path traversal. A malicious actor could control the location of this file, to include going backwards in the directory with '../'. To address this, ensure that user-controlled variables in file paths are sanitized. You may also consider using a utility method such as org.apache.commons.io.FilenameUtils.getName(...) to only retrieve the file name from the path.",0.5323617688956359,P3 - Medium (ML Moderate / Needs Review)
BenchmarkTest02563,0,CWE-22,1,1,0,0.531,"Detected a potential path traversal. A malicious actor could control the location of this file, to include going backwards in the directory with '../'. To address this, ensure that user-controlled variables in file paths are sanitized. You may also consider using a utility method such as org.apache.commons.io.FilenameUtils.getName(...) to only retrieve the file name from the path.",0.5323617688956359,P3 - Medium (ML Moderate / Needs Review)
BenchmarkTest02564,1,CWE-22,1,1,0,0.531,"Detected a potential path traversal. A malicious actor could control the location of this file, to include going backwards in the directory with '../'. To address this, ensure that user-controlled variables in file paths are sanitized. You may also consider using a utility method such as org.apache.commons.io.FilenameUtils.getName(...) to only retrieve the file name from the path.",0.528523134306003,P3 - Medium (ML Moderate / Needs Review)
BenchmarkTest02565,1,CWE-22,1,1,0,0.531,"Detected a potential path traversal. A malicious actor could control the location of this file, to include going backwards in the directory with '../'. To address this, ensure that user-controlled variables in file paths are sanitized. You may also consider using a utility method such as org.apache.commons.io.FilenameUtils.getName(...) to only retrieve the file name from the path.",0.5323617688956359,P3 - Medium (ML Moderate / Needs Review)
BenchmarkTest02566,0,CWE-22,1,1,0,0.531,"Detected a potential path traversal. A malicious actor could control the location of this file, to include going backwards in the directory with '../'. To address this, ensure that user-controlled variables in file paths are sanitized. You may also consider using a utility method such as org.apache.commons.io.FilenameUtils.getName(...) to only retrieve the file name from the path.",0.5300041467457454,P3 - Medium (ML Moderate / Needs Review)
BenchmarkTest02567,1,CWE-22,1,1,0,0.531,"Detected a potential path traversal. A malicious actor could control the location of this file, to include going backwards in the directory with '../'. To address this, ensure that user-controlled variables in file paths are sanitized. You may also consider using a utility method such as org.apache.commons.io.FilenameUtils.getName(...) to only retrieve the file name from the path.",0.5446502000682291,P3 - Medium (ML Moderate / Needs Review)
BenchmarkTest02568,0,CWE-22,1,1,0,0.531,"Detected a potential path traversal. A malicious actor could control the location of this file, to include going backwards in the directory with '../'. To address this, ensure that user-controlled variables in file paths are sanitized. You may also consider using a utility method such as org.apache.commons.io.FilenameUtils.getName(...) to only retrieve the file name from the path.",0.5323617688956359,P3 - Medium (ML Moderate / Needs Review)
BenchmarkTest02569,1,CWE-22,1,1,0,0.531,"Detected a potential path traversal. A malicious actor could control the location of this file, to include going backwards in the directory with '../'. To address this, ensure that user-controlled variables in file paths are sanitized. You may also consider using a utility method such as org.apache.commons.io.FilenameUtils.getName(...) to only retrieve the file name from the path.",0.5300041467457454,P3 - Medium (ML Moderate / Needs Review)
BenchmarkTest02570,0,CWE-22,0,0,0,0.531,,0.23939612297813506,P4 - Low (ML Suppressed / Likely False Alarm)
BenchmarkTest02571,0,CWE-90,1,1,0,0.4815,"Detected input from a HTTPServletRequest going into an LDAP query. This could lead to LDAP injection if the input is not properly sanitized, which could result in attackers modifying objects in the LDAP tree structure. Ensure data passed to an LDAP query is not controllable or properly sanitize the data.",0.4812138184171754,P3 - Medium (ML Moderate / Needs Review)
BenchmarkTest02572,0,CWE-90,1,1,0,0.4815,"Detected input from a HTTPServletRequest going into an LDAP query. This could lead to LDAP injection if the input is not properly sanitized, which could result in attackers modifying objects in the LDAP tree structure. Ensure data passed to an LDAP query is not controllable or properly sanitize the data.",0.4729567405628093,P3 - Medium (ML Moderate / Needs Review)
BenchmarkTest02573,1,CWE-328,2,1,1,1.0,"Detected SHA1 hash algorithm which is considered insecure. SHA1 is not collision resistant and is therefore not suitable as a cryptographic signature. Instead, use PBKDF2 for password hashing or SHA256 or SHA512 for other hash function applications.",0.9969687847493788,P1 - Critical (ML High-Confidence Vulnerability)
BenchmarkTest02574,1,CWE-328,2,1,1,1.0,"Detected SHA1 hash algorithm which is considered insecure. SHA1 is not collision resistant and is therefore not suitable as a cryptographic signature. Instead, use PBKDF2 for password hashing or SHA256 or SHA512 for other hash function applications.",0.9964738352100482,P1 - Critical (ML High-Confidence Vulnerability)
BenchmarkTest02575,1,CWE-328,2,1,1,1.0,Detected MD5 hash algorithm which is considered insecure. MD5 is not collision resistant and is therefore not suitable as a cryptographic signature. Use HMAC instead.,0.9964738352100482,P1 - Critical (ML High-Confidence Vulnerability)
BenchmarkTest02576,0,CWE-328,0,0,0,1.0,,0.20319054080011195,P4 - Low (ML Suppressed / Likely False Alarm)
BenchmarkTest02577,1,CWE-328,0,0,0,1.0,,0.2042594061680803,P4 - Low (ML Suppressed / Likely False Alarm)
BenchmarkTest02578,1,CWE-79,1,1,0,0.6516,"Detected a request with potential user-input going into a OutputStream or Writer object. This bypasses any view or template environments, including HTML escaping, which may expose this application to cross-site scripting (XSS) vulnerabilities. Consider using a view technology such as JavaServer Faces (JSFs) which automatically escapes HTML views.",0.658125282848209,P2 - High (ML Probable Vulnerability)
BenchmarkTest02579,1,CWE-79,1,1,0,0.6516,"Detected a request with potential user-input going into a OutputStream or Writer object. This bypasses any view or template environments, including HTML escaping, which may expose this application to cross-site scripting (XSS) vulnerabilities. Consider using a view technology such as JavaServer Faces (JSFs) which automatically escapes HTML views.",0.620660943864709,P3 - Medium (ML Moderate / Needs Review)
BenchmarkTest02580,1,CWE-79,1,1,0,0.6516,"Detected a request with potential user-input going into a OutputStream or Writer object. This bypasses any view or template environments, including HTML escaping, which may expose this application to cross-site scripting (XSS) vulnerabilities. Consider using a view technology such as JavaServer Faces (JSFs) which automatically escapes HTML views.",0.6447953001558595,P3 - Medium (ML Moderate / Needs Review)
BenchmarkTest02581,0,CWE-79,1,1,0,0.6516,"Detected a request with potential user-input going into a OutputStream or Writer object. This bypasses any view or template environments, including HTML escaping, which may expose this application to cross-site scripting (XSS) vulnerabilities. Consider using a view technology such as JavaServer Faces (JSFs) which automatically escapes HTML views.",0.6447953001558595,P3 - Medium (ML Moderate / Needs Review)
BenchmarkTest02582,1,CWE-79,1,1,0,0.6516,"Detected a request with potential user-input going into a OutputStream or Writer object. This bypasses any view or template environments, including HTML escaping, which may expose this application to cross-site scripting (XSS) vulnerabilities. Consider using a view technology such as JavaServer Faces (JSFs) which automatically escapes HTML views.",0.658125282848209,P2 - High (ML Probable Vulnerability)
BenchmarkTest02583,1,CWE-79,1,1,0,0.6516,"Detected a request with potential user-input going into a OutputStream or Writer object. This bypasses any view or template environments, including HTML escaping, which may expose this application to cross-site scripting (XSS) vulnerabilities. Consider using a view technology such as JavaServer Faces (JSFs) which automatically escapes HTML views.",0.6447953001558595,P3 - Medium (ML Moderate / Needs Review)
BenchmarkTest02584,1,CWE-79,1,1,0,0.6516,"Detected a request with potential user-input going into a OutputStream or Writer object. This bypasses any view or template environments, including HTML escaping, which may expose this application to cross-site scripting (XSS) vulnerabilities. Consider using a view technology such as JavaServer Faces (JSFs) which automatically escapes HTML views.",0.6447953001558595,P3 - Medium (ML Moderate / Needs Review)
BenchmarkTest02585,1,CWE-79,1,1,0,0.6516,"Detected a request with potential user-input going into a OutputStream or Writer object. This bypasses any view or template environments, including HTML escaping, which may expose this application to cross-site scripting (XSS) vulnerabilities. Consider using a view technology such as JavaServer Faces (JSFs) which automatically escapes HTML views.",0.6447953001558595,P3 - Medium (ML Moderate / Needs Review)
BenchmarkTest02586,1,CWE-79,1,1,0,0.6516,"Detected a request with potential user-input going into a OutputStream or Writer object. This bypasses any view or template environments, including HTML escaping, which may expose this application to cross-site scripting (XSS) vulnerabilities. Consider using a view technology such as JavaServer Faces (JSFs) which automatically escapes HTML views.",0.6654635318596704,P2 - High (ML Probable Vulnerability)
BenchmarkTest02587,1,CWE-79,1,1,0,0.6516,"Detected a request with potential user-input going into a OutputStream or Writer object. This bypasses any view or template environments, including HTML escaping, which may expose this application to cross-site scripting (XSS) vulnerabilities. Consider using a view technology such as JavaServer Faces (JSFs) which automatically escapes HTML views.",0.6654635318596704,P2 - High (ML Probable Vulnerability)
BenchmarkTest02588,1,CWE-79,1,1,0,0.6516,"Detected a request with potential user-input going into a OutputStream or Writer object. This bypasses any view or template environments, including HTML escaping, which may expose this application to cross-site scripting (XSS) vulnerabilities. Consider using a view technology such as JavaServer Faces (JSFs) which automatically escapes HTML views.",0.620660943864709,P3 - Medium (ML Moderate / Needs Review)
BenchmarkTest02589,0,CWE-79,1,1,0,0.6516,"Detected a request with potential user-input going into a OutputStream or Writer object. This bypasses any view or template environments, including HTML escaping, which may expose this application to cross-site scripting (XSS) vulnerabilities. Consider using a view technology such as JavaServer Faces (JSFs) which automatically escapes HTML views.",0.6654635318596704,P2 - High (ML Probable Vulnerability)
BenchmarkTest02590,0,CWE-79,1,1,0,0.6516,"Detected a request with potential user-input going into a OutputStream or Writer object. This bypasses any view or template environments, including HTML escaping, which may expose this application to cross-site scripting (XSS) vulnerabilities. Consider using a view technology such as JavaServer Faces (JSFs) which automatically escapes HTML views.",0.658125282848209,P2 - High (ML Probable Vulnerability)
BenchmarkTest02591,1,CWE-79,1,1,0,0.6516,"Detected a request with potential user-input going into a OutputStream or Writer object. This bypasses any view or template environments, including HTML escaping, which may expose this application to cross-site scripting (XSS) vulnerabilities. Consider using a view technology such as JavaServer Faces (JSFs) which automatically escapes HTML views.",0.658125282848209,P2 - High (ML Probable Vulnerability)
BenchmarkTest02592,1,CWE-79,1,1,0,0.6516,"Detected a request with potential user-input going into a OutputStream or Writer object. This bypasses any view or template environments, including HTML escaping, which may expose this application to cross-site scripting (XSS) vulnerabilities. Consider using a view technology such as JavaServer Faces (JSFs) which automatically escapes HTML views.",0.6567667998284668,P2 - High (ML Probable Vulnerability)
BenchmarkTest02593,0,CWE-79,1,1,0,0.6516,"Detected a request with potential user-input going into a OutputStream or Writer object. This bypasses any view or template environments, including HTML escaping, which may expose this application to cross-site scripting (XSS) vulnerabilities. Consider using a view technology such as JavaServer Faces (JSFs) which automatically escapes HTML views.",0.6447953001558595,P3 - Medium (ML Moderate / Needs Review)
BenchmarkTest02594,0,CWE-79,1,1,0,0.6516,"Detected a request with potential user-input going into a OutputStream or Writer object. This bypasses any view or template environments, including HTML escaping, which may expose this application to cross-site scripting (XSS) vulnerabilities. Consider using a view technology such as JavaServer Faces (JSFs) which automatically escapes HTML views.",0.6567667998284668,P2 - High (ML Probable Vulnerability)
BenchmarkTest02595,1,CWE-79,1,1,0,0.6516,"Detected a request with potential user-input going into a OutputStream or Writer object. This bypasses any view or template environments, including HTML escaping, which may expose this application to cross-site scripting (XSS) vulnerabilities. Consider using a view technology such as JavaServer Faces (JSFs) which automatically escapes HTML views.",0.6654635318596704,P2 - High (ML Probable Vulnerability)
BenchmarkTest02596,0,CWE-79,1,1,0,0.6516,"Detected a request with potential user-input going into a OutputStream or Writer object. This bypasses any view or template environments, including HTML escaping, which may expose this application to cross-site scripting (XSS) vulnerabilities. Consider using a view technology such as JavaServer Faces (JSFs) which automatically escapes HTML views.",0.658125282848209,P2 - High (ML Probable Vulnerability)
BenchmarkTest02597,1,CWE-79,1,1,0,0.6516,"Detected a request with potential user-input going into a OutputStream or Writer object. This bypasses any view or template environments, including HTML escaping, which may expose this application to cross-site scripting (XSS) vulnerabilities. Consider using a view technology such as JavaServer Faces (JSFs) which automatically escapes HTML views.",0.6447953001558595,P3 - Medium (ML Moderate / Needs Review)
BenchmarkTest02598,1,CWE-79,1,1,0,0.6516,"Detected a request with potential user-input going into a OutputStream or Writer object. This bypasses any view or template environments, including HTML escaping, which may expose this application to cross-site scripting (XSS) vulnerabilities. Consider using a view technology such as JavaServer Faces (JSFs) which automatically escapes HTML views.",0.658125282848209,P2 - High (ML Probable Vulnerability)
BenchmarkTest02599,0,CWE-79,1,1,0,0.6516,"Detected a request with potential user-input going into a OutputStream or Writer object. This bypasses any view or template environments, including HTML escaping, which may expose this application to cross-site scripting (XSS) vulnerabilities. Consider using a view technology such as JavaServer Faces (JSFs) which automatically escapes HTML views.",0.6654635318596704,P2 - High (ML Probable Vulnerability)
BenchmarkTest02600,1,CWE-79,1,1,0,0.6516,"Detected a request with potential user-input going into a OutputStream or Writer object. This bypasses any view or template environments, including HTML escaping, which may expose this application to cross-site scripting (XSS) vulnerabilities. Consider using a view technology such as JavaServer Faces (JSFs) which automatically escapes HTML views.",0.620660943864709,P3 - Medium (ML Moderate / Needs Review)
BenchmarkTest02601,0,CWE-79,1,1,0,0.6516,"Detected a request with potential user-input going into a OutputStream or Writer object. This bypasses any view or template environments, including HTML escaping, which may expose this application to cross-site scripting (XSS) vulnerabilities. Consider using a view technology such as JavaServer Faces (JSFs) which automatically escapes HTML views.",0.6447953001558595,P3 - Medium (ML Moderate / Needs Review)
BenchmarkTest02602,1,CWE-330,2,1,1,1.0,"Detected use of the functions `Math.random()` or `java.util.Random()`. These are both not cryptographically strong random number generators (RNGs). If you are using these RNGs to create passwords or secret tokens, use `java.security.SecureRandom` instead.",1.0,P1 - Critical (ML High-Confidence Vulnerability)
BenchmarkTest02603,1,CWE-330,2,1,1,1.0,"Detected use of the functions `Math.random()` or `java.util.Random()`. These are both not cryptographically strong random number generators (RNGs). If you are using these RNGs to create passwords or secret tokens, use `java.security.SecureRandom` instead.",1.0,P1 - Critical (ML High-Confidence Vulnerability)
BenchmarkTest02604,1,CWE-330,2,1,1,1.0,"Detected use of the functions `Math.random()` or `java.util.Random()`. These are both not cryptographically strong random number generators (RNGs). If you are using these RNGs to create passwords or secret tokens, use `java.security.SecureRandom` instead.",1.0,P1 - Critical (ML High-Confidence Vulnerability)
BenchmarkTest02605,1,CWE-330,2,1,1,1.0,"Detected use of the functions `Math.random()` or `java.util.Random()`. These are both not cryptographically strong random number generators (RNGs). If you are using these RNGs to create passwords or secret tokens, use `java.security.SecureRandom` instead.",1.0,P1 - Critical (ML High-Confidence Vulnerability)
BenchmarkTest02606,1,CWE-330,2,1,1,1.0,"Detected use of the functions `Math.random()` or `java.util.Random()`. These are both not cryptographically strong random number generators (RNGs). If you are using these RNGs to create passwords or secret tokens, use `java.security.SecureRandom` instead.",1.0,P1 - Critical (ML High-Confidence Vulnerability)
BenchmarkTest02607,0,CWE-614,0,0,0,1.0,,0.10509525118902438,P4 - Low (ML Suppressed / Likely False Alarm)
BenchmarkTest02608,1,CWE-79,1,1,0,0.6516,"Detected a request with potential user-input going into a OutputStream or Writer object. This bypasses any view or template environments, including HTML escaping, which may expose this application to cross-site scripting (XSS) vulnerabilities. Consider using a view technology such as JavaServer Faces (JSFs) which automatically escapes HTML views.",0.6567667998284668,P2 - High (ML Probable Vulnerability)
BenchmarkTest02609,0,CWE-79,1,1,0,0.6516,"Detected a request with potential user-input going into a OutputStream or Writer object. This bypasses any view or template environments, including HTML escaping, which may expose this application to cross-site scripting (XSS) vulnerabilities. Consider using a view technology such as JavaServer Faces (JSFs) which automatically escapes HTML views.",0.6447953001558595,P3 - Medium (ML Moderate / Needs Review)
BenchmarkTest02610,0,CWE-78,1,1,0,0.5177,"Detected input from a HTTPServletRequest going into a 'ProcessBuilder' or 'exec' command. This could lead to command injection if variables passed into the exec commands are not properly sanitized. Instead, avoid using these OS commands with user-supplied input, or, if you must use these commands, use a whitelist of specific values.",0.5713557769679556,P3 - Medium (ML Moderate / Needs Review)
BenchmarkTest02611,1,CWE-78,1,1,0,0.5177,"Detected input from a HTTPServletRequest going into a 'ProcessBuilder' or 'exec' command. This could lead to command injection if variables passed into the exec commands are not properly sanitized. Instead, avoid using these OS commands with user-supplied input, or, if you must use these commands, use a whitelist of specific values.",0.5076583195183094,P3 - Medium (ML Moderate / Needs Review)
BenchmarkTest02612,1,CWE-78,1,1,0,0.5177,"Detected input from a HTTPServletRequest going into a 'ProcessBuilder' or 'exec' command. This could lead to command injection if variables passed into the exec commands are not properly sanitized. Instead, avoid using these OS commands with user-supplied input, or, if you must use these commands, use a whitelist of specific values.",0.565387778500283,P3 - Medium (ML Moderate / Needs Review)
BenchmarkTest02613,1,CWE-78,1,1,0,0.5177,"Detected input from a HTTPServletRequest going into a 'ProcessBuilder' or 'exec' command. This could lead to command injection if variables passed into the exec commands are not properly sanitized. Instead, avoid using these OS commands with user-supplied input, or, if you must use these commands, use a whitelist of specific values.",0.5076583195183094,P3 - Medium (ML Moderate / Needs Review)
BenchmarkTest02614,0,CWE-330,0,0,0,1.0,,0.05157343440022427,P4 - Low (ML Suppressed / Likely False Alarm)
BenchmarkTest02615,0,CWE-330,0,0,0,1.0,,0.057764259022038515,P4 - Low (ML Suppressed / Likely False Alarm)
BenchmarkTest02616,0,CWE-330,0,0,0,1.0,,0.05157343440022427,P4 - Low (ML Suppressed / Likely False Alarm)
BenchmarkTest02617,0,CWE-330,0,0,0,1.0,,0.054878713660365834,P4 - Low (ML Suppressed / Likely False Alarm)
BenchmarkTest02618,0,CWE-330,0,0,0,1.0,,0.051215480072750806,P4 - Low (ML Suppressed / Likely False Alarm)
BenchmarkTest02619,0,CWE-330,0,0,0,1.0,,0.051215480072750806,P4 - Low (ML Suppressed / Likely False Alarm)
BenchmarkTest02620,0,CWE-330,0,0,0,1.0,,0.05437237384043517,P4 - Low (ML Suppressed / Likely False Alarm)
BenchmarkTest02621,0,CWE-330,0,0,0,1.0,,0.054878713660365834,P4 - Low (ML Suppressed / Likely False Alarm)
BenchmarkTest02622,1,CWE-501,1,1,0,0.7234,"Detected a request with potential user-input going into a OutputStream or Writer object. This bypasses any view or template environments, including HTML escaping, which may expose this application to cross-site scripting (XSS) vulnerabilities. Consider using a view technology such as JavaServer Faces (JSFs) which automatically escapes HTML views.",0.7078618281880859,P2 - High (ML Probable Vulnerability)
BenchmarkTest02623,1,CWE-501,1,1,0,0.7234,"Detected a request with potential user-input going into a OutputStream or Writer object. This bypasses any view or template environments, including HTML escaping, which may expose this application to cross-site scripting (XSS) vulnerabilities. Consider using a view technology such as JavaServer Faces (JSFs) which automatically escapes HTML views.",0.7097295014333608,P2 - High (ML Probable Vulnerability)
BenchmarkTest02624,1,CWE-501,1,1,0,0.7234,"Detected a request with potential user-input going into a OutputStream or Writer object. This bypasses any view or template environments, including HTML escaping, which may expose this application to cross-site scripting (XSS) vulnerabilities. Consider using a view technology such as JavaServer Faces (JSFs) which automatically escapes HTML views.",0.7078618281880859,P2 - High (ML Probable Vulnerability)
BenchmarkTest02625,1,CWE-89,1,1,0,0.5746,Detected input from a HTTPServletRequest going into a SQL sink or statement. This could lead to SQL injection if variables in the SQL statement are not properly sanitized. Use parameterized SQL queries or properly sanitize user input instead.,0.6352860383034056,P3 - Medium (ML Moderate / Needs Review)
BenchmarkTest02626,0,CWE-89,1,1,0,0.5746,Detected input from a HTTPServletRequest going into a SQL sink or statement. This could lead to SQL injection if variables in the SQL statement are not properly sanitized. Use parameterized SQL queries or properly sanitize user input instead.,0.6369388599842778,P3 - Medium (ML Moderate / Needs Review)
BenchmarkTest02627,1,CWE-89,1,1,0,0.5746,Detected input from a HTTPServletRequest going into a SQL sink or statement. This could lead to SQL injection if variables in the SQL statement are not properly sanitized. Use parameterized SQL queries or properly sanitize user input instead.,0.6299341752169263,P3 - Medium (ML Moderate / Needs Review)
BenchmarkTest02628,1,CWE-89,1,1,0,0.5746,Detected input from a HTTPServletRequest going into a SQL sink or statement. This could lead to SQL injection if variables in the SQL statement are not properly sanitized. Use parameterized SQL queries or properly sanitize user input instead.,0.6352860383034056,P3 - Medium (ML Moderate / Needs Review)
BenchmarkTest02629,0,CWE-89,1,1,0,0.5746,Detected input from a HTTPServletRequest going into a SQL sink or statement. This could lead to SQL injection if variables in the SQL statement are not properly sanitized. Use parameterized SQL queries or properly sanitize user input instead.,0.6411923512308969,P3 - Medium (ML Moderate / Needs Review)
BenchmarkTest02630,1,CWE-89,1,1,0,0.5746,Detected input from a HTTPServletRequest going into a SQL sink or statement. This could lead to SQL injection if variables in the SQL statement are not properly sanitized. Use parameterized SQL queries or properly sanitize user input instead.,0.6411923512308969,P3 - Medium (ML Moderate / Needs Review)
BenchmarkTest02631,0,CWE-89,1,1,0,0.5746,Detected input from a HTTPServletRequest going into a SQL sink or statement. This could lead to SQL injection if variables in the SQL statement are not properly sanitized. Use parameterized SQL queries or properly sanitize user input instead.,0.6299341752169263,P3 - Medium (ML Moderate / Needs Review)
BenchmarkTest02632,1,CWE-89,1,1,0,0.5746,Detected input from a HTTPServletRequest going into a SQL sink or statement. This could lead to SQL injection if variables in the SQL statement are not properly sanitized. Use parameterized SQL queries or properly sanitize user input instead.,0.6369388599842778,P3 - Medium (ML Moderate / Needs Review)
BenchmarkTest02633,0,CWE-89,1,1,0,0.5746,Detected input from a HTTPServletRequest going into a SQL sink or statement. This could lead to SQL injection if variables in the SQL statement are not properly sanitized. Use parameterized SQL queries or properly sanitize user input instead.,0.6352860383034056,P3 - Medium (ML Moderate / Needs Review)
BenchmarkTest02634,0,CWE-89,1,1,0,0.5746,Detected input from a HTTPServletRequest going into a SQL sink or statement. This could lead to SQL injection if variables in the SQL statement are not properly sanitized. Use parameterized SQL queries or properly sanitize user input instead.,0.6369388599842778,P3 - Medium (ML Moderate / Needs Review)
BenchmarkTest02635,1,CWE-89,1,1,0,0.5746,Detected input from a HTTPServletRequest going into a SQL sink or statement. This could lead to SQL injection if variables in the SQL statement are not properly sanitized. Use parameterized SQL queries or properly sanitize user input instead.,0.6325793924610322,P3 - Medium (ML Moderate / Needs Review)
BenchmarkTest02636,0,CWE-89,1,1,0,0.5746,Detected input from a HTTPServletRequest going into a SQL sink or statement. This could lead to SQL injection if variables in the SQL statement are not properly sanitized. Use parameterized SQL queries or properly sanitize user input instead.,0.6352860383034056,P3 - Medium (ML Moderate / Needs Review)
BenchmarkTest02637,0,CWE-89,1,1,0,0.5746,Detected input from a HTTPServletRequest going into a SQL sink or statement. This could lead to SQL injection if variables in the SQL statement are not properly sanitized. Use parameterized SQL queries or properly sanitize user input instead.,0.6411923512308969,P3 - Medium (ML Moderate / Needs Review)
BenchmarkTest02638,1,CWE-89,1,1,0,0.5746,Detected input from a HTTPServletRequest going into a SQL sink or statement. This could lead to SQL injection if variables in the SQL statement are not properly sanitized. Use parameterized SQL queries or properly sanitize user input instead.,0.6369388599842778,P3 - Medium (ML Moderate / Needs Review)
BenchmarkTest02639,0,CWE-89,1,1,0,0.5746,Detected input from a HTTPServletRequest going into a SQL sink or statement. This could lead to SQL injection if variables in the SQL statement are not properly sanitized. Use parameterized SQL queries or properly sanitize user input instead.,0.6325793924610322,P3 - Medium (ML Moderate / Needs Review)
BenchmarkTest02640,0,CWE-89,1,1,0,0.5746,Detected input from a HTTPServletRequest going into a SQL sink or statement. This could lead to SQL injection if variables in the SQL statement are not properly sanitized. Use parameterized SQL queries or properly sanitize user input instead.,0.6352860383034056,P3 - Medium (ML Moderate / Needs Review)
BenchmarkTest02641,1,CWE-89,1,1,0,0.5746,Detected input from a HTTPServletRequest going into a SQL sink or statement. This could lead to SQL injection if variables in the SQL statement are not properly sanitized. Use parameterized SQL queries or properly sanitize user input instead.,0.6411923512308969,P3 - Medium (ML Moderate / Needs Review)
BenchmarkTest02642,1,CWE-89,1,1,0,0.5746,Detected input from a HTTPServletRequest going into a SQL sink or statement. This could lead to SQL injection if variables in the SQL statement are not properly sanitized. Use parameterized SQL queries or properly sanitize user input instead.,0.6299341752169263,P3 - Medium (ML Moderate / Needs Review)
BenchmarkTest02643,1,CWE-89,1,1,0,0.5746,Detected input from a HTTPServletRequest going into a SQL sink or statement. This could lead to SQL injection if variables in the SQL statement are not properly sanitized. Use parameterized SQL queries or properly sanitize user input instead.,0.6369388599842778,P3 - Medium (ML Moderate / Needs Review)
BenchmarkTest02644,1,CWE-89,1,1,0,0.5746,Detected input from a HTTPServletRequest going into a SQL sink or statement. This could lead to SQL injection if variables in the SQL statement are not properly sanitized. Use parameterized SQL queries or properly sanitize user input instead.,0.6299341752169263,P3 - Medium (ML Moderate / Needs Review)
BenchmarkTest02645,1,CWE-89,1,1,0,0.5746,Detected input from a HTTPServletRequest going into a SQL sink or statement. This could lead to SQL injection if variables in the SQL statement are not properly sanitized. Use parameterized SQL queries or properly sanitize user input instead.,0.6369388599842778,P3 - Medium (ML Moderate / Needs Review)
BenchmarkTest02646,1,CWE-89,1,1,0,0.5746,Detected input from a HTTPServletRequest going into a SQL sink or statement. This could lead to SQL injection if variables in the SQL statement are not properly sanitized. Use parameterized SQL queries or properly sanitize user input instead.,0.6411923512308969,P3 - Medium (ML Moderate / Needs Review)
BenchmarkTest02647,1,CWE-89,1,1,0,0.5746,Detected input from a HTTPServletRequest going into a SQL sink or statement. This could lead to SQL injection if variables in the SQL statement are not properly sanitized. Use parameterized SQL queries or properly sanitize user input instead.,0.6325793924610322,P3 - Medium (ML Moderate / Needs Review)
BenchmarkTest02648,0,CWE-89,1,1,0,0.5746,Detected a formatted string in a SQL statement. This could lead to SQL injection if variables in the SQL statement are not properly sanitized. Use a prepared statements (java.sql.PreparedStatement) instead. You can obtain a PreparedStatement using 'connection.prepareStatement'.,0.43115460615356177,P4 - Low (ML Suppressed / Likely False Alarm)
BenchmarkTest02649,1,CWE-89,1,1,0,0.5746,Detected a formatted string in a SQL statement. This could lead to SQL injection if variables in the SQL statement are not properly sanitized. Use a prepared statements (java.sql.PreparedStatement) instead. You can obtain a PreparedStatement using 'connection.prepareStatement'.,0.43115460615356177,P4 - Low (ML Suppressed / Likely False Alarm)
BenchmarkTest02650,1,CWE-89,1,1,0,0.5746,Detected a formatted string in a SQL statement. This could lead to SQL injection if variables in the SQL statement are not properly sanitized. Use a prepared statements (java.sql.PreparedStatement) instead. You can obtain a PreparedStatement using 'connection.prepareStatement'.,0.5039652643540616,P3 - Medium (ML Moderate / Needs Review)
BenchmarkTest02651,1,CWE-89,1,1,0,0.5746,Detected a formatted string in a SQL statement. This could lead to SQL injection if variables in the SQL statement are not properly sanitized. Use a prepared statements (java.sql.PreparedStatement) instead. You can obtain a PreparedStatement using 'connection.prepareStatement'.,0.36035948289958036,P4 - Low (ML Suppressed / Likely False Alarm)
BenchmarkTest02652,0,CWE-89,1,1,0,0.5746,Detected a formatted string in a SQL statement. This could lead to SQL injection if variables in the SQL statement are not properly sanitized. Use a prepared statements (java.sql.PreparedStatement) instead. You can obtain a PreparedStatement using 'connection.prepareStatement'.,0.5039652643540616,P3 - Medium (ML Moderate / Needs Review)
BenchmarkTest02653,1,CWE-89,1,1,0,0.5746,Detected input from a HTTPServletRequest going into a SQL sink or statement. This could lead to SQL injection if variables in the SQL statement are not properly sanitized. Use parameterized SQL queries or properly sanitize user input instead.,0.6352860383034056,P3 - Medium (ML Moderate / Needs Review)
BenchmarkTest02654,1,CWE-89,1,1,0,0.5746,Detected input from a HTTPServletRequest going into a SQL sink or statement. This could lead to SQL injection if variables in the SQL statement are not properly sanitized. Use parameterized SQL queries or properly sanitize user input instead.,0.6325793924610322,P3 - Medium (ML Moderate / Needs Review)
BenchmarkTest02655,1,CWE-89,1,1,0,0.5746,Detected input from a HTTPServletRequest going into a SQL sink or statement. This could lead to SQL injection if variables in the SQL statement are not properly sanitized. Use parameterized SQL queries or properly sanitize user input instead.,0.6369388599842778,P3 - Medium (ML Moderate / Needs Review)
BenchmarkTest02656,1,CWE-89,1,1,0,0.5746,Detected input from a HTTPServletRequest going into a SQL sink or statement. This could lead to SQL injection if variables in the SQL statement are not properly sanitized. Use parameterized SQL queries or properly sanitize user input instead.,0.6352860383034056,P3 - Medium (ML Moderate / Needs Review)
BenchmarkTest02657,0,CWE-89,1,1,0,0.5746,Detected input from a HTTPServletRequest going into a SQL sink or statement. This could lead to SQL injection if variables in the SQL statement are not properly sanitized. Use parameterized SQL queries or properly sanitize user input instead.,0.6325793924610322,P3 - Medium (ML Moderate / Needs Review)
BenchmarkTest02658,1,CWE-327,1,1,0,0.9046,Triple DES (3DES or DESede) is considered deprecated. AES is the recommended cipher. Upgrade to use AES.,0.8926082439047227,P1 - Critical (ML High-Confidence Vulnerability)
BenchmarkTest02659,0,CWE-327,0,0,0,0.9046,,0.08431073471868633,P4 - Low (ML Suppressed / Likely False Alarm)
BenchmarkTest02660,1,CWE-327,1,1,0,0.9046,DES is considered deprecated. AES is the recommended cipher. Upgrade to use AES. See https://www.nist.gov/news-events/news/2005/06/nist-withdraws-outdated-data-encryption-standard for more information.,0.9130824150876643,P1 - Critical (ML High-Confidence Vulnerability)
BenchmarkTest02661,1,CWE-327,1,1,0,0.9046,DES is considered deprecated. AES is the recommended cipher. Upgrade to use AES. See https://www.nist.gov/news-events/news/2005/06/nist-withdraws-outdated-data-encryption-standard for more information.,0.8926082439047227,P1 - Critical (ML High-Confidence Vulnerability)
BenchmarkTest02662,0,CWE-327,0,0,0,0.9046,,0.09176958896267884,P4 - Low (ML Suppressed / Likely False Alarm)
BenchmarkTest02663,1,CWE-327,1,1,0,0.9046,Triple DES (3DES or DESede) is considered deprecated. AES is the recommended cipher. Upgrade to use AES.,0.9130824150876643,P1 - Critical (ML High-Confidence Vulnerability)
BenchmarkTest02664,0,CWE-22,1,1,0,0.531,"Detected a potential path traversal. A malicious actor could control the location of this file, to include going backwards in the directory with '../'. To address this, ensure that user-controlled variables in file paths are sanitized. You may also consider using a utility method such as org.apache.commons.io.FilenameUtils.getName(...) to only retrieve the file name from the path.",0.528523134306003,P3 - Medium (ML Moderate / Needs Review)
BenchmarkTest02665,0,CWE-22,1,1,0,0.531,"Detected a potential path traversal. A malicious actor could control the location of this file, to include going backwards in the directory with '../'. To address this, ensure that user-controlled variables in file paths are sanitized. You may also consider using a utility method such as org.apache.commons.io.FilenameUtils.getName(...) to only retrieve the file name from the path.",0.5333552162927581,P3 - Medium (ML Moderate / Needs Review)
BenchmarkTest02666,0,CWE-22,1,1,0,0.531,"Detected a potential path traversal. A malicious actor could control the location of this file, to include going backwards in the directory with '../'. To address this, ensure that user-controlled variables in file paths are sanitized. You may also consider using a utility method such as org.apache.commons.io.FilenameUtils.getName(...) to only retrieve the file name from the path.",0.5323617688956359,P3 - Medium (ML Moderate / Needs Review)
BenchmarkTest02667,0,CWE-22,1,1,0,0.531,"Detected a potential path traversal. A malicious actor could control the location of this file, to include going backwards in the directory with '../'. To address this, ensure that user-controlled variables in file paths are sanitized. You may also consider using a utility method such as org.apache.commons.io.FilenameUtils.getName(...) to only retrieve the file name from the path.",0.5446502000682291,P3 - Medium (ML Moderate / Needs Review)
BenchmarkTest02668,0,CWE-22,1,1,0,0.531,"Detected a potential path traversal. A malicious actor could control the location of this file, to include going backwards in the directory with '../'. To address this, ensure that user-controlled variables in file paths are sanitized. You may also consider using a utility method such as org.apache.commons.io.FilenameUtils.getName(...) to only retrieve the file name from the path.",0.5446502000682291,P3 - Medium (ML Moderate / Needs Review)
BenchmarkTest02669,0,CWE-22,1,1,0,0.531,"Detected a potential path traversal. A malicious actor could control the location of this file, to include going backwards in the directory with '../'. To address this, ensure that user-controlled variables in file paths are sanitized. You may also consider using a utility method such as org.apache.commons.io.FilenameUtils.getName(...) to only retrieve the file name from the path.",0.5323617688956359,P3 - Medium (ML Moderate / Needs Review)
BenchmarkTest02670,1,CWE-328,1,1,0,1.0,"Detected SHA1 hash algorithm which is considered insecure. SHA1 is not collision resistant and is therefore not suitable as a cryptographic signature. Instead, use PBKDF2 for password hashing or SHA256 or SHA512 for other hash function applications.",0.9941069021707526,P1 - Critical (ML High-Confidence Vulnerability)
BenchmarkTest02671,1,CWE-328,1,1,0,1.0,"Detected SHA1 hash algorithm which is considered insecure. SHA1 is not collision resistant and is therefore not suitable as a cryptographic signature. Instead, use PBKDF2 for password hashing or SHA256 or SHA512 for other hash function applications.",0.9730829361683803,P1 - Critical (ML High-Confidence Vulnerability)
BenchmarkTest02672,0,CWE-328,0,0,0,1.0,,0.22444171124432277,P4 - Low (ML Suppressed / Likely False Alarm)
BenchmarkTest02673,0,CWE-328,0,0,0,1.0,,0.22444171124432277,P4 - Low (ML Suppressed / Likely False Alarm)
BenchmarkTest02674,1,CWE-328,1,1,0,1.0,Detected MD5 hash algorithm which is considered insecure. MD5 is not collision resistant and is therefore not suitable as a cryptographic signature. Use HMAC instead.,0.9924554936444036,P1 - Critical (ML High-Confidence Vulnerability)
BenchmarkTest02675,1,CWE-328,1,1,0,1.0,Detected MD5 hash algorithm which is considered insecure. MD5 is not collision resistant and is therefore not suitable as a cryptographic signature. Use HMAC instead.,0.9924554936444036,P1 - Critical (ML High-Confidence Vulnerability)
BenchmarkTest02676,0,CWE-328,0,0,0,1.0,,0.21055491925120276,P4 - Low (ML Suppressed / Likely False Alarm)
BenchmarkTest02677,1,CWE-328,0,0,0,1.0,,0.2336827722158927,P4 - Low (ML Suppressed / Likely False Alarm)
BenchmarkTest02678,0,CWE-328,0,0,0,1.0,,0.2042594061680803,P4 - Low (ML Suppressed / Likely False Alarm)
BenchmarkTest02679,0,CWE-79,0,0,0,0.6516,,0.2918844006955008,P4 - Low (ML Suppressed / Likely False Alarm)
BenchmarkTest02680,0,CWE-79,0,0,0,0.6516,,0.3134314167136792,P4 - Low (ML Suppressed / Likely False Alarm)
BenchmarkTest02681,0,CWE-79,0,0,0,0.6516,,0.2918844006955008,P4 - Low (ML Suppressed / Likely False Alarm)
BenchmarkTest02682,0,CWE-79,0,0,0,0.6516,,0.25396206195529714,P4 - Low (ML Suppressed / Likely False Alarm)
BenchmarkTest02683,0,CWE-79,0,0,0,0.6516,,0.25396206195529714,P4 - Low (ML Suppressed / Likely False Alarm)
BenchmarkTest02684,0,CWE-79,0,0,0,0.6516,,0.25396206195529714,P4 - Low (ML Suppressed / Likely False Alarm)
BenchmarkTest02685,0,CWE-79,0,0,0,0.6516,,0.2918844006955008,P4 - Low (ML Suppressed / Likely False Alarm)
BenchmarkTest02686,0,CWE-79,0,0,0,0.6516,,0.2741956883318252,P4 - Low (ML Suppressed / Likely False Alarm)
BenchmarkTest02687,0,CWE-79,0,0,0,0.6516,,0.2741956883318252,P4 - Low (ML Suppressed / Likely False Alarm)
BenchmarkTest02688,0,CWE-79,0,0,0,0.6516,,0.25396206195529714,P4 - Low (ML Suppressed / Likely False Alarm)
BenchmarkTest02689,0,CWE-79,0,0,0,0.6516,,0.3134314167136792,P4 - Low (ML Suppressed / Likely False Alarm)
BenchmarkTest02690,0,CWE-79,0,0,0,0.6516,,0.25396206195529714,P4 - Low (ML Suppressed / Likely False Alarm)
BenchmarkTest02691,0,CWE-79,0,0,0,0.6516,,0.3134314167136792,P4 - Low (ML Suppressed / Likely False Alarm)
BenchmarkTest02692,0,CWE-79,0,0,0,0.6516,,0.2918844006955008,P4 - Low (ML Suppressed / Likely False Alarm)
BenchmarkTest02693,0,CWE-79,0,0,0,0.6516,,0.2741956883318252,P4 - Low (ML Suppressed / Likely False Alarm)
BenchmarkTest02694,0,CWE-79,0,0,0,0.6516,,0.2918844006955008,P4 - Low (ML Suppressed / Likely False Alarm)
BenchmarkTest02695,0,CWE-79,0,0,0,0.6516,,0.3134314167136792,P4 - Low (ML Suppressed / Likely False Alarm)
BenchmarkTest02696,0,CWE-79,0,0,0,0.6516,,0.3134314167136792,P4 - Low (ML Suppressed / Likely False Alarm)
BenchmarkTest02697,0,CWE-78,1,1,0,0.5177,"Detected input from a HTTPServletRequest going into a 'ProcessBuilder' or 'exec' command. This could lead to command injection if variables passed into the exec commands are not properly sanitized. Instead, avoid using these OS commands with user-supplied input, or, if you must use these commands, use a whitelist of specific values.",0.543197997632849,P3 - Medium (ML Moderate / Needs Review)
BenchmarkTest02698,0,CWE-78,1,1,0,0.5177,"Detected input from a HTTPServletRequest going into a 'ProcessBuilder' or 'exec' command. This could lead to command injection if variables passed into the exec commands are not properly sanitized. Instead, avoid using these OS commands with user-supplied input, or, if you must use these commands, use a whitelist of specific values.",0.5713557769679556,P3 - Medium (ML Moderate / Needs Review)
BenchmarkTest02699,0,CWE-78,1,1,0,0.5177,"Detected input from a HTTPServletRequest going into a 'ProcessBuilder' or 'exec' command. This could lead to command injection if variables passed into the exec commands are not properly sanitized. Instead, avoid using these OS commands with user-supplied input, or, if you must use these commands, use a whitelist of specific values.",0.5713557769679556,P3 - Medium (ML Moderate / Needs Review)
BenchmarkTest02700,1,CWE-330,1,1,0,1.0,"Detected use of the functions `Math.random()` or `java.util.Random()`. These are both not cryptographically strong random number generators (RNGs). If you are using these RNGs to create passwords or secret tokens, use `java.security.SecureRandom` instead.",0.9971505376344086,P1 - Critical (ML High-Confidence Vulnerability)
BenchmarkTest02701,1,CWE-330,1,1,0,1.0,"Detected use of the functions `Math.random()` or `java.util.Random()`. These are both not cryptographically strong random number generators (RNGs). If you are using these RNGs to create passwords or secret tokens, use `java.security.SecureRandom` instead.",0.992228629684314,P1 - Critical (ML High-Confidence Vulnerability)
BenchmarkTest02702,1,CWE-330,1,1,0,1.0,"Detected use of the functions `Math.random()` or `java.util.Random()`. These are both not cryptographically strong random number generators (RNGs). If you are using these RNGs to create passwords or secret tokens, use `java.security.SecureRandom` instead.",1.0,P1 - Critical (ML High-Confidence Vulnerability)
BenchmarkTest02703,1,CWE-330,1,1,0,1.0,"Detected use of the functions `Math.random()` or `java.util.Random()`. These are both not cryptographically strong random number generators (RNGs). If you are using these RNGs to create passwords or secret tokens, use `java.security.SecureRandom` instead.",0.992228629684314,P1 - Critical (ML High-Confidence Vulnerability)
BenchmarkTest02704,1,CWE-330,1,1,0,1.0,"Detected use of the functions `Math.random()` or `java.util.Random()`. These are both not cryptographically strong random number generators (RNGs). If you are using these RNGs to create passwords or secret tokens, use `java.security.SecureRandom` instead.",0.9971505376344086,P1 - Critical (ML High-Confidence Vulnerability)
BenchmarkTest02705,1,CWE-330,1,1,0,1.0,"Detected use of the functions `Math.random()` or `java.util.Random()`. These are both not cryptographically strong random number generators (RNGs). If you are using these RNGs to create passwords or secret tokens, use `java.security.SecureRandom` instead.",0.9953746494217761,P1 - Critical (ML High-Confidence Vulnerability)
BenchmarkTest02706,1,CWE-330,1,1,0,1.0,"Detected use of the functions `Math.random()` or `java.util.Random()`. These are both not cryptographically strong random number generators (RNGs). If you are using these RNGs to create passwords or secret tokens, use `java.security.SecureRandom` instead.",0.9953746494217761,P1 - Critical (ML High-Confidence Vulnerability)
BenchmarkTest02707,1,CWE-330,1,1,0,1.0,"Detected use of the functions `Math.random()` or `java.util.Random()`. These are both not cryptographically strong random number generators (RNGs). If you are using these RNGs to create passwords or secret tokens, use `java.security.SecureRandom` instead.",0.9953746494217761,P1 - Critical (ML High-Confidence Vulnerability)
BenchmarkTest02708,1,CWE-330,1,1,0,1.0,"Detected use of the functions `Math.random()` or `java.util.Random()`. These are both not cryptographically strong random number generators (RNGs). If you are using these RNGs to create passwords or secret tokens, use `java.security.SecureRandom` instead.",1.0,P1 - Critical (ML High-Confidence Vulnerability)
BenchmarkTest02709,1,CWE-614,1,1,0,1.0,A cookie was detected without setting the 'secure' flag. The 'secure' flag for cookies prevents the client from transmitting the cookie over insecure channels such as HTTP. Set the 'secure' flag by calling 'cookie.setSecure(true);',0.9469332262689727,P1 - Critical (ML High-Confidence Vulnerability)
BenchmarkTest02710,1,CWE-614,1,1,0,1.0,A cookie was detected without setting the 'secure' flag. The 'secure' flag for cookies prevents the client from transmitting the cookie over insecure channels such as HTTP. Set the 'secure' flag by calling 'cookie.setSecure(true);',0.9469332262689727,P1 - Critical (ML High-Confidence Vulnerability)
BenchmarkTest02711,0,CWE-614,0,0,0,1.0,,0.10087677962527324,P4 - Low (ML Suppressed / Likely False Alarm)
BenchmarkTest02712,0,CWE-79,0,0,0,0.6516,,0.2741956883318252,P4 - Low (ML Suppressed / Likely False Alarm)
BenchmarkTest02713,0,CWE-78,1,1,0,0.5177,"Detected input from a HTTPServletRequest going into a 'ProcessBuilder' or 'exec' command. This could lead to command injection if variables passed into the exec commands are not properly sanitized. Instead, avoid using these OS commands with user-supplied input, or, if you must use these commands, use a whitelist of specific values.",0.5713557769679556,P3 - Medium (ML Moderate / Needs Review)
BenchmarkTest02714,0,CWE-78,1,1,0,0.5177,"Detected input from a HTTPServletRequest going into a 'ProcessBuilder' or 'exec' command. This could lead to command injection if variables passed into the exec commands are not properly sanitized. Instead, avoid using these OS commands with user-supplied input, or, if you must use these commands, use a whitelist of specific values.",0.565387778500283,P3 - Medium (ML Moderate / Needs Review)
BenchmarkTest02715,0,CWE-330,0,0,0,1.0,,0.057764259022038515,P4 - Low (ML Suppressed / Likely False Alarm)
BenchmarkTest02716,0,CWE-330,0,0,0,1.0,,0.057764259022038515,P4 - Low (ML Suppressed / Likely False Alarm)
BenchmarkTest02717,0,CWE-330,0,0,0,1.0,,0.05157343440022427,P4 - Low (ML Suppressed / Likely False Alarm)
BenchmarkTest02718,0,CWE-330,0,0,0,1.0,,0.057764259022038515,P4 - Low (ML Suppressed / Likely False Alarm)
BenchmarkTest02719,0,CWE-330,0,0,0,1.0,,0.057764259022038515,P4 - Low (ML Suppressed / Likely False Alarm)
BenchmarkTest02720,0,CWE-330,0,0,0,1.0,,0.051215480072750806,P4 - Low (ML Suppressed / Likely False Alarm)
BenchmarkTest02721,0,CWE-330,0,0,0,1.0,,0.05157343440022427,P4 - Low (ML Suppressed / Likely False Alarm)
BenchmarkTest02722,0,CWE-501,0,0,0,0.7234,,0.31561365135242075,P4 - Low (ML Suppressed / Likely False Alarm)
BenchmarkTest02723,0,CWE-501,0,0,0,0.7234,,0.33858143099312765,P4 - Low (ML Suppressed / Likely False Alarm)
BenchmarkTest02724,0,CWE-501,0,0,0,0.7234,,0.33858143099312765,P4 - Low (ML Suppressed / Likely False Alarm)
BenchmarkTest02725,0,CWE-501,0,0,0,0.7234,,0.33884839126194705,P4 - Low (ML Suppressed / Likely False Alarm)
BenchmarkTest02726,0,CWE-501,0,0,0,0.7234,,0.33884839126194705,P4 - Low (ML Suppressed / Likely False Alarm)
BenchmarkTest02727,0,CWE-89,0,0,0,0.5746,,0.23686947337572348,P4 - Low (ML Suppressed / Likely False Alarm)
BenchmarkTest02728,0,CWE-89,0,0,0,0.5746,,0.23686947337572348,P4 - Low (ML Suppressed / Likely False Alarm)
BenchmarkTest02729,0,CWE-89,0,0,0,0.5746,,0.22537707007614627,P4 - Low (ML Suppressed / Likely False Alarm)
BenchmarkTest02730,0,CWE-89,0,0,0,0.5746,,0.23686947337572348,P4 - Low (ML Suppressed / Likely False Alarm)
BenchmarkTest02731,0,CWE-89,0,0,0,0.5746,,0.22127245890996192,P4 - Low (ML Suppressed / Likely False Alarm)
BenchmarkTest02732,0,CWE-89,0,0,0,0.5746,,0.22127245890996192,P4 - Low (ML Suppressed / Likely False Alarm)
BenchmarkTest02733,0,CWE-89,0,0,0,0.5746,,0.24016502690485492,P4 - Low (ML Suppressed / Likely False Alarm)
BenchmarkTest02734,0,CWE-89,0,0,0,0.5746,,0.23686947337572348,P4 - Low (ML Suppressed / Likely False Alarm)
BenchmarkTest02735,0,CWE-89,0,0,0,0.5746,,0.23686947337572348,P4 - Low (ML Suppressed / Likely False Alarm)
BenchmarkTest02736,0,CWE-89,0,0,0,0.5746,,0.2278663181533582,P4 - Low (ML Suppressed / Likely False Alarm)
BenchmarkTest02737,0,CWE-89,0,0,0,0.5746,,0.24016502690485492,P4 - Low (ML Suppressed / Likely False Alarm)
BenchmarkTest02738,0,CWE-89,1,1,0,0.5746,Detected a formatted string in a SQL statement. This could lead to SQL injection if variables in the SQL statement are not properly sanitized. Use a prepared statements (java.sql.PreparedStatement) instead. You can obtain a PreparedStatement using 'connection.prepareStatement'.,0.47341873468222107,P3 - Medium (ML Moderate / Needs Review)
BenchmarkTest02739,0,CWE-89,1,1,0,0.5746,Detected a formatted string in a SQL statement. This could lead to SQL injection if variables in the SQL statement are not properly sanitized. Use a prepared statements (java.sql.PreparedStatement) instead. You can obtain a PreparedStatement using 'connection.prepareStatement'.,0.5039652643540616,P3 - Medium (ML Moderate / Needs Review)
BenchmarkTest02740,0,CWE-89,1,1,0,0.5746,Detected a formatted string in a SQL statement. This could lead to SQL injection if variables in the SQL statement are not properly sanitized. Use a prepared statements (java.sql.PreparedStatement) instead. You can obtain a PreparedStatement using 'connection.prepareStatement'.,0.5039652643540616,P3 - Medium (ML Moderate / Needs Review)
