test_name,real_vulnerability,cwe,num_tools_agreeing,flagged_by_semgrep,flagged_by_sonar,cwe_historical_precision,message,ml_risk_score,ml_priority,file,line,llm_verdict,llm_reason
BenchmarkTest00340,0,CWE-89,1,1,0,0.5746,Detected input from a HTTPServletRequest going into a SQL sink or statement. This could lead to SQL injection if variables in the SQL statement are not properly sanitized. Use parameterized SQL queries or properly sanitize user input instead.,0.6382802301796155,P3 - Medium (ML Moderate / Needs Review),data/benchmark/src/main/java/org/owasp/benchmark/testcode/BenchmarkTest00340.java,77,TP,"The user-controlled variable `bar` is directly concatenated into the SQL query string and executed via `batchUpdate`, creating a classic SQL injection vulnerability."
BenchmarkTest01583,1,CWE-79,1,1,0,0.6516,"Detected a request with potential user-input going into a OutputStream or Writer object. This bypasses any view or template environments, including HTML escaping, which may expose this application to cross-site scripting (XSS) vulnerabilities. Consider using a view technology such as JavaServer Faces (JSFs) which automatically escapes HTML views.",0.6221848022643229,P3 - Medium (ML Moderate / Needs Review),data/benchmark/src/main/java/org/owasp/benchmark/testcode/BenchmarkTest01583.java,54,TP,"The user-controlled value `bar` is written directly into the HTML response via `out.format` without any escaping, enabling XSS."
BenchmarkTest00568,1,CWE-78,1,1,0,0.5177,"Detected input from a HTTPServletRequest going into a 'ProcessBuilder' or 'exec' command. This could lead to command injection if variables passed into the exec commands are not properly sanitized. Instead, avoid using these OS commands with user-supplied input, or, if you must use these commands, use a whitelist of specific values.",0.5683792859920807,P3 - Medium (ML Moderate / Needs Review),data/benchmark/src/main/java/org/owasp/benchmark/testcode/BenchmarkTest00568.java,87,FP,"The snippet executes a command using a predefined variable (args) that is not shown to be derived from user-controlled HTTP request data, so there is no evident injection risk."
BenchmarkTest02242,0,CWE-78,1,1,0,0.5177,"Detected input from a HTTPServletRequest going into a 'ProcessBuilder' or 'exec' command. This could lead to command injection if variables passed into the exec commands are not properly sanitized. Instead, avoid using these OS commands with user-supplied input, or, if you must use these commands, use a whitelist of specific values.",0.5683792859920807,P3 - Medium (ML Moderate / Needs Review),data/benchmark/src/main/java/org/owasp/benchmark/testcode/BenchmarkTest02242.java,62,TP,"User-controlled `bar` is concatenated into a shell command string passed to `ProcessBuilder`, allowing injection of additional commands."
BenchmarkTest01572,1,CWE-22,1,1,0,0.531,"Detected a potential path traversal. A malicious actor could control the location of this file, to include going backwards in the directory with '../'. To address this, ensure that user-controlled variables in file paths are sanitized. You may also consider using a utility method such as org.apache.commons.io.FilenameUtils.getName(...) to only retrieve the file name from the path.",0.5305215095490278,P3 - Medium (ML Moderate / Needs Review),data/benchmark/src/main/java/org/owasp/benchmark/testcode/BenchmarkTest01572.java,55,TP,"The code concatenates a potentially user-controlled value (bar) to a directory path without sanitization, allowing '../' sequences to traverse directories."
BenchmarkTest00738,0,CWE-78,1,1,0,0.5177,"Detected input from a HTTPServletRequest going into a 'ProcessBuilder' or 'exec' command. This could lead to command injection if variables passed into the exec commands are not properly sanitized. Instead, avoid using these OS commands with user-supplied input, or, if you must use these commands, use a whitelist of specific values.",0.5089059229256337,P3 - Medium (ML Moderate / Needs Review),data/benchmark/src/main/java/org/owasp/benchmark/testcode/BenchmarkTest00738.java,78,FP,"The snippet executes a command using a predefined variable (args) that is not shown to be derived from user-controlled HTTP request data, so there is no evident injection risk."
BenchmarkTest00207,1,CWE-643,1,1,0,0.5185,"Detected input from a HTTPServletRequest going into a XPath evaluate or compile command. This could lead to xpath injection if variables passed into the evaluate or compile commands are not properly sanitized. Xpath injection could lead to unauthorized access to sensitive information in XML documents. Instead, thoroughly sanitize user input or use parameterized xpath queries if you can.",0.4922262947505719,P3 - Medium (ML Moderate / Needs Review),data/benchmark/src/main/java/org/owasp/benchmark/testcode/BenchmarkTest00207.java,75,TP,"User‑controlled value `bar` is directly concatenated into an XPath expression and evaluated, enabling XPath injection."
BenchmarkTest02126,1,CWE-79,1,1,0,0.6516,"Detected a request with potential user-input going into a OutputStream or Writer object. This bypasses any view or template environments, including HTML escaping, which may expose this application to cross-site scripting (XSS) vulnerabilities. Consider using a view technology such as JavaServer Faces (JSFs) which automatically escapes HTML views.",0.6447716715602264,P3 - Medium (ML Moderate / Needs Review),data/benchmark/src/main/java/org/owasp/benchmark/testcode/BenchmarkTest02126.java,49,TP,"The user‑controlled parameter is written directly to the HTTP response via `response.getWriter().print(bar)` without any escaping, creating a potential XSS vulnerability."
BenchmarkTest01902,1,CWE-90,1,1,0,0.4815,"Detected input from a HTTPServletRequest going into an LDAP query. This could lead to LDAP injection if the input is not properly sanitized, which could result in attackers modifying objects in the LDAP tree structure. Ensure data passed to an LDAP query is not controllable or properly sanitize the data.",0.4643746966999802,P3 - Medium (ML Moderate / Needs Review),data/benchmark/src/main/java/org/owasp/benchmark/testcode/BenchmarkTest01902.java,63,TP,"The user‑controlled variable `bar` is concatenated directly into the LDAP filter string, allowing crafted input to alter the query and cause LDAP injection."
BenchmarkTest01941,0,CWE-78,1,1,0,0.5177,"Detected input from a HTTPServletRequest going into a 'ProcessBuilder' or 'exec' command. This could lead to command injection if variables passed into the exec commands are not properly sanitized. Instead, avoid using these OS commands with user-supplied input, or, if you must use these commands, use a whitelist of specific values.",0.5089059229256337,P3 - Medium (ML Moderate / Needs Review),data/benchmark/src/main/java/org/owasp/benchmark/testcode/BenchmarkTest01941.java,61,TP,"User-controlled data (e.g., “bar”) is passed directly to Runtime.exec without validation, enabling command injection."
BenchmarkTest00339,1,CWE-89,1,1,0,0.5746,Detected input from a HTTPServletRequest going into a SQL sink or statement. This could lead to SQL injection if variables in the SQL statement are not properly sanitized. Use parameterized SQL queries or properly sanitize user input instead.,0.6314792486337455,P3 - Medium (ML Moderate / Needs Review),data/benchmark/src/main/java/org/owasp/benchmark/testcode/BenchmarkTest00339.java,62,TP,"The user‑controlled value `param` (via `bar`) is directly concatenated into the SQL query without using prepared statements, creating a SQL injection risk."
BenchmarkTest01064,1,CWE-78,1,1,0,0.5177,"Detected input from a HTTPServletRequest going into a 'ProcessBuilder' or 'exec' command. This could lead to command injection if variables passed into the exec commands are not properly sanitized. Instead, avoid using these OS commands with user-supplied input, or, if you must use these commands, use a whitelist of specific values.",0.5089059229256337,P3 - Medium (ML Moderate / Needs Review),data/benchmark/src/main/java/org/owasp/benchmark/testcode/BenchmarkTest01064.java,62,TP,"The user-controlled variable `bar` is concatenated to the OS command string and passed directly to `Runtime.exec`, enabling potential command injection."
BenchmarkTest00952,1,CWE-22,1,1,0,0.531,"Detected a potential path traversal. A malicious actor could control the location of this file, to include going backwards in the directory with '../'. To address this, ensure that user-controlled variables in file paths are sanitized. You may also consider using a utility method such as org.apache.commons.io.FilenameUtils.getName(...) to only retrieve the file name from the path.",0.5305215095490278,P3 - Medium (ML Moderate / Needs Review),data/benchmark/src/main/java/org/owasp/benchmark/testcode/BenchmarkTest00952.java,88,TP,"The code concatenates a user-controlled variable (bar) to a file path without sanitization, allowing directory traversal via '../'."
BenchmarkTest01928,1,CWE-78,1,1,0,0.5177,"Detected input from a HTTPServletRequest going into a 'ProcessBuilder' or 'exec' command. This could lead to command injection if variables passed into the exec commands are not properly sanitized. Instead, avoid using these OS commands with user-supplied input, or, if you must use these commands, use a whitelist of specific values.",0.5114755110284748,P3 - Medium (ML Moderate / Needs Review),data/benchmark/src/main/java/org/owasp/benchmark/testcode/BenchmarkTest01928.java,63,TP,"User-controlled `bar` is concatenated into a shell command string passed to `ProcessBuilder`, allowing injection of additional commands."
BenchmarkTest01905,0,CWE-22,1,1,0,0.531,"Detected a potential path traversal. A malicious actor could control the location of this file, to include going backwards in the directory with '../'. To address this, ensure that user-controlled variables in file paths are sanitized. You may also consider using a utility method such as org.apache.commons.io.FilenameUtils.getName(...) to only retrieve the file name from the path.",0.5394645256012154,P3 - Medium (ML Moderate / Needs Review),data/benchmark/src/main/java/org/owasp/benchmark/testcode/BenchmarkTest01905.java,58,TP,"The code concatenates a user-controlled variable (bar) directly to a directory path and opens it without sanitization, enabling path traversal."
BenchmarkTest01464,1,CWE-89,2,1,1,0.5746,Detected input from a HTTPServletRequest going into a SQL sink or statement. This could lead to SQL injection if variables in the SQL statement are not properly sanitized. Use parameterized SQL queries or properly sanitize user input instead.,0.6221370751503495,P3 - Medium (ML Moderate / Needs Review),data/benchmark/src/main/java/org/owasp/benchmark/testcode/BenchmarkTest01464.java,67,TP,"The password value is concatenated directly into the query string, allowing unsanitized user input to alter the SQL."
BenchmarkTest01087,1,CWE-89,1,1,0,0.5746,Detected input from a HTTPServletRequest going into a SQL sink or statement. This could lead to SQL injection if variables in the SQL statement are not properly sanitized. Use parameterized SQL queries or properly sanitize user input instead.,0.6393503814415632,P3 - Medium (ML Moderate / Needs Review),data/benchmark/src/main/java/org/owasp/benchmark/testcode/BenchmarkTest01087.java,58,TP,"The user‑controlled variable `bar` is directly concatenated into the SQL query string, creating a classic SQL injection vulnerability."
BenchmarkTest00007,1,CWE-78,1,1,0,0.5177,"Detected input from a HTTPServletRequest going into a 'ProcessBuilder' or 'exec' command. This could lead to command injection if variables passed into the exec commands are not properly sanitized. Instead, avoid using these OS commands with user-supplied input, or, if you must use these commands, use a whitelist of specific values.",0.5114755110284748,P3 - Medium (ML Moderate / Needs Review),data/benchmark/src/main/java/org/owasp/benchmark/testcode/BenchmarkTest00007.java,61,TP,"User‑controlled values (cmd and param) are passed directly to Runtime.exec without validation, enabling command injection."
BenchmarkTest02360,1,CWE-89,1,1,0,0.5746,Detected input from a HTTPServletRequest going into a SQL sink or statement. This could lead to SQL injection if variables in the SQL statement are not properly sanitized. Use parameterized SQL queries or properly sanitize user input instead.,0.6382802301796155,P3 - Medium (ML Moderate / Needs Review),data/benchmark/src/main/java/org/owasp/benchmark/testcode/BenchmarkTest02360.java,66,TP,"The user‑controlled value `bar` is directly concatenated into the SQL string, creating a classic unsanitized query vulnerable to SQL injection."
BenchmarkTest00571,0,CWE-78,1,1,0,0.5177,"Detected input from a HTTPServletRequest going into a 'ProcessBuilder' or 'exec' command. This could lead to command injection if variables passed into the exec commands are not properly sanitized. Instead, avoid using these OS commands with user-supplied input, or, if you must use these commands, use a whitelist of specific values.",0.5752195073482003,P3 - Medium (ML Moderate / Needs Review),data/benchmark/src/main/java/org/owasp/benchmark/testcode/BenchmarkTest00571.java,76,TP,"User‑controlled values are passed directly to Runtime.exec without validation, allowing an attacker to specify arbitrary commands or environment variables."
BenchmarkTest02116,0,CWE-90,1,1,0,0.4815,"Detected input from a HTTPServletRequest going into an LDAP query. This could lead to LDAP injection if the input is not properly sanitized, which could result in attackers modifying objects in the LDAP tree structure. Ensure data passed to an LDAP query is not controllable or properly sanitize the data.",0.5087973542492934,P3 - Medium (ML Moderate / Needs Review),data/benchmark/src/main/java/org/owasp/benchmark/testcode/BenchmarkTest02116.java,61,FP,"The snippet does not show any request‑derived data being incorporated into the LDAP filter, so without evidence of unsanitized user input the finding is likely a false positive."
BenchmarkTest00454,0,CWE-22,1,1,0,0.531,"Detected a potential path traversal. A malicious actor could control the location of this file, to include going backwards in the directory with '../'. To address this, ensure that user-controlled variables in file paths are sanitized. You may also consider using a utility method such as org.apache.commons.io.FilenameUtils.getName(...) to only retrieve the file name from the path.",0.5305215095490278,P3 - Medium (ML Moderate / Needs Review),data/benchmark/src/main/java/org/owasp/benchmark/testcode/BenchmarkTest00454.java,62,TP,"The code concatenates a potentially user-controlled value (bar) to a directory path without sanitization, allowing '../' sequences to traverse directories."
BenchmarkTest00027,1,CWE-89,2,1,1,0.5746,Detected input from a HTTPServletRequest going into a SQL sink or statement. This could lead to SQL injection if variables in the SQL statement are not properly sanitized. Use parameterized SQL queries or properly sanitize user input instead.,0.6043967051102129,P3 - Medium (ML Moderate / Needs Review),data/benchmark/src/main/java/org/owasp/benchmark/testcode/BenchmarkTest00027.java,50,TP,"The user-supplied request parameter is concatenated into an SQL string and executed via a raw Statement, creating a classic SQL injection risk."
BenchmarkTest01831,1,CWE-90,1,1,0,0.4815,"Detected input from a HTTPServletRequest going into an LDAP query. This could lead to LDAP injection if the input is not properly sanitized, which could result in attackers modifying objects in the LDAP tree structure. Ensure data passed to an LDAP query is not controllable or properly sanitize the data.",0.4960361627169889,P3 - Medium (ML Moderate / Needs Review),data/benchmark/src/main/java/org/owasp/benchmark/testcode/BenchmarkTest01831.java,79,TP,"The user‑controlled variable `bar` is directly concatenated into the LDAP filter string, creating a potential LDAP injection vulnerability."
BenchmarkTest02088,1,CWE-89,2,1,1,0.5746,Detected input from a HTTPServletRequest going into a SQL sink or statement. This could lead to SQL injection if variables in the SQL statement are not properly sanitized. Use parameterized SQL queries or properly sanitize user input instead.,0.6161353418384643,P3 - Medium (ML Moderate / Needs Review),data/benchmark/src/main/java/org/owasp/benchmark/testcode/BenchmarkTest02088.java,60,TP,"The password value is concatenated into the query string without parameterization, creating a potential SQL injection point."
BenchmarkTest01381,1,CWE-89,2,1,1,0.5746,Detected input from a HTTPServletRequest going into a SQL sink or statement. This could lead to SQL injection if variables in the SQL statement are not properly sanitized. Use parameterized SQL queries or properly sanitize user input instead.,0.6043967051102129,P3 - Medium (ML Moderate / Needs Review),data/benchmark/src/main/java/org/owasp/benchmark/testcode/BenchmarkTest01381.java,57,TP,"The password value `bar` is concatenated into the SQL string without using a parameter, allowing SQL injection."
BenchmarkTest00336,0,CWE-89,1,1,0,0.5746,Detected input from a HTTPServletRequest going into a SQL sink or statement. This could lead to SQL injection if variables in the SQL statement are not properly sanitized. Use parameterized SQL queries or properly sanitize user input instead.,0.63810138505586,P3 - Medium (ML Moderate / Needs Review),data/benchmark/src/main/java/org/owasp/benchmark/testcode/BenchmarkTest00336.java,64,TP,"User‑controlled input (bar) is directly concatenated into the SQL query without using prepared statements or sanitization, enabling SQL injection."
BenchmarkTest02466,1,CWE-22,1,1,0,0.531,"Detected a potential path traversal. A malicious actor could control the location of this file, to include going backwards in the directory with '../'. To address this, ensure that user-controlled variables in file paths are sanitized. You may also consider using a utility method such as org.apache.commons.io.FilenameUtils.getName(...) to only retrieve the file name from the path.",0.5372346090670375,P3 - Medium (ML Moderate / Needs Review),data/benchmark/src/main/java/org/owasp/benchmark/testcode/BenchmarkTest02466.java,55,TP,"The code concatenates a potentially user-controlled value (bar) to a directory path without sanitization, allowing '../' sequences to traverse directories."
BenchmarkTest00109,1,CWE-89,2,1,1,0.5746,Detected a formatted string in a SQL statement. This could lead to SQL injection if variables in the SQL statement are not properly sanitized. Use a prepared statements (java.sql.PreparedStatement) instead. You can obtain a PreparedStatement using 'connection.prepareStatement'.,0.490638252758374,P3 - Medium (ML Moderate / Needs Review),data/benchmark/src/main/java/org/owasp/benchmark/testcode/BenchmarkTest00109.java,80,TP,"The user-supplied variable `bar` is directly concatenated into the SQL string and executed via a plain Statement, creating a classic SQL injection risk."
BenchmarkTest00302,1,CWE-78,1,1,0,0.5177,"Detected input from a HTTPServletRequest going into a 'ProcessBuilder' or 'exec' command. This could lead to command injection if variables passed into the exec commands are not properly sanitized. Instead, avoid using these OS commands with user-supplied input, or, if you must use these commands, use a whitelist of specific values.",0.5683792859920807,P3 - Medium (ML Moderate / Needs Review),data/benchmark/src/main/java/org/owasp/benchmark/testcode/BenchmarkTest00302.java,69,TP,"The user-controlled variable `bar` is concatenated to the OS command string and passed directly to `Runtime.exec`, enabling potential command injection."
BenchmarkTest02656,1,CWE-89,1,1,0,0.5746,Detected input from a HTTPServletRequest going into a SQL sink or statement. This could lead to SQL injection if variables in the SQL statement are not properly sanitized. Use parameterized SQL queries or properly sanitize user input instead.,0.6314792486337455,P3 - Medium (ML Moderate / Needs Review),data/benchmark/src/main/java/org/owasp/benchmark/testcode/BenchmarkTest02656.java,75,TP,"User‑controlled data (bar) is concatenated into a raw SQL string and executed via a Statement, creating a classic SQL injection risk."
BenchmarkTest00458,0,CWE-22,1,1,0,0.531,"Detected a potential path traversal. A malicious actor could control the location of this file, to include going backwards in the directory with '../'. To address this, ensure that user-controlled variables in file paths are sanitized. You may also consider using a utility method such as org.apache.commons.io.FilenameUtils.getName(...) to only retrieve the file name from the path.",0.5305215095490278,P3 - Medium (ML Moderate / Needs Review),data/benchmark/src/main/java/org/owasp/benchmark/testcode/BenchmarkTest00458.java,77,TP,"The code concatenates a potentially user-controlled value (bar) to a directory path without sanitization, allowing '../' sequences to traverse directories."
BenchmarkTest00430,0,CWE-89,2,1,1,0.5746,Detected input from a HTTPServletRequest going into a SQL sink or statement. This could lead to SQL injection if variables in the SQL statement are not properly sanitized. Use parameterized SQL queries or properly sanitize user input instead.,0.6050253134234014,P3 - Medium (ML Moderate / Needs Review),data/benchmark/src/main/java/org/owasp/benchmark/testcode/BenchmarkTest00430.java,58,TP,"The password value is concatenated directly into the query string, allowing unsanitized user input to alter the SQL."
BenchmarkTest02183,0,CWE-89,1,1,0,0.5746,Detected input from a HTTPServletRequest going into a SQL sink or statement. This could lead to SQL injection if variables in the SQL statement are not properly sanitized. Use parameterized SQL queries or properly sanitize user input instead.,0.6371570818030259,P3 - Medium (ML Moderate / Needs Review),data/benchmark/src/main/java/org/owasp/benchmark/testcode/BenchmarkTest02183.java,51,TP,"The user-controlled value `bar` is directly concatenated into the SQL query without using prepared statements, creating a potential SQL injection vulnerability."
BenchmarkTest02467,0,CWE-22,1,1,0,0.531,"Detected a potential path traversal. A malicious actor could control the location of this file, to include going backwards in the directory with '../'. To address this, ensure that user-controlled variables in file paths are sanitized. You may also consider using a utility method such as org.apache.commons.io.FilenameUtils.getName(...) to only retrieve the file name from the path.",0.5372346090670375,P3 - Medium (ML Moderate / Needs Review),data/benchmark/src/main/java/org/owasp/benchmark/testcode/BenchmarkTest02467.java,55,TP,"The code concatenates a user-controlled variable (bar) directly to a directory path and opens it without sanitization, enabling path traversal."
BenchmarkTest00038,1,CWE-89,1,1,0,0.5746,Detected input from a HTTPServletRequest going into a SQL sink or statement. This could lead to SQL injection if variables in the SQL statement are not properly sanitized. Use parameterized SQL queries or properly sanitize user input instead.,0.6382802301796155,P3 - Medium (ML Moderate / Needs Review),data/benchmark/src/main/java/org/owasp/benchmark/testcode/BenchmarkTest00038.java,63,TP,"The user‑controlled `param` is concatenated into the SQL string without using prepared statements or sanitization, creating a classic SQL injection risk."
BenchmarkTest01003,1,CWE-89,2,1,1,0.5746,Detected input from a HTTPServletRequest going into a SQL sink or statement. This could lead to SQL injection if variables in the SQL statement are not properly sanitized. Use parameterized SQL queries or properly sanitize user input instead.,0.6050253134234014,P3 - Medium (ML Moderate / Needs Review),data/benchmark/src/main/java/org/owasp/benchmark/testcode/BenchmarkTest01003.java,73,TP,"The password value is concatenated directly into the SQL string without using a prepared‑statement parameter, allowing attacker‑controlled input to alter the query."
BenchmarkTest02481,0,CWE-79,1,1,0,0.6516,"Detected a request with potential user-input going into a OutputStream or Writer object. This bypasses any view or template environments, including HTML escaping, which may expose this application to cross-site scripting (XSS) vulnerabilities. Consider using a view technology such as JavaServer Faces (JSFs) which automatically escapes HTML views.",0.6221848022643229,P3 - Medium (ML Moderate / Needs Review),data/benchmark/src/main/java/org/owasp/benchmark/testcode/BenchmarkTest02481.java,51,FP,"The output is a constant string (""alsosafe"") unrelated to user input, so no XSS risk."
BenchmarkTest01330,1,CWE-22,1,1,0,0.531,"Detected a potential path traversal. A malicious actor could control the location of this file, to include going backwards in the directory with '../'. To address this, ensure that user-controlled variables in file paths are sanitized. You may also consider using a utility method such as org.apache.commons.io.FilenameUtils.getName(...) to only retrieve the file name from the path.",0.5372346090670375,P3 - Medium (ML Moderate / Needs Review),data/benchmark/src/main/java/org/owasp/benchmark/testcode/BenchmarkTest01330.java,58,TP,"The code concatenates a potentially user-controlled value (bar) to a directory path without sanitization, allowing '../' sequences to traverse directories."
BenchmarkTest01686,0,CWE-78,1,1,0,0.5177,"Detected input from a HTTPServletRequest going into a 'ProcessBuilder' or 'exec' command. This could lead to command injection if variables passed into the exec commands are not properly sanitized. Instead, avoid using these OS commands with user-supplied input, or, if you must use these commands, use a whitelist of specific values.",0.5683792859920807,P3 - Medium (ML Moderate / Needs Review),data/benchmark/src/main/java/org/owasp/benchmark/testcode/BenchmarkTest01686.java,81,TP,"User‑controlled values (cmd/bar) are passed directly to Runtime.exec without validation, allowing execution of arbitrary commands."
BenchmarkTest01430,1,CWE-78,1,1,0,0.5177,"Detected input from a HTTPServletRequest going into a 'ProcessBuilder' or 'exec' command. This could lead to command injection if variables passed into the exec commands are not properly sanitized. Instead, avoid using these OS commands with user-supplied input, or, if you must use these commands, use a whitelist of specific values.",0.5752195073482003,P3 - Medium (ML Moderate / Needs Review),data/benchmark/src/main/java/org/owasp/benchmark/testcode/BenchmarkTest01430.java,74,TP,"User‑controlled input (bar) is concatenated into a shell command executed via ProcessBuilder, allowing command injection."
BenchmarkTest00940,0,CWE-89,2,1,1,0.5746,Detected a formatted string in a SQL statement. This could lead to SQL injection if variables in the SQL statement are not properly sanitized. Use a prepared statements (java.sql.PreparedStatement) instead. You can obtain a PreparedStatement using 'connection.prepareStatement'.,0.5278626301234679,P3 - Medium (ML Moderate / Needs Review),data/benchmark/src/main/java/org/owasp/benchmark/testcode/BenchmarkTest00940.java,64,TP,"The code builds the SQL query by concatenating the variable bar directly into the statement and executes it with a plain Statement, which can allow SQL injection."
BenchmarkTest01406,0,CWE-22,1,1,0,0.531,"Detected a potential path traversal. A malicious actor could control the location of this file, to include going backwards in the directory with '../'. To address this, ensure that user-controlled variables in file paths are sanitized. You may also consider using a utility method such as org.apache.commons.io.FilenameUtils.getName(...) to only retrieve the file name from the path.",0.5372346090670375,P3 - Medium (ML Moderate / Needs Review),data/benchmark/src/main/java/org/owasp/benchmark/testcode/BenchmarkTest01406.java,67,TP,"The code concatenates a user-controlled variable (bar) directly to a directory path and opens it without sanitization, enabling path traversal."
BenchmarkTest02279,0,CWE-89,1,1,0,0.5746,Detected input from a HTTPServletRequest going into a SQL sink or statement. This could lead to SQL injection if variables in the SQL statement are not properly sanitized. Use parameterized SQL queries or properly sanitize user input instead.,0.6393503814415632,P3 - Medium (ML Moderate / Needs Review),data/benchmark/src/main/java/org/owasp/benchmark/testcode/BenchmarkTest02279.java,56,TP,"The user‑controlled value `bar` is directly concatenated into the SQL string, creating a classic unsanitized query vulnerable to SQL injection."
BenchmarkTest00102,1,CWE-89,1,1,0,0.5746,Detected input from a HTTPServletRequest going into a SQL sink or statement. This could lead to SQL injection if variables in the SQL statement are not properly sanitized. Use parameterized SQL queries or properly sanitize user input instead.,0.6382802301796155,P3 - Medium (ML Moderate / Needs Review),data/benchmark/src/main/java/org/owasp/benchmark/testcode/BenchmarkTest00102.java,73,TP,"User‑controlled data (bar) is directly concatenated into the SQL query without using prepared statements or sanitization, creating a SQL injection risk."
BenchmarkTest02149,0,CWE-78,1,1,0,0.5177,"Detected input from a HTTPServletRequest going into a 'ProcessBuilder' or 'exec' command. This could lead to command injection if variables passed into the exec commands are not properly sanitized. Instead, avoid using these OS commands with user-supplied input, or, if you must use these commands, use a whitelist of specific values.",0.5444416118463504,P3 - Medium (ML Moderate / Needs Review),data/benchmark/src/main/java/org/owasp/benchmark/testcode/BenchmarkTest02149.java,71,FP,"The snippet executes a command using a predefined variable (args) that is not shown to be derived from user-controlled HTTP request data, so there is no evident injection risk."
BenchmarkTest01026,0,CWE-22,1,1,0,0.531,"Detected a potential path traversal. A malicious actor could control the location of this file, to include going backwards in the directory with '../'. To address this, ensure that user-controlled variables in file paths are sanitized. You may also consider using a utility method such as org.apache.commons.io.FilenameUtils.getName(...) to only retrieve the file name from the path.",0.5402428179282152,P3 - Medium (ML Moderate / Needs Review),data/benchmark/src/main/java/org/owasp/benchmark/testcode/BenchmarkTest01026.java,53,TP,"The user‑controlled header value (after URL decoding) is directly used to create a java.io.File without evident sanitization, enabling path traversal."
BenchmarkTest01113,0,CWE-22,1,1,0,0.531,"Detected a potential path traversal. A malicious actor could control the location of this file, to include going backwards in the directory with '../'. To address this, ensure that user-controlled variables in file paths are sanitized. You may also consider using a utility method such as org.apache.commons.io.FilenameUtils.getName(...) to only retrieve the file name from the path.",0.5305215095490278,P3 - Medium (ML Moderate / Needs Review),data/benchmark/src/main/java/org/owasp/benchmark/testcode/BenchmarkTest01113.java,69,TP,"The code concatenates a potentially user-controlled value (bar) to a directory path without sanitization, allowing '../' sequences to traverse directories."
BenchmarkTest01531,1,CWE-78,1,1,0,0.5177,"Detected input from a HTTPServletRequest going into a 'ProcessBuilder' or 'exec' command. This could lead to command injection if variables passed into the exec commands are not properly sanitized. Instead, avoid using these OS commands with user-supplied input, or, if you must use these commands, use a whitelist of specific values.",0.5752195073482003,P3 - Medium (ML Moderate / Needs Review),data/benchmark/src/main/java/org/owasp/benchmark/testcode/BenchmarkTest01531.java,59,TP,"User‑controlled values are passed directly to Runtime.exec without validation, allowing an attacker to specify arbitrary commands."
BenchmarkTest02201,0,CWE-22,1,1,0,0.531,"Detected a potential path traversal. A malicious actor could control the location of this file, to include going backwards in the directory with '../'. To address this, ensure that user-controlled variables in file paths are sanitized. You may also consider using a utility method such as org.apache.commons.io.FilenameUtils.getName(...) to only retrieve the file name from the path.",0.5349061735858125,P3 - Medium (ML Moderate / Needs Review),data/benchmark/src/main/java/org/owasp/benchmark/testcode/BenchmarkTest02201.java,57,TP,"The code concatenates a user-controlled variable (bar) to a directory path without sanitization, allowing '../' sequences to traverse directories."
BenchmarkTest01444,0,CWE-78,1,1,0,0.5177,"Detected input from a HTTPServletRequest going into a 'ProcessBuilder' or 'exec' command. This could lead to command injection if variables passed into the exec commands are not properly sanitized. Instead, avoid using these OS commands with user-supplied input, or, if you must use these commands, use a whitelist of specific values.",0.5683792859920807,P3 - Medium (ML Moderate / Needs Review),data/benchmark/src/main/java/org/owasp/benchmark/testcode/BenchmarkTest01444.java,70,TP,"The code passes a variable (cmd) directly to Runtime.exec without evident validation, allowing user‑controlled input to be executed as an OS command."
BenchmarkTest00697,1,CWE-22,1,1,0,0.531,"Detected a potential path traversal. A malicious actor could control the location of this file, to include going backwards in the directory with '../'. To address this, ensure that user-controlled variables in file paths are sanitized. You may also consider using a utility method such as org.apache.commons.io.FilenameUtils.getName(...) to only retrieve the file name from the path.",0.5402428179282152,P3 - Medium (ML Moderate / Needs Review),data/benchmark/src/main/java/org/owasp/benchmark/testcode/BenchmarkTest00697.java,57,TP,"The code directly uses a user‑controlled variable (bar) to construct a java.io.File without validation, allowing path traversal."
BenchmarkTest02252,0,CWE-78,1,1,0,0.5177,"Detected input from a HTTPServletRequest going into a 'ProcessBuilder' or 'exec' command. This could lead to command injection if variables passed into the exec commands are not properly sanitized. Instead, avoid using these OS commands with user-supplied input, or, if you must use these commands, use a whitelist of specific values.",0.5114755110284748,P3 - Medium (ML Moderate / Needs Review),data/benchmark/src/main/java/org/owasp/benchmark/testcode/BenchmarkTest02252.java,75,FP,"The snippet shows a static `args` array (not derived from request parameters), so no user‑controlled input reaches `Runtime.exec`, making the finding a false positive."
BenchmarkTest01746,0,CWE-22,1,1,0,0.531,"Detected a potential path traversal. A malicious actor could control the location of this file, to include going backwards in the directory with '../'. To address this, ensure that user-controlled variables in file paths are sanitized. You may also consider using a utility method such as org.apache.commons.io.FilenameUtils.getName(...) to only retrieve the file name from the path.",0.5305215095490278,P3 - Medium (ML Moderate / Needs Review),data/benchmark/src/main/java/org/owasp/benchmark/testcode/BenchmarkTest01746.java,66,TP,"The code concatenates a user-controlled variable (bar) into a file path without proper validation, allowing directory traversal attacks."
BenchmarkTest01839,1,CWE-22,1,1,0,0.531,"Detected a potential path traversal. A malicious actor could control the location of this file, to include going backwards in the directory with '../'. To address this, ensure that user-controlled variables in file paths are sanitized. You may also consider using a utility method such as org.apache.commons.io.FilenameUtils.getName(...) to only retrieve the file name from the path.",0.5402428179282152,P3 - Medium (ML Moderate / Needs Review),data/benchmark/src/main/java/org/owasp/benchmark/testcode/BenchmarkTest01839.java,74,TP,"The code concatenates a potentially user-controlled value (bar) to a directory path without sanitization, allowing '../' sequences to traverse directories."
BenchmarkTest01559,1,CWE-89,2,1,1,0.5746,Detected a formatted string in a SQL statement. This could lead to SQL injection if variables in the SQL statement are not properly sanitized. Use a prepared statements (java.sql.PreparedStatement) instead. You can obtain a PreparedStatement using 'connection.prepareStatement'.,0.4901655263130386,P3 - Medium (ML Moderate / Needs Review),data/benchmark/src/main/java/org/owasp/benchmark/testcode/BenchmarkTest01559.java,55,TP,"The query concatenates the untrusted variable bar directly into the SQL string and executes it with a plain Statement, which can be exploited for SQL injection."
BenchmarkTest01664,0,CWE-79,1,1,0,0.6516,"Detected a request with potential user-input going into a OutputStream or Writer object. This bypasses any view or template environments, including HTML escaping, which may expose this application to cross-site scripting (XSS) vulnerabilities. Consider using a view technology such as JavaServer Faces (JSFs) which automatically escapes HTML views.",0.6221848022643229,P3 - Medium (ML Moderate / Needs Review),data/benchmark/src/main/java/org/owasp/benchmark/testcode/BenchmarkTest01664.java,73,TP,"User‑controlled input is written directly to the HTTP response without any escaping, creating a reflected XSS risk."
BenchmarkTest02226,0,CWE-79,1,1,0,0.6516,"Detected a request with potential user-input going into a OutputStream or Writer object. This bypasses any view or template environments, including HTML escaping, which may expose this application to cross-site scripting (XSS) vulnerabilities. Consider using a view technology such as JavaServer Faces (JSFs) which automatically escapes HTML views.",0.6447716715602264,P3 - Medium (ML Moderate / Needs Review),data/benchmark/src/main/java/org/owasp/benchmark/testcode/BenchmarkTest02226.java,53,TP,"User‑controlled data (param) is written directly to the HTTP response without escaping, and the X‑XSS‑Protection header is disabled, creating a genuine XSS risk."
BenchmarkTest02566,0,CWE-22,1,1,0,0.531,"Detected a potential path traversal. A malicious actor could control the location of this file, to include going backwards in the directory with '../'. To address this, ensure that user-controlled variables in file paths are sanitized. You may also consider using a utility method such as org.apache.commons.io.FilenameUtils.getName(...) to only retrieve the file name from the path.",0.5349061735858125,P3 - Medium (ML Moderate / Needs Review),data/benchmark/src/main/java/org/owasp/benchmark/testcode/BenchmarkTest02566.java,83,TP,"The code opens a file based directly on the potentially user‑controlled `fileName` without validation, allowing an attacker to specify paths like “../” to traverse directories."
BenchmarkTest01046,1,CWE-79,1,1,0,0.6516,"Detected a request with potential user-input going into a OutputStream or Writer object. This bypasses any view or template environments, including HTML escaping, which may expose this application to cross-site scripting (XSS) vulnerabilities. Consider using a view technology such as JavaServer Faces (JSFs) which automatically escapes HTML views.",0.6221848022643229,P3 - Medium (ML Moderate / Needs Review),data/benchmark/src/main/java/org/owasp/benchmark/testcode/BenchmarkTest01046.java,57,TP,"User-controlled input (param) is reflected in the HTML response without escaping, creating a potential XSS vulnerability."
BenchmarkTest00026,1,CWE-89,1,1,0,0.5746,Detected input from a HTTPServletRequest going into a SQL sink or statement. This could lead to SQL injection if variables in the SQL statement are not properly sanitized. Use parameterized SQL queries or properly sanitize user input instead.,0.63810138505586,P3 - Medium (ML Moderate / Needs Review),data/benchmark/src/main/java/org/owasp/benchmark/testcode/BenchmarkTest00026.java,49,TP,"The request parameter is concatenated directly into the SQL query without using prepared statements or sanitization, enabling SQL injection."
BenchmarkTest01260,1,CWE-79,1,1,0,0.6516,"Detected a request with potential user-input going into a OutputStream or Writer object. This bypasses any view or template environments, including HTML escaping, which may expose this application to cross-site scripting (XSS) vulnerabilities. Consider using a view technology such as JavaServer Faces (JSFs) which automatically escapes HTML views.",0.6221848022643229,P3 - Medium (ML Moderate / Needs Review),data/benchmark/src/main/java/org/owasp/benchmark/testcode/BenchmarkTest01260.java,50,TP,"User‑controlled input is written directly to the HTTP response via printf without HTML escaping, creating a potential XSS vector."
BenchmarkTest02428,0,CWE-78,1,1,0,0.5177,"Detected input from a HTTPServletRequest going into a 'ProcessBuilder' or 'exec' command. This could lead to command injection if variables passed into the exec commands are not properly sanitized. Instead, avoid using these OS commands with user-supplied input, or, if you must use these commands, use a whitelist of specific values.",0.5114755110284748,P3 - Medium (ML Moderate / Needs Review),data/benchmark/src/main/java/org/owasp/benchmark/testcode/BenchmarkTest02428.java,59,TP,"The user-controlled variable `bar` is concatenated to the OS command string and passed directly to `Runtime.exec`, enabling potential command injection."
BenchmarkTest02611,1,CWE-78,1,1,0,0.5177,"Detected input from a HTTPServletRequest going into a 'ProcessBuilder' or 'exec' command. This could lead to command injection if variables passed into the exec commands are not properly sanitized. Instead, avoid using these OS commands with user-supplied input, or, if you must use these commands, use a whitelist of specific values.",0.5089059229256337,P3 - Medium (ML Moderate / Needs Review),data/benchmark/src/main/java/org/owasp/benchmark/testcode/BenchmarkTest02611.java,95,FP,"The snippet shows a static `args` array (not derived from request parameters), so no user‑controlled input reaches `Runtime.exec`, making the finding a false positive."
BenchmarkTest01865,0,CWE-78,1,1,0,0.5177,"Detected input from a HTTPServletRequest going into a 'ProcessBuilder' or 'exec' command. This could lead to command injection if variables passed into the exec commands are not properly sanitized. Instead, avoid using these OS commands with user-supplied input, or, if you must use these commands, use a whitelist of specific values.",0.5114755110284748,P3 - Medium (ML Moderate / Needs Review),data/benchmark/src/main/java/org/owasp/benchmark/testcode/BenchmarkTest01865.java,78,TP,"The code concatenates potentially user‑controlled variables (cmd and bar) into a command string passed to Runtime.exec, enabling command injection."
BenchmarkTest01498,1,CWE-22,1,1,0,0.531,"Detected a potential path traversal. A malicious actor could control the location of this file, to include going backwards in the directory with '../'. To address this, ensure that user-controlled variables in file paths are sanitized. You may also consider using a utility method such as org.apache.commons.io.FilenameUtils.getName(...) to only retrieve the file name from the path.",0.5349061735858125,P3 - Medium (ML Moderate / Needs Review),data/benchmark/src/main/java/org/owasp/benchmark/testcode/BenchmarkTest01498.java,61,TP,"The code opens a file based directly on the potentially user‑controlled `fileName` without any validation, allowing an attacker to specify paths like “../” to traverse directories."
BenchmarkTest01342,0,CWE-79,1,1,0,0.6516,"Detected a request with potential user-input going into a OutputStream or Writer object. This bypasses any view or template environments, including HTML escaping, which may expose this application to cross-site scripting (XSS) vulnerabilities. Consider using a view technology such as JavaServer Faces (JSFs) which automatically escapes HTML views.",0.6221848022643229,P3 - Medium (ML Moderate / Needs Review),data/benchmark/src/main/java/org/owasp/benchmark/testcode/BenchmarkTest01342.java,54,TP,"User-controlled data (bar) is written directly to the HTTP response via printf without escaping, creating an XSS risk."
BenchmarkTest01961,0,CWE-89,2,1,1,0.5746,Detected input from a HTTPServletRequest going into a SQL sink or statement. This could lead to SQL injection if variables in the SQL statement are not properly sanitized. Use parameterized SQL queries or properly sanitize user input instead.,0.6221370751503495,P3 - Medium (ML Moderate / Needs Review),data/benchmark/src/main/java/org/owasp/benchmark/testcode/BenchmarkTest01961.java,58,TP,"The password value `bar` is concatenated into the SQL string without using a parameter, allowing SQL injection."
BenchmarkTest01601,1,CWE-78,1,1,0,0.5177,"Detected input from a HTTPServletRequest going into a 'ProcessBuilder' or 'exec' command. This could lead to command injection if variables passed into the exec commands are not properly sanitized. Instead, avoid using these OS commands with user-supplied input, or, if you must use these commands, use a whitelist of specific values.",0.5752195073482003,P3 - Medium (ML Moderate / Needs Review),data/benchmark/src/main/java/org/owasp/benchmark/testcode/BenchmarkTest01601.java,60,TP,"User‑controlled input (bar) is concatenated into a shell command executed via ProcessBuilder, allowing command injection."
BenchmarkTest01838,0,CWE-22,1,1,0,0.531,"Detected a potential path traversal. A malicious actor could control the location of this file, to include going backwards in the directory with '../'. To address this, ensure that user-controlled variables in file paths are sanitized. You may also consider using a utility method such as org.apache.commons.io.FilenameUtils.getName(...) to only retrieve the file name from the path.",0.5394645256012154,P3 - Medium (ML Moderate / Needs Review),data/benchmark/src/main/java/org/owasp/benchmark/testcode/BenchmarkTest01838.java,73,TP,"The code concatenates a potentially user-controlled value (bar) to a directory path without sanitization, allowing '../' sequences to traverse directories."
BenchmarkTest02189,1,CWE-643,1,1,0,0.5185,"Detected input from a HTTPServletRequest going into a XPath evaluate or compile command. This could lead to xpath injection if variables passed into the evaluate or compile commands are not properly sanitized. Xpath injection could lead to unauthorized access to sensitive information in XML documents. Instead, thoroughly sanitize user input or use parameterized xpath queries if you can.",0.4500384206940105,P3 - Medium (ML Moderate / Needs Review),data/benchmark/src/main/java/org/owasp/benchmark/testcode/BenchmarkTest02189.java,65,TP,"The user‑controlled variable `bar` is concatenated directly into an XPath expression and compiled without sanitization, enabling XPath injection."
BenchmarkTest01904,1,CWE-22,1,1,0,0.531,"Detected a potential path traversal. A malicious actor could control the location of this file, to include going backwards in the directory with '../'. To address this, ensure that user-controlled variables in file paths are sanitized. You may also consider using a utility method such as org.apache.commons.io.FilenameUtils.getName(...) to only retrieve the file name from the path.",0.5402428179282152,P3 - Medium (ML Moderate / Needs Review),data/benchmark/src/main/java/org/owasp/benchmark/testcode/BenchmarkTest01904.java,53,TP,"User‑controlled input is decoded and then used directly to construct a File path without evident validation, enabling possible '../' traversal."
BenchmarkTest01727,1,CWE-89,1,1,0,0.5746,Detected input from a HTTPServletRequest going into a SQL sink or statement. This could lead to SQL injection if variables in the SQL statement are not properly sanitized. Use parameterized SQL queries or properly sanitize user input instead.,0.6314792486337455,P3 - Medium (ML Moderate / Needs Review),data/benchmark/src/main/java/org/owasp/benchmark/testcode/BenchmarkTest01727.java,75,TP,"The user‑controlled value `bar` is concatenated directly into the SQL string without using prepared statements or explicit sanitization, creating a potential SQL injection."
BenchmarkTest02383,1,CWE-22,1,1,0,0.531,"Detected a potential path traversal. A malicious actor could control the location of this file, to include going backwards in the directory with '../'. To address this, ensure that user-controlled variables in file paths are sanitized. You may also consider using a utility method such as org.apache.commons.io.FilenameUtils.getName(...) to only retrieve the file name from the path.",0.5394645256012154,P3 - Medium (ML Moderate / Needs Review),data/benchmark/src/main/java/org/owasp/benchmark/testcode/BenchmarkTest02383.java,56,TP,"The code concatenates a user-controlled value (bar) to a directory path without sanitization, allowing path traversal."
BenchmarkTest02275,1,CWE-89,1,1,0,0.5746,Detected input from a HTTPServletRequest going into a SQL sink or statement. This could lead to SQL injection if variables in the SQL statement are not properly sanitized. Use parameterized SQL queries or properly sanitize user input instead.,0.63810138505586,P3 - Medium (ML Moderate / Needs Review),data/benchmark/src/main/java/org/owasp/benchmark/testcode/BenchmarkTest02275.java,57,TP,"The user‑controlled variable `bar` is directly concatenated into the SQL query string, creating a classic SQL injection vulnerability."
BenchmarkTest01459,0,CWE-89,2,1,1,0.5746,Detected input from a HTTPServletRequest going into a SQL sink or statement. This could lead to SQL injection if variables in the SQL statement are not properly sanitized. Use parameterized SQL queries or properly sanitize user input instead.,0.6315115188114625,P3 - Medium (ML Moderate / Needs Review),data/benchmark/src/main/java/org/owasp/benchmark/testcode/BenchmarkTest01459.java,67,TP,"The SQL string concatenates the unvalidated `bar` value directly into a callable statement, allowing an attacker to inject malicious SQL."
BenchmarkTest01530,0,CWE-78,1,1,0,0.5177,"Detected input from a HTTPServletRequest going into a 'ProcessBuilder' or 'exec' command. This could lead to command injection if variables passed into the exec commands are not properly sanitized. Instead, avoid using these OS commands with user-supplied input, or, if you must use these commands, use a whitelist of specific values.",0.5752195073482003,P3 - Medium (ML Moderate / Needs Review),data/benchmark/src/main/java/org/owasp/benchmark/testcode/BenchmarkTest01530.java,73,FP,"The snippet executes a command using a predefined variable (args) that is not shown to be derived from user-controlled HTTP request data, so there is no evident injection risk."
BenchmarkTest01906,1,CWE-22,1,1,0,0.531,"Detected a potential path traversal. A malicious actor could control the location of this file, to include going backwards in the directory with '../'. To address this, ensure that user-controlled variables in file paths are sanitized. You may also consider using a utility method such as org.apache.commons.io.FilenameUtils.getName(...) to only retrieve the file name from the path.",0.5372346090670375,P3 - Medium (ML Moderate / Needs Review),data/benchmark/src/main/java/org/owasp/benchmark/testcode/BenchmarkTest01906.java,59,TP,"The code concatenates a potentially user-controlled value (bar) to a directory path without sanitization, allowing '../' sequences to traverse directories."
BenchmarkTest01310,0,CWE-89,2,1,1,0.5746,Detected a formatted string in a SQL statement. This could lead to SQL injection if variables in the SQL statement are not properly sanitized. Use a prepared statements (java.sql.PreparedStatement) instead. You can obtain a PreparedStatement using 'connection.prepareStatement'.,0.5476500971406442,P3 - Medium (ML Moderate / Needs Review),data/benchmark/src/main/java/org/owasp/benchmark/testcode/BenchmarkTest01310.java,53,TP,"The user-supplied variable `bar` is directly concatenated into the SQL query, creating a classic SQL injection risk."
BenchmarkTest01216,0,CWE-89,2,1,1,0.5746,Detected input from a HTTPServletRequest going into a SQL sink or statement. This could lead to SQL injection if variables in the SQL statement are not properly sanitized. Use parameterized SQL queries or properly sanitize user input instead.,0.6043967051102129,P3 - Medium (ML Moderate / Needs Review),data/benchmark/src/main/java/org/owasp/benchmark/testcode/BenchmarkTest01216.java,58,TP,"The user-controlled value `bar` is concatenated directly into the SQL string without using prepared statements or sanitization, creating a potential SQL injection."
BenchmarkTest01495,1,CWE-22,1,1,0,0.531,"Detected a potential path traversal. A malicious actor could control the location of this file, to include going backwards in the directory with '../'. To address this, ensure that user-controlled variables in file paths are sanitized. You may also consider using a utility method such as org.apache.commons.io.FilenameUtils.getName(...) to only retrieve the file name from the path.",0.5372346090670375,P3 - Medium (ML Moderate / Needs Review),data/benchmark/src/main/java/org/owasp/benchmark/testcode/BenchmarkTest01495.java,70,TP,"The code concatenates a user-controlled variable (bar) to a file path without sanitization, allowing directory traversal via '../'."
BenchmarkTest00064,0,CWE-22,1,1,0,0.531,"Detected a potential path traversal. A malicious actor could control the location of this file, to include going backwards in the directory with '../'. To address this, ensure that user-controlled variables in file paths are sanitized. You may also consider using a utility method such as org.apache.commons.io.FilenameUtils.getName(...) to only retrieve the file name from the path.",0.5305215095490278,P3 - Medium (ML Moderate / Needs Review),data/benchmark/src/main/java/org/owasp/benchmark/testcode/BenchmarkTest00064.java,79,TP,"The code concatenates a user-controlled value (bar) to a directory path without sanitization, allowing path traversal."
BenchmarkTest02299,1,CWE-90,1,1,0,0.4815,"Detected input from a HTTPServletRequest going into an LDAP query. This could lead to LDAP injection if the input is not properly sanitized, which could result in attackers modifying objects in the LDAP tree structure. Ensure data passed to an LDAP query is not controllable or properly sanitize the data.",0.519750625119329,P3 - Medium (ML Moderate / Needs Review),data/benchmark/src/main/java/org/owasp/benchmark/testcode/BenchmarkTest02299.java,72,TP,"The user‑controlled variable `bar` is concatenated directly into the LDAP filter string, allowing crafted input to alter the query and cause LDAP injection."
BenchmarkTest02115,0,CWE-90,1,1,0,0.4815,"Detected input from a HTTPServletRequest going into an LDAP query. This could lead to LDAP injection if the input is not properly sanitized, which could result in attackers modifying objects in the LDAP tree structure. Ensure data passed to an LDAP query is not controllable or properly sanitize the data.",0.519750625119329,P3 - Medium (ML Moderate / Needs Review),data/benchmark/src/main/java/org/owasp/benchmark/testcode/BenchmarkTest02115.java,62,FP,"The snippet does not show any uncontrolled HTTP request data being incorporated into the LDAP filter, so there is no evidence of an injection risk."
BenchmarkTest01864,1,CWE-78,1,1,0,0.5177,"Detected input from a HTTPServletRequest going into a 'ProcessBuilder' or 'exec' command. This could lead to command injection if variables passed into the exec commands are not properly sanitized. Instead, avoid using these OS commands with user-supplied input, or, if you must use these commands, use a whitelist of specific values.",0.5752195073482003,P3 - Medium (ML Moderate / Needs Review),data/benchmark/src/main/java/org/owasp/benchmark/testcode/BenchmarkTest01864.java,78,TP,"The code concatenates potentially user‑controlled variables (cmd and bar) into a command string passed to Runtime.exec, enabling command injection."
BenchmarkTest00591,1,CWE-89,2,1,1,0.5746,Detected input from a HTTPServletRequest going into a SQL sink or statement. This could lead to SQL injection if variables in the SQL statement are not properly sanitized. Use parameterized SQL queries or properly sanitize user input instead.,0.6161353418384643,P3 - Medium (ML Moderate / Needs Review),data/benchmark/src/main/java/org/owasp/benchmark/testcode/BenchmarkTest00591.java,69,TP,"The password value `bar` is concatenated into the SQL string without using a parameter, allowing SQL injection."
BenchmarkTest02059,1,CWE-78,1,1,0,0.5177,"Detected input from a HTTPServletRequest going into a 'ProcessBuilder' or 'exec' command. This could lead to command injection if variables passed into the exec commands are not properly sanitized. Instead, avoid using these OS commands with user-supplied input, or, if you must use these commands, use a whitelist of specific values.",0.5089059229256337,P3 - Medium (ML Moderate / Needs Review),data/benchmark/src/main/java/org/owasp/benchmark/testcode/BenchmarkTest02059.java,67,TP,"User‑controlled input (bar) is concatenated into a shell command executed via ProcessBuilder, allowing command injection."
BenchmarkTest02251,1,CWE-78,1,1,0,0.5177,"Detected input from a HTTPServletRequest going into a 'ProcessBuilder' or 'exec' command. This could lead to command injection if variables passed into the exec commands are not properly sanitized. Instead, avoid using these OS commands with user-supplied input, or, if you must use these commands, use a whitelist of specific values.",0.5444416118463504,P3 - Medium (ML Moderate / Needs Review),data/benchmark/src/main/java/org/owasp/benchmark/testcode/BenchmarkTest02251.java,73,TP,"User‑controlled values (a1, a2, cmd, bar) are concatenated into the command array passed to Runtime.exec, enabling command injection."
BenchmarkTest00222,1,CWE-22,1,1,0,0.531,"Detected a potential path traversal. A malicious actor could control the location of this file, to include going backwards in the directory with '../'. To address this, ensure that user-controlled variables in file paths are sanitized. You may also consider using a utility method such as org.apache.commons.io.FilenameUtils.getName(...) to only retrieve the file name from the path.",0.5305215095490278,P3 - Medium (ML Moderate / Needs Review),data/benchmark/src/main/java/org/owasp/benchmark/testcode/BenchmarkTest00222.java,88,TP,"The code concatenates a user-controlled value (bar) to a directory path without sanitization, allowing path traversal."
BenchmarkTest02487,1,CWE-79,1,1,0,0.6516,"Detected a request with potential user-input going into a OutputStream or Writer object. This bypasses any view or template environments, including HTML escaping, which may expose this application to cross-site scripting (XSS) vulnerabilities. Consider using a view technology such as JavaServer Faces (JSFs) which automatically escapes HTML views.",0.6221848022643229,P3 - Medium (ML Moderate / Needs Review),data/benchmark/src/main/java/org/owasp/benchmark/testcode/BenchmarkTest02487.java,52,TP,"User-controlled data (param) flows to response.getWriter().printf() without sanitization, enabling reflected XSS."
BenchmarkTest01460,1,CWE-89,2,1,1,0.5746,Detected input from a HTTPServletRequest going into a SQL sink or statement. This could lead to SQL injection if variables in the SQL statement are not properly sanitized. Use parameterized SQL queries or properly sanitize user input instead.,0.6315115188114625,P3 - Medium (ML Moderate / Needs Review),data/benchmark/src/main/java/org/owasp/benchmark/testcode/BenchmarkTest01460.java,67,TP,"User‑controlled input (bar) is concatenated into the callable SQL string, allowing injection of arbitrary procedure calls."
BenchmarkTest01888,1,CWE-89,2,1,1,0.5746,Detected input from a HTTPServletRequest going into a SQL sink or statement. This could lead to SQL injection if variables in the SQL statement are not properly sanitized. Use parameterized SQL queries or properly sanitize user input instead.,0.6050253134234014,P3 - Medium (ML Moderate / Needs Review),data/benchmark/src/main/java/org/owasp/benchmark/testcode/BenchmarkTest01888.java,71,TP,"The user-controlled value `bar` is concatenated into the SQL statement without using prepared statements or sanitization, creating a potential SQL injection."
BenchmarkTest00937,0,CWE-89,2,1,1,0.5746,Detected a formatted string in a SQL statement. This could lead to SQL injection if variables in the SQL statement are not properly sanitized. Use a prepared statements (java.sql.PreparedStatement) instead. You can obtain a PreparedStatement using 'connection.prepareStatement'.,0.5278626301234679,P3 - Medium (ML Moderate / Needs Review),data/benchmark/src/main/java/org/owasp/benchmark/testcode/BenchmarkTest00937.java,73,TP,"The query concatenates the untrusted variable bar directly into the SQL string and executes it with a plain Statement, which can be exploited for SQL injection."
BenchmarkTest00549,1,CWE-79,1,1,0,0.6516,"Detected a request with potential user-input going into a OutputStream or Writer object. This bypasses any view or template environments, including HTML escaping, which may expose this application to cross-site scripting (XSS) vulnerabilities. Consider using a view technology such as JavaServer Faces (JSFs) which automatically escapes HTML views.",0.6221848022643229,P3 - Medium (ML Moderate / Needs Review),data/benchmark/src/main/java/org/owasp/benchmark/testcode/BenchmarkTest00549.java,68,TP,"The user-controlled `param` value is written directly to the HTTP response without any escaping, enabling reflected XSS."
BenchmarkTest01094,1,CWE-89,2,1,1,0.5746,Detected a formatted string in a SQL statement. This could lead to SQL injection if variables in the SQL statement are not properly sanitized. Use a prepared statements (java.sql.PreparedStatement) instead. You can obtain a PreparedStatement using 'connection.prepareStatement'.,0.490638252758374,P3 - Medium (ML Moderate / Needs Review),data/benchmark/src/main/java/org/owasp/benchmark/testcode/BenchmarkTest01094.java,58,TP,"The user-supplied variable `bar` is directly concatenated into the SQL string and executed via a plain Statement, creating a classic SQL injection risk."
BenchmarkTest01097,1,CWE-89,2,1,1,0.5746,Detected input from a HTTPServletRequest going into a SQL sink or statement. This could lead to SQL injection if variables in the SQL statement are not properly sanitized. Use parameterized SQL queries or properly sanitize user input instead.,0.6315115188114625,P3 - Medium (ML Moderate / Needs Review),data/benchmark/src/main/java/org/owasp/benchmark/testcode/BenchmarkTest01097.java,56,TP,"The user‑controlled value `bar` is directly concatenated into an SQL string without using prepared statements or sanitization, creating a classic SQL injection risk."
BenchmarkTest01630,1,CWE-89,2,1,1,0.5746,Detected input from a HTTPServletRequest going into a SQL sink or statement. This could lead to SQL injection if variables in the SQL statement are not properly sanitized. Use parameterized SQL queries or properly sanitize user input instead.,0.6043967051102129,P3 - Medium (ML Moderate / Needs Review),data/benchmark/src/main/java/org/owasp/benchmark/testcode/BenchmarkTest01630.java,53,TP,"User‑controlled data (bar) is concatenated directly into an SQL string without using prepared statements or explicit sanitization, creating a potential SQL injection."
BenchmarkTest01238,1,CWE-22,1,1,0,0.531,"Detected a potential path traversal. A malicious actor could control the location of this file, to include going backwards in the directory with '../'. To address this, ensure that user-controlled variables in file paths are sanitized. You may also consider using a utility method such as org.apache.commons.io.FilenameUtils.getName(...) to only retrieve the file name from the path.",0.5349061735858125,P3 - Medium (ML Moderate / Needs Review),data/benchmark/src/main/java/org/owasp/benchmark/testcode/BenchmarkTest01238.java,54,TP,"The code concatenates a potentially user-controlled value (bar) to a directory path without sanitization, allowing '../' sequences to traverse directories."
BenchmarkTest02377,1,CWE-22,1,1,0,0.531,"Detected a potential path traversal. A malicious actor could control the location of this file, to include going backwards in the directory with '../'. To address this, ensure that user-controlled variables in file paths are sanitized. You may also consider using a utility method such as org.apache.commons.io.FilenameUtils.getName(...) to only retrieve the file name from the path.",0.5349061735858125,P3 - Medium (ML Moderate / Needs Review),data/benchmark/src/main/java/org/owasp/benchmark/testcode/BenchmarkTest02377.java,50,TP,"The file path is constructed from a request‑derived value (bar) without sanitization, allowing a crafted parameter to traverse directories."
BenchmarkTest00204,1,CWE-89,2,1,1,0.5746,Detected input from a HTTPServletRequest going into a SQL sink or statement. This could lead to SQL injection if variables in the SQL statement are not properly sanitized. Use parameterized SQL queries or properly sanitize user input instead.,0.6161353418384643,P3 - Medium (ML Moderate / Needs Review),data/benchmark/src/main/java/org/owasp/benchmark/testcode/BenchmarkTest00204.java,58,TP,"User-controlled input `bar` is directly concatenated into an SQL string executed via a plain Statement, creating a classic SQL injection vulnerability."
BenchmarkTest02056,1,CWE-79,1,1,0,0.6516,"Detected a request with potential user-input going into a OutputStream or Writer object. This bypasses any view or template environments, including HTML escaping, which may expose this application to cross-site scripting (XSS) vulnerabilities. Consider using a view technology such as JavaServer Faces (JSFs) which automatically escapes HTML views.",0.6447716715602264,P3 - Medium (ML Moderate / Needs Review),data/benchmark/src/main/java/org/owasp/benchmark/testcode/BenchmarkTest02056.java,56,FP,"The output uses a constant string (""safe!"") rather than the user-supplied input, so no XSS risk."
BenchmarkTest01389,0,CWE-89,1,1,0,0.5746,Detected input from a HTTPServletRequest going into a SQL sink or statement. This could lead to SQL injection if variables in the SQL statement are not properly sanitized. Use parameterized SQL queries or properly sanitize user input instead.,0.6314792486337455,P3 - Medium (ML Moderate / Needs Review),data/benchmark/src/main/java/org/owasp/benchmark/testcode/BenchmarkTest01389.java,55,TP,"The value `bar` derived from request data is concatenated directly into the SQL string without evident sanitization or parameterization, creating a potential SQL injection risk."
BenchmarkTest01234,1,CWE-22,1,1,0,0.531,"Detected a potential path traversal. A malicious actor could control the location of this file, to include going backwards in the directory with '../'. To address this, ensure that user-controlled variables in file paths are sanitized. You may also consider using a utility method such as org.apache.commons.io.FilenameUtils.getName(...) to only retrieve the file name from the path.",0.5349061735858125,P3 - Medium (ML Moderate / Needs Review),data/benchmark/src/main/java/org/owasp/benchmark/testcode/BenchmarkTest01234.java,48,TP,"User‑controlled input is concatenated to a file path without evident sanitization, allowing '../' sequences to traverse directories."
BenchmarkTest01685,1,CWE-78,1,1,0,0.5177,"Detected input from a HTTPServletRequest going into a 'ProcessBuilder' or 'exec' command. This could lead to command injection if variables passed into the exec commands are not properly sanitized. Instead, avoid using these OS commands with user-supplied input, or, if you must use these commands, use a whitelist of specific values.",0.5089059229256337,P3 - Medium (ML Moderate / Needs Review),data/benchmark/src/main/java/org/owasp/benchmark/testcode/BenchmarkTest01685.java,95,FP,"The snippet executes a command using a predefined variable (args) that is not shown to be derived from user-controlled HTTP request data, so there is no evident injection risk."
BenchmarkTest02171,1,CWE-89,2,1,1,0.5746,Detected input from a HTTPServletRequest going into a SQL sink or statement. This could lead to SQL injection if variables in the SQL statement are not properly sanitized. Use parameterized SQL queries or properly sanitize user input instead.,0.6221370751503495,P3 - Medium (ML Moderate / Needs Review),data/benchmark/src/main/java/org/owasp/benchmark/testcode/BenchmarkTest02171.java,53,TP,"The password value is concatenated into the query string without using a parameter, creating a potential SQL injection point."
BenchmarkTest01096,0,CWE-89,2,1,1,0.5746,Detected input from a HTTPServletRequest going into a SQL sink or statement. This could lead to SQL injection if variables in the SQL statement are not properly sanitized. Use parameterized SQL queries or properly sanitize user input instead.,0.6043967051102129,P3 - Medium (ML Moderate / Needs Review),data/benchmark/src/main/java/org/owasp/benchmark/testcode/BenchmarkTest01096.java,56,TP,"The value of bar originates from request data and is directly concatenated into the SQL string without using prepared statements or sanitization, creating a SQL injection risk."
BenchmarkTest00032,1,CWE-89,1,1,0,0.5746,Detected input from a HTTPServletRequest going into a SQL sink or statement. This could lead to SQL injection if variables in the SQL statement are not properly sanitized. Use parameterized SQL queries or properly sanitize user input instead.,0.6371570818030259,P3 - Medium (ML Moderate / Needs Review),data/benchmark/src/main/java/org/owasp/benchmark/testcode/BenchmarkTest00032.java,54,TP,"The user‑controlled `param` is concatenated into the SQL query without using prepared statements or sanitization, enabling SQL injection."
BenchmarkTest00603,1,CWE-89,2,1,1,0.5746,Detected a formatted string in a SQL statement. This could lead to SQL injection if variables in the SQL statement are not properly sanitized. Use a prepared statements (java.sql.PreparedStatement) instead. You can obtain a PreparedStatement using 'connection.prepareStatement'.,0.5278626301234679,P3 - Medium (ML Moderate / Needs Review),data/benchmark/src/main/java/org/owasp/benchmark/testcode/BenchmarkTest00603.java,69,TP,"The user‑controlled variable `bar` is concatenated into the SQL string and executed via a plain `Statement`, which can be exploited for SQL injection."
BenchmarkTest01717,0,CWE-89,2,1,1,0.5746,Detected input from a HTTPServletRequest going into a SQL sink or statement. This could lead to SQL injection if variables in the SQL statement are not properly sanitized. Use parameterized SQL queries or properly sanitize user input instead.,0.6221370751503495,P3 - Medium (ML Moderate / Needs Review),data/benchmark/src/main/java/org/owasp/benchmark/testcode/BenchmarkTest01717.java,77,TP,"The password value is concatenated directly into the query string, allowing unsanitized user input to alter the SQL."
BenchmarkTest00292,1,CWE-79,1,1,0,0.6516,"Detected a request with potential user-input going into a OutputStream or Writer object. This bypasses any view or template environments, including HTML escaping, which may expose this application to cross-site scripting (XSS) vulnerabilities. Consider using a view technology such as JavaServer Faces (JSFs) which automatically escapes HTML views.",0.6447716715602264,P3 - Medium (ML Moderate / Needs Review),data/benchmark/src/main/java/org/owasp/benchmark/testcode/BenchmarkTest00292.java,62,TP,"The code writes unvalidated user input directly to the HTTP response writer, enabling potential XSS attacks."
BenchmarkTest02273,1,CWE-89,1,1,0,0.5746,Detected input from a HTTPServletRequest going into a SQL sink or statement. This could lead to SQL injection if variables in the SQL statement are not properly sanitized. Use parameterized SQL queries or properly sanitize user input instead.,0.6393503814415632,P3 - Medium (ML Moderate / Needs Review),data/benchmark/src/main/java/org/owasp/benchmark/testcode/BenchmarkTest02273.java,55,TP,"The user-controlled value `bar` is concatenated directly into the SQL string without using prepared statements, creating a potential SQL injection vulnerability."
BenchmarkTest01818,0,CWE-89,2,1,1,0.5746,Detected a formatted string in a SQL statement. This could lead to SQL injection if variables in the SQL statement are not properly sanitized. Use a prepared statements (java.sql.PreparedStatement) instead. You can obtain a PreparedStatement using 'connection.prepareStatement'.,0.5476500971406442,P3 - Medium (ML Moderate / Needs Review),data/benchmark/src/main/java/org/owasp/benchmark/testcode/BenchmarkTest01818.java,54,TP,"The query concatenates the untrusted variable bar directly into the SQL string and executes it with a plain Statement, which can lead to SQL injection."
BenchmarkTest01192,1,CWE-78,1,1,0,0.5177,"Detected input from a HTTPServletRequest going into a 'ProcessBuilder' or 'exec' command. This could lead to command injection if variables passed into the exec commands are not properly sanitized. Instead, avoid using these OS commands with user-supplied input, or, if you must use these commands, use a whitelist of specific values.",0.5683792859920807,P3 - Medium (ML Moderate / Needs Review),data/benchmark/src/main/java/org/owasp/benchmark/testcode/BenchmarkTest01192.java,64,FP,"Using Runtime.exec with a String[] bypasses shell parsing, so user‑controlled input cannot inject additional commands, making the finding a false positive."
BenchmarkTest02645,1,CWE-89,1,1,0,0.5746,Detected input from a HTTPServletRequest going into a SQL sink or statement. This could lead to SQL injection if variables in the SQL statement are not properly sanitized. Use parameterized SQL queries or properly sanitize user input instead.,0.6371570818030259,P3 - Medium (ML Moderate / Needs Review),data/benchmark/src/main/java/org/owasp/benchmark/testcode/BenchmarkTest02645.java,74,TP,"User‑controlled input (decoded request parameter) is concatenated into the SQL string without using prepared statements, creating a potential SQL injection."
BenchmarkTest02431,1,CWE-78,1,1,0,0.5177,"Detected input from a HTTPServletRequest going into a 'ProcessBuilder' or 'exec' command. This could lead to command injection if variables passed into the exec commands are not properly sanitized. Instead, avoid using these OS commands with user-supplied input, or, if you must use these commands, use a whitelist of specific values.",0.5114755110284748,P3 - Medium (ML Moderate / Needs Review),data/benchmark/src/main/java/org/owasp/benchmark/testcode/BenchmarkTest02431.java,59,FP,"Using Runtime.exec with a String[] bypasses shell parsing, so user‑controlled input cannot inject additional commands, making the finding a false positive."
BenchmarkTest01158,0,CWE-22,1,1,0,0.531,"Detected a potential path traversal. A malicious actor could control the location of this file, to include going backwards in the directory with '../'. To address this, ensure that user-controlled variables in file paths are sanitized. You may also consider using a utility method such as org.apache.commons.io.FilenameUtils.getName(...) to only retrieve the file name from the path.",0.5305215095490278,P3 - Medium (ML Moderate / Needs Review),data/benchmark/src/main/java/org/owasp/benchmark/testcode/BenchmarkTest01158.java,60,TP,"The code concatenates a user-controlled variable (bar) directly to a directory path and opens it without sanitization, enabling path traversal."
BenchmarkTest00773,0,CWE-89,2,1,1,0.5746,Detected a formatted string in a SQL statement. This could lead to SQL injection if variables in the SQL statement are not properly sanitized. Use a prepared statements (java.sql.PreparedStatement) instead. You can obtain a PreparedStatement using 'connection.prepareStatement'.,0.5278626301234679,P3 - Medium (ML Moderate / Needs Review),data/benchmark/src/main/java/org/owasp/benchmark/testcode/BenchmarkTest00773.java,65,TP,"The variable bar is directly concatenated into the SQL string, creating a classic SQL injection risk."
BenchmarkTest01286,1,CWE-78,1,1,0,0.5177,"Detected input from a HTTPServletRequest going into a 'ProcessBuilder' or 'exec' command. This could lead to command injection if variables passed into the exec commands are not properly sanitized. Instead, avoid using these OS commands with user-supplied input, or, if you must use these commands, use a whitelist of specific values.",0.5089059229256337,P3 - Medium (ML Moderate / Needs Review),data/benchmark/src/main/java/org/owasp/benchmark/testcode/BenchmarkTest01286.java,69,TP,"User‑controlled values (a1, a2, cmd, bar) are concatenated into the command array passed to Runtime.exec, enabling command injection."
BenchmarkTest01571,1,CWE-22,1,1,0,0.531,"Detected a potential path traversal. A malicious actor could control the location of this file, to include going backwards in the directory with '../'. To address this, ensure that user-controlled variables in file paths are sanitized. You may also consider using a utility method such as org.apache.commons.io.FilenameUtils.getName(...) to only retrieve the file name from the path.",0.5372346090670375,P3 - Medium (ML Moderate / Needs Review),data/benchmark/src/main/java/org/owasp/benchmark/testcode/BenchmarkTest01571.java,50,FP,"The file is constructed with an absolute child path (""/Test.txt""), so the user‑controlled `bar` value cannot influence the final file location."
BenchmarkTest01475,1,CWE-89,2,1,1,0.5746,Detected input from a HTTPServletRequest going into a SQL sink or statement. This could lead to SQL injection if variables in the SQL statement are not properly sanitized. Use parameterized SQL queries or properly sanitize user input instead.,0.6315115188114625,P3 - Medium (ML Moderate / Needs Review),data/benchmark/src/main/java/org/owasp/benchmark/testcode/BenchmarkTest01475.java,65,TP,"The value `bar` originates from request data and is concatenated directly into the SQL string without using prepared statements or explicit sanitization, creating a potential SQL injection risk."
BenchmarkTest02057,1,CWE-79,1,1,0,0.6516,"Detected a request with potential user-input going into a OutputStream or Writer object. This bypasses any view or template environments, including HTML escaping, which may expose this application to cross-site scripting (XSS) vulnerabilities. Consider using a view technology such as JavaServer Faces (JSFs) which automatically escapes HTML views.",0.6221848022643229,P3 - Medium (ML Moderate / Needs Review),data/benchmark/src/main/java/org/owasp/benchmark/testcode/BenchmarkTest02057.java,59,TP,"The code writes unvalidated user‑derived data straight to the HTTP response writer, enabling reflected XSS."
BenchmarkTest02265,0,CWE-89,2,1,1,0.5746,Detected input from a HTTPServletRequest going into a SQL sink or statement. This could lead to SQL injection if variables in the SQL statement are not properly sanitized. Use parameterized SQL queries or properly sanitize user input instead.,0.6221370751503495,P3 - Medium (ML Moderate / Needs Review),data/benchmark/src/main/java/org/owasp/benchmark/testcode/BenchmarkTest02265.java,57,TP,"User‑controlled input (bar) is concatenated into the callable SQL string, allowing injection of arbitrary procedure calls."
BenchmarkTest00159,1,CWE-78,1,1,0,0.5177,"Detected input from a HTTPServletRequest going into a 'ProcessBuilder' or 'exec' command. This could lead to command injection if variables passed into the exec commands are not properly sanitized. Instead, avoid using these OS commands with user-supplied input, or, if you must use these commands, use a whitelist of specific values.",0.5752195073482003,P3 - Medium (ML Moderate / Needs Review),data/benchmark/src/main/java/org/owasp/benchmark/testcode/BenchmarkTest00159.java,67,TP,"User‑controlled input (bar) is concatenated into a shell command executed via ProcessBuilder, allowing command injection."
BenchmarkTest02584,1,CWE-79,1,1,0,0.6516,"Detected a request with potential user-input going into a OutputStream or Writer object. This bypasses any view or template environments, including HTML escaping, which may expose this application to cross-site scripting (XSS) vulnerabilities. Consider using a view technology such as JavaServer Faces (JSFs) which automatically escapes HTML views.",0.6447716715602264,P3 - Medium (ML Moderate / Needs Review),data/benchmark/src/main/java/org/owasp/benchmark/testcode/BenchmarkTest02584.java,73,TP,"User‑controlled input is written directly to the HTTP response without any encoding or escaping, creating a reflected XSS vulnerability."
BenchmarkTest00999,0,CWE-89,2,1,1,0.5746,Detected input from a HTTPServletRequest going into a SQL sink or statement. This could lead to SQL injection if variables in the SQL statement are not properly sanitized. Use parameterized SQL queries or properly sanitize user input instead.,0.6161353418384643,P3 - Medium (ML Moderate / Needs Review),data/benchmark/src/main/java/org/owasp/benchmark/testcode/BenchmarkTest00999.java,74,TP,"The SQL string concatenates unvalidated input (bar) into a callable statement without using parameters, allowing SQL injection."
BenchmarkTest01468,0,CWE-89,1,1,0,0.5746,Detected input from a HTTPServletRequest going into a SQL sink or statement. This could lead to SQL injection if variables in the SQL statement are not properly sanitized. Use parameterized SQL queries or properly sanitize user input instead.,0.63810138505586,P3 - Medium (ML Moderate / Needs Review),data/benchmark/src/main/java/org/owasp/benchmark/testcode/BenchmarkTest01468.java,65,TP,"The value `bar` derived from request data is concatenated directly into the SQL string without evident sanitization or parameterization, creating a potential SQL injection risk."
BenchmarkTest02137,1,CWE-78,1,1,0,0.5177,"Detected input from a HTTPServletRequest going into a 'ProcessBuilder' or 'exec' command. This could lead to command injection if variables passed into the exec commands are not properly sanitized. Instead, avoid using these OS commands with user-supplied input, or, if you must use these commands, use a whitelist of specific values.",0.5114755110284748,P3 - Medium (ML Moderate / Needs Review),data/benchmark/src/main/java/org/owasp/benchmark/testcode/BenchmarkTest02137.java,58,TP,"User-controlled `bar` is concatenated into a shell command string passed to `ProcessBuilder`, allowing injection of additional commands."
BenchmarkTest01820,0,CWE-89,2,1,1,0.5746,Detected a formatted string in a SQL statement. This could lead to SQL injection if variables in the SQL statement are not properly sanitized. Use a prepared statements (java.sql.PreparedStatement) instead. You can obtain a PreparedStatement using 'connection.prepareStatement'.,0.5278626301234679,P3 - Medium (ML Moderate / Needs Review),data/benchmark/src/main/java/org/owasp/benchmark/testcode/BenchmarkTest01820.java,54,TP,"The code builds the SQL query by concatenating the variable bar directly into the statement and executes it with a plain Statement, which can allow SQL injection."
BenchmarkTest02050,1,CWE-79,1,1,0,0.6516,"Detected a request with potential user-input going into a OutputStream or Writer object. This bypasses any view or template environments, including HTML escaping, which may expose this application to cross-site scripting (XSS) vulnerabilities. Consider using a view technology such as JavaServer Faces (JSFs) which automatically escapes HTML views.",0.6447716715602264,P3 - Medium (ML Moderate / Needs Review),data/benchmark/src/main/java/org/owasp/benchmark/testcode/BenchmarkTest02050.java,57,TP,"Unsanitized user input (param) flows to response.getWriter().printf and is rendered without escaping, creating an XSS risk."
BenchmarkTest00788,1,CWE-22,1,1,0,0.531,"Detected a potential path traversal. A malicious actor could control the location of this file, to include going backwards in the directory with '../'. To address this, ensure that user-controlled variables in file paths are sanitized. You may also consider using a utility method such as org.apache.commons.io.FilenameUtils.getName(...) to only retrieve the file name from the path.",0.5402428179282152,P3 - Medium (ML Moderate / Needs Review),data/benchmark/src/main/java/org/owasp/benchmark/testcode/BenchmarkTest00788.java,80,TP,"The code directly concatenates a user-controlled variable (bar) to a directory path without validation, allowing path traversal attacks."
BenchmarkTest01620,1,CWE-89,2,1,1,0.5746,Detected input from a HTTPServletRequest going into a SQL sink or statement. This could lead to SQL injection if variables in the SQL statement are not properly sanitized. Use parameterized SQL queries or properly sanitize user input instead.,0.6221370751503495,P3 - Medium (ML Moderate / Needs Review),data/benchmark/src/main/java/org/owasp/benchmark/testcode/BenchmarkTest01620.java,55,TP,"The SQL string concatenates an unvalidated request parameter into a callable statement, allowing injection."
BenchmarkTest01445,0,CWE-78,1,1,0,0.5177,"Detected input from a HTTPServletRequest going into a 'ProcessBuilder' or 'exec' command. This could lead to command injection if variables passed into the exec commands are not properly sanitized. Instead, avoid using these OS commands with user-supplied input, or, if you must use these commands, use a whitelist of specific values.",0.5683792859920807,P3 - Medium (ML Moderate / Needs Review),data/benchmark/src/main/java/org/owasp/benchmark/testcode/BenchmarkTest01445.java,70,TP,"The code passes a variable (cmd) directly to Runtime.exec without evident validation, allowing user‑controlled input to be executed as an OS command."
BenchmarkTest00573,1,CWE-78,1,1,0,0.5177,"Detected input from a HTTPServletRequest going into a 'ProcessBuilder' or 'exec' command. This could lead to command injection if variables passed into the exec commands are not properly sanitized. Instead, avoid using these OS commands with user-supplied input, or, if you must use these commands, use a whitelist of specific values.",0.5683792859920807,P3 - Medium (ML Moderate / Needs Review),data/benchmark/src/main/java/org/owasp/benchmark/testcode/BenchmarkTest00573.java,70,TP,"User‑controlled data (e.g., “bar”) is passed directly to Runtime.exec without validation, enabling possible command injection."
BenchmarkTest00500,1,CWE-78,1,1,0,0.5177,"Detected input from a HTTPServletRequest going into a 'ProcessBuilder' or 'exec' command. This could lead to command injection if variables passed into the exec commands are not properly sanitized. Instead, avoid using these OS commands with user-supplied input, or, if you must use these commands, use a whitelist of specific values.",0.5683792859920807,P3 - Medium (ML Moderate / Needs Review),data/benchmark/src/main/java/org/owasp/benchmark/testcode/BenchmarkTest00500.java,67,TP,"The code concatenates potentially user‑controlled values (cmd and bar) into a command string that is passed directly to Runtime.exec, enabling command injection."
BenchmarkTest01593,0,CWE-79,1,1,0,0.6516,"Detected a request with potential user-input going into a OutputStream or Writer object. This bypasses any view or template environments, including HTML escaping, which may expose this application to cross-site scripting (XSS) vulnerabilities. Consider using a view technology such as JavaServer Faces (JSFs) which automatically escapes HTML views.",0.6447716715602264,P3 - Medium (ML Moderate / Needs Review),data/benchmark/src/main/java/org/owasp/benchmark/testcode/BenchmarkTest01593.java,51,TP,"User‑controlled input is written directly to the HTTP response without any escaping, creating a potential XSS vector."
BenchmarkTest01365,0,CWE-78,1,1,0,0.5177,"Detected input from a HTTPServletRequest going into a 'ProcessBuilder' or 'exec' command. This could lead to command injection if variables passed into the exec commands are not properly sanitized. Instead, avoid using these OS commands with user-supplied input, or, if you must use these commands, use a whitelist of specific values.",0.5444416118463504,P3 - Medium (ML Moderate / Needs Review),data/benchmark/src/main/java/org/owasp/benchmark/testcode/BenchmarkTest01365.java,62,TP,"The code concatenates potentially user‑controlled values (cmd and bar) into a command string that is passed directly to Runtime.exec, enabling command injection."
BenchmarkTest01220,0,CWE-89,2,1,1,0.5746,Detected input from a HTTPServletRequest going into a SQL sink or statement. This could lead to SQL injection if variables in the SQL statement are not properly sanitized. Use parameterized SQL queries or properly sanitize user input instead.,0.6161353418384643,P3 - Medium (ML Moderate / Needs Review),data/benchmark/src/main/java/org/owasp/benchmark/testcode/BenchmarkTest01220.java,58,TP,"The value `bar` derived from request data is directly concatenated into an SQL string without using prepared statements or sanitization, creating a potential SQL injection."
BenchmarkTest02111,0,CWE-22,1,1,0,0.531,"Detected a potential path traversal. A malicious actor could control the location of this file, to include going backwards in the directory with '../'. To address this, ensure that user-controlled variables in file paths are sanitized. You may also consider using a utility method such as org.apache.commons.io.FilenameUtils.getName(...) to only retrieve the file name from the path.",0.5394645256012154,P3 - Medium (ML Moderate / Needs Review),data/benchmark/src/main/java/org/owasp/benchmark/testcode/BenchmarkTest02111.java,59,TP,"The code opens a file based directly on the potentially user‑controlled `fileName` without any validation, allowing an attacker to specify paths like “../” to traverse directories."
BenchmarkTest01394,1,CWE-89,2,1,1,0.5746,Detected input from a HTTPServletRequest going into a SQL sink or statement. This could lead to SQL injection if variables in the SQL statement are not properly sanitized. Use parameterized SQL queries or properly sanitize user input instead.,0.6161353418384643,P3 - Medium (ML Moderate / Needs Review),data/benchmark/src/main/java/org/owasp/benchmark/testcode/BenchmarkTest01394.java,55,TP,"User‑controlled data (bar) is concatenated directly into an SQL string without using prepared statements or explicit sanitization, creating a potential SQL injection."
BenchmarkTest00110,0,CWE-89,2,1,1,0.5746,Detected a formatted string in a SQL statement. This could lead to SQL injection if variables in the SQL statement are not properly sanitized. Use a prepared statements (java.sql.PreparedStatement) instead. You can obtain a PreparedStatement using 'connection.prepareStatement'.,0.4901655263130386,P3 - Medium (ML Moderate / Needs Review),data/benchmark/src/main/java/org/owasp/benchmark/testcode/BenchmarkTest00110.java,94,TP,"The user-controlled variable `bar` is directly concatenated into the SQL string and executed via a plain Statement, creating a classic SQL injection risk."
BenchmarkTest00024,1,CWE-89,2,1,1,0.5746,Detected input from a HTTPServletRequest going into a SQL sink or statement. This could lead to SQL injection if variables in the SQL statement are not properly sanitized. Use parameterized SQL queries or properly sanitize user input instead.,0.6161353418384643,P3 - Medium (ML Moderate / Needs Review),data/benchmark/src/main/java/org/owasp/benchmark/testcode/BenchmarkTest00024.java,52,TP,"The user‑controlled variable `param` is concatenated into the SQL string without using a placeholder, creating a potential SQL injection vulnerability."
BenchmarkTest00439,1,CWE-89,2,1,1,0.5746,Detected input from a HTTPServletRequest going into a SQL sink or statement. This could lead to SQL injection if variables in the SQL statement are not properly sanitized. Use parameterized SQL queries or properly sanitize user input instead.,0.6050253134234014,P3 - Medium (ML Moderate / Needs Review),data/benchmark/src/main/java/org/owasp/benchmark/testcode/BenchmarkTest00439.java,51,TP,"The user‑controlled variable `bar` is concatenated into the query string without using prepared statements or sanitization, creating a classic SQL injection risk."
BenchmarkTest02512,1,CWE-78,1,1,0,0.5177,"Detected input from a HTTPServletRequest going into a 'ProcessBuilder' or 'exec' command. This could lead to command injection if variables passed into the exec commands are not properly sanitized. Instead, avoid using these OS commands with user-supplied input, or, if you must use these commands, use a whitelist of specific values.",0.5752195073482003,P3 - Medium (ML Moderate / Needs Review),data/benchmark/src/main/java/org/owasp/benchmark/testcode/BenchmarkTest02512.java,59,TP,"User‑controlled values are passed directly to Runtime.exec without validation, allowing an attacker to specify arbitrary commands or environment variables."
BenchmarkTest00607,1,CWE-643,1,1,0,0.5185,"Detected input from a HTTPServletRequest going into a XPath evaluate or compile command. This could lead to xpath injection if variables passed into the evaluate or compile commands are not properly sanitized. Xpath injection could lead to unauthorized access to sensitive information in XML documents. Instead, thoroughly sanitize user input or use parameterized xpath queries if you can.",0.4500384206940105,P3 - Medium (ML Moderate / Needs Review),data/benchmark/src/main/java/org/owasp/benchmark/testcode/BenchmarkTest00607.java,79,TP,"User‑controlled value `bar` is directly concatenated into an XPath expression without validation, enabling XPath injection."
BenchmarkTest02632,1,CWE-89,1,1,0,0.5746,Detected input from a HTTPServletRequest going into a SQL sink or statement. This could lead to SQL injection if variables in the SQL statement are not properly sanitized. Use parameterized SQL queries or properly sanitize user input instead.,0.6371570818030259,P3 - Medium (ML Moderate / Needs Review),data/benchmark/src/main/java/org/owasp/benchmark/testcode/BenchmarkTest02632.java,77,TP,"The password value is concatenated into the SQL string without using a parameter, allowing injection despite using a PreparedStatement."
BenchmarkTest00905,0,CWE-78,1,1,0,0.5177,"Detected input from a HTTPServletRequest going into a 'ProcessBuilder' or 'exec' command. This could lead to command injection if variables passed into the exec commands are not properly sanitized. Instead, avoid using these OS commands with user-supplied input, or, if you must use these commands, use a whitelist of specific values.",0.5444416118463504,P3 - Medium (ML Moderate / Needs Review),data/benchmark/src/main/java/org/owasp/benchmark/testcode/BenchmarkTest00905.java,70,TP,"User-controlled values (a1, a2, cmd, bar) are concatenated into the command array passed to Runtime.exec, enabling possible command injection."
BenchmarkTest02199,1,CWE-22,1,1,0,0.531,"Detected a potential path traversal. A malicious actor could control the location of this file, to include going backwards in the directory with '../'. To address this, ensure that user-controlled variables in file paths are sanitized. You may also consider using a utility method such as org.apache.commons.io.FilenameUtils.getName(...) to only retrieve the file name from the path.",0.5372346090670375,P3 - Medium (ML Moderate / Needs Review),data/benchmark/src/main/java/org/owasp/benchmark/testcode/BenchmarkTest02199.java,52,TP,"User‑controlled input ultimately determines the file path passed to `new File()` without sanitization, enabling a path‑traversal attack."
BenchmarkTest02470,0,CWE-22,1,1,0,0.531,"Detected a potential path traversal. A malicious actor could control the location of this file, to include going backwards in the directory with '../'. To address this, ensure that user-controlled variables in file paths are sanitized. You may also consider using a utility method such as org.apache.commons.io.FilenameUtils.getName(...) to only retrieve the file name from the path.",0.5349061735858125,P3 - Medium (ML Moderate / Needs Review),data/benchmark/src/main/java/org/owasp/benchmark/testcode/BenchmarkTest02470.java,56,TP,Concatenating a potentially user-controlled value (bar) to a directory path without sanitization allows path traversal.
BenchmarkTest02562,1,CWE-22,1,1,0,0.531,"Detected a potential path traversal. A malicious actor could control the location of this file, to include going backwards in the directory with '../'. To address this, ensure that user-controlled variables in file paths are sanitized. You may also consider using a utility method such as org.apache.commons.io.FilenameUtils.getName(...) to only retrieve the file name from the path.",0.5394645256012154,P3 - Medium (ML Moderate / Needs Review),data/benchmark/src/main/java/org/owasp/benchmark/testcode/BenchmarkTest02562.java,77,TP,"The code concatenates a user-controlled variable (bar) directly to a directory path without validation, allowing path traversal via '../'."
BenchmarkTest00954,0,CWE-22,1,1,0,0.531,"Detected a potential path traversal. A malicious actor could control the location of this file, to include going backwards in the directory with '../'. To address this, ensure that user-controlled variables in file paths are sanitized. You may also consider using a utility method such as org.apache.commons.io.FilenameUtils.getName(...) to only retrieve the file name from the path.",0.5372346090670375,P3 - Medium (ML Moderate / Needs Review),data/benchmark/src/main/java/org/owasp/benchmark/testcode/BenchmarkTest00954.java,79,TP,"The code opens a file based directly on the potentially user‑controlled `fileName` without any validation, allowing an attacker to specify paths like “../” to traverse directories."
BenchmarkTest02563,0,CWE-22,1,1,0,0.531,"Detected a potential path traversal. A malicious actor could control the location of this file, to include going backwards in the directory with '../'. To address this, ensure that user-controlled variables in file paths are sanitized. You may also consider using a utility method such as org.apache.commons.io.FilenameUtils.getName(...) to only retrieve the file name from the path.",0.5394645256012154,P3 - Medium (ML Moderate / Needs Review),data/benchmark/src/main/java/org/owasp/benchmark/testcode/BenchmarkTest02563.java,78,TP,"The code concatenates a potentially user-controlled value (bar) to a directory path without sanitization, allowing '../' sequences to traverse directories."
BenchmarkTest01834,0,CWE-22,1,1,0,0.531,"Detected a potential path traversal. A malicious actor could control the location of this file, to include going backwards in the directory with '../'. To address this, ensure that user-controlled variables in file paths are sanitized. You may also consider using a utility method such as org.apache.commons.io.FilenameUtils.getName(...) to only retrieve the file name from the path.",0.5402428179282152,P3 - Medium (ML Moderate / Needs Review),data/benchmark/src/main/java/org/owasp/benchmark/testcode/BenchmarkTest01834.java,68,TP,"The user-controlled variable `bar` is concatenated with a base directory to create a file path without any validation, allowing '../' sequences to traverse directories."
BenchmarkTest01311,1,CWE-89,2,1,1,0.5746,Detected a formatted string in a SQL statement. This could lead to SQL injection if variables in the SQL statement are not properly sanitized. Use a prepared statements (java.sql.PreparedStatement) instead. You can obtain a PreparedStatement using 'connection.prepareStatement'.,0.5278626301234679,P3 - Medium (ML Moderate / Needs Review),data/benchmark/src/main/java/org/owasp/benchmark/testcode/BenchmarkTest01311.java,53,TP,"The user-supplied variable `bar` is directly concatenated into the SQL query, creating a classic SQL injection risk."
BenchmarkTest00001,1,CWE-22,1,1,0,0.531,"Detected a potential path traversal. A malicious actor could control the location of this file, to include going backwards in the directory with '../'. To address this, ensure that user-controlled variables in file paths are sanitized. You may also consider using a utility method such as org.apache.commons.io.FilenameUtils.getName(...) to only retrieve the file name from the path.",0.5402428179282152,P3 - Medium (ML Moderate / Needs Review),data/benchmark/src/main/java/org/owasp/benchmark/testcode/BenchmarkTest00001.java,72,TP,"The code directly concatenates a user-controlled parameter to a file path and opens it without validation, allowing '../' sequences to traverse directories."
BenchmarkTest00344,0,CWE-89,2,1,1,0.5746,Detected input from a HTTPServletRequest going into a SQL sink or statement. This could lead to SQL injection if variables in the SQL statement are not properly sanitized. Use parameterized SQL queries or properly sanitize user input instead.,0.6315115188114625,P3 - Medium (ML Moderate / Needs Review),data/benchmark/src/main/java/org/owasp/benchmark/testcode/BenchmarkTest00344.java,63,TP,"When the condition fails, user‑controlled `param` is concatenated into the SQL string without sanitization, enabling SQL injection."
BenchmarkTest01756,0,CWE-90,1,1,0,0.4815,"Detected input from a HTTPServletRequest going into an LDAP query. This could lead to LDAP injection if the input is not properly sanitized, which could result in attackers modifying objects in the LDAP tree structure. Ensure data passed to an LDAP query is not controllable or properly sanitize the data.",0.519750625119329,P3 - Medium (ML Moderate / Needs Review),data/benchmark/src/main/java/org/owasp/benchmark/testcode/BenchmarkTest01756.java,62,FP,"The snippet only shows LDAP search execution without revealing that the filter originates from unsanitized request data, so the finding lacks sufficient evidence of a real injection risk."
BenchmarkTest00177,0,CWE-78,1,1,0,0.5177,"Detected input from a HTTPServletRequest going into a 'ProcessBuilder' or 'exec' command. This could lead to command injection if variables passed into the exec commands are not properly sanitized. Instead, avoid using these OS commands with user-supplied input, or, if you must use these commands, use a whitelist of specific values.",0.5444416118463504,P3 - Medium (ML Moderate / Needs Review),data/benchmark/src/main/java/org/owasp/benchmark/testcode/BenchmarkTest00177.java,68,TP,"The code concatenates potentially user‑controlled values (cmd and bar) into a command string that is passed directly to Runtime.exec, enabling command injection."
BenchmarkTest02542,1,CWE-89,2,1,1,0.5746,Detected a formatted string in a SQL statement. This could lead to SQL injection if variables in the SQL statement are not properly sanitized. Use a prepared statements (java.sql.PreparedStatement) instead. You can obtain a PreparedStatement using 'connection.prepareStatement'.,0.4901655263130386,P3 - Medium (ML Moderate / Needs Review),data/benchmark/src/main/java/org/owasp/benchmark/testcode/BenchmarkTest02542.java,55,TP,"The user-supplied variable `bar` is directly concatenated into the SQL query, creating a classic SQL injection risk."
BenchmarkTest01161,1,CWE-22,1,1,0,0.531,"Detected a potential path traversal. A malicious actor could control the location of this file, to include going backwards in the directory with '../'. To address this, ensure that user-controlled variables in file paths are sanitized. You may also consider using a utility method such as org.apache.commons.io.FilenameUtils.getName(...) to only retrieve the file name from the path.",0.5394645256012154,P3 - Medium (ML Moderate / Needs Review),data/benchmark/src/main/java/org/owasp/benchmark/testcode/BenchmarkTest01161.java,61,TP,"The code concatenates a user-controlled value (bar) to a directory path without sanitization, allowing '../' sequences to traverse directories."
BenchmarkTest02026,0,CWE-22,1,1,0,0.531,"Detected a potential path traversal. A malicious actor could control the location of this file, to include going backwards in the directory with '../'. To address this, ensure that user-controlled variables in file paths are sanitized. You may also consider using a utility method such as org.apache.commons.io.FilenameUtils.getName(...) to only retrieve the file name from the path.",0.5349061735858125,P3 - Medium (ML Moderate / Needs Review),data/benchmark/src/main/java/org/owasp/benchmark/testcode/BenchmarkTest02026.java,55,TP,"User‑controlled input (param) is ultimately used as a file name/path without evident validation, allowing '../' sequences to traverse directories."
BenchmarkTest02489,1,CWE-79,1,1,0,0.6516,"Detected a request with potential user-input going into a OutputStream or Writer object. This bypasses any view or template environments, including HTML escaping, which may expose this application to cross-site scripting (XSS) vulnerabilities. Consider using a view technology such as JavaServer Faces (JSFs) which automatically escapes HTML views.",0.6221848022643229,P3 - Medium (ML Moderate / Needs Review),data/benchmark/src/main/java/org/owasp/benchmark/testcode/BenchmarkTest02489.java,52,TP,"User‑controlled input is used as the format string for response.getWriter().printf() without sanitization, enabling reflected XSS."
BenchmarkTest02534,1,CWE-89,2,1,1,0.5746,Detected input from a HTTPServletRequest going into a SQL sink or statement. This could lead to SQL injection if variables in the SQL statement are not properly sanitized. Use parameterized SQL queries or properly sanitize user input instead.,0.6161353418384643,P3 - Medium (ML Moderate / Needs Review),data/benchmark/src/main/java/org/owasp/benchmark/testcode/BenchmarkTest02534.java,55,TP,"The password value is concatenated directly into the query string, allowing unsanitized user input to alter the SQL."
BenchmarkTest01341,0,CWE-79,1,1,0,0.6516,"Detected a request with potential user-input going into a OutputStream or Writer object. This bypasses any view or template environments, including HTML escaping, which may expose this application to cross-site scripting (XSS) vulnerabilities. Consider using a view technology such as JavaServer Faces (JSFs) which automatically escapes HTML views.",0.6221848022643229,P3 - Medium (ML Moderate / Needs Review),data/benchmark/src/main/java/org/owasp/benchmark/testcode/BenchmarkTest01341.java,54,TP,"User-controlled data (bar) is written directly to the HTTP response via printf without escaping, creating an XSS risk."
BenchmarkTest00017,1,CWE-78,1,1,0,0.5177,"Detected input from a HTTPServletRequest going into a 'ProcessBuilder' or 'exec' command. This could lead to command injection if variables passed into the exec commands are not properly sanitized. Instead, avoid using these OS commands with user-supplied input, or, if you must use these commands, use a whitelist of specific values.",0.5444416118463504,P3 - Medium (ML Moderate / Needs Review),data/benchmark/src/main/java/org/owasp/benchmark/testcode/BenchmarkTest00017.java,63,FP,"Runtime.exec(String) does not invoke a shell, so concatenating user input to the static ""echo"" command cannot lead to command injection."
BenchmarkTest02188,0,CWE-89,2,1,1,0.5746,Detected input from a HTTPServletRequest going into a SQL sink or statement. This could lead to SQL injection if variables in the SQL statement are not properly sanitized. Use parameterized SQL queries or properly sanitize user input instead.,0.6043967051102129,P3 - Medium (ML Moderate / Needs Review),data/benchmark/src/main/java/org/owasp/benchmark/testcode/BenchmarkTest02188.java,51,TP,"User-controlled input `bar` is directly concatenated into a SQL query executed via a plain Statement, enabling SQL injection."
BenchmarkTest02739,0,CWE-89,1,1,0,0.5746,Detected a formatted string in a SQL statement. This could lead to SQL injection if variables in the SQL statement are not properly sanitized. Use a prepared statements (java.sql.PreparedStatement) instead. You can obtain a PreparedStatement using 'connection.prepareStatement'.,0.4725678466009309,P3 - Medium (ML Moderate / Needs Review),data/benchmark/src/main/java/org/owasp/benchmark/testcode/BenchmarkTest02739.java,54,TP,"The query concatenates the untrusted variable bar directly into the SQL string and executes it with a plain Statement, which can lead to SQL injection."
BenchmarkTest01219,0,CWE-89,2,1,1,0.5746,Detected input from a HTTPServletRequest going into a SQL sink or statement. This could lead to SQL injection if variables in the SQL statement are not properly sanitized. Use parameterized SQL queries or properly sanitize user input instead.,0.6221370751503495,P3 - Medium (ML Moderate / Needs Review),data/benchmark/src/main/java/org/owasp/benchmark/testcode/BenchmarkTest01219.java,58,TP,"The user‑controlled value `bar` is concatenated directly into the SQL string without using a prepared statement, creating a potential SQL injection."
BenchmarkTest02514,1,CWE-78,1,1,0,0.5177,"Detected input from a HTTPServletRequest going into a 'ProcessBuilder' or 'exec' command. This could lead to command injection if variables passed into the exec commands are not properly sanitized. Instead, avoid using these OS commands with user-supplied input, or, if you must use these commands, use a whitelist of specific values.",0.5089059229256337,P3 - Medium (ML Moderate / Needs Review),data/benchmark/src/main/java/org/owasp/benchmark/testcode/BenchmarkTest02514.java,58,TP,"User-controlled data (e.g., “bar”) is passed directly to Runtime.exec without validation, enabling command injection."
BenchmarkTest01622,0,CWE-89,2,1,1,0.5746,Detected input from a HTTPServletRequest going into a SQL sink or statement. This could lead to SQL injection if variables in the SQL statement are not properly sanitized. Use parameterized SQL queries or properly sanitize user input instead.,0.6315115188114625,P3 - Medium (ML Moderate / Needs Review),data/benchmark/src/main/java/org/owasp/benchmark/testcode/BenchmarkTest01622.java,55,TP,"The SQL string is built by concatenating the unvalidated variable `bar` into a callable statement, allowing attacker-controlled input to alter the query."
BenchmarkTest01970,1,CWE-89,2,1,1,0.5746,Detected input from a HTTPServletRequest going into a SQL sink or statement. This could lead to SQL injection if variables in the SQL statement are not properly sanitized. Use parameterized SQL queries or properly sanitize user input instead.,0.6161353418384643,P3 - Medium (ML Moderate / Needs Review),data/benchmark/src/main/java/org/owasp/benchmark/testcode/BenchmarkTest01970.java,56,TP,"User‑controlled data (bar) is concatenated into a raw SQL string and executed via a Statement, creating a classic SQL injection risk."
BenchmarkTest01835,1,CWE-22,1,1,0,0.531,"Detected a potential path traversal. A malicious actor could control the location of this file, to include going backwards in the directory with '../'. To address this, ensure that user-controlled variables in file paths are sanitized. You may also consider using a utility method such as org.apache.commons.io.FilenameUtils.getName(...) to only retrieve the file name from the path.",0.5394645256012154,P3 - Medium (ML Moderate / Needs Review),data/benchmark/src/main/java/org/owasp/benchmark/testcode/BenchmarkTest01835.java,68,TP,"The user-controlled value `bar` is concatenated with a base directory to form a file path without validation, enabling potential '../' traversal."
BenchmarkTest01284,1,CWE-79,1,1,0,0.6516,"Detected a request with potential user-input going into a OutputStream or Writer object. This bypasses any view or template environments, including HTML escaping, which may expose this application to cross-site scripting (XSS) vulnerabilities. Consider using a view technology such as JavaServer Faces (JSFs) which automatically escapes HTML views.",0.6447716715602264,P3 - Medium (ML Moderate / Needs Review),data/benchmark/src/main/java/org/owasp/benchmark/testcode/BenchmarkTest01284.java,49,TP,"User‑controlled input is written directly to the HTTP response without any escaping, creating a reflected XSS risk."
BenchmarkTest00060,1,CWE-22,1,1,0,0.531,"Detected a potential path traversal. A malicious actor could control the location of this file, to include going backwards in the directory with '../'. To address this, ensure that user-controlled variables in file paths are sanitized. You may also consider using a utility method such as org.apache.commons.io.FilenameUtils.getName(...) to only retrieve the file name from the path.",0.5394645256012154,P3 - Medium (ML Moderate / Needs Review),data/benchmark/src/main/java/org/owasp/benchmark/testcode/BenchmarkTest00060.java,75,TP,"The code concatenates a user-controlled variable (`bar`) to a base directory without validation, allowing '../' sequences to traverse directories."
BenchmarkTest01068,0,CWE-78,1,1,0,0.5177,"Detected input from a HTTPServletRequest going into a 'ProcessBuilder' or 'exec' command. This could lead to command injection if variables passed into the exec commands are not properly sanitized. Instead, avoid using these OS commands with user-supplied input, or, if you must use these commands, use a whitelist of specific values.",0.5089059229256337,P3 - Medium (ML Moderate / Needs Review),data/benchmark/src/main/java/org/owasp/benchmark/testcode/BenchmarkTest01068.java,63,TP,"The code concatenates potentially user‑controlled values (cmd and bar) into a command string that is passed directly to Runtime.exec, enabling command injection."
BenchmarkTest02530,1,CWE-89,2,1,1,0.5746,Detected input from a HTTPServletRequest going into a SQL sink or statement. This could lead to SQL injection if variables in the SQL statement are not properly sanitized. Use parameterized SQL queries or properly sanitize user input instead.,0.6161353418384643,P3 - Medium (ML Moderate / Needs Review),data/benchmark/src/main/java/org/owasp/benchmark/testcode/BenchmarkTest02530.java,55,TP,"The SQL string is built by concatenating the unvalidated variable `bar` into a callable statement, allowing attacker-controlled input to alter the query."
BenchmarkTest01417,1,CWE-79,1,1,0,0.6516,"Detected a request with potential user-input going into a OutputStream or Writer object. This bypasses any view or template environments, including HTML escaping, which may expose this application to cross-site scripting (XSS) vulnerabilities. Consider using a view technology such as JavaServer Faces (JSFs) which automatically escapes HTML views.",0.6221848022643229,P3 - Medium (ML Moderate / Needs Review),data/benchmark/src/main/java/org/owasp/benchmark/testcode/BenchmarkTest01417.java,66,TP,"User-controlled input (param) is reflected in the HTML response without escaping, creating a potential XSS vulnerability."
BenchmarkTest00077,1,CWE-78,1,1,0,0.5177,"Detected input from a HTTPServletRequest going into a 'ProcessBuilder' or 'exec' command. This could lead to command injection if variables passed into the exec commands are not properly sanitized. Instead, avoid using these OS commands with user-supplied input, or, if you must use these commands, use a whitelist of specific values.",0.5114755110284748,P3 - Medium (ML Moderate / Needs Review),data/benchmark/src/main/java/org/owasp/benchmark/testcode/BenchmarkTest00077.java,97,TP,"User‑controlled input (bar) is concatenated into a shell command executed via ProcessBuilder, allowing command injection."
BenchmarkTest02110,0,CWE-22,1,1,0,0.531,"Detected a potential path traversal. A malicious actor could control the location of this file, to include going backwards in the directory with '../'. To address this, ensure that user-controlled variables in file paths are sanitized. You may also consider using a utility method such as org.apache.commons.io.FilenameUtils.getName(...) to only retrieve the file name from the path.",0.5349061735858125,P3 - Medium (ML Moderate / Needs Review),data/benchmark/src/main/java/org/owasp/benchmark/testcode/BenchmarkTest02110.java,54,TP,"The code concatenates a potentially user-controlled value (bar) to a directory path without sanitization, allowing '../' sequences to traverse directories."
BenchmarkTest01646,0,CWE-22,1,1,0,0.531,"Detected a potential path traversal. A malicious actor could control the location of this file, to include going backwards in the directory with '../'. To address this, ensure that user-controlled variables in file paths are sanitized. You may also consider using a utility method such as org.apache.commons.io.FilenameUtils.getName(...) to only retrieve the file name from the path.",0.5394645256012154,P3 - Medium (ML Moderate / Needs Review),data/benchmark/src/main/java/org/owasp/benchmark/testcode/BenchmarkTest01646.java,78,TP,"The code concatenates a potentially user-controlled value (bar) to a directory path without sanitization, allowing '../' sequences to traverse directories."
BenchmarkTest02528,1,CWE-89,2,1,1,0.5746,Detected input from a HTTPServletRequest going into a SQL sink or statement. This could lead to SQL injection if variables in the SQL statement are not properly sanitized. Use parameterized SQL queries or properly sanitize user input instead.,0.6050253134234014,P3 - Medium (ML Moderate / Needs Review),data/benchmark/src/main/java/org/owasp/benchmark/testcode/BenchmarkTest02528.java,55,TP,"The SQL string concatenates the unvalidated `bar` value directly into a callable statement, allowing an attacker to inject malicious SQL."
BenchmarkTest01305,0,CWE-89,2,1,1,0.5746,Detected input from a HTTPServletRequest going into a SQL sink or statement. This could lead to SQL injection if variables in the SQL statement are not properly sanitized. Use parameterized SQL queries or properly sanitize user input instead.,0.6050253134234014,P3 - Medium (ML Moderate / Needs Review),data/benchmark/src/main/java/org/owasp/benchmark/testcode/BenchmarkTest01305.java,53,TP,"The password value is concatenated into the SQL string without parameterization, allowing injection if bar is attacker-controlled."
BenchmarkTest01154,0,CWE-90,1,1,0,0.4815,"Detected input from a HTTPServletRequest going into an LDAP query. This could lead to LDAP injection if the input is not properly sanitized, which could result in attackers modifying objects in the LDAP tree structure. Ensure data passed to an LDAP query is not controllable or properly sanitize the data.",0.4960361627169889,P3 - Medium (ML Moderate / Needs Review),data/benchmark/src/main/java/org/owasp/benchmark/testcode/BenchmarkTest01154.java,66,TP,"The user‑controlled variable `bar` is directly concatenated into the LDAP filter string, allowing malicious input to alter the query."
BenchmarkTest00043,1,CWE-89,2,1,1,0.5746,Detected a formatted string in a SQL statement. This could lead to SQL injection if variables in the SQL statement are not properly sanitized. Use a prepared statements (java.sql.PreparedStatement) instead. You can obtain a PreparedStatement using 'connection.prepareStatement'.,0.4901655263130386,P3 - Medium (ML Moderate / Needs Review),data/benchmark/src/main/java/org/owasp/benchmark/testcode/BenchmarkTest00043.java,54,TP,"The user-supplied `param` is concatenated into the SQL string and executed via a plain Statement, creating a classic SQL injection risk."
BenchmarkTest02462,0,CWE-22,1,1,0,0.531,"Detected a potential path traversal. A malicious actor could control the location of this file, to include going backwards in the directory with '../'. To address this, ensure that user-controlled variables in file paths are sanitized. You may also consider using a utility method such as org.apache.commons.io.FilenameUtils.getName(...) to only retrieve the file name from the path.",0.5305215095490278,P3 - Medium (ML Moderate / Needs Review),data/benchmark/src/main/java/org/owasp/benchmark/testcode/BenchmarkTest02462.java,50,TP,"User-controlled input is concatenated to a base directory to create a File path without sanitization, enabling directory traversal."
BenchmarkTest01836,1,CWE-22,1,1,0,0.531,"Detected a potential path traversal. A malicious actor could control the location of this file, to include going backwards in the directory with '../'. To address this, ensure that user-controlled variables in file paths are sanitized. You may also consider using a utility method such as org.apache.commons.io.FilenameUtils.getName(...) to only retrieve the file name from the path.",0.5305215095490278,P3 - Medium (ML Moderate / Needs Review),data/benchmark/src/main/java/org/owasp/benchmark/testcode/BenchmarkTest01836.java,85,TP,"The code concatenates a user-controlled variable (bar) into a file path without proper validation, allowing directory traversal attacks."
BenchmarkTest00520,0,CWE-643,1,1,0,0.5185,"Detected input from a HTTPServletRequest going into a XPath evaluate or compile command. This could lead to xpath injection if variables passed into the evaluate or compile commands are not properly sanitized. Xpath injection could lead to unauthorized access to sensitive information in XML documents. Instead, thoroughly sanitize user input or use parameterized xpath queries if you can.",0.5218271178138495,P3 - Medium (ML Moderate / Needs Review),data/benchmark/src/main/java/org/owasp/benchmark/testcode/BenchmarkTest00520.java,72,TP,"User‑controlled value `bar` is directly concatenated into an XPath expression without validation, enabling XPath injection."
BenchmarkTest02544,0,CWE-89,2,1,1,0.5746,Detected a formatted string in a SQL statement. This could lead to SQL injection if variables in the SQL statement are not properly sanitized. Use a prepared statements (java.sql.PreparedStatement) instead. You can obtain a PreparedStatement using 'connection.prepareStatement'.,0.490638252758374,P3 - Medium (ML Moderate / Needs Review),data/benchmark/src/main/java/org/owasp/benchmark/testcode/BenchmarkTest02544.java,55,TP,"The query concatenates the untrusted variable bar directly into the SQL string and executes it with a plain Statement, which can be exploited for SQL injection."
BenchmarkTest00191,0,CWE-89,2,1,1,0.5746,Detected input from a HTTPServletRequest going into a SQL sink or statement. This could lead to SQL injection if variables in the SQL statement are not properly sanitized. Use parameterized SQL queries or properly sanitize user input instead.,0.6043967051102129,P3 - Medium (ML Moderate / Needs Review),data/benchmark/src/main/java/org/owasp/benchmark/testcode/BenchmarkTest00191.java,77,TP,"User‑controlled input (bar) is concatenated into the callable SQL string, allowing injection of arbitrary procedure calls."
BenchmarkTest02037,1,CWE-90,1,1,0,0.4815,"Detected input from a HTTPServletRequest going into an LDAP query. This could lead to LDAP injection if the input is not properly sanitized, which could result in attackers modifying objects in the LDAP tree structure. Ensure data passed to an LDAP query is not controllable or properly sanitize the data.",0.4643746966999802,P3 - Medium (ML Moderate / Needs Review),data/benchmark/src/main/java/org/owasp/benchmark/testcode/BenchmarkTest02037.java,69,FP,"The snippet only shows the LDAP search execution and does not reveal that the filter value originates from unsanitized user input, so there is insufficient evidence of an injection vulnerability."
BenchmarkTest01939,0,CWE-78,1,1,0,0.5177,"Detected input from a HTTPServletRequest going into a 'ProcessBuilder' or 'exec' command. This could lead to command injection if variables passed into the exec commands are not properly sanitized. Instead, avoid using these OS commands with user-supplied input, or, if you must use these commands, use a whitelist of specific values.",0.5683792859920807,P3 - Medium (ML Moderate / Needs Review),data/benchmark/src/main/java/org/owasp/benchmark/testcode/BenchmarkTest01939.java,62,TP,"User‑controlled values are passed directly to Runtime.exec without validation, allowing an attacker to control the executed command or its arguments."
BenchmarkTest00475,1,CWE-79,1,1,0,0.6516,"Detected a request with potential user-input going into a OutputStream or Writer object. This bypasses any view or template environments, including HTML escaping, which may expose this application to cross-site scripting (XSS) vulnerabilities. Consider using a view technology such as JavaServer Faces (JSFs) which automatically escapes HTML views.",0.6447716715602264,P3 - Medium (ML Moderate / Needs Review),data/benchmark/src/main/java/org/owasp/benchmark/testcode/BenchmarkTest00475.java,58,TP,"The user‑controlled `param` is written directly to the HTTP response without any escaping, creating a potential XSS vulnerability."
BenchmarkTest01214,1,CWE-89,1,1,0,0.5746,Detected input from a HTTPServletRequest going into a SQL sink or statement. This could lead to SQL injection if variables in the SQL statement are not properly sanitized. Use parameterized SQL queries or properly sanitize user input instead.,0.6371570818030259,P3 - Medium (ML Moderate / Needs Review),data/benchmark/src/main/java/org/owasp/benchmark/testcode/BenchmarkTest01214.java,58,TP,"The user‑controlled value `bar` is concatenated directly into the SQL string without using prepared statements or explicit sanitization, creating a potential SQL injection."
BenchmarkTest02545,1,CWE-89,2,1,1,0.5746,Detected input from a HTTPServletRequest going into a SQL sink or statement. This could lead to SQL injection if variables in the SQL statement are not properly sanitized. Use parameterized SQL queries or properly sanitize user input instead.,0.6050253134234014,P3 - Medium (ML Moderate / Needs Review),data/benchmark/src/main/java/org/owasp/benchmark/testcode/BenchmarkTest02545.java,53,TP,"The user-controlled value `bar` is directly concatenated into the SQL string without using prepared statements or sanitization, creating a potential SQL injection."
BenchmarkTest00811,1,CWE-79,1,1,0,0.6516,"Detected a request with potential user-input going into a OutputStream or Writer object. This bypasses any view or template environments, including HTML escaping, which may expose this application to cross-site scripting (XSS) vulnerabilities. Consider using a view technology such as JavaServer Faces (JSFs) which automatically escapes HTML views.",0.6447716715602264,P3 - Medium (ML Moderate / Needs Review),data/benchmark/src/main/java/org/owasp/benchmark/testcode/BenchmarkTest00811.java,92,FP,"The output is a constant string, not user-controlled input, so no XSS risk."
BenchmarkTest02100,1,CWE-643,1,1,0,0.5185,"Detected input from a HTTPServletRequest going into a XPath evaluate or compile command. This could lead to xpath injection if variables passed into the evaluate or compile commands are not properly sanitized. Xpath injection could lead to unauthorized access to sensitive information in XML documents. Instead, thoroughly sanitize user input or use parameterized xpath queries if you can.",0.5736924789216268,P3 - Medium (ML Moderate / Needs Review),data/benchmark/src/main/java/org/owasp/benchmark/testcode/BenchmarkTest02100.java,72,TP,"User‑controlled value `bar` is concatenated into an XPath expression without sanitization, enabling XPath injection."
BenchmarkTest00216,1,CWE-22,1,1,0,0.531,"Detected a potential path traversal. A malicious actor could control the location of this file, to include going backwards in the directory with '../'. To address this, ensure that user-controlled variables in file paths are sanitized. You may also consider using a utility method such as org.apache.commons.io.FilenameUtils.getName(...) to only retrieve the file name from the path.",0.5349061735858125,P3 - Medium (ML Moderate / Needs Review),data/benchmark/src/main/java/org/owasp/benchmark/testcode/BenchmarkTest00216.java,68,TP,"User‑controlled input (param) is directly concatenated into a file path without validation, allowing path‑traversal via “../”."
BenchmarkTest02266,0,CWE-89,2,1,1,0.5746,Detected input from a HTTPServletRequest going into a SQL sink or statement. This could lead to SQL injection if variables in the SQL statement are not properly sanitized. Use parameterized SQL queries or properly sanitize user input instead.,0.6161353418384643,P3 - Medium (ML Moderate / Needs Review),data/benchmark/src/main/java/org/owasp/benchmark/testcode/BenchmarkTest02266.java,57,TP,"The procedure name `bar` is concatenated into the call string without validation, allowing attacker‑controlled input to alter the SQL command."
BenchmarkTest01817,0,CWE-89,2,1,1,0.5746,Detected a formatted string in a SQL statement. This could lead to SQL injection if variables in the SQL statement are not properly sanitized. Use a prepared statements (java.sql.PreparedStatement) instead. You can obtain a PreparedStatement using 'connection.prepareStatement'.,0.490638252758374,P3 - Medium (ML Moderate / Needs Review),data/benchmark/src/main/java/org/owasp/benchmark/testcode/BenchmarkTest01817.java,54,TP,"The code builds the SQL query by concatenating the untrusted variable `bar` into the statement and executes it via a raw `Statement`, which can be exploited for SQL injection."
BenchmarkTest00138,0,CWE-90,1,1,0,0.4815,"Detected input from a HTTPServletRequest going into an LDAP query. This could lead to LDAP injection if the input is not properly sanitized, which could result in attackers modifying objects in the LDAP tree structure. Ensure data passed to an LDAP query is not controllable or properly sanitize the data.",0.4960361627169889,P3 - Medium (ML Moderate / Needs Review),data/benchmark/src/main/java/org/owasp/benchmark/testcode/BenchmarkTest00138.java,72,FP,"The snippet only shows the LDAP search execution and does not reveal that the search filter is constructed from unsanitized request data, so there is no concrete evidence of an injection flaw."
BenchmarkTest02669,0,CWE-22,1,1,0,0.531,"Detected a potential path traversal. A malicious actor could control the location of this file, to include going backwards in the directory with '../'. To address this, ensure that user-controlled variables in file paths are sanitized. You may also consider using a utility method such as org.apache.commons.io.FilenameUtils.getName(...) to only retrieve the file name from the path.",0.5394645256012154,P3 - Medium (ML Moderate / Needs Review),data/benchmark/src/main/java/org/owasp/benchmark/testcode/BenchmarkTest02669.java,55,TP,"The code directly concatenates a user-controlled variable (bar) to a file path without validation, allowing path traversal attacks."
BenchmarkTest01528,0,CWE-78,1,1,0,0.5177,"Detected input from a HTTPServletRequest going into a 'ProcessBuilder' or 'exec' command. This could lead to command injection if variables passed into the exec commands are not properly sanitized. Instead, avoid using these OS commands with user-supplied input, or, if you must use these commands, use a whitelist of specific values.",0.5752195073482003,P3 - Medium (ML Moderate / Needs Review),data/benchmark/src/main/java/org/owasp/benchmark/testcode/BenchmarkTest01528.java,59,FP,"Runtime.exec(String) runs the command directly without a shell, so concatenating user input to an ""echo"" command cannot cause command injection."
BenchmarkTest02511,1,CWE-78,1,1,0,0.5177,"Detected input from a HTTPServletRequest going into a 'ProcessBuilder' or 'exec' command. This could lead to command injection if variables passed into the exec commands are not properly sanitized. Instead, avoid using these OS commands with user-supplied input, or, if you must use these commands, use a whitelist of specific values.",0.5089059229256337,P3 - Medium (ML Moderate / Needs Review),data/benchmark/src/main/java/org/owasp/benchmark/testcode/BenchmarkTest02511.java,59,TP,"User‑controlled values (cmd/bar) are passed directly to Runtime.exec without validation, allowing execution of arbitrary commands."
BenchmarkTest01600,0,CWE-78,1,1,0,0.5177,"Detected input from a HTTPServletRequest going into a 'ProcessBuilder' or 'exec' command. This could lead to command injection if variables passed into the exec commands are not properly sanitized. Instead, avoid using these OS commands with user-supplied input, or, if you must use these commands, use a whitelist of specific values.",0.5089059229256337,P3 - Medium (ML Moderate / Needs Review),data/benchmark/src/main/java/org/owasp/benchmark/testcode/BenchmarkTest01600.java,60,TP,"User-controlled `bar` is concatenated into a shell command string passed to `cmd.exe`/`sh` via ProcessBuilder, enabling command injection."
BenchmarkTest01027,0,CWE-22,1,1,0,0.531,"Detected a potential path traversal. A malicious actor could control the location of this file, to include going backwards in the directory with '../'. To address this, ensure that user-controlled variables in file paths are sanitized. You may also consider using a utility method such as org.apache.commons.io.FilenameUtils.getName(...) to only retrieve the file name from the path.",0.5394645256012154,P3 - Medium (ML Moderate / Needs Review),data/benchmark/src/main/java/org/owasp/benchmark/testcode/BenchmarkTest01027.java,53,TP,"The user‑controlled header value (after URL decoding) is directly used to create a java.io.File without evident sanitization, enabling path traversal."
BenchmarkTest00478,1,CWE-79,1,1,0,0.6516,"Detected a request with potential user-input going into a OutputStream or Writer object. This bypasses any view or template environments, including HTML escaping, which may expose this application to cross-site scripting (XSS) vulnerabilities. Consider using a view technology such as JavaServer Faces (JSFs) which automatically escapes HTML views.",0.6447716715602264,P3 - Medium (ML Moderate / Needs Review),data/benchmark/src/main/java/org/owasp/benchmark/testcode/BenchmarkTest00478.java,60,TP,"The code writes user‑controlled data directly to the HTTP response without any HTML escaping, creating a potential XSS vector."
BenchmarkTest01886,0,CWE-89,2,1,1,0.5746,Detected a formatted string in a SQL statement. This could lead to SQL injection if variables in the SQL statement are not properly sanitized. Use a prepared statements (java.sql.PreparedStatement) instead. You can obtain a PreparedStatement using 'connection.prepareStatement'.,0.4901655263130386,P3 - Medium (ML Moderate / Needs Review),data/benchmark/src/main/java/org/owasp/benchmark/testcode/BenchmarkTest01886.java,73,TP,"The user-supplied variable `bar` is directly concatenated into the SQL string and executed via a plain Statement, creating a classic SQL injection risk."
BenchmarkTest02152,1,CWE-78,1,1,0,0.5177,"Detected input from a HTTPServletRequest going into a 'ProcessBuilder' or 'exec' command. This could lead to command injection if variables passed into the exec commands are not properly sanitized. Instead, avoid using these OS commands with user-supplied input, or, if you must use these commands, use a whitelist of specific values.",0.5752195073482003,P3 - Medium (ML Moderate / Needs Review),data/benchmark/src/main/java/org/owasp/benchmark/testcode/BenchmarkTest02152.java,71,FP,"The exec call uses a predefined argument array rather than unsanitized user input, so no command injection risk."
BenchmarkTest02631,0,CWE-89,1,1,0,0.5746,Detected input from a HTTPServletRequest going into a SQL sink or statement. This could lead to SQL injection if variables in the SQL statement are not properly sanitized. Use parameterized SQL queries or properly sanitize user input instead.,0.6382802301796155,P3 - Medium (ML Moderate / Needs Review),data/benchmark/src/main/java/org/owasp/benchmark/testcode/BenchmarkTest02631.java,77,TP,"The password value is concatenated into the SQL string without parameterization, allowing injection despite using a PreparedStatement."
BenchmarkTest02156,0,CWE-78,1,1,0,0.5177,"Detected input from a HTTPServletRequest going into a 'ProcessBuilder' or 'exec' command. This could lead to command injection if variables passed into the exec commands are not properly sanitized. Instead, avoid using these OS commands with user-supplied input, or, if you must use these commands, use a whitelist of specific values.",0.5114755110284748,P3 - Medium (ML Moderate / Needs Review),data/benchmark/src/main/java/org/owasp/benchmark/testcode/BenchmarkTest02156.java,54,FP,"The command string is obtained from a static helper, not directly from user input, so no command injection risk."
BenchmarkTest01236,1,CWE-22,1,1,0,0.531,"Detected a potential path traversal. A malicious actor could control the location of this file, to include going backwards in the directory with '../'. To address this, ensure that user-controlled variables in file paths are sanitized. You may also consider using a utility method such as org.apache.commons.io.FilenameUtils.getName(...) to only retrieve the file name from the path.",0.5372346090670375,P3 - Medium (ML Moderate / Needs Review),data/benchmark/src/main/java/org/owasp/benchmark/testcode/BenchmarkTest01236.java,65,TP,"The code concatenates a user-controlled variable (bar) into a file path without proper validation, allowing directory traversal attacks."
BenchmarkTest01210,1,CWE-89,2,1,1,0.5746,Detected input from a HTTPServletRequest going into a SQL sink or statement. This could lead to SQL injection if variables in the SQL statement are not properly sanitized. Use parameterized SQL queries or properly sanitize user input instead.,0.6043967051102129,P3 - Medium (ML Moderate / Needs Review),data/benchmark/src/main/java/org/owasp/benchmark/testcode/BenchmarkTest01210.java,60,TP,"The password value is concatenated into the query string without sanitization, creating a SQL injection risk."
BenchmarkTest02635,1,CWE-89,1,1,0,0.5746,Detected input from a HTTPServletRequest going into a SQL sink or statement. This could lead to SQL injection if variables in the SQL statement are not properly sanitized. Use parameterized SQL queries or properly sanitize user input instead.,0.6393503814415632,P3 - Medium (ML Moderate / Needs Review),data/benchmark/src/main/java/org/owasp/benchmark/testcode/BenchmarkTest02635.java,77,TP,"The password value is concatenated directly into the query string, allowing unsanitized user input to alter the SQL."
BenchmarkTest01574,0,CWE-22,1,1,0,0.531,"Detected a potential path traversal. A malicious actor could control the location of this file, to include going backwards in the directory with '../'. To address this, ensure that user-controlled variables in file paths are sanitized. You may also consider using a utility method such as org.apache.commons.io.FilenameUtils.getName(...) to only retrieve the file name from the path.",0.5372346090670375,P3 - Medium (ML Moderate / Needs Review),data/benchmark/src/main/java/org/owasp/benchmark/testcode/BenchmarkTest01574.java,56,TP,"The code concatenates a user-controlled value (bar) to a directory path without sanitization, allowing '../' sequences to traverse directories."
BenchmarkTest02518,0,CWE-78,1,1,0,0.5177,"Detected input from a HTTPServletRequest going into a 'ProcessBuilder' or 'exec' command. This could lead to command injection if variables passed into the exec commands are not properly sanitized. Instead, avoid using these OS commands with user-supplied input, or, if you must use these commands, use a whitelist of specific values.",0.5683792859920807,P3 - Medium (ML Moderate / Needs Review),data/benchmark/src/main/java/org/owasp/benchmark/testcode/BenchmarkTest02518.java,56,FP,"The command string is obtained from a fixed utility method, not directly from user input, so no command injection risk."
BenchmarkTest01526,0,CWE-78,1,1,0,0.5177,"Detected input from a HTTPServletRequest going into a 'ProcessBuilder' or 'exec' command. This could lead to command injection if variables passed into the exec commands are not properly sanitized. Instead, avoid using these OS commands with user-supplied input, or, if you must use these commands, use a whitelist of specific values.",0.5114755110284748,P3 - Medium (ML Moderate / Needs Review),data/benchmark/src/main/java/org/owasp/benchmark/testcode/BenchmarkTest01526.java,59,TP,"User-controlled variable `bar` is concatenated to the OS command string and passed directly to `Runtime.exec`, enabling potential command injection."
BenchmarkTest00392,1,CWE-79,1,1,0,0.6516,"Detected a request with potential user-input going into a OutputStream or Writer object. This bypasses any view or template environments, including HTML escaping, which may expose this application to cross-site scripting (XSS) vulnerabilities. Consider using a view technology such as JavaServer Faces (JSFs) which automatically escapes HTML views.",0.6447716715602264,P3 - Medium (ML Moderate / Needs Review),data/benchmark/src/main/java/org/owasp/benchmark/testcode/BenchmarkTest00392.java,56,TP,"The code writes unescaped user-controlled data directly to the HTTP response, creating a potential XSS vulnerability."
BenchmarkTest01819,0,CWE-89,2,1,1,0.5746,Detected a formatted string in a SQL statement. This could lead to SQL injection if variables in the SQL statement are not properly sanitized. Use a prepared statements (java.sql.PreparedStatement) instead. You can obtain a PreparedStatement using 'connection.prepareStatement'.,0.4901655263130386,P3 - Medium (ML Moderate / Needs Review),data/benchmark/src/main/java/org/owasp/benchmark/testcode/BenchmarkTest01819.java,54,TP,"The variable bar is concatenated into the SQL string without using a prepared statement, creating a potential SQL injection vulnerability."
BenchmarkTest00529,1,CWE-22,1,1,0,0.531,"Detected a potential path traversal. A malicious actor could control the location of this file, to include going backwards in the directory with '../'. To address this, ensure that user-controlled variables in file paths are sanitized. You may also consider using a utility method such as org.apache.commons.io.FilenameUtils.getName(...) to only retrieve the file name from the path.",0.5372346090670375,P3 - Medium (ML Moderate / Needs Review),data/benchmark/src/main/java/org/owasp/benchmark/testcode/BenchmarkTest00529.java,67,TP,"The code concatenates a user-controlled variable (bar) directly to a directory path without validation, allowing path traversal."
BenchmarkTest02202,0,CWE-22,1,1,0,0.531,"Detected a potential path traversal. A malicious actor could control the location of this file, to include going backwards in the directory with '../'. To address this, ensure that user-controlled variables in file paths are sanitized. You may also consider using a utility method such as org.apache.commons.io.FilenameUtils.getName(...) to only retrieve the file name from the path.",0.5349061735858125,P3 - Medium (ML Moderate / Needs Review),data/benchmark/src/main/java/org/owasp/benchmark/testcode/BenchmarkTest02202.java,58,TP,"The code concatenates a potentially user-controlled value (bar) to a directory path without sanitization, allowing '../' sequences to traverse directories."
BenchmarkTest01720,1,CWE-89,1,1,0,0.5746,Detected input from a HTTPServletRequest going into a SQL sink or statement. This could lead to SQL injection if variables in the SQL statement are not properly sanitized. Use parameterized SQL queries or properly sanitize user input instead.,0.6393503814415632,P3 - Medium (ML Moderate / Needs Review),data/benchmark/src/main/java/org/owasp/benchmark/testcode/BenchmarkTest01720.java,75,TP,"The user‑controlled value `bar` is concatenated directly into the SQL string without using prepared statements or explicit sanitization, creating a potential SQL injection."
BenchmarkTest01233,0,CWE-22,1,1,0,0.531,"Detected a potential path traversal. A malicious actor could control the location of this file, to include going backwards in the directory with '../'. To address this, ensure that user-controlled variables in file paths are sanitized. You may also consider using a utility method such as org.apache.commons.io.FilenameUtils.getName(...) to only retrieve the file name from the path.",0.5372346090670375,P3 - Medium (ML Moderate / Needs Review),data/benchmark/src/main/java/org/owasp/benchmark/testcode/BenchmarkTest01233.java,48,TP,"User‑controlled input from the request is used to build a file path without evident sanitization, enabling path traversal."
BenchmarkTest01337,1,CWE-79,1,1,0,0.6516,"Detected a request with potential user-input going into a OutputStream or Writer object. This bypasses any view or template environments, including HTML escaping, which may expose this application to cross-site scripting (XSS) vulnerabilities. Consider using a view technology such as JavaServer Faces (JSFs) which automatically escapes HTML views.",0.6447716715602264,P3 - Medium (ML Moderate / Needs Review),data/benchmark/src/main/java/org/owasp/benchmark/testcode/BenchmarkTest01337.java,54,TP,"The user‑controlled string `bar` is written directly to the HTTP response via `response.getWriter().format` without any escaping, creating a potential XSS sink."
BenchmarkTest00176,1,CWE-78,1,1,0,0.5177,"Detected input from a HTTPServletRequest going into a 'ProcessBuilder' or 'exec' command. This could lead to command injection if variables passed into the exec commands are not properly sanitized. Instead, avoid using these OS commands with user-supplied input, or, if you must use these commands, use a whitelist of specific values.",0.5752195073482003,P3 - Medium (ML Moderate / Needs Review),data/benchmark/src/main/java/org/owasp/benchmark/testcode/BenchmarkTest00176.java,63,TP,"The code concatenates potentially user‑controlled values (cmd and bar) into a command string that is passed directly to Runtime.exec, enabling command injection."
BenchmarkTest02098,0,CWE-89,2,1,1,0.5746,Detected input from a HTTPServletRequest going into a SQL sink or statement. This could lead to SQL injection if variables in the SQL statement are not properly sanitized. Use parameterized SQL queries or properly sanitize user input instead.,0.6043967051102129,P3 - Medium (ML Moderate / Needs Review),data/benchmark/src/main/java/org/owasp/benchmark/testcode/BenchmarkTest02098.java,58,TP,"User-controlled input `bar` is directly concatenated into a SQL query string and executed via a plain Statement, creating a classic SQL injection vulnerability."
BenchmarkTest00441,1,CWE-89,2,1,1,0.5746,Detected input from a HTTPServletRequest going into a SQL sink or statement. This could lead to SQL injection if variables in the SQL statement are not properly sanitized. Use parameterized SQL queries or properly sanitize user input instead.,0.6050253134234014,P3 - Medium (ML Moderate / Needs Review),data/benchmark/src/main/java/org/owasp/benchmark/testcode/BenchmarkTest00441.java,53,TP,"User-controlled data (bar) is concatenated into an SQL string and executed via a plain Statement, creating a classic SQL injection risk."
BenchmarkTest01387,0,CWE-89,1,1,0,0.5746,Detected input from a HTTPServletRequest going into a SQL sink or statement. This could lead to SQL injection if variables in the SQL statement are not properly sanitized. Use parameterized SQL queries or properly sanitize user input instead.,0.6393503814415632,P3 - Medium (ML Moderate / Needs Review),data/benchmark/src/main/java/org/owasp/benchmark/testcode/BenchmarkTest01387.java,57,TP,"The user‑controlled variable `bar` is directly concatenated into the SQL query string, creating a classic SQL injection vulnerability."
BenchmarkTest02276,0,CWE-89,1,1,0,0.5746,Detected input from a HTTPServletRequest going into a SQL sink or statement. This could lead to SQL injection if variables in the SQL statement are not properly sanitized. Use parameterized SQL queries or properly sanitize user input instead.,0.6314792486337455,P3 - Medium (ML Moderate / Needs Review),data/benchmark/src/main/java/org/owasp/benchmark/testcode/BenchmarkTest02276.java,57,TP,"The user‑controlled variable `bar` is directly concatenated into the SQL query string, creating a classic SQL injection vulnerability."
BenchmarkTest02369,1,CWE-89,2,1,1,0.5746,Detected input from a HTTPServletRequest going into a SQL sink or statement. This could lead to SQL injection if variables in the SQL statement are not properly sanitized. Use parameterized SQL queries or properly sanitize user input instead.,0.6043967051102129,P3 - Medium (ML Moderate / Needs Review),data/benchmark/src/main/java/org/owasp/benchmark/testcode/BenchmarkTest02369.java,65,TP,"User-controlled data (bar) is concatenated into the SQL statement without using prepared statements or sanitization, enabling possible SQL injection."
BenchmarkTest01155,1,CWE-22,1,1,0,0.531,"Detected a potential path traversal. A malicious actor could control the location of this file, to include going backwards in the directory with '../'. To address this, ensure that user-controlled variables in file paths are sanitized. You may also consider using a utility method such as org.apache.commons.io.FilenameUtils.getName(...) to only retrieve the file name from the path.",0.5349061735858125,P3 - Medium (ML Moderate / Needs Review),data/benchmark/src/main/java/org/owasp/benchmark/testcode/BenchmarkTest01155.java,55,FP,"The user input is passed through Test().doSomething before being used as a file path, so the tool cannot confirm a direct path traversal vulnerability."
BenchmarkTest01382,1,CWE-89,2,1,1,0.5746,Detected input from a HTTPServletRequest going into a SQL sink or statement. This could lead to SQL injection if variables in the SQL statement are not properly sanitized. Use parameterized SQL queries or properly sanitize user input instead.,0.6221370751503495,P3 - Medium (ML Moderate / Needs Review),data/benchmark/src/main/java/org/owasp/benchmark/testcode/BenchmarkTest01382.java,57,TP,"The password value `bar` is concatenated into the SQL string without using a parameter, allowing SQL injection."
BenchmarkTest02095,0,CWE-89,2,1,1,0.5746,Detected a formatted string in a SQL statement. This could lead to SQL injection if variables in the SQL statement are not properly sanitized. Use a prepared statements (java.sql.PreparedStatement) instead. You can obtain a PreparedStatement using 'connection.prepareStatement'.,0.5476500971406442,P3 - Medium (ML Moderate / Needs Review),data/benchmark/src/main/java/org/owasp/benchmark/testcode/BenchmarkTest02095.java,60,TP,"The user‑controlled variable `bar` is concatenated into the SQL string and executed via a plain `Statement`, which can be exploited for SQL injection."
BenchmarkTest02096,1,CWE-89,2,1,1,0.5746,Detected a formatted string in a SQL statement. This could lead to SQL injection if variables in the SQL statement are not properly sanitized. Use a prepared statements (java.sql.PreparedStatement) instead. You can obtain a PreparedStatement using 'connection.prepareStatement'.,0.46739305534568415,P3 - Medium (ML Moderate / Needs Review),data/benchmark/src/main/java/org/owasp/benchmark/testcode/BenchmarkTest02096.java,60,TP,"The query concatenates the untrusted variable bar directly into the SQL string and executes it with a plain Statement, which can lead to SQL injection."
BenchmarkTest02432,1,CWE-78,1,1,0,0.5177,"Detected input from a HTTPServletRequest going into a 'ProcessBuilder' or 'exec' command. This could lead to command injection if variables passed into the exec commands are not properly sanitized. Instead, avoid using these OS commands with user-supplied input, or, if you must use these commands, use a whitelist of specific values.",0.5752195073482003,P3 - Medium (ML Moderate / Needs Review),data/benchmark/src/main/java/org/owasp/benchmark/testcode/BenchmarkTest02432.java,73,FP,"The exec call uses a predefined argument array rather than unsanitized user input, so no command injection risk."
BenchmarkTest02030,0,CWE-22,1,1,0,0.531,"Detected a potential path traversal. A malicious actor could control the location of this file, to include going backwards in the directory with '../'. To address this, ensure that user-controlled variables in file paths are sanitized. You may also consider using a utility method such as org.apache.commons.io.FilenameUtils.getName(...) to only retrieve the file name from the path.",0.5394645256012154,P3 - Medium (ML Moderate / Needs Review),data/benchmark/src/main/java/org/owasp/benchmark/testcode/BenchmarkTest02030.java,75,TP,"The code concatenates a user-controlled variable (bar) to a file path without sanitization, allowing directory traversal via '../'."
BenchmarkTest02600,1,CWE-79,1,1,0,0.6516,"Detected a request with potential user-input going into a OutputStream or Writer object. This bypasses any view or template environments, including HTML escaping, which may expose this application to cross-site scripting (XSS) vulnerabilities. Consider using a view technology such as JavaServer Faces (JSFs) which automatically escapes HTML views.",0.6221848022643229,P3 - Medium (ML Moderate / Needs Review),data/benchmark/src/main/java/org/owasp/benchmark/testcode/BenchmarkTest02600.java,76,TP,"The code writes unvalidated user input directly to the HTTP response writer, enabling reflected XSS."
BenchmarkTest01383,1,CWE-89,2,1,1,0.5746,Detected input from a HTTPServletRequest going into a SQL sink or statement. This could lead to SQL injection if variables in the SQL statement are not properly sanitized. Use parameterized SQL queries or properly sanitize user input instead.,0.6050253134234014,P3 - Medium (ML Moderate / Needs Review),data/benchmark/src/main/java/org/owasp/benchmark/testcode/BenchmarkTest01383.java,57,TP,"The password value is concatenated into the query string without parameterization, creating a potential SQL injection point."
BenchmarkTest01025,1,CWE-22,1,1,0,0.531,"Detected a potential path traversal. A malicious actor could control the location of this file, to include going backwards in the directory with '../'. To address this, ensure that user-controlled variables in file paths are sanitized. You may also consider using a utility method such as org.apache.commons.io.FilenameUtils.getName(...) to only retrieve the file name from the path.",0.5372346090670375,P3 - Medium (ML Moderate / Needs Review),data/benchmark/src/main/java/org/owasp/benchmark/testcode/BenchmarkTest01025.java,53,TP,"User‑controlled input (decoded header value) is directly used as a file name without validation, allowing '../' sequences to traverse directories."
BenchmarkTest01329,1,CWE-22,1,1,0,0.531,"Detected a potential path traversal. A malicious actor could control the location of this file, to include going backwards in the directory with '../'. To address this, ensure that user-controlled variables in file paths are sanitized. You may also consider using a utility method such as org.apache.commons.io.FilenameUtils.getName(...) to only retrieve the file name from the path.",0.5402428179282152,P3 - Medium (ML Moderate / Needs Review),data/benchmark/src/main/java/org/owasp/benchmark/testcode/BenchmarkTest01329.java,72,TP,"The code concatenates a user-controlled variable (bar) to a file path without sanitization, allowing directory traversal via '../'."
BenchmarkTest02154,1,CWE-78,1,1,0,0.5177,"Detected input from a HTTPServletRequest going into a 'ProcessBuilder' or 'exec' command. This could lead to command injection if variables passed into the exec commands are not properly sanitized. Instead, avoid using these OS commands with user-supplied input, or, if you must use these commands, use a whitelist of specific values.",0.5444416118463504,P3 - Medium (ML Moderate / Needs Review),data/benchmark/src/main/java/org/owasp/benchmark/testcode/BenchmarkTest02154.java,58,TP,"The code concatenates potentially user‑controlled values (cmd and bar) into a command string that is passed directly to Runtime.exec, enabling command injection."
BenchmarkTest00051,0,CWE-78,1,1,0,0.5177,"Detected input from a HTTPServletRequest going into a 'ProcessBuilder' or 'exec' command. This could lead to command injection if variables passed into the exec commands are not properly sanitized. Instead, avoid using these OS commands with user-supplied input, or, if you must use these commands, use a whitelist of specific values.",0.5114755110284748,P3 - Medium (ML Moderate / Needs Review),data/benchmark/src/main/java/org/owasp/benchmark/testcode/BenchmarkTest00051.java,60,TP,"User-controlled `param` is concatenated into a shell command passed to `sh -c` via ProcessBuilder, enabling command injection."
BenchmarkTest00515,1,CWE-89,2,1,1,0.5746,Detected a formatted string in a SQL statement. This could lead to SQL injection if variables in the SQL statement are not properly sanitized. Use a prepared statements (java.sql.PreparedStatement) instead. You can obtain a PreparedStatement using 'connection.prepareStatement'.,0.46739305534568415,P3 - Medium (ML Moderate / Needs Review),data/benchmark/src/main/java/org/owasp/benchmark/testcode/BenchmarkTest00515.java,67,TP,"The query concatenates the untrusted variable bar directly into the SQL string and executes it with a plain Statement, which can be exploited for SQL injection."
BenchmarkTest02601,0,CWE-79,1,1,0,0.6516,"Detected a request with potential user-input going into a OutputStream or Writer object. This bypasses any view or template environments, including HTML escaping, which may expose this application to cross-site scripting (XSS) vulnerabilities. Consider using a view technology such as JavaServer Faces (JSFs) which automatically escapes HTML views.",0.6447716715602264,P3 - Medium (ML Moderate / Needs Review),data/benchmark/src/main/java/org/owasp/benchmark/testcode/BenchmarkTest02601.java,76,TP,"The code writes unvalidated user input directly to the HTTP response writer, enabling reflected XSS."
BenchmarkTest01084,1,CWE-89,2,1,1,0.5746,Detected input from a HTTPServletRequest going into a SQL sink or statement. This could lead to SQL injection if variables in the SQL statement are not properly sanitized. Use parameterized SQL queries or properly sanitize user input instead.,0.6050253134234014,P3 - Medium (ML Moderate / Needs Review),data/benchmark/src/main/java/org/owasp/benchmark/testcode/BenchmarkTest01084.java,58,TP,"The password value is concatenated directly into the SQL string without using a prepared‑statement parameter, allowing attacker‑controlled input to alter the query."
BenchmarkTest02235,0,CWE-79,1,1,0,0.6516,"Detected a request with potential user-input going into a OutputStream or Writer object. This bypasses any view or template environments, including HTML escaping, which may expose this application to cross-site scripting (XSS) vulnerabilities. Consider using a view technology such as JavaServer Faces (JSFs) which automatically escapes HTML views.",0.6221848022643229,P3 - Medium (ML Moderate / Needs Review),data/benchmark/src/main/java/org/owasp/benchmark/testcode/BenchmarkTest02235.java,53,TP,"User‑controlled input is written directly to the HTTP response without any escaping, creating a reflected XSS risk."
BenchmarkTest01501,1,CWE-90,1,1,0,0.4815,"Detected input from a HTTPServletRequest going into an LDAP query. This could lead to LDAP injection if the input is not properly sanitized, which could result in attackers modifying objects in the LDAP tree structure. Ensure data passed to an LDAP query is not controllable or properly sanitize the data.",0.4960361627169889,P3 - Medium (ML Moderate / Needs Review),data/benchmark/src/main/java/org/owasp/benchmark/testcode/BenchmarkTest01501.java,63,FP,"The snippet only shows the LDAP search execution and does not reveal that user‑controlled input reaches the `filter` without validation, so the finding cannot be confirmed as a true vulnerability."
BenchmarkTest01632,0,CWE-643,1,1,0,0.5185,"Detected input from a HTTPServletRequest going into a XPath evaluate or compile command. This could lead to xpath injection if variables passed into the evaluate or compile commands are not properly sanitized. Xpath injection could lead to unauthorized access to sensitive information in XML documents. Instead, thoroughly sanitize user input or use parameterized xpath queries if you can.",0.5218271178138495,P3 - Medium (ML Moderate / Needs Review),data/benchmark/src/main/java/org/owasp/benchmark/testcode/BenchmarkTest01632.java,67,TP,"User‑controlled value `bar` is concatenated into an XPath expression without sanitization, enabling XPath injection."
BenchmarkTest00442,1,CWE-643,1,1,0,0.5185,"Detected input from a HTTPServletRequest going into a XPath evaluate or compile command. This could lead to xpath injection if variables passed into the evaluate or compile commands are not properly sanitized. Xpath injection could lead to unauthorized access to sensitive information in XML documents. Instead, thoroughly sanitize user input or use parameterized xpath queries if you can.",0.5218271178138495,P3 - Medium (ML Moderate / Needs Review),data/benchmark/src/main/java/org/owasp/benchmark/testcode/BenchmarkTest00442.java,68,TP,"User‑controlled value `bar` is directly concatenated into an XPath expression without validation, enabling XPath injection."
BenchmarkTest02609,0,CWE-79,1,1,0,0.6516,"Detected a request with potential user-input going into a OutputStream or Writer object. This bypasses any view or template environments, including HTML escaping, which may expose this application to cross-site scripting (XSS) vulnerabilities. Consider using a view technology such as JavaServer Faces (JSFs) which automatically escapes HTML views.",0.6447716715602264,P3 - Medium (ML Moderate / Needs Review),data/benchmark/src/main/java/org/owasp/benchmark/testcode/BenchmarkTest02609.java,73,FP,"The input is HTML‑encoded with ESAPI before being written to the response, so user data cannot inject script code."
BenchmarkTest01474,1,CWE-89,2,1,1,0.5746,Detected input from a HTTPServletRequest going into a SQL sink or statement. This could lead to SQL injection if variables in the SQL statement are not properly sanitized. Use parameterized SQL queries or properly sanitize user input instead.,0.6221370751503495,P3 - Medium (ML Moderate / Needs Review),data/benchmark/src/main/java/org/owasp/benchmark/testcode/BenchmarkTest01474.java,65,TP,"The value `bar` originates from request data and is concatenated directly into the SQL string without evident sanitization or parameterization, creating a potential SQL injection risk."
BenchmarkTest02740,0,CWE-89,1,1,0,0.5746,Detected a formatted string in a SQL statement. This could lead to SQL injection if variables in the SQL statement are not properly sanitized. Use a prepared statements (java.sql.PreparedStatement) instead. You can obtain a PreparedStatement using 'connection.prepareStatement'.,0.4725678466009309,P3 - Medium (ML Moderate / Needs Review),data/benchmark/src/main/java/org/owasp/benchmark/testcode/BenchmarkTest02740.java,54,TP,"The variable bar is directly concatenated into the SQL string, creating a classic SQL injection risk."
BenchmarkTest01621,1,CWE-89,2,1,1,0.5746,Detected input from a HTTPServletRequest going into a SQL sink or statement. This could lead to SQL injection if variables in the SQL statement are not properly sanitized. Use parameterized SQL queries or properly sanitize user input instead.,0.6043967051102129,P3 - Medium (ML Moderate / Needs Review),data/benchmark/src/main/java/org/owasp/benchmark/testcode/BenchmarkTest01621.java,55,TP,"User‑controlled input (bar) is concatenated into the callable SQL string, allowing injection of arbitrary procedure calls."
BenchmarkTest02536,0,CWE-89,1,1,0,0.5746,Detected input from a HTTPServletRequest going into a SQL sink or statement. This could lead to SQL injection if variables in the SQL statement are not properly sanitized. Use parameterized SQL queries or properly sanitize user input instead.,0.6314792486337455,P3 - Medium (ML Moderate / Needs Review),data/benchmark/src/main/java/org/owasp/benchmark/testcode/BenchmarkTest02536.java,53,TP,"The user-controlled value `bar` is concatenated directly into the SQL string without using prepared statements, creating a potential SQL injection vulnerability."
BenchmarkTest02244,1,CWE-78,1,1,0,0.5177,"Detected input from a HTTPServletRequest going into a 'ProcessBuilder' or 'exec' command. This could lead to command injection if variables passed into the exec commands are not properly sanitized. Instead, avoid using these OS commands with user-supplied input, or, if you must use these commands, use a whitelist of specific values.",0.5444416118463504,P3 - Medium (ML Moderate / Needs Review),data/benchmark/src/main/java/org/owasp/benchmark/testcode/BenchmarkTest02244.java,62,TP,"User‑controlled input (bar) is concatenated into a shell command executed via ProcessBuilder, allowing command injection."
BenchmarkTest00768,1,CWE-89,1,1,0,0.5746,Detected input from a HTTPServletRequest going into a SQL sink or statement. This could lead to SQL injection if variables in the SQL statement are not properly sanitized. Use parameterized SQL queries or properly sanitize user input instead.,0.6382802301796155,P3 - Medium (ML Moderate / Needs Review),data/benchmark/src/main/java/org/owasp/benchmark/testcode/BenchmarkTest00768.java,55,TP,"User‑controlled data (bar) is directly concatenated into the SQL query without using prepared statements or sanitization, creating a SQL injection risk."
BenchmarkTest01671,0,CWE-79,1,1,0,0.6516,"Detected a request with potential user-input going into a OutputStream or Writer object. This bypasses any view or template environments, including HTML escaping, which may expose this application to cross-site scripting (XSS) vulnerabilities. Consider using a view technology such as JavaServer Faces (JSFs) which automatically escapes HTML views.",0.6447716715602264,P3 - Medium (ML Moderate / Needs Review),data/benchmark/src/main/java/org/owasp/benchmark/testcode/BenchmarkTest01671.java,73,TP,"User‑controlled input is decoded and written directly to the HTTP response without any escaping, creating a potential XSS vector."
BenchmarkTest01110,0,CWE-22,1,1,0,0.531,"Detected a potential path traversal. A malicious actor could control the location of this file, to include going backwards in the directory with '../'. To address this, ensure that user-controlled variables in file paths are sanitized. You may also consider using a utility method such as org.apache.commons.io.FilenameUtils.getName(...) to only retrieve the file name from the path.",0.5349061735858125,P3 - Medium (ML Moderate / Needs Review),data/benchmark/src/main/java/org/owasp/benchmark/testcode/BenchmarkTest01110.java,80,TP,"The code concatenates a user-controlled variable (bar) into a file path without proper validation, allowing '../' sequences to traverse directories."
BenchmarkTest00303,1,CWE-78,1,1,0,0.5177,"Detected input from a HTTPServletRequest going into a 'ProcessBuilder' or 'exec' command. This could lead to command injection if variables passed into the exec commands are not properly sanitized. Instead, avoid using these OS commands with user-supplied input, or, if you must use these commands, use a whitelist of specific values.",0.5444416118463504,P3 - Medium (ML Moderate / Needs Review),data/benchmark/src/main/java/org/owasp/benchmark/testcode/BenchmarkTest00303.java,83,TP,"User‑controlled values (a1, a2, cmd, bar) are concatenated into the command array passed to Runtime.exec, enabling command injection."
BenchmarkTest02364,1,CWE-89,2,1,1,0.5746,Detected a formatted string in a SQL statement. This could lead to SQL injection if variables in the SQL statement are not properly sanitized. Use a prepared statements (java.sql.PreparedStatement) instead. You can obtain a PreparedStatement using 'connection.prepareStatement'.,0.4901655263130386,P3 - Medium (ML Moderate / Needs Review),data/benchmark/src/main/java/org/owasp/benchmark/testcode/BenchmarkTest02364.java,67,TP,"The user-supplied variable `bar` is directly concatenated into the SQL query, creating a classic SQL injection risk."
BenchmarkTest01490,1,CWE-90,1,1,0,0.4815,"Detected input from a HTTPServletRequest going into an LDAP query. This could lead to LDAP injection if the input is not properly sanitized, which could result in attackers modifying objects in the LDAP tree structure. Ensure data passed to an LDAP query is not controllable or properly sanitize the data.",0.4643746966999802,P3 - Medium (ML Moderate / Needs Review),data/benchmark/src/main/java/org/owasp/benchmark/testcode/BenchmarkTest01490.java,61,TP,"The user‑controlled variable `bar` is directly concatenated into the LDAP filter string, allowing malicious input to alter the query."
BenchmarkTest00845,1,CWE-89,1,1,0,0.5746,Detected input from a HTTPServletRequest going into a SQL sink or statement. This could lead to SQL injection if variables in the SQL statement are not properly sanitized. Use parameterized SQL queries or properly sanitize user input instead.,0.63810138505586,P3 - Medium (ML Moderate / Needs Review),data/benchmark/src/main/java/org/owasp/benchmark/testcode/BenchmarkTest00845.java,79,TP,"The user‑controlled value `param` (via `bar`) is directly concatenated into the SQL query without using prepared statements, creating a SQL injection risk."
BenchmarkTest00682,0,CWE-89,2,1,1,0.5746,Detected a formatted string in a SQL statement. This could lead to SQL injection if variables in the SQL statement are not properly sanitized. Use a prepared statements (java.sql.PreparedStatement) instead. You can obtain a PreparedStatement using 'connection.prepareStatement'.,0.5278626301234679,P3 - Medium (ML Moderate / Needs Review),data/benchmark/src/main/java/org/owasp/benchmark/testcode/BenchmarkTest00682.java,74,TP,"The variable bar is concatenated into the SQL string without using a prepared statement, creating a potential SQL injection vulnerability."
BenchmarkTest01067,0,CWE-78,1,1,0,0.5177,"Detected input from a HTTPServletRequest going into a 'ProcessBuilder' or 'exec' command. This could lead to command injection if variables passed into the exec commands are not properly sanitized. Instead, avoid using these OS commands with user-supplied input, or, if you must use these commands, use a whitelist of specific values.",0.5444416118463504,P3 - Medium (ML Moderate / Needs Review),data/benchmark/src/main/java/org/owasp/benchmark/testcode/BenchmarkTest01067.java,61,TP,"The code passes a variable (cmd) directly to Runtime.exec without evident validation, allowing user‑controlled input to be executed as an OS command."
BenchmarkTest00939,0,CWE-89,2,1,1,0.5746,Detected a formatted string in a SQL statement. This could lead to SQL injection if variables in the SQL statement are not properly sanitized. Use a prepared statements (java.sql.PreparedStatement) instead. You can obtain a PreparedStatement using 'connection.prepareStatement'.,0.490638252758374,P3 - Medium (ML Moderate / Needs Review),data/benchmark/src/main/java/org/owasp/benchmark/testcode/BenchmarkTest00939.java,73,TP,"The code builds the SQL query by concatenating the variable bar directly into the statement and executes it with a plain Statement, which can allow SQL injection."
BenchmarkTest02568,0,CWE-22,1,1,0,0.531,"Detected a potential path traversal. A malicious actor could control the location of this file, to include going backwards in the directory with '../'. To address this, ensure that user-controlled variables in file paths are sanitized. You may also consider using a utility method such as org.apache.commons.io.FilenameUtils.getName(...) to only retrieve the file name from the path.",0.5394645256012154,P3 - Medium (ML Moderate / Needs Review),data/benchmark/src/main/java/org/owasp/benchmark/testcode/BenchmarkTest02568.java,78,TP,"The code concatenates a potentially user-controlled value (bar) to a directory path without sanitization, allowing path traversal."
BenchmarkTest02639,0,CWE-89,1,1,0,0.5746,Detected input from a HTTPServletRequest going into a SQL sink or statement. This could lead to SQL injection if variables in the SQL statement are not properly sanitized. Use parameterized SQL queries or properly sanitize user input instead.,0.6393503814415632,P3 - Medium (ML Moderate / Needs Review),data/benchmark/src/main/java/org/owasp/benchmark/testcode/BenchmarkTest02639.java,75,TP,"The user‑controlled value `bar` is concatenated directly into the SQL string without using prepared statements, creating a potential SQL injection vulnerability."
BenchmarkTest02172,0,CWE-89,2,1,1,0.5746,Detected input from a HTTPServletRequest going into a SQL sink or statement. This could lead to SQL injection if variables in the SQL statement are not properly sanitized. Use parameterized SQL queries or properly sanitize user input instead.,0.6161353418384643,P3 - Medium (ML Moderate / Needs Review),data/benchmark/src/main/java/org/owasp/benchmark/testcode/BenchmarkTest02172.java,53,TP,"The password value is concatenated into the query string without parameterization, creating a potential SQL injection point."
BenchmarkTest00219,1,CWE-22,1,1,0,0.531,"Detected a potential path traversal. A malicious actor could control the location of this file, to include going backwards in the directory with '../'. To address this, ensure that user-controlled variables in file paths are sanitized. You may also consider using a utility method such as org.apache.commons.io.FilenameUtils.getName(...) to only retrieve the file name from the path.",0.5394645256012154,P3 - Medium (ML Moderate / Needs Review),data/benchmark/src/main/java/org/owasp/benchmark/testcode/BenchmarkTest00219.java,73,TP,"The code concatenates a user-controlled variable (bar) to a directory path without sanitization, allowing '../' sequences to traverse directories."
BenchmarkTest00625,0,CWE-22,1,1,0,0.531,"Detected a potential path traversal. A malicious actor could control the location of this file, to include going backwards in the directory with '../'. To address this, ensure that user-controlled variables in file paths are sanitized. You may also consider using a utility method such as org.apache.commons.io.FilenameUtils.getName(...) to only retrieve the file name from the path.",0.5402428179282152,P3 - Medium (ML Moderate / Needs Review),data/benchmark/src/main/java/org/owasp/benchmark/testcode/BenchmarkTest00625.java,61,TP,"The code concatenates a potentially user-controlled value (bar) to a directory path without sanitization, allowing '../' sequences to traverse directories."
BenchmarkTest01479,0,CWE-643,1,1,0,0.5185,"Detected input from a HTTPServletRequest going into a XPath evaluate or compile command. This could lead to xpath injection if variables passed into the evaluate or compile commands are not properly sanitized. Xpath injection could lead to unauthorized access to sensitive information in XML documents. Instead, thoroughly sanitize user input or use parameterized xpath queries if you can.",0.5736924789216268,P3 - Medium (ML Moderate / Needs Review),data/benchmark/src/main/java/org/owasp/benchmark/testcode/BenchmarkTest01479.java,79,TP,"The user‑controlled variable `bar` is concatenated directly into an XPath expression and compiled without sanitization, enabling XPath injection."
BenchmarkTest00658,0,CWE-78,1,1,0,0.5177,"Detected input from a HTTPServletRequest going into a 'ProcessBuilder' or 'exec' command. This could lead to command injection if variables passed into the exec commands are not properly sanitized. Instead, avoid using these OS commands with user-supplied input, or, if you must use these commands, use a whitelist of specific values.",0.5114755110284748,P3 - Medium (ML Moderate / Needs Review),data/benchmark/src/main/java/org/owasp/benchmark/testcode/BenchmarkTest00658.java,64,TP,"User-controlled input (bar) is concatenated into a command string passed to Runtime.exec, enabling possible command injection."
BenchmarkTest02269,1,CWE-89,2,1,1,0.5746,Detected input from a HTTPServletRequest going into a SQL sink or statement. This could lead to SQL injection if variables in the SQL statement are not properly sanitized. Use parameterized SQL queries or properly sanitize user input instead.,0.6221370751503495,P3 - Medium (ML Moderate / Needs Review),data/benchmark/src/main/java/org/owasp/benchmark/testcode/BenchmarkTest02269.java,57,TP,"The password value is concatenated directly into the query string, allowing unsanitized user input to alter the SQL."
BenchmarkTest00033,1,CWE-89,1,1,0,0.5746,Detected input from a HTTPServletRequest going into a SQL sink or statement. This could lead to SQL injection if variables in the SQL statement are not properly sanitized. Use parameterized SQL queries or properly sanitize user input instead.,0.6371570818030259,P3 - Medium (ML Moderate / Needs Review),data/benchmark/src/main/java/org/owasp/benchmark/testcode/BenchmarkTest00033.java,53,TP,"The request parameter `param` is concatenated directly into the SQL string without using prepared statements or sanitization, creating a classic SQL injection risk."
BenchmarkTest00622,0,CWE-22,1,1,0,0.531,"Detected a potential path traversal. A malicious actor could control the location of this file, to include going backwards in the directory with '../'. To address this, ensure that user-controlled variables in file paths are sanitized. You may also consider using a utility method such as org.apache.commons.io.FilenameUtils.getName(...) to only retrieve the file name from the path.",0.5372346090670375,P3 - Medium (ML Moderate / Needs Review),data/benchmark/src/main/java/org/owasp/benchmark/testcode/BenchmarkTest00622.java,69,FP,"The file path uses a constant string (""bob's your uncle"") not influenced by user input, so no path traversal risk."
BenchmarkTest00950,1,CWE-22,1,1,0,0.531,"Detected a potential path traversal. A malicious actor could control the location of this file, to include going backwards in the directory with '../'. To address this, ensure that user-controlled variables in file paths are sanitized. You may also consider using a utility method such as org.apache.commons.io.FilenameUtils.getName(...) to only retrieve the file name from the path.",0.5305215095490278,P3 - Medium (ML Moderate / Needs Review),data/benchmark/src/main/java/org/owasp/benchmark/testcode/BenchmarkTest00950.java,68,FP,"The second argument ""/Test.txt"" is an absolute path, so the parent directory `bar` is ignored and user input cannot influence the file location."
BenchmarkTest02581,0,CWE-79,1,1,0,0.6516,"Detected a request with potential user-input going into a OutputStream or Writer object. This bypasses any view or template environments, including HTML escaping, which may expose this application to cross-site scripting (XSS) vulnerabilities. Consider using a view technology such as JavaServer Faces (JSFs) which automatically escapes HTML views.",0.6447716715602264,P3 - Medium (ML Moderate / Needs Review),data/benchmark/src/main/java/org/owasp/benchmark/testcode/BenchmarkTest02581.java,74,FP,"The input is HTML‑escaped before being used, so user data cannot inject script content despite being written directly to the response."
BenchmarkTest00784,0,CWE-22,1,1,0,0.531,"Detected a potential path traversal. A malicious actor could control the location of this file, to include going backwards in the directory with '../'. To address this, ensure that user-controlled variables in file paths are sanitized. You may also consider using a utility method such as org.apache.commons.io.FilenameUtils.getName(...) to only retrieve the file name from the path.",0.5349061735858125,P3 - Medium (ML Moderate / Needs Review),data/benchmark/src/main/java/org/owasp/benchmark/testcode/BenchmarkTest00784.java,96,TP,"The code concatenates a user-controlled variable (bar) directly to a directory path without validation, allowing path traversal via '../'."
BenchmarkTest00264,1,CWE-22,1,1,0,0.531,"Detected a potential path traversal. A malicious actor could control the location of this file, to include going backwards in the directory with '../'. To address this, ensure that user-controlled variables in file paths are sanitized. You may also consider using a utility method such as org.apache.commons.io.FilenameUtils.getName(...) to only retrieve the file name from the path.",0.5305215095490278,P3 - Medium (ML Moderate / Needs Review),data/benchmark/src/main/java/org/owasp/benchmark/testcode/BenchmarkTest00264.java,65,TP,"The code concatenates a potentially user-controlled value (bar) to a directory path without sanitization, allowing '../' sequences to traverse directories."
BenchmarkTest01731,1,CWE-89,2,1,1,0.5746,Detected a formatted string in a SQL statement. This could lead to SQL injection if variables in the SQL statement are not properly sanitized. Use a prepared statements (java.sql.PreparedStatement) instead. You can obtain a PreparedStatement using 'connection.prepareStatement'.,0.46739305534568415,P3 - Medium (ML Moderate / Needs Review),data/benchmark/src/main/java/org/owasp/benchmark/testcode/BenchmarkTest01731.java,77,TP,"The user-supplied variable `bar` is directly concatenated into the SQL string and executed via a plain Statement, creating a classic SQL injection risk."
BenchmarkTest01057,1,CWE-79,1,1,0,0.6516,"Detected a request with potential user-input going into a OutputStream or Writer object. This bypasses any view or template environments, including HTML escaping, which may expose this application to cross-site scripting (XSS) vulnerabilities. Consider using a view technology such as JavaServer Faces (JSFs) which automatically escapes HTML views.",0.6221848022643229,P3 - Medium (ML Moderate / Needs Review),data/benchmark/src/main/java/org/owasp/benchmark/testcode/BenchmarkTest01057.java,54,TP,"User‑controlled input is decoded and written directly to the response without any escaping, enabling reflected XSS."
BenchmarkTest00262,1,CWE-22,1,1,0,0.531,"Detected a potential path traversal. A malicious actor could control the location of this file, to include going backwards in the directory with '../'. To address this, ensure that user-controlled variables in file paths are sanitized. You may also consider using a utility method such as org.apache.commons.io.FilenameUtils.getName(...) to only retrieve the file name from the path.",0.5305215095490278,P3 - Medium (ML Moderate / Needs Review),data/benchmark/src/main/java/org/owasp/benchmark/testcode/BenchmarkTest00262.java,74,FP,"The file path uses a constant string, not user-controlled input, so no path traversal risk."
BenchmarkTest01111,1,CWE-22,1,1,0,0.531,"Detected a potential path traversal. A malicious actor could control the location of this file, to include going backwards in the directory with '../'. To address this, ensure that user-controlled variables in file paths are sanitized. You may also consider using a utility method such as org.apache.commons.io.FilenameUtils.getName(...) to only retrieve the file name from the path.",0.5349061735858125,P3 - Medium (ML Moderate / Needs Review),data/benchmark/src/main/java/org/owasp/benchmark/testcode/BenchmarkTest01111.java,68,TP,"The code concatenates a user-controlled variable (bar) directly to a directory path and opens it without sanitization, enabling path traversal."
BenchmarkTest02517,1,CWE-78,1,1,0,0.5177,"Detected input from a HTTPServletRequest going into a 'ProcessBuilder' or 'exec' command. This could lead to command injection if variables passed into the exec commands are not properly sanitized. Instead, avoid using these OS commands with user-supplied input, or, if you must use these commands, use a whitelist of specific values.",0.5114755110284748,P3 - Medium (ML Moderate / Needs Review),data/benchmark/src/main/java/org/owasp/benchmark/testcode/BenchmarkTest02517.java,56,FP,"The command string is obtained from a static helper, not directly from user input, so no command injection risk."
BenchmarkTest02272,1,CWE-89,1,1,0,0.5746,Detected input from a HTTPServletRequest going into a SQL sink or statement. This could lead to SQL injection if variables in the SQL statement are not properly sanitized. Use parameterized SQL queries or properly sanitize user input instead.,0.6314792486337455,P3 - Medium (ML Moderate / Needs Review),data/benchmark/src/main/java/org/owasp/benchmark/testcode/BenchmarkTest02272.java,55,TP,"The user-controlled value `bar` is concatenated directly into the SQL string without using prepared statements, creating a potential SQL injection vulnerability."
BenchmarkTest00438,1,CWE-89,2,1,1,0.5746,Detected a formatted string in a SQL statement. This could lead to SQL injection if variables in the SQL statement are not properly sanitized. Use a prepared statements (java.sql.PreparedStatement) instead. You can obtain a PreparedStatement using 'connection.prepareStatement'.,0.5476500971406442,P3 - Medium (ML Moderate / Needs Review),data/benchmark/src/main/java/org/owasp/benchmark/testcode/BenchmarkTest00438.java,58,TP,"The user-supplied variable `bar` is directly concatenated into the SQL string and executed via a plain Statement, creating a classic SQL injection risk."
BenchmarkTest02713,0,CWE-78,1,1,0,0.5177,"Detected input from a HTTPServletRequest going into a 'ProcessBuilder' or 'exec' command. This could lead to command injection if variables passed into the exec commands are not properly sanitized. Instead, avoid using these OS commands with user-supplied input, or, if you must use these commands, use a whitelist of specific values.",0.5752195073482003,P3 - Medium (ML Moderate / Needs Review),data/benchmark/src/main/java/org/owasp/benchmark/testcode/BenchmarkTest02713.java,58,TP,"User‑controlled values (cmd and bar) are passed directly to Runtime.exec without validation, enabling command injection."
BenchmarkTest00440,0,CWE-89,2,1,1,0.5746,Detected a formatted string in a SQL statement. This could lead to SQL injection if variables in the SQL statement are not properly sanitized. Use a prepared statements (java.sql.PreparedStatement) instead. You can obtain a PreparedStatement using 'connection.prepareStatement'.,0.46739305534568415,P3 - Medium (ML Moderate / Needs Review),data/benchmark/src/main/java/org/owasp/benchmark/testcode/BenchmarkTest00440.java,59,TP,"The variable bar is concatenated into the SQL string and executed via a raw Statement, creating a classic SQL injection risk."
BenchmarkTest02429,1,CWE-78,1,1,0,0.5177,"Detected input from a HTTPServletRequest going into a 'ProcessBuilder' or 'exec' command. This could lead to command injection if variables passed into the exec commands are not properly sanitized. Instead, avoid using these OS commands with user-supplied input, or, if you must use these commands, use a whitelist of specific values.",0.5444416118463504,P3 - Medium (ML Moderate / Needs Review),data/benchmark/src/main/java/org/owasp/benchmark/testcode/BenchmarkTest02429.java,71,TP,"User-controlled values (a1, a2, cmd, bar) are concatenated into the command array passed to Runtime.exec, enabling possible command injection."
BenchmarkTest01466,1,CWE-89,1,1,0,0.5746,Detected input from a HTTPServletRequest going into a SQL sink or statement. This could lead to SQL injection if variables in the SQL statement are not properly sanitized. Use parameterized SQL queries or properly sanitize user input instead.,0.6371570818030259,P3 - Medium (ML Moderate / Needs Review),data/benchmark/src/main/java/org/owasp/benchmark/testcode/BenchmarkTest01466.java,64,TP,"The value `bar` originates from request data and is concatenated directly into the SQL string without using prepared statements or sanitization, creating a potential SQL injection."
BenchmarkTest02087,1,CWE-89,2,1,1,0.5746,Detected input from a HTTPServletRequest going into a SQL sink or statement. This could lead to SQL injection if variables in the SQL statement are not properly sanitized. Use parameterized SQL queries or properly sanitize user input instead.,0.6050253134234014,P3 - Medium (ML Moderate / Needs Review),data/benchmark/src/main/java/org/owasp/benchmark/testcode/BenchmarkTest02087.java,60,TP,"The password value `bar` is concatenated into the SQL string without using a parameter, allowing SQL injection."
BenchmarkTest02145,1,CWE-79,1,1,0,0.6516,"Detected a request with potential user-input going into a OutputStream or Writer object. This bypasses any view or template environments, including HTML escaping, which may expose this application to cross-site scripting (XSS) vulnerabilities. Consider using a view technology such as JavaServer Faces (JSFs) which automatically escapes HTML views.",0.6221848022643229,P3 - Medium (ML Moderate / Needs Review),data/benchmark/src/main/java/org/owasp/benchmark/testcode/BenchmarkTest02145.java,49,TP,"User‑controlled input is written straight to the HTTP response without HTML escaping, creating a potential reflected XSS vulnerability."
BenchmarkTest02181,1,CWE-89,1,1,0,0.5746,Detected input from a HTTPServletRequest going into a SQL sink or statement. This could lead to SQL injection if variables in the SQL statement are not properly sanitized. Use parameterized SQL queries or properly sanitize user input instead.,0.6314792486337455,P3 - Medium (ML Moderate / Needs Review),data/benchmark/src/main/java/org/owasp/benchmark/testcode/BenchmarkTest02181.java,51,TP,"The user‑controlled value `bar` is directly concatenated into the SQL string, creating a classic SQL injection vulnerability."
BenchmarkTest00906,0,CWE-78,1,1,0,0.5177,"Detected input from a HTTPServletRequest going into a 'ProcessBuilder' or 'exec' command. This could lead to command injection if variables passed into the exec commands are not properly sanitized. Instead, avoid using these OS commands with user-supplied input, or, if you must use these commands, use a whitelist of specific values.",0.5752195073482003,P3 - Medium (ML Moderate / Needs Review),data/benchmark/src/main/java/org/owasp/benchmark/testcode/BenchmarkTest00906.java,77,TP,"User‑controlled values (a1, a2, cmd, bar) are concatenated into the command array passed to Runtime.exec, enabling command injection."
BenchmarkTest02032,1,CWE-22,1,1,0,0.531,"Detected a potential path traversal. A malicious actor could control the location of this file, to include going backwards in the directory with '../'. To address this, ensure that user-controlled variables in file paths are sanitized. You may also consider using a utility method such as org.apache.commons.io.FilenameUtils.getName(...) to only retrieve the file name from the path.",0.5402428179282152,P3 - Medium (ML Moderate / Needs Review),data/benchmark/src/main/java/org/owasp/benchmark/testcode/BenchmarkTest02032.java,60,TP,"The code concatenates a user-controlled variable (bar) directly to a directory path without validation, allowing path traversal via '../'."
BenchmarkTest01690,1,CWE-78,1,1,0,0.5177,"Detected input from a HTTPServletRequest going into a 'ProcessBuilder' or 'exec' command. This could lead to command injection if variables passed into the exec commands are not properly sanitized. Instead, avoid using these OS commands with user-supplied input, or, if you must use these commands, use a whitelist of specific values.",0.5114755110284748,P3 - Medium (ML Moderate / Needs Review),data/benchmark/src/main/java/org/owasp/benchmark/testcode/BenchmarkTest01690.java,80,TP,"The code passes a variable (cmd) directly to Runtime.exec without evident validation, allowing user‑controlled input to be executed as an OS command."
BenchmarkTest02554,0,CWE-22,1,1,0,0.531,"Detected a potential path traversal. A malicious actor could control the location of this file, to include going backwards in the directory with '../'. To address this, ensure that user-controlled variables in file paths are sanitized. You may also consider using a utility method such as org.apache.commons.io.FilenameUtils.getName(...) to only retrieve the file name from the path.",0.5402428179282152,P3 - Medium (ML Moderate / Needs Review),data/benchmark/src/main/java/org/owasp/benchmark/testcode/BenchmarkTest02554.java,72,TP,"User‑controlled input (param) is decoded and concatenated to a base directory to create a File object without sanitization, allowing '../' sequences to traverse directories."
BenchmarkTest02153,0,CWE-78,1,1,0,0.5177,"Detected input from a HTTPServletRequest going into a 'ProcessBuilder' or 'exec' command. This could lead to command injection if variables passed into the exec commands are not properly sanitized. Instead, avoid using these OS commands with user-supplied input, or, if you must use these commands, use a whitelist of specific values.",0.5444416118463504,P3 - Medium (ML Moderate / Needs Review),data/benchmark/src/main/java/org/owasp/benchmark/testcode/BenchmarkTest02153.java,57,TP,"User‑controlled values are passed directly to Runtime.exec without validation, allowing an attacker to execute arbitrary OS commands."
BenchmarkTest01256,0,CWE-79,1,1,0,0.6516,"Detected a request with potential user-input going into a OutputStream or Writer object. This bypasses any view or template environments, including HTML escaping, which may expose this application to cross-site scripting (XSS) vulnerabilities. Consider using a view technology such as JavaServer Faces (JSFs) which automatically escapes HTML views.",0.6447716715602264,P3 - Medium (ML Moderate / Needs Review),data/benchmark/src/main/java/org/owasp/benchmark/testcode/BenchmarkTest01256.java,49,TP,"User-controlled input is written directly to the HTTP response without any escaping, creating a potential XSS vector."
BenchmarkTest00767,1,CWE-89,1,1,0,0.5746,Detected input from a HTTPServletRequest going into a SQL sink or statement. This could lead to SQL injection if variables in the SQL statement are not properly sanitized. Use parameterized SQL queries or properly sanitize user input instead.,0.6382802301796155,P3 - Medium (ML Moderate / Needs Review),data/benchmark/src/main/java/org/owasp/benchmark/testcode/BenchmarkTest00767.java,73,TP,"The user-controlled variable `bar` is directly concatenated into the SQL query string, creating a potential SQL injection vulnerability."
BenchmarkTest02640,0,CWE-89,1,1,0,0.5746,Detected input from a HTTPServletRequest going into a SQL sink or statement. This could lead to SQL injection if variables in the SQL statement are not properly sanitized. Use parameterized SQL queries or properly sanitize user input instead.,0.6314792486337455,P3 - Medium (ML Moderate / Needs Review),data/benchmark/src/main/java/org/owasp/benchmark/testcode/BenchmarkTest02640.java,75,TP,"The user‑controlled value `bar` is concatenated directly into the SQL string without using prepared statements, creating a potential SQL injection vulnerability."
BenchmarkTest02243,1,CWE-78,1,1,0,0.5177,"Detected input from a HTTPServletRequest going into a 'ProcessBuilder' or 'exec' command. This could lead to command injection if variables passed into the exec commands are not properly sanitized. Instead, avoid using these OS commands with user-supplied input, or, if you must use these commands, use a whitelist of specific values.",0.5444416118463504,P3 - Medium (ML Moderate / Needs Review),data/benchmark/src/main/java/org/owasp/benchmark/testcode/BenchmarkTest02243.java,62,TP,"User‑controlled input (bar) is concatenated into a shell command executed via ProcessBuilder, allowing command injection."
BenchmarkTest01747,0,CWE-22,1,1,0,0.531,"Detected a potential path traversal. A malicious actor could control the location of this file, to include going backwards in the directory with '../'. To address this, ensure that user-controlled variables in file paths are sanitized. You may also consider using a utility method such as org.apache.commons.io.FilenameUtils.getName(...) to only retrieve the file name from the path.",0.5305215095490278,P3 - Medium (ML Moderate / Needs Review),data/benchmark/src/main/java/org/owasp/benchmark/testcode/BenchmarkTest01747.java,69,TP,"The code concatenates a user-controlled variable (bar) to a file path without sanitization, allowing directory traversal via '../'."
BenchmarkTest02326,1,CWE-79,1,1,0,0.6516,"Detected a request with potential user-input going into a OutputStream or Writer object. This bypasses any view or template environments, including HTML escaping, which may expose this application to cross-site scripting (XSS) vulnerabilities. Consider using a view technology such as JavaServer Faces (JSFs) which automatically escapes HTML views.",0.6447716715602264,P3 - Medium (ML Moderate / Needs Review),data/benchmark/src/main/java/org/owasp/benchmark/testcode/BenchmarkTest02326.java,63,TP,"User‑controlled data (bar) is written directly to the HTTP response without any escaping, creating a potential XSS vector."
BenchmarkTest00012,1,CWE-90,1,1,0,0.4815,"Detected input from a HTTPServletRequest going into an LDAP query. This could lead to LDAP injection if the input is not properly sanitized, which could result in attackers modifying objects in the LDAP tree structure. Ensure data passed to an LDAP query is not controllable or properly sanitize the data.",0.5087973542492934,P3 - Medium (ML Moderate / Needs Review),data/benchmark/src/main/java/org/owasp/benchmark/testcode/BenchmarkTest00012.java,68,FP,"The snippet only shows the LDAP search execution and does not reveal that the filter value originates from unsanitized user input, so there is insufficient evidence of an injection vulnerability."
BenchmarkTest01732,0,CWE-89,2,1,1,0.5746,Detected input from a HTTPServletRequest going into a SQL sink or statement. This could lead to SQL injection if variables in the SQL statement are not properly sanitized. Use parameterized SQL queries or properly sanitize user input instead.,0.6161353418384643,P3 - Medium (ML Moderate / Needs Review),data/benchmark/src/main/java/org/owasp/benchmark/testcode/BenchmarkTest01732.java,75,TP,"The user‑controlled value `bar` is concatenated directly into the SQL string without using a prepared statement, creating a potential SQL injection."
BenchmarkTest02585,1,CWE-79,1,1,0,0.6516,"Detected a request with potential user-input going into a OutputStream or Writer object. This bypasses any view or template environments, including HTML escaping, which may expose this application to cross-site scripting (XSS) vulnerabilities. Consider using a view technology such as JavaServer Faces (JSFs) which automatically escapes HTML views.",0.6447716715602264,P3 - Medium (ML Moderate / Needs Review),data/benchmark/src/main/java/org/owasp/benchmark/testcode/BenchmarkTest02585.java,73,TP,"User‑controlled input is written directly to the HTTP response without any encoding or escaping, creating a reflected XSS vulnerability."
BenchmarkTest02455,1,CWE-89,2,1,1,0.5746,Detected a formatted string in a SQL statement. This could lead to SQL injection if variables in the SQL statement are not properly sanitized. Use a prepared statements (java.sql.PreparedStatement) instead. You can obtain a PreparedStatement using 'connection.prepareStatement'.,0.4901655263130386,P3 - Medium (ML Moderate / Needs Review),data/benchmark/src/main/java/org/owasp/benchmark/testcode/BenchmarkTest02455.java,55,TP,"The variable `bar` is concatenated into the SQL string without using a prepared statement, creating a potential SQL injection vulnerability."
BenchmarkTest02173,0,CWE-89,2,1,1,0.5746,Detected input from a HTTPServletRequest going into a SQL sink or statement. This could lead to SQL injection if variables in the SQL statement are not properly sanitized. Use parameterized SQL queries or properly sanitize user input instead.,0.6043967051102129,P3 - Medium (ML Moderate / Needs Review),data/benchmark/src/main/java/org/owasp/benchmark/testcode/BenchmarkTest02173.java,53,TP,"The password value is concatenated into the query string without sanitization, creating a SQL injection risk."
BenchmarkTest01972,1,CWE-89,2,1,1,0.5746,Detected a formatted string in a SQL statement. This could lead to SQL injection if variables in the SQL statement are not properly sanitized. Use a prepared statements (java.sql.PreparedStatement) instead. You can obtain a PreparedStatement using 'connection.prepareStatement'.,0.46739305534568415,P3 - Medium (ML Moderate / Needs Review),data/benchmark/src/main/java/org/owasp/benchmark/testcode/BenchmarkTest01972.java,58,TP,"The user-supplied variable `bar` is directly concatenated into the SQL string and executed via a plain Statement, creating a classic SQL injection risk."
BenchmarkTest01715,1,CWE-89,2,1,1,0.5746,Detected input from a HTTPServletRequest going into a SQL sink or statement. This could lead to SQL injection if variables in the SQL statement are not properly sanitized. Use parameterized SQL queries or properly sanitize user input instead.,0.6315115188114625,P3 - Medium (ML Moderate / Needs Review),data/benchmark/src/main/java/org/owasp/benchmark/testcode/BenchmarkTest01715.java,77,TP,"The password value is concatenated into the query string without sanitization, creating a SQL injection risk."
BenchmarkTest00406,0,CWE-78,1,1,0,0.5177,"Detected input from a HTTPServletRequest going into a 'ProcessBuilder' or 'exec' command. This could lead to command injection if variables passed into the exec commands are not properly sanitized. Instead, avoid using these OS commands with user-supplied input, or, if you must use these commands, use a whitelist of specific values.",0.5089059229256337,P3 - Medium (ML Moderate / Needs Review),data/benchmark/src/main/java/org/owasp/benchmark/testcode/BenchmarkTest00406.java,74,TP,"User-controlled values (a1, a2, cmd, bar) are concatenated into the command array passed to Runtime.exec, enabling possible command injection."
BenchmarkTest01967,0,CWE-89,1,1,0,0.5746,Detected input from a HTTPServletRequest going into a SQL sink or statement. This could lead to SQL injection if variables in the SQL statement are not properly sanitized. Use parameterized SQL queries or properly sanitize user input instead.,0.6314792486337455,P3 - Medium (ML Moderate / Needs Review),data/benchmark/src/main/java/org/owasp/benchmark/testcode/BenchmarkTest01967.java,56,TP,"The user‑controlled value `bar` is directly concatenated into the SQL query without using prepared statements, creating a potential SQL injection vulnerability."
BenchmarkTest00131,0,CWE-22,1,1,0,0.531,"Detected a potential path traversal. A malicious actor could control the location of this file, to include going backwards in the directory with '../'. To address this, ensure that user-controlled variables in file paths are sanitized. You may also consider using a utility method such as org.apache.commons.io.FilenameUtils.getName(...) to only retrieve the file name from the path.",0.5402428179282152,P3 - Medium (ML Moderate / Needs Review),data/benchmark/src/main/java/org/owasp/benchmark/testcode/BenchmarkTest00131.java,72,FP,"The file path uses a constant string (""bob's your uncle"") not user-controlled input, so no path traversal risk."
BenchmarkTest01189,0,CWE-78,1,1,0,0.5177,"Detected input from a HTTPServletRequest going into a 'ProcessBuilder' or 'exec' command. This could lead to command injection if variables passed into the exec commands are not properly sanitized. Instead, avoid using these OS commands with user-supplied input, or, if you must use these commands, use a whitelist of specific values.",0.5683792859920807,P3 - Medium (ML Moderate / Needs Review),data/benchmark/src/main/java/org/owasp/benchmark/testcode/BenchmarkTest01189.java,76,TP,"User-controlled values (a1, a2, cmd, bar) are concatenated into the command array passed to Runtime.exec, enabling possible command injection."
BenchmarkTest01393,0,CWE-89,2,1,1,0.5746,Detected input from a HTTPServletRequest going into a SQL sink or statement. This could lead to SQL injection if variables in the SQL statement are not properly sanitized. Use parameterized SQL queries or properly sanitize user input instead.,0.6221370751503495,P3 - Medium (ML Moderate / Needs Review),data/benchmark/src/main/java/org/owasp/benchmark/testcode/BenchmarkTest01393.java,55,TP,"The user‑controlled value `bar` is concatenated into a raw SQL string and executed via a plain Statement, which can be exploited for SQL injection."
BenchmarkTest01190,1,CWE-78,1,1,0,0.5177,"Detected input from a HTTPServletRequest going into a 'ProcessBuilder' or 'exec' command. This could lead to command injection if variables passed into the exec commands are not properly sanitized. Instead, avoid using these OS commands with user-supplied input, or, if you must use these commands, use a whitelist of specific values.",0.5089059229256337,P3 - Medium (ML Moderate / Needs Review),data/benchmark/src/main/java/org/owasp/benchmark/testcode/BenchmarkTest01190.java,64,TP,"User‑controlled values (cmd and bar) are passed directly to Runtime.exec without validation, allowing an attacker to execute arbitrary OS commands."
BenchmarkTest01907,1,CWE-22,1,1,0,0.531,"Detected a potential path traversal. A malicious actor could control the location of this file, to include going backwards in the directory with '../'. To address this, ensure that user-controlled variables in file paths are sanitized. You may also consider using a utility method such as org.apache.commons.io.FilenameUtils.getName(...) to only retrieve the file name from the path.",0.5394645256012154,P3 - Medium (ML Moderate / Needs Review),data/benchmark/src/main/java/org/owasp/benchmark/testcode/BenchmarkTest01907.java,59,TP,"The code concatenates a potentially user-controlled value (bar) to a directory path without sanitization, allowing '../' sequences to traverse directories."
BenchmarkTest02361,0,CWE-89,1,1,0,0.5746,Detected input from a HTTPServletRequest going into a SQL sink or statement. This could lead to SQL injection if variables in the SQL statement are not properly sanitized. Use parameterized SQL queries or properly sanitize user input instead.,0.63810138505586,P3 - Medium (ML Moderate / Needs Review),data/benchmark/src/main/java/org/owasp/benchmark/testcode/BenchmarkTest02361.java,65,TP,"The user‑controlled value `bar` is directly concatenated into the SQL query without using prepared statements, creating a potential SQL injection vulnerability."
BenchmarkTest01050,1,CWE-79,1,1,0,0.6516,"Detected a request with potential user-input going into a OutputStream or Writer object. This bypasses any view or template environments, including HTML escaping, which may expose this application to cross-site scripting (XSS) vulnerabilities. Consider using a view technology such as JavaServer Faces (JSFs) which automatically escapes HTML views.",0.6221848022643229,P3 - Medium (ML Moderate / Needs Review),data/benchmark/src/main/java/org/owasp/benchmark/testcode/BenchmarkTest01050.java,54,TP,"User-controlled input is written directly to the HTTP response without any escaping, creating a potential XSS vector."
BenchmarkTest01180,0,CWE-79,1,1,0,0.6516,"Detected a request with potential user-input going into a OutputStream or Writer object. This bypasses any view or template environments, including HTML escaping, which may expose this application to cross-site scripting (XSS) vulnerabilities. Consider using a view technology such as JavaServer Faces (JSFs) which automatically escapes HTML views.",0.6221848022643229,P3 - Medium (ML Moderate / Needs Review),data/benchmark/src/main/java/org/owasp/benchmark/testcode/BenchmarkTest01180.java,56,TP,"User‑controlled input is decoded and written directly to the HTTP response without any escaping, creating a potential XSS vector."
BenchmarkTest00739,0,CWE-78,1,1,0,0.5177,"Detected input from a HTTPServletRequest going into a 'ProcessBuilder' or 'exec' command. This could lead to command injection if variables passed into the exec commands are not properly sanitized. Instead, avoid using these OS commands with user-supplied input, or, if you must use these commands, use a whitelist of specific values.",0.5752195073482003,P3 - Medium (ML Moderate / Needs Review),data/benchmark/src/main/java/org/owasp/benchmark/testcode/BenchmarkTest00739.java,78,FP,"The snippet executes a command using a predefined variable (args) that is not shown to be derived from user-controlled HTTP request data, so there is no evident injection risk."
BenchmarkTest02642,1,CWE-89,1,1,0,0.5746,Detected input from a HTTPServletRequest going into a SQL sink or statement. This could lead to SQL injection if variables in the SQL statement are not properly sanitized. Use parameterized SQL queries or properly sanitize user input instead.,0.6382802301796155,P3 - Medium (ML Moderate / Needs Review),data/benchmark/src/main/java/org/owasp/benchmark/testcode/BenchmarkTest02642.java,75,TP,"User-controlled input (`bar`) is directly concatenated into the SQL query, creating a potential SQL injection vulnerability."
BenchmarkTest02513,0,CWE-78,1,1,0,0.5177,"Detected input from a HTTPServletRequest going into a 'ProcessBuilder' or 'exec' command. This could lead to command injection if variables passed into the exec commands are not properly sanitized. Instead, avoid using these OS commands with user-supplied input, or, if you must use these commands, use a whitelist of specific values.",0.5089059229256337,P3 - Medium (ML Moderate / Needs Review),data/benchmark/src/main/java/org/owasp/benchmark/testcode/BenchmarkTest02513.java,59,TP,"User‑controlled values (cmd and bar) are passed directly to Runtime.exec without validation, enabling possible command injection."
BenchmarkTest02370,0,CWE-643,1,1,0,0.5185,"Detected input from a HTTPServletRequest going into a XPath evaluate or compile command. This could lead to xpath injection if variables passed into the evaluate or compile commands are not properly sanitized. Xpath injection could lead to unauthorized access to sensitive information in XML documents. Instead, thoroughly sanitize user input or use parameterized xpath queries if you can.",0.5736924789216268,P3 - Medium (ML Moderate / Needs Review),data/benchmark/src/main/java/org/owasp/benchmark/testcode/BenchmarkTest02370.java,79,TP,"The user‑controlled variable `bar` is concatenated directly into an XPath expression and compiled without sanitization, enabling XPath injection."
BenchmarkTest02537,1,CWE-89,1,1,0,0.5746,Detected input from a HTTPServletRequest going into a SQL sink or statement. This could lead to SQL injection if variables in the SQL statement are not properly sanitized. Use parameterized SQL queries or properly sanitize user input instead.,0.6382802301796155,P3 - Medium (ML Moderate / Needs Review),data/benchmark/src/main/java/org/owasp/benchmark/testcode/BenchmarkTest02537.java,53,TP,"The user-controlled value `bar` is concatenated directly into the SQL string without using prepared statements, creating a potential SQL injection vulnerability."
BenchmarkTest01224,1,CWE-643,1,1,0,0.5185,"Detected input from a HTTPServletRequest going into a XPath evaluate or compile command. This could lead to xpath injection if variables passed into the evaluate or compile commands are not properly sanitized. Xpath injection could lead to unauthorized access to sensitive information in XML documents. Instead, thoroughly sanitize user input or use parameterized xpath queries if you can.",0.4500384206940105,P3 - Medium (ML Moderate / Needs Review),data/benchmark/src/main/java/org/owasp/benchmark/testcode/BenchmarkTest01224.java,70,TP,"User‑controlled value `bar` is directly concatenated into an XPath expression without validation, enabling XPath injection."
BenchmarkTest02205,1,CWE-22,1,1,0,0.531,"Detected a potential path traversal. A malicious actor could control the location of this file, to include going backwards in the directory with '../'. To address this, ensure that user-controlled variables in file paths are sanitized. You may also consider using a utility method such as org.apache.commons.io.FilenameUtils.getName(...) to only retrieve the file name from the path.",0.5394645256012154,P3 - Medium (ML Moderate / Needs Review),data/benchmark/src/main/java/org/owasp/benchmark/testcode/BenchmarkTest02205.java,58,TP,"The code concatenates a user-controlled value (bar) to a directory path without sanitization, allowing path traversal."
BenchmarkTest02288,1,CWE-89,2,1,1,0.5746,Detected input from a HTTPServletRequest going into a SQL sink or statement. This could lead to SQL injection if variables in the SQL statement are not properly sanitized. Use parameterized SQL queries or properly sanitize user input instead.,0.6161353418384643,P3 - Medium (ML Moderate / Needs Review),data/benchmark/src/main/java/org/owasp/benchmark/testcode/BenchmarkTest02288.java,55,TP,"User-controlled data (bar) is concatenated into an SQL statement without using prepared statements or sanitization, creating a potential SQL injection vulnerability."
BenchmarkTest01217,0,CWE-89,2,1,1,0.5746,Detected input from a HTTPServletRequest going into a SQL sink or statement. This could lead to SQL injection if variables in the SQL statement are not properly sanitized. Use parameterized SQL queries or properly sanitize user input instead.,0.6050253134234014,P3 - Medium (ML Moderate / Needs Review),data/benchmark/src/main/java/org/owasp/benchmark/testcode/BenchmarkTest01217.java,58,TP,"The user-controlled value `bar` is concatenated directly into the SQL string without using prepared statements, creating a potential SQL injection vulnerability."
BenchmarkTest02136,1,CWE-79,1,1,0,0.6516,"Detected a request with potential user-input going into a OutputStream or Writer object. This bypasses any view or template environments, including HTML escaping, which may expose this application to cross-site scripting (XSS) vulnerabilities. Consider using a view technology such as JavaServer Faces (JSFs) which automatically escapes HTML views.",0.6221848022643229,P3 - Medium (ML Moderate / Needs Review),data/benchmark/src/main/java/org/owasp/benchmark/testcode/BenchmarkTest02136.java,52,TP,"The code writes unvalidated user‑derived data straight to the HTTP response writer, enabling reflected XSS."
BenchmarkTest02626,0,CWE-89,1,1,0,0.5746,Detected input from a HTTPServletRequest going into a SQL sink or statement. This could lead to SQL injection if variables in the SQL statement are not properly sanitized. Use parameterized SQL queries or properly sanitize user input instead.,0.6371570818030259,P3 - Medium (ML Moderate / Needs Review),data/benchmark/src/main/java/org/owasp/benchmark/testcode/BenchmarkTest02626.java,77,TP,"The SQL string concatenates the unvalidated `bar` value directly into a callable statement, allowing an attacker to inject malicious SQL."
BenchmarkTest02650,1,CWE-89,1,1,0,0.5746,Detected a formatted string in a SQL statement. This could lead to SQL injection if variables in the SQL statement are not properly sanitized. Use a prepared statements (java.sql.PreparedStatement) instead. You can obtain a PreparedStatement using 'connection.prepareStatement'.,0.4725678466009309,P3 - Medium (ML Moderate / Needs Review),data/benchmark/src/main/java/org/owasp/benchmark/testcode/BenchmarkTest02650.java,77,TP,"The query concatenates the untrusted variable bar directly into the SQL string and executes it with a plain Statement, which can be exploited for SQL injection."
BenchmarkTest01643,1,CWE-22,1,1,0,0.531,"Detected a potential path traversal. A malicious actor could control the location of this file, to include going backwards in the directory with '../'. To address this, ensure that user-controlled variables in file paths are sanitized. You may also consider using a utility method such as org.apache.commons.io.FilenameUtils.getName(...) to only retrieve the file name from the path.",0.5349061735858125,P3 - Medium (ML Moderate / Needs Review),data/benchmark/src/main/java/org/owasp/benchmark/testcode/BenchmarkTest01643.java,89,TP,"The code concatenates a user-controlled variable (bar) into a file path without proper validation, allowing directory traversal attacks."
BenchmarkTest01218,0,CWE-89,2,1,1,0.5746,Detected input from a HTTPServletRequest going into a SQL sink or statement. This could lead to SQL injection if variables in the SQL statement are not properly sanitized. Use parameterized SQL queries or properly sanitize user input instead.,0.6161353418384643,P3 - Medium (ML Moderate / Needs Review),data/benchmark/src/main/java/org/owasp/benchmark/testcode/BenchmarkTest01218.java,58,TP,"The user-controlled value `bar` is concatenated directly into the SQL string without using prepared statements, creating a potential SQL injection vulnerability."
BenchmarkTest02250,1,CWE-78,1,1,0,0.5177,"Detected input from a HTTPServletRequest going into a 'ProcessBuilder' or 'exec' command. This could lead to command injection if variables passed into the exec commands are not properly sanitized. Instead, avoid using these OS commands with user-supplied input, or, if you must use these commands, use a whitelist of specific values.",0.5683792859920807,P3 - Medium (ML Moderate / Needs Review),data/benchmark/src/main/java/org/owasp/benchmark/testcode/BenchmarkTest02250.java,61,TP,"User-controlled variable `bar` is concatenated to the OS command string and passed directly to `Runtime.exec`, enabling potential command injection."
BenchmarkTest00196,1,CWE-89,1,1,0,0.5746,Detected input from a HTTPServletRequest going into a SQL sink or statement. This could lead to SQL injection if variables in the SQL statement are not properly sanitized. Use parameterized SQL queries or properly sanitize user input instead.,0.6393503814415632,P3 - Medium (ML Moderate / Needs Review),data/benchmark/src/main/java/org/owasp/benchmark/testcode/BenchmarkTest00196.java,61,TP,"The user-controlled variable bar is directly concatenated into the SQL string, creating a potential SQL injection vulnerability."
BenchmarkTest01008,1,CWE-89,1,1,0,0.5746,Detected input from a HTTPServletRequest going into a SQL sink or statement. This could lead to SQL injection if variables in the SQL statement are not properly sanitized. Use parameterized SQL queries or properly sanitize user input instead.,0.63810138505586,P3 - Medium (ML Moderate / Needs Review),data/benchmark/src/main/java/org/owasp/benchmark/testcode/BenchmarkTest01008.java,70,TP,"The value `bar` originates from request data and is concatenated directly into the SQL string without using prepared statements or sanitization, creating a potential SQL injection."
BenchmarkTest02341,0,CWE-78,1,1,0,0.5177,"Detected input from a HTTPServletRequest going into a 'ProcessBuilder' or 'exec' command. This could lead to command injection if variables passed into the exec commands are not properly sanitized. Instead, avoid using these OS commands with user-supplied input, or, if you must use these commands, use a whitelist of specific values.",0.5444416118463504,P3 - Medium (ML Moderate / Needs Review),data/benchmark/src/main/java/org/owasp/benchmark/testcode/BenchmarkTest02341.java,71,TP,"User‑controlled values are passed directly to Runtime.exec without validation, allowing an attacker to specify arbitrary commands or environment variables."
BenchmarkTest01985,1,CWE-22,1,1,0,0.531,"Detected a potential path traversal. A malicious actor could control the location of this file, to include going backwards in the directory with '../'. To address this, ensure that user-controlled variables in file paths are sanitized. You may also consider using a utility method such as org.apache.commons.io.FilenameUtils.getName(...) to only retrieve the file name from the path.",0.5372346090670375,P3 - Medium (ML Moderate / Needs Review),data/benchmark/src/main/java/org/owasp/benchmark/testcode/BenchmarkTest01985.java,63,FP,"The second argument ""/Test.txt"" is an absolute path, causing the File constructor to ignore the user‑controlled `bar` parent, so path traversal cannot occur."
BenchmarkTest01476,1,CWE-89,2,1,1,0.5746,Detected input from a HTTPServletRequest going into a SQL sink or statement. This could lead to SQL injection if variables in the SQL statement are not properly sanitized. Use parameterized SQL queries or properly sanitize user input instead.,0.6043967051102129,P3 - Medium (ML Moderate / Needs Review),data/benchmark/src/main/java/org/owasp/benchmark/testcode/BenchmarkTest01476.java,65,TP,"The value `bar` derived from request data is concatenated directly into the SQL string without using prepared statements or explicit sanitization, creating a potential SQL injection risk."
BenchmarkTest01736,1,CWE-643,1,1,0,0.5185,"Detected input from a HTTPServletRequest going into a XPath evaluate or compile command. This could lead to xpath injection if variables passed into the evaluate or compile commands are not properly sanitized. Xpath injection could lead to unauthorized access to sensitive information in XML documents. Instead, thoroughly sanitize user input or use parameterized xpath queries if you can.",0.4500384206940105,P3 - Medium (ML Moderate / Needs Review),data/benchmark/src/main/java/org/owasp/benchmark/testcode/BenchmarkTest01736.java,87,TP,"User‑controlled value `bar` is directly concatenated into an XPath expression without validation, enabling XPath injection."
BenchmarkTest02147,1,CWE-78,1,1,0,0.5177,"Detected input from a HTTPServletRequest going into a 'ProcessBuilder' or 'exec' command. This could lead to command injection if variables passed into the exec commands are not properly sanitized. Instead, avoid using these OS commands with user-supplied input, or, if you must use these commands, use a whitelist of specific values.",0.5089059229256337,P3 - Medium (ML Moderate / Needs Review),data/benchmark/src/main/java/org/owasp/benchmark/testcode/BenchmarkTest02147.java,57,FP,"Runtime.exec(String) runs the command directly without a shell, so concatenating user input to an ""echo"" command cannot cause command injection."
BenchmarkTest00135,0,CWE-22,1,1,0,0.531,"Detected a potential path traversal. A malicious actor could control the location of this file, to include going backwards in the directory with '../'. To address this, ensure that user-controlled variables in file paths are sanitized. You may also consider using a utility method such as org.apache.commons.io.FilenameUtils.getName(...) to only retrieve the file name from the path.",0.5394645256012154,P3 - Medium (ML Moderate / Needs Review),data/benchmark/src/main/java/org/owasp/benchmark/testcode/BenchmarkTest00135.java,83,TP,"The code opens a file based directly on the potentially user‑controlled `fileName` without any validation, allowing an attacker to specify paths like “../” to traverse directories."
BenchmarkTest01222,1,CWE-89,2,1,1,0.5746,Detected input from a HTTPServletRequest going into a SQL sink or statement. This could lead to SQL injection if variables in the SQL statement are not properly sanitized. Use parameterized SQL queries or properly sanitize user input instead.,0.6043967051102129,P3 - Medium (ML Moderate / Needs Review),data/benchmark/src/main/java/org/owasp/benchmark/testcode/BenchmarkTest01222.java,58,TP,"The value `bar` originates from request data and is concatenated directly into the SQL string without using prepared statements or explicit sanitization, creating a potential SQL injection risk."
BenchmarkTest00118,0,CWE-643,1,1,0,0.5185,"Detected input from a HTTPServletRequest going into a XPath evaluate or compile command. This could lead to xpath injection if variables passed into the evaluate or compile commands are not properly sanitized. Xpath injection could lead to unauthorized access to sensitive information in XML documents. Instead, thoroughly sanitize user input or use parameterized xpath queries if you can.",0.4922262947505719,P3 - Medium (ML Moderate / Needs Review),data/benchmark/src/main/java/org/owasp/benchmark/testcode/BenchmarkTest00118.java,88,TP,"User‑controlled value `bar` is directly concatenated into an XPath expression without validation, enabling XPath injection."
BenchmarkTest02491,0,CWE-79,1,1,0,0.6516,"Detected a request with potential user-input going into a OutputStream or Writer object. This bypasses any view or template environments, including HTML escaping, which may expose this application to cross-site scripting (XSS) vulnerabilities. Consider using a view technology such as JavaServer Faces (JSFs) which automatically escapes HTML views.",0.6221848022643229,P3 - Medium (ML Moderate / Needs Review),data/benchmark/src/main/java/org/owasp/benchmark/testcode/BenchmarkTest02491.java,51,TP,"User‑controlled input (param) is written directly to the HTTP response via getWriter().println() without any escaping, creating a potential XSS sink."
BenchmarkTest01235,1,CWE-22,1,1,0,0.531,"Detected a potential path traversal. A malicious actor could control the location of this file, to include going backwards in the directory with '../'. To address this, ensure that user-controlled variables in file paths are sanitized. You may also consider using a utility method such as org.apache.commons.io.FilenameUtils.getName(...) to only retrieve the file name from the path.",0.5349061735858125,P3 - Medium (ML Moderate / Needs Review),data/benchmark/src/main/java/org/owasp/benchmark/testcode/BenchmarkTest01235.java,65,TP,"The code concatenates a user-controlled variable (bar) into a file path without proper validation, allowing directory traversal attacks."
BenchmarkTest01010,0,CWE-89,1,1,0,0.5746,Detected input from a HTTPServletRequest going into a SQL sink or statement. This could lead to SQL injection if variables in the SQL statement are not properly sanitized. Use parameterized SQL queries or properly sanitize user input instead.,0.6371570818030259,P3 - Medium (ML Moderate / Needs Review),data/benchmark/src/main/java/org/owasp/benchmark/testcode/BenchmarkTest01010.java,71,TP,"The value `bar` originates from request data and is concatenated directly into the SQL string without evident sanitization or parameterization, creating a potential SQL injection."
BenchmarkTest00343,0,CWE-89,2,1,1,0.5746,Detected a formatted string in a SQL statement. This could lead to SQL injection if variables in the SQL statement are not properly sanitized. Use a prepared statements (java.sql.PreparedStatement) instead. You can obtain a PreparedStatement using 'connection.prepareStatement'.,0.490638252758374,P3 - Medium (ML Moderate / Needs Review),data/benchmark/src/main/java/org/owasp/benchmark/testcode/BenchmarkTest00343.java,65,TP,"The user-supplied variable `bar` is directly concatenated into the SQL string and executed via a plain Statement, creating a classic SQL injection risk."
BenchmarkTest01402,0,CWE-90,1,1,0,0.4815,"Detected input from a HTTPServletRequest going into an LDAP query. This could lead to LDAP injection if the input is not properly sanitized, which could result in attackers modifying objects in the LDAP tree structure. Ensure data passed to an LDAP query is not controllable or properly sanitize the data.",0.519750625119329,P3 - Medium (ML Moderate / Needs Review),data/benchmark/src/main/java/org/owasp/benchmark/testcode/BenchmarkTest01402.java,73,TP,"The user‑controlled variable `bar` is directly concatenated into the LDAP filter string, creating a potential LDAP injection vulnerability."
BenchmarkTest02628,1,CWE-89,1,1,0,0.5746,Detected input from a HTTPServletRequest going into a SQL sink or statement. This could lead to SQL injection if variables in the SQL statement are not properly sanitized. Use parameterized SQL queries or properly sanitize user input instead.,0.6314792486337455,P3 - Medium (ML Moderate / Needs Review),data/benchmark/src/main/java/org/owasp/benchmark/testcode/BenchmarkTest02628.java,77,TP,"User‑controlled input (bar) is concatenated into the callable SQL string, allowing injection of arbitrary procedure calls."
BenchmarkTest02178,1,CWE-89,1,1,0,0.5746,Detected input from a HTTPServletRequest going into a SQL sink or statement. This could lead to SQL injection if variables in the SQL statement are not properly sanitized. Use parameterized SQL queries or properly sanitize user input instead.,0.6314792486337455,P3 - Medium (ML Moderate / Needs Review),data/benchmark/src/main/java/org/owasp/benchmark/testcode/BenchmarkTest02178.java,51,TP,"User‑controlled input (bar) is directly concatenated into the SQL query, creating a classic SQL injection vulnerability."
BenchmarkTest00841,1,CWE-89,1,1,0,0.5746,Detected input from a HTTPServletRequest going into a SQL sink or statement. This could lead to SQL injection if variables in the SQL statement are not properly sanitized. Use parameterized SQL queries or properly sanitize user input instead.,0.6314792486337455,P3 - Medium (ML Moderate / Needs Review),data/benchmark/src/main/java/org/owasp/benchmark/testcode/BenchmarkTest00841.java,94,TP,"The user-controlled variable `bar` is directly concatenated into the SQL query string and executed via `batchUpdate`, creating a classic SQL injection vulnerability."
BenchmarkTest01877,0,CWE-89,2,1,1,0.5746,Detected input from a HTTPServletRequest going into a SQL sink or statement. This could lead to SQL injection if variables in the SQL statement are not properly sanitized. Use parameterized SQL queries or properly sanitize user input instead.,0.6043967051102129,P3 - Medium (ML Moderate / Needs Review),data/benchmark/src/main/java/org/owasp/benchmark/testcode/BenchmarkTest01877.java,74,TP,"User‑controlled input (bar) is concatenated into the callable SQL string, allowing injection of arbitrary SQL/procedure calls."
BenchmarkTest01378,0,CWE-89,2,1,1,0.5746,Detected input from a HTTPServletRequest going into a SQL sink or statement. This could lead to SQL injection if variables in the SQL statement are not properly sanitized. Use parameterized SQL queries or properly sanitize user input instead.,0.6161353418384643,P3 - Medium (ML Moderate / Needs Review),data/benchmark/src/main/java/org/owasp/benchmark/testcode/BenchmarkTest01378.java,57,TP,"User‑controlled input (bar) is concatenated into the callable SQL string, allowing injection of arbitrary procedure calls."
BenchmarkTest00948,0,CWE-90,1,1,0,0.4815,"Detected input from a HTTPServletRequest going into an LDAP query. This could lead to LDAP injection if the input is not properly sanitized, which could result in attackers modifying objects in the LDAP tree structure. Ensure data passed to an LDAP query is not controllable or properly sanitize the data.",0.5087973542492934,P3 - Medium (ML Moderate / Needs Review),data/benchmark/src/main/java/org/owasp/benchmark/testcode/BenchmarkTest00948.java,78,TP,"The user‑controlled variable `bar` is concatenated directly into the LDAP filter string, allowing crafted input to alter the query and cause LDAP injection."
BenchmarkTest01353,0,CWE-78,1,1,0,0.5177,"Detected input from a HTTPServletRequest going into a 'ProcessBuilder' or 'exec' command. This could lead to command injection if variables passed into the exec commands are not properly sanitized. Instead, avoid using these OS commands with user-supplied input, or, if you must use these commands, use a whitelist of specific values.",0.5683792859920807,P3 - Medium (ML Moderate / Needs Review),data/benchmark/src/main/java/org/owasp/benchmark/testcode/BenchmarkTest01353.java,62,TP,"User-controlled `bar` is concatenated into a shell command string passed to `ProcessBuilder`, allowing injection of additional commands."
BenchmarkTest01647,1,CWE-22,1,1,0,0.531,"Detected a potential path traversal. A malicious actor could control the location of this file, to include going backwards in the directory with '../'. To address this, ensure that user-controlled variables in file paths are sanitized. You may also consider using a utility method such as org.apache.commons.io.FilenameUtils.getName(...) to only retrieve the file name from the path.",0.5402428179282152,P3 - Medium (ML Moderate / Needs Review),data/benchmark/src/main/java/org/owasp/benchmark/testcode/BenchmarkTest01647.java,78,TP,Concatenating a potentially user-controlled value (bar) to a directory path without sanitization allows path traversal.
BenchmarkTest01674,1,CWE-78,1,1,0,0.5177,"Detected input from a HTTPServletRequest going into a 'ProcessBuilder' or 'exec' command. This could lead to command injection if variables passed into the exec commands are not properly sanitized. Instead, avoid using these OS commands with user-supplied input, or, if you must use these commands, use a whitelist of specific values.",0.5114755110284748,P3 - Medium (ML Moderate / Needs Review),data/benchmark/src/main/java/org/owasp/benchmark/testcode/BenchmarkTest01674.java,84,TP,"User-controlled `bar` is concatenated into a shell command passed to `sh -c` via ProcessBuilder, allowing command injection."
BenchmarkTest01114,0,CWE-22,1,1,0,0.531,"Detected a potential path traversal. A malicious actor could control the location of this file, to include going backwards in the directory with '../'. To address this, ensure that user-controlled variables in file paths are sanitized. You may also consider using a utility method such as org.apache.commons.io.FilenameUtils.getName(...) to only retrieve the file name from the path.",0.5402428179282152,P3 - Medium (ML Moderate / Needs Review),data/benchmark/src/main/java/org/owasp/benchmark/testcode/BenchmarkTest01114.java,69,TP,"The code concatenates a potentially user-controlled value (bar) to a directory path without sanitization, allowing '../' sequences to traverse directories."
BenchmarkTest00850,1,CWE-89,2,1,1,0.5746,Detected a formatted string in a SQL statement. This could lead to SQL injection if variables in the SQL statement are not properly sanitized. Use a prepared statements (java.sql.PreparedStatement) instead. You can obtain a PreparedStatement using 'connection.prepareStatement'.,0.4901655263130386,P3 - Medium (ML Moderate / Needs Review),data/benchmark/src/main/java/org/owasp/benchmark/testcode/BenchmarkTest00850.java,87,TP,"The user-supplied variable `bar` is directly concatenated into the SQL query, creating a classic SQL injection risk."
BenchmarkTest01388,1,CWE-89,1,1,0,0.5746,Detected input from a HTTPServletRequest going into a SQL sink or statement. This could lead to SQL injection if variables in the SQL statement are not properly sanitized. Use parameterized SQL queries or properly sanitize user input instead.,0.63810138505586,P3 - Medium (ML Moderate / Needs Review),data/benchmark/src/main/java/org/owasp/benchmark/testcode/BenchmarkTest01388.java,57,TP,"The user‑controlled variable `bar` is directly concatenated into the SQL query string, creating a classic SQL injection vulnerability."
BenchmarkTest02097,0,CWE-89,2,1,1,0.5746,Detected input from a HTTPServletRequest going into a SQL sink or statement. This could lead to SQL injection if variables in the SQL statement are not properly sanitized. Use parameterized SQL queries or properly sanitize user input instead.,0.6315115188114625,P3 - Medium (ML Moderate / Needs Review),data/benchmark/src/main/java/org/owasp/benchmark/testcode/BenchmarkTest02097.java,58,TP,"User-controlled input `bar` is directly concatenated into a SQL query executed via a plain Statement, creating a classic SQL injection risk."
BenchmarkTest01687,0,CWE-78,1,1,0,0.5177,"Detected input from a HTTPServletRequest going into a 'ProcessBuilder' or 'exec' command. This could lead to command injection if variables passed into the exec commands are not properly sanitized. Instead, avoid using these OS commands with user-supplied input, or, if you must use these commands, use a whitelist of specific values.",0.5752195073482003,P3 - Medium (ML Moderate / Needs Review),data/benchmark/src/main/java/org/owasp/benchmark/testcode/BenchmarkTest01687.java,95,FP,"The exec call uses a predefined argument array rather than unsanitized user input, so no command injection risk."
BenchmarkTest00959,1,CWE-90,1,1,0,0.4815,"Detected input from a HTTPServletRequest going into an LDAP query. This could lead to LDAP injection if the input is not properly sanitized, which could result in attackers modifying objects in the LDAP tree structure. Ensure data passed to an LDAP query is not controllable or properly sanitize the data.",0.4960361627169889,P3 - Medium (ML Moderate / Needs Review),data/benchmark/src/main/java/org/owasp/benchmark/testcode/BenchmarkTest00959.java,82,FP,"The snippet does not show any uncontrolled request data being incorporated into the LDAP filter, so there is no evidence of an injection risk."
BenchmarkTest02239,0,CWE-79,1,1,0,0.6516,"Detected a request with potential user-input going into a OutputStream or Writer object. This bypasses any view or template environments, including HTML escaping, which may expose this application to cross-site scripting (XSS) vulnerabilities. Consider using a view technology such as JavaServer Faces (JSFs) which automatically escapes HTML views.",0.6221848022643229,P3 - Medium (ML Moderate / Needs Review),data/benchmark/src/main/java/org/owasp/benchmark/testcode/BenchmarkTest02239.java,53,FP,"The output string is a constant (""alsosafe"") unrelated to user input, so no XSS risk."
BenchmarkTest00114,0,CWE-89,2,1,1,0.5746,Detected input from a HTTPServletRequest going into a SQL sink or statement. This could lead to SQL injection if variables in the SQL statement are not properly sanitized. Use parameterized SQL queries or properly sanitize user input instead.,0.6315115188114625,P3 - Medium (ML Moderate / Needs Review),data/benchmark/src/main/java/org/owasp/benchmark/testcode/BenchmarkTest00114.java,76,TP,"If the condition fails, bar receives unsanitized request data which is concatenated into the SQL string, creating a potential SQL injection."
BenchmarkTest00593,1,CWE-89,2,1,1,0.5746,Detected input from a HTTPServletRequest going into a SQL sink or statement. This could lead to SQL injection if variables in the SQL statement are not properly sanitized. Use parameterized SQL queries or properly sanitize user input instead.,0.6050253134234014,P3 - Medium (ML Moderate / Needs Review),data/benchmark/src/main/java/org/owasp/benchmark/testcode/BenchmarkTest00593.java,86,TP,"The password value is concatenated into the SQL string without using a parameter, creating a potential SQL injection point."
BenchmarkTest00408,0,CWE-78,1,1,0,0.5177,"Detected input from a HTTPServletRequest going into a 'ProcessBuilder' or 'exec' command. This could lead to command injection if variables passed into the exec commands are not properly sanitized. Instead, avoid using these OS commands with user-supplied input, or, if you must use these commands, use a whitelist of specific values.",0.5089059229256337,P3 - Medium (ML Moderate / Needs Review),data/benchmark/src/main/java/org/owasp/benchmark/testcode/BenchmarkTest00408.java,76,FP,"The snippet executes a command using a predefined variable (args) that is not shown to be derived from user-controlled HTTP request data, so there is no evident injection risk."
BenchmarkTest00037,1,CWE-89,2,1,1,0.5746,Detected input from a HTTPServletRequest going into a SQL sink or statement. This could lead to SQL injection if variables in the SQL statement are not properly sanitized. Use parameterized SQL queries or properly sanitize user input instead.,0.6050253134234014,P3 - Medium (ML Moderate / Needs Review),data/benchmark/src/main/java/org/owasp/benchmark/testcode/BenchmarkTest00037.java,66,TP,"The user‑controlled variable `param` is concatenated into the SQL string without using a placeholder, creating a potential SQL injection vulnerability."
BenchmarkTest01328,0,CWE-22,1,1,0,0.531,"Detected a potential path traversal. A malicious actor could control the location of this file, to include going backwards in the directory with '../'. To address this, ensure that user-controlled variables in file paths are sanitized. You may also consider using a utility method such as org.apache.commons.io.FilenameUtils.getName(...) to only retrieve the file name from the path.",0.5394645256012154,P3 - Medium (ML Moderate / Needs Review),data/benchmark/src/main/java/org/owasp/benchmark/testcode/BenchmarkTest01328.java,69,TP,"The code concatenates a user-controlled variable (bar) into a file path without proper validation, allowing directory traversal attacks."
BenchmarkTest01891,1,CWE-89,2,1,1,0.5746,Detected input from a HTTPServletRequest going into a SQL sink or statement. This could lead to SQL injection if variables in the SQL statement are not properly sanitized. Use parameterized SQL queries or properly sanitize user input instead.,0.6161353418384643,P3 - Medium (ML Moderate / Needs Review),data/benchmark/src/main/java/org/owasp/benchmark/testcode/BenchmarkTest01891.java,71,TP,"User‑controlled input `bar` is directly concatenated into an SQL string executed via a plain Statement, creating a classic SQL injection vulnerability."
BenchmarkTest01470,1,CWE-89,1,1,0,0.5746,Detected input from a HTTPServletRequest going into a SQL sink or statement. This could lead to SQL injection if variables in the SQL statement are not properly sanitized. Use parameterized SQL queries or properly sanitize user input instead.,0.6371570818030259,P3 - Medium (ML Moderate / Needs Review),data/benchmark/src/main/java/org/owasp/benchmark/testcode/BenchmarkTest01470.java,65,TP,"The value `bar` derived from request data is concatenated directly into the SQL string without using prepared statements or explicit sanitization, creating a potential SQL injection vulnerability."
BenchmarkTest00437,0,CWE-89,2,1,1,0.5746,Detected a formatted string in a SQL statement. This could lead to SQL injection if variables in the SQL statement are not properly sanitized. Use a prepared statements (java.sql.PreparedStatement) instead. You can obtain a PreparedStatement using 'connection.prepareStatement'.,0.5476500971406442,P3 - Medium (ML Moderate / Needs Review),data/benchmark/src/main/java/org/owasp/benchmark/testcode/BenchmarkTest00437.java,58,TP,"The query concatenates the untrusted variable bar directly into the SQL string and executes it with a plain Statement, which can be exploited for SQL injection."
BenchmarkTest02627,1,CWE-89,1,1,0,0.5746,Detected input from a HTTPServletRequest going into a SQL sink or statement. This could lead to SQL injection if variables in the SQL statement are not properly sanitized. Use parameterized SQL queries or properly sanitize user input instead.,0.6382802301796155,P3 - Medium (ML Moderate / Needs Review),data/benchmark/src/main/java/org/owasp/benchmark/testcode/BenchmarkTest02627.java,77,TP,"User‑controlled input (bar) is concatenated into the callable SQL string, allowing injection of arbitrary procedure calls."
BenchmarkTest02104,0,CWE-90,1,1,0,0.4815,"Detected input from a HTTPServletRequest going into an LDAP query. This could lead to LDAP injection if the input is not properly sanitized, which could result in attackers modifying objects in the LDAP tree structure. Ensure data passed to an LDAP query is not controllable or properly sanitize the data.",0.519750625119329,P3 - Medium (ML Moderate / Needs Review),data/benchmark/src/main/java/org/owasp/benchmark/testcode/BenchmarkTest02104.java,59,TP,"The user‑controlled variable `bar` is directly concatenated into the LDAP filter string, allowing malicious input to alter the query."
BenchmarkTest00108,1,CWE-89,2,1,1,0.5746,Detected a formatted string in a SQL statement. This could lead to SQL injection if variables in the SQL statement are not properly sanitized. Use a prepared statements (java.sql.PreparedStatement) instead. You can obtain a PreparedStatement using 'connection.prepareStatement'.,0.5278626301234679,P3 - Medium (ML Moderate / Needs Review),data/benchmark/src/main/java/org/owasp/benchmark/testcode/BenchmarkTest00108.java,92,TP,"The query concatenates the untrusted variable bar directly into the SQL string and executes it with a plain Statement, which can be exploited for SQL injection."
BenchmarkTest01407,0,CWE-22,1,1,0,0.531,"Detected a potential path traversal. A malicious actor could control the location of this file, to include going backwards in the directory with '../'. To address this, ensure that user-controlled variables in file paths are sanitized. You may also consider using a utility method such as org.apache.commons.io.FilenameUtils.getName(...) to only retrieve the file name from the path.",0.5372346090670375,P3 - Medium (ML Moderate / Needs Review),data/benchmark/src/main/java/org/owasp/benchmark/testcode/BenchmarkTest01407.java,73,TP,"The code opens a file based directly on the potentially user‑controlled `fileName` without validation, allowing an attacker to specify paths like “../” to traverse directories."
BenchmarkTest01608,0,CWE-78,1,1,0,0.5177,"Detected input from a HTTPServletRequest going into a 'ProcessBuilder' or 'exec' command. This could lead to command injection if variables passed into the exec commands are not properly sanitized. Instead, avoid using these OS commands with user-supplied input, or, if you must use these commands, use a whitelist of specific values.",0.5752195073482003,P3 - Medium (ML Moderate / Needs Review),data/benchmark/src/main/java/org/owasp/benchmark/testcode/BenchmarkTest01608.java,59,TP,"User‑controlled values are passed directly to Runtime.exec without validation, allowing an attacker to specify arbitrary commands or environment variables."
BenchmarkTest00455,1,CWE-22,1,1,0,0.531,"Detected a potential path traversal. A malicious actor could control the location of this file, to include going backwards in the directory with '../'. To address this, ensure that user-controlled variables in file paths are sanitized. You may also consider using a utility method such as org.apache.commons.io.FilenameUtils.getName(...) to only retrieve the file name from the path.",0.5394645256012154,P3 - Medium (ML Moderate / Needs Review),data/benchmark/src/main/java/org/owasp/benchmark/testcode/BenchmarkTest00455.java,64,TP,"The code concatenates a user-controlled variable (bar) directly to a directory path and opens it without sanitization, enabling path traversal."
BenchmarkTest01085,0,CWE-89,1,1,0,0.5746,Detected input from a HTTPServletRequest going into a SQL sink or statement. This could lead to SQL injection if variables in the SQL statement are not properly sanitized. Use parameterized SQL queries or properly sanitize user input instead.,0.6371570818030259,P3 - Medium (ML Moderate / Needs Review),data/benchmark/src/main/java/org/owasp/benchmark/testcode/BenchmarkTest01085.java,56,TP,"The user‑controlled value `bar` is concatenated directly into the SQL string without using prepared statements or explicit sanitization, creating a potential SQL injection."
BenchmarkTest01211,1,CWE-89,2,1,1,0.5746,Detected input from a HTTPServletRequest going into a SQL sink or statement. This could lead to SQL injection if variables in the SQL statement are not properly sanitized. Use parameterized SQL queries or properly sanitize user input instead.,0.6043967051102129,P3 - Medium (ML Moderate / Needs Review),data/benchmark/src/main/java/org/owasp/benchmark/testcode/BenchmarkTest01211.java,60,TP,"The password value is concatenated directly into the query string, allowing unsanitized user input to alter the SQL."
BenchmarkTest00764,1,CWE-89,1,1,0,0.5746,Detected input from a HTTPServletRequest going into a SQL sink or statement. This could lead to SQL injection if variables in the SQL statement are not properly sanitized. Use parameterized SQL queries or properly sanitize user input instead.,0.6314792486337455,P3 - Medium (ML Moderate / Needs Review),data/benchmark/src/main/java/org/owasp/benchmark/testcode/BenchmarkTest00764.java,54,TP,"User‑controlled input `bar` is concatenated into the SQL string without using prepared statements or sanitization, enabling SQL injection."
BenchmarkTest01729,0,CWE-89,2,1,1,0.5746,Detected input from a HTTPServletRequest going into a SQL sink or statement. This could lead to SQL injection if variables in the SQL statement are not properly sanitized. Use parameterized SQL queries or properly sanitize user input instead.,0.6050253134234014,P3 - Medium (ML Moderate / Needs Review),data/benchmark/src/main/java/org/owasp/benchmark/testcode/BenchmarkTest01729.java,75,TP,"The user-controlled value `bar` is concatenated directly into the SQL string without using prepared statements, creating a potential SQL injection vulnerability."
BenchmarkTest02541,0,CWE-89,2,1,1,0.5746,Detected input from a HTTPServletRequest going into a SQL sink or statement. This could lead to SQL injection if variables in the SQL statement are not properly sanitized. Use parameterized SQL queries or properly sanitize user input instead.,0.6043967051102129,P3 - Medium (ML Moderate / Needs Review),data/benchmark/src/main/java/org/owasp/benchmark/testcode/BenchmarkTest02541.java,53,TP,"User‑controlled data (bar) is concatenated into a raw SQL string and executed via a Statement, creating a classic SQL injection risk."
BenchmarkTest01396,1,CWE-89,2,1,1,0.5746,Detected input from a HTTPServletRequest going into a SQL sink or statement. This could lead to SQL injection if variables in the SQL statement are not properly sanitized. Use parameterized SQL queries or properly sanitize user input instead.,0.6050253134234014,P3 - Medium (ML Moderate / Needs Review),data/benchmark/src/main/java/org/owasp/benchmark/testcode/BenchmarkTest01396.java,55,TP,"The value `bar` derived from request data is concatenated directly into the SQL string without using prepared statements or explicit sanitization, creating a potential SQL injection risk."
BenchmarkTest01478,1,CWE-643,1,1,0,0.5185,"Detected input from a HTTPServletRequest going into a XPath evaluate or compile command. This could lead to xpath injection if variables passed into the evaluate or compile commands are not properly sanitized. Xpath injection could lead to unauthorized access to sensitive information in XML documents. Instead, thoroughly sanitize user input or use parameterized xpath queries if you can.",0.4500384206940105,P3 - Medium (ML Moderate / Needs Review),data/benchmark/src/main/java/org/owasp/benchmark/testcode/BenchmarkTest01478.java,79,TP,"The user‑controlled variable `bar` is concatenated directly into an XPath expression and compiled without sanitization, enabling XPath injection."
BenchmarkTest02169,1,CWE-89,2,1,1,0.5746,Detected input from a HTTPServletRequest going into a SQL sink or statement. This could lead to SQL injection if variables in the SQL statement are not properly sanitized. Use parameterized SQL queries or properly sanitize user input instead.,0.6050253134234014,P3 - Medium (ML Moderate / Needs Review),data/benchmark/src/main/java/org/owasp/benchmark/testcode/BenchmarkTest02169.java,53,TP,"User‑controlled input (bar) is concatenated into the callable SQL string, allowing injection of arbitrary procedure calls."
BenchmarkTest01000,1,CWE-89,2,1,1,0.5746,Detected input from a HTTPServletRequest going into a SQL sink or statement. This could lead to SQL injection if variables in the SQL statement are not properly sanitized. Use parameterized SQL queries or properly sanitize user input instead.,0.6050253134234014,P3 - Medium (ML Moderate / Needs Review),data/benchmark/src/main/java/org/owasp/benchmark/testcode/BenchmarkTest01000.java,74,TP,"The SQL string is built by concatenating the unvalidated variable `bar` into a callable statement, allowing attacker-controlled input to alter the query."
BenchmarkTest01693,0,CWE-78,1,1,0,0.5177,"Detected input from a HTTPServletRequest going into a 'ProcessBuilder' or 'exec' command. This could lead to command injection if variables passed into the exec commands are not properly sanitized. Instead, avoid using these OS commands with user-supplied input, or, if you must use these commands, use a whitelist of specific values.",0.5444416118463504,P3 - Medium (ML Moderate / Needs Review),data/benchmark/src/main/java/org/owasp/benchmark/testcode/BenchmarkTest01693.java,82,TP,"The code concatenates potentially user‑controlled values (cmd and bar) into a command string that is passed directly to Runtime.exec, enabling command injection."
BenchmarkTest00028,1,CWE-22,1,1,0,0.531,"Detected a potential path traversal. A malicious actor could control the location of this file, to include going backwards in the directory with '../'. To address this, ensure that user-controlled variables in file paths are sanitized. You may also consider using a utility method such as org.apache.commons.io.FilenameUtils.getName(...) to only retrieve the file name from the path.",0.5349061735858125,P3 - Medium (ML Moderate / Needs Review),data/benchmark/src/main/java/org/owasp/benchmark/testcode/BenchmarkTest00028.java,57,TP,"The code directly appends a user‑controlled parameter to a directory path without sanitization, allowing '../' sequences to traverse directories."
BenchmarkTest01066,1,CWE-78,1,1,0,0.5177,"Detected input from a HTTPServletRequest going into a 'ProcessBuilder' or 'exec' command. This could lead to command injection if variables passed into the exec commands are not properly sanitized. Instead, avoid using these OS commands with user-supplied input, or, if you must use these commands, use a whitelist of specific values.",0.5752195073482003,P3 - Medium (ML Moderate / Needs Review),data/benchmark/src/main/java/org/owasp/benchmark/testcode/BenchmarkTest01066.java,62,TP,"User‑controlled values (cmd and bar) are passed directly to Runtime.exec without validation, allowing an attacker to execute arbitrary OS commands."
BenchmarkTest02223,1,CWE-79,1,1,0,0.6516,"Detected a request with potential user-input going into a OutputStream or Writer object. This bypasses any view or template environments, including HTML escaping, which may expose this application to cross-site scripting (XSS) vulnerabilities. Consider using a view technology such as JavaServer Faces (JSFs) which automatically escapes HTML views.",0.6221848022643229,P3 - Medium (ML Moderate / Needs Review),data/benchmark/src/main/java/org/owasp/benchmark/testcode/BenchmarkTest02223.java,54,TP,"User-controlled input (`param`) is written unescaped to the HTTP response via `response.getWriter().format`, creating a potential XSS vector."
BenchmarkTest00772,0,CWE-89,2,1,1,0.5746,Detected a formatted string in a SQL statement. This could lead to SQL injection if variables in the SQL statement are not properly sanitized. Use a prepared statements (java.sql.PreparedStatement) instead. You can obtain a PreparedStatement using 'connection.prepareStatement'.,0.5476500971406442,P3 - Medium (ML Moderate / Needs Review),data/benchmark/src/main/java/org/owasp/benchmark/testcode/BenchmarkTest00772.java,74,TP,"The user-supplied variable `bar` is directly concatenated into the SQL query, creating a classic SQL injection risk."
BenchmarkTest02357,1,CWE-89,1,1,0,0.5746,Detected input from a HTTPServletRequest going into a SQL sink or statement. This could lead to SQL injection if variables in the SQL statement are not properly sanitized. Use parameterized SQL queries or properly sanitize user input instead.,0.6393503814415632,P3 - Medium (ML Moderate / Needs Review),data/benchmark/src/main/java/org/owasp/benchmark/testcode/BenchmarkTest02357.java,64,TP,"The user‑controlled value `bar` is directly concatenated into the SQL string, creating a classic SQL injection vulnerability."
BenchmarkTest00866,0,CWE-22,1,1,0,0.531,"Detected a potential path traversal. A malicious actor could control the location of this file, to include going backwards in the directory with '../'. To address this, ensure that user-controlled variables in file paths are sanitized. You may also consider using a utility method such as org.apache.commons.io.FilenameUtils.getName(...) to only retrieve the file name from the path.",0.5349061735858125,P3 - Medium (ML Moderate / Needs Review),data/benchmark/src/main/java/org/owasp/benchmark/testcode/BenchmarkTest00866.java,57,TP,"The code concatenates a potentially user-controlled value (bar) to a directory path without sanitization, allowing '../' sequences to traverse directories."
BenchmarkTest00996,1,CWE-89,2,1,1,0.5746,Detected input from a HTTPServletRequest going into a SQL sink or statement. This could lead to SQL injection if variables in the SQL statement are not properly sanitized. Use parameterized SQL queries or properly sanitize user input instead.,0.6050253134234014,P3 - Medium (ML Moderate / Needs Review),data/benchmark/src/main/java/org/owasp/benchmark/testcode/BenchmarkTest00996.java,74,TP,"The SQL string concatenates the unvalidated `bar` value directly into a callable statement, allowing an attacker to inject malicious SQL."
BenchmarkTest00542,1,CWE-79,1,1,0,0.6516,"Detected a request with potential user-input going into a OutputStream or Writer object. This bypasses any view or template environments, including HTML escaping, which may expose this application to cross-site scripting (XSS) vulnerabilities. Consider using a view technology such as JavaServer Faces (JSFs) which automatically escapes HTML views.",0.6221848022643229,P3 - Medium (ML Moderate / Needs Review),data/benchmark/src/main/java/org/owasp/benchmark/testcode/BenchmarkTest00542.java,83,FP,"The format string `bar` is a constant, not user-controlled, so no XSS risk."
BenchmarkTest01307,0,CWE-89,2,1,1,0.5746,Detected input from a HTTPServletRequest going into a SQL sink or statement. This could lead to SQL injection if variables in the SQL statement are not properly sanitized. Use parameterized SQL queries or properly sanitize user input instead.,0.6161353418384643,P3 - Medium (ML Moderate / Needs Review),data/benchmark/src/main/java/org/owasp/benchmark/testcode/BenchmarkTest01307.java,53,TP,"The password value is concatenated directly into the SQL string without using a prepared‑statement parameter, allowing attacker‑controlled input to alter the query."
BenchmarkTest01179,1,CWE-79,1,1,0,0.6516,"Detected a request with potential user-input going into a OutputStream or Writer object. This bypasses any view or template environments, including HTML escaping, which may expose this application to cross-site scripting (XSS) vulnerabilities. Consider using a view technology such as JavaServer Faces (JSFs) which automatically escapes HTML views.",0.6221848022643229,P3 - Medium (ML Moderate / Needs Review),data/benchmark/src/main/java/org/owasp/benchmark/testcode/BenchmarkTest01179.java,56,TP,"The decoded user‑controlled input is written directly to the HTTP response without any sanitization or encoding, enabling reflected XSS."
BenchmarkTest01316,1,CWE-643,1,1,0,0.5185,"Detected input from a HTTPServletRequest going into a XPath evaluate or compile command. This could lead to xpath injection if variables passed into the evaluate or compile commands are not properly sanitized. Xpath injection could lead to unauthorized access to sensitive information in XML documents. Instead, thoroughly sanitize user input or use parameterized xpath queries if you can.",0.5218271178138495,P3 - Medium (ML Moderate / Needs Review),data/benchmark/src/main/java/org/owasp/benchmark/testcode/BenchmarkTest01316.java,63,TP,"User‑controlled value `bar` is directly concatenated into an XPath expression without validation, enabling XPath injection."
