test_name,real_vulnerability,cwe,num_tools_agreeing,flagged_by_semgrep,flagged_by_sonar,cwe_historical_precision,message,ml_risk_score,ml_priority,file,line,llm_verdict,llm_cwe,llm_reason
BenchmarkTest00340,0,CWE-89,1,1,0,0.5746,Detected input from a HTTPServletRequest going into a SQL sink or statement. This could lead to SQL injection if variables in the SQL statement are not properly sanitized. Use parameterized SQL queries or properly sanitize user input instead.,0.6382802301796155,P3 - Medium (ML Moderate / Needs Review),data/benchmark/src/main/java/org/owasp/benchmark/testcode/BenchmarkTest00340.java,77,TP,89,"User-controlled input (bar) is concatenated directly into an SQL statement, enabling SQL injection."
BenchmarkTest01583,1,CWE-79,1,1,0,0.6516,"Detected a request with potential user-input going into a OutputStream or Writer object. This bypasses any view or template environments, including HTML escaping, which may expose this application to cross-site scripting (XSS) vulnerabilities. Consider using a view technology such as JavaServer Faces (JSFs) which automatically escapes HTML views.",0.6221848022643229,P3 - Medium (ML Moderate / Needs Review),data/benchmark/src/main/java/org/owasp/benchmark/testcode/BenchmarkTest01583.java,54,TP,79,"User‑controlled data (the value returned in `bar`) is inserted into the HTML response without proper encoding while X‑XSS‑Protection is disabled, enabling reflected XSS."
BenchmarkTest00568,1,CWE-78,1,1,0,0.5177,"Detected input from a HTTPServletRequest going into a 'ProcessBuilder' or 'exec' command. This could lead to command injection if variables passed into the exec commands are not properly sanitized. Instead, avoid using these OS commands with user-supplied input, or, if you must use these commands, use a whitelist of specific values.",0.5683792859920807,P3 - Medium (ML Moderate / Needs Review),data/benchmark/src/main/java/org/owasp/benchmark/testcode/BenchmarkTest00568.java,87,TP,78,"User‑controlled input is concatenated into the command array passed to Runtime.exec, allowing an attacker to execute arbitrary OS commands."
BenchmarkTest02242,0,CWE-78,1,1,0,0.5177,"Detected input from a HTTPServletRequest going into a 'ProcessBuilder' or 'exec' command. This could lead to command injection if variables passed into the exec commands are not properly sanitized. Instead, avoid using these OS commands with user-supplied input, or, if you must use these commands, use a whitelist of specific values.",0.5683792859920807,P3 - Medium (ML Moderate / Needs Review),data/benchmark/src/main/java/org/owasp/benchmark/testcode/BenchmarkTest02242.java,62,TP,78,"User-controlled variable `bar` is concatenated into a shell command without sanitization, enabling command injection."
BenchmarkTest01572,1,CWE-22,1,1,0,0.531,"Detected a potential path traversal. A malicious actor could control the location of this file, to include going backwards in the directory with '../'. To address this, ensure that user-controlled variables in file paths are sanitized. You may also consider using a utility method such as org.apache.commons.io.FilenameUtils.getName(...) to only retrieve the file name from the path.",0.5305215095490278,P3 - Medium (ML Moderate / Needs Review),data/benchmark/src/main/java/org/owasp/benchmark/testcode/BenchmarkTest01572.java,55,TP,22,"The filename is constructed from user‑controlled input (`bar`) without validation, allowing path traversal to read arbitrary files."
BenchmarkTest00738,0,CWE-78,1,1,0,0.5177,"Detected input from a HTTPServletRequest going into a 'ProcessBuilder' or 'exec' command. This could lead to command injection if variables passed into the exec commands are not properly sanitized. Instead, avoid using these OS commands with user-supplied input, or, if you must use these commands, use a whitelist of specific values.",0.5089059229256337,P3 - Medium (ML Moderate / Needs Review),data/benchmark/src/main/java/org/owasp/benchmark/testcode/BenchmarkTest00738.java,78,FP,NONE,"The code uses Runtime.exec with a String[] argument array, which passes each element as a separate command argument without invoking a shell, preventing command injection."
BenchmarkTest00207,1,CWE-643,1,1,0,0.5185,"Detected input from a HTTPServletRequest going into a XPath evaluate or compile command. This could lead to xpath injection if variables passed into the evaluate or compile commands are not properly sanitized. Xpath injection could lead to unauthorized access to sensitive information in XML documents. Instead, thoroughly sanitize user input or use parameterized xpath queries if you can.",0.4922262947505719,P3 - Medium (ML Moderate / Needs Review),data/benchmark/src/main/java/org/owasp/benchmark/testcode/BenchmarkTest00207.java,75,TP,CWE-643,"User‑controlled input `bar` is concatenated directly into an XPath expression, enabling XPath injection attacks."
BenchmarkTest02126,1,CWE-79,1,1,0,0.6516,"Detected a request with potential user-input going into a OutputStream or Writer object. This bypasses any view or template environments, including HTML escaping, which may expose this application to cross-site scripting (XSS) vulnerabilities. Consider using a view technology such as JavaServer Faces (JSFs) which automatically escapes HTML views.",0.6447716715602264,P3 - Medium (ML Moderate / Needs Review),data/benchmark/src/main/java/org/owasp/benchmark/testcode/BenchmarkTest02126.java,49,TP,79,"User‑controlled input is reflected in the HTTP response without encoding or sanitization, enabling reflected XSS."
BenchmarkTest01902,1,CWE-90,1,1,0,0.4815,"Detected input from a HTTPServletRequest going into an LDAP query. This could lead to LDAP injection if the input is not properly sanitized, which could result in attackers modifying objects in the LDAP tree structure. Ensure data passed to an LDAP query is not controllable or properly sanitize the data.",0.4643746966999802,P3 - Medium (ML Moderate / Needs Review),data/benchmark/src/main/java/org/owasp/benchmark/testcode/BenchmarkTest01902.java,63,TP,90,"The LDAP search filter concatenates unvalidated user input (`bar`) directly, enabling LDAP injection attacks."
BenchmarkTest01941,0,CWE-78,1,1,0,0.5177,"Detected input from a HTTPServletRequest going into a 'ProcessBuilder' or 'exec' command. This could lead to command injection if variables passed into the exec commands are not properly sanitized. Instead, avoid using these OS commands with user-supplied input, or, if you must use these commands, use a whitelist of specific values.",0.5089059229256337,P3 - Medium (ML Moderate / Needs Review),data/benchmark/src/main/java/org/owasp/benchmark/testcode/BenchmarkTest01941.java,61,TP,78,"The code executes a command string obtained from an insecure helper without proper validation, allowing OS command injection."
BenchmarkTest00339,1,CWE-89,1,1,0,0.5746,Detected input from a HTTPServletRequest going into a SQL sink or statement. This could lead to SQL injection if variables in the SQL statement are not properly sanitized. Use parameterized SQL queries or properly sanitize user input instead.,0.6314792486337455,P3 - Medium (ML Moderate / Needs Review),data/benchmark/src/main/java/org/owasp/benchmark/testcode/BenchmarkTest00339.java,62,TP,89,"User-controlled input (`param`) is concatenated into an SQL query without sanitization, enabling SQL injection."
BenchmarkTest01064,1,CWE-78,1,1,0,0.5177,"Detected input from a HTTPServletRequest going into a 'ProcessBuilder' or 'exec' command. This could lead to command injection if variables passed into the exec commands are not properly sanitized. Instead, avoid using these OS commands with user-supplied input, or, if you must use these commands, use a whitelist of specific values.",0.5089059229256337,P3 - Medium (ML Moderate / Needs Review),data/benchmark/src/main/java/org/owasp/benchmark/testcode/BenchmarkTest01064.java,62,TP,78,"User-controlled input (`bar`) is concatenated to an OS command string and executed via `Runtime.exec` without validation, enabling OS command injection."
BenchmarkTest00952,1,CWE-22,1,1,0,0.531,"Detected a potential path traversal. A malicious actor could control the location of this file, to include going backwards in the directory with '../'. To address this, ensure that user-controlled variables in file paths are sanitized. You may also consider using a utility method such as org.apache.commons.io.FilenameUtils.getName(...) to only retrieve the file name from the path.",0.5305215095490278,P3 - Medium (ML Moderate / Needs Review),data/benchmark/src/main/java/org/owasp/benchmark/testcode/BenchmarkTest00952.java,88,FP,NONE,"The code only constructs a file path string and HTML‑encodes it for output without performing any file system operations, so no exploitable vulnerability is present in this snippet."
BenchmarkTest01928,1,CWE-78,1,1,0,0.5177,"Detected input from a HTTPServletRequest going into a 'ProcessBuilder' or 'exec' command. This could lead to command injection if variables passed into the exec commands are not properly sanitized. Instead, avoid using these OS commands with user-supplied input, or, if you must use these commands, use a whitelist of specific values.",0.5114755110284748,P3 - Medium (ML Moderate / Needs Review),data/benchmark/src/main/java/org/owasp/benchmark/testcode/BenchmarkTest01928.java,63,TP,78,"User-controlled variable `bar` is concatenated into a command string executed via a shell, enabling command injection."
BenchmarkTest01905,0,CWE-22,1,1,0,0.531,"Detected a potential path traversal. A malicious actor could control the location of this file, to include going backwards in the directory with '../'. To address this, ensure that user-controlled variables in file paths are sanitized. You may also consider using a utility method such as org.apache.commons.io.FilenameUtils.getName(...) to only retrieve the file name from the path.",0.5394645256012154,P3 - Medium (ML Moderate / Needs Review),data/benchmark/src/main/java/org/owasp/benchmark/testcode/BenchmarkTest01905.java,58,TP,22,"The code concatenates unvalidated user input (bar) to a file path and opens it directly, enabling path traversal attacks."
BenchmarkTest01464,1,CWE-89,2,1,1,0.5746,Detected input from a HTTPServletRequest going into a SQL sink or statement. This could lead to SQL injection if variables in the SQL statement are not properly sanitized. Use parameterized SQL queries or properly sanitize user input instead.,0.6221370751503495,P3 - Medium (ML Moderate / Needs Review),data/benchmark/src/main/java/org/owasp/benchmark/testcode/BenchmarkTest01464.java,67,TP,89,"The user-controlled value `bar` is concatenated directly into the SQL query string, creating a classic SQL injection risk."
BenchmarkTest01087,1,CWE-89,1,1,0,0.5746,Detected input from a HTTPServletRequest going into a SQL sink or statement. This could lead to SQL injection if variables in the SQL statement are not properly sanitized. Use parameterized SQL queries or properly sanitize user input instead.,0.6393503814415632,P3 - Medium (ML Moderate / Needs Review),data/benchmark/src/main/java/org/owasp/benchmark/testcode/BenchmarkTest01087.java,58,TP,89,"User-controlled input (`bar`) is concatenated directly into an SQL query without sanitization, enabling SQL injection."
BenchmarkTest00007,1,CWE-78,1,1,0,0.5177,"Detected input from a HTTPServletRequest going into a 'ProcessBuilder' or 'exec' command. This could lead to command injection if variables passed into the exec commands are not properly sanitized. Instead, avoid using these OS commands with user-supplied input, or, if you must use these commands, use a whitelist of specific values.",0.5114755110284748,P3 - Medium (ML Moderate / Needs Review),data/benchmark/src/main/java/org/owasp/benchmark/testcode/BenchmarkTest00007.java,61,TP,78,"User‑controlled data is passed directly to Runtime.exec() without validation, enabling OS command injection."
BenchmarkTest02360,1,CWE-89,1,1,0,0.5746,Detected input from a HTTPServletRequest going into a SQL sink or statement. This could lead to SQL injection if variables in the SQL statement are not properly sanitized. Use parameterized SQL queries or properly sanitize user input instead.,0.6382802301796155,P3 - Medium (ML Moderate / Needs Review),data/benchmark/src/main/java/org/owasp/benchmark/testcode/BenchmarkTest02360.java,66,TP,89,"User-controlled input (bar) is concatenated directly into an SQL query, enabling SQL injection."
BenchmarkTest00571,0,CWE-78,1,1,0,0.5177,"Detected input from a HTTPServletRequest going into a 'ProcessBuilder' or 'exec' command. This could lead to command injection if variables passed into the exec commands are not properly sanitized. Instead, avoid using these OS commands with user-supplied input, or, if you must use these commands, use a whitelist of specific values.",0.5752195073482003,P3 - Medium (ML Moderate / Needs Review),data/benchmark/src/main/java/org/owasp/benchmark/testcode/BenchmarkTest00571.java,76,TP,78,"An externally supplied string is passed directly to Runtime.exec without validation, enabling OS command injection."
BenchmarkTest02116,0,CWE-90,1,1,0,0.4815,"Detected input from a HTTPServletRequest going into an LDAP query. This could lead to LDAP injection if the input is not properly sanitized, which could result in attackers modifying objects in the LDAP tree structure. Ensure data passed to an LDAP query is not controllable or properly sanitize the data.",0.5087973542492934,P3 - Medium (ML Moderate / Needs Review),data/benchmark/src/main/java/org/owasp/benchmark/testcode/BenchmarkTest02116.java,61,TP,90,"User‑controlled input `bar` is concatenated into an LDAP filter without sanitization, enabling LDAP injection attacks."
BenchmarkTest00454,0,CWE-22,1,1,0,0.531,"Detected a potential path traversal. A malicious actor could control the location of this file, to include going backwards in the directory with '../'. To address this, ensure that user-controlled variables in file paths are sanitized. You may also consider using a utility method such as org.apache.commons.io.FilenameUtils.getName(...) to only retrieve the file name from the path.",0.5305215095490278,P3 - Medium (ML Moderate / Needs Review),data/benchmark/src/main/java/org/owasp/benchmark/testcode/BenchmarkTest00454.java,62,TP,22,"User-controlled `param` can be concatenated to a directory path and opened directly, enabling path traversal to read arbitrary files."
BenchmarkTest00027,1,CWE-89,2,1,1,0.5746,Detected input from a HTTPServletRequest going into a SQL sink or statement. This could lead to SQL injection if variables in the SQL statement are not properly sanitized. Use parameterized SQL queries or properly sanitize user input instead.,0.6043967051102129,P3 - Medium (ML Moderate / Needs Review),data/benchmark/src/main/java/org/owasp/benchmark/testcode/BenchmarkTest00027.java,50,TP,89,"User‑controlled input (`param`) is directly concatenated into an SQL statement, enabling SQL injection."
BenchmarkTest01831,1,CWE-90,1,1,0,0.4815,"Detected input from a HTTPServletRequest going into an LDAP query. This could lead to LDAP injection if the input is not properly sanitized, which could result in attackers modifying objects in the LDAP tree structure. Ensure data passed to an LDAP query is not controllable or properly sanitize the data.",0.4960361627169889,P3 - Medium (ML Moderate / Needs Review),data/benchmark/src/main/java/org/owasp/benchmark/testcode/BenchmarkTest01831.java,79,TP,90,"The `bar` variable is concatenated directly into the LDAP filter string, allowing an attacker to inject malicious LDAP query syntax."
BenchmarkTest02088,1,CWE-89,2,1,1,0.5746,Detected input from a HTTPServletRequest going into a SQL sink or statement. This could lead to SQL injection if variables in the SQL statement are not properly sanitized. Use parameterized SQL queries or properly sanitize user input instead.,0.6161353418384643,P3 - Medium (ML Moderate / Needs Review),data/benchmark/src/main/java/org/owasp/benchmark/testcode/BenchmarkTest02088.java,60,TP,89,"The user-controlled variable `bar` is concatenated into the SQL string without proper escaping, enabling SQL injection."
BenchmarkTest01381,1,CWE-89,2,1,1,0.5746,Detected input from a HTTPServletRequest going into a SQL sink or statement. This could lead to SQL injection if variables in the SQL statement are not properly sanitized. Use parameterized SQL queries or properly sanitize user input instead.,0.6043967051102129,P3 - Medium (ML Moderate / Needs Review),data/benchmark/src/main/java/org/owasp/benchmark/testcode/BenchmarkTest01381.java,57,TP,89,"The user‑controlled value `bar` is concatenated into the SQL query string without proper escaping, enabling SQL injection despite using a PreparedStatement for the other parameter."
BenchmarkTest00336,0,CWE-89,1,1,0,0.5746,Detected input from a HTTPServletRequest going into a SQL sink or statement. This could lead to SQL injection if variables in the SQL statement are not properly sanitized. Use parameterized SQL queries or properly sanitize user input instead.,0.63810138505586,P3 - Medium (ML Moderate / Needs Review),data/benchmark/src/main/java/org/owasp/benchmark/testcode/BenchmarkTest00336.java,64,TP,89,"The user-controlled variable `param` can be assigned to `bar` and concatenated directly into the SQL query, enabling SQL injection."
BenchmarkTest02466,1,CWE-22,1,1,0,0.531,"Detected a potential path traversal. A malicious actor could control the location of this file, to include going backwards in the directory with '../'. To address this, ensure that user-controlled variables in file paths are sanitized. You may also consider using a utility method such as org.apache.commons.io.FilenameUtils.getName(...) to only retrieve the file name from the path.",0.5372346090670375,P3 - Medium (ML Moderate / Needs Review),data/benchmark/src/main/java/org/owasp/benchmark/testcode/BenchmarkTest02466.java,55,TP,22,"The code concatenates unvalidated user input (via `bar`) to a file path and opens it, enabling path traversal attacks."
BenchmarkTest00109,1,CWE-89,2,1,1,0.5746,Detected a formatted string in a SQL statement. This could lead to SQL injection if variables in the SQL statement are not properly sanitized. Use a prepared statements (java.sql.PreparedStatement) instead. You can obtain a PreparedStatement using 'connection.prepareStatement'.,0.490638252758374,P3 - Medium (ML Moderate / Needs Review),data/benchmark/src/main/java/org/owasp/benchmark/testcode/BenchmarkTest00109.java,80,TP,89,"User-controlled input `bar` is concatenated directly into the SQL query, enabling SQL injection."
BenchmarkTest00302,1,CWE-78,1,1,0,0.5177,"Detected input from a HTTPServletRequest going into a 'ProcessBuilder' or 'exec' command. This could lead to command injection if variables passed into the exec commands are not properly sanitized. Instead, avoid using these OS commands with user-supplied input, or, if you must use these commands, use a whitelist of specific values.",0.5683792859920807,P3 - Medium (ML Moderate / Needs Review),data/benchmark/src/main/java/org/owasp/benchmark/testcode/BenchmarkTest00302.java,69,TP,78,"User-controlled input (`bar`) is concatenated to an OS command string and executed via `Runtime.exec` without validation, enabling OS command injection."
BenchmarkTest02656,1,CWE-89,1,1,0,0.5746,Detected input from a HTTPServletRequest going into a SQL sink or statement. This could lead to SQL injection if variables in the SQL statement are not properly sanitized. Use parameterized SQL queries or properly sanitize user input instead.,0.6314792486337455,P3 - Medium (ML Moderate / Needs Review),data/benchmark/src/main/java/org/owasp/benchmark/testcode/BenchmarkTest02656.java,75,TP,89,"User-controlled input (`bar`) is concatenated directly into an SQL statement without sanitization or parameterization, enabling SQL injection."
BenchmarkTest00458,0,CWE-22,1,1,0,0.531,"Detected a potential path traversal. A malicious actor could control the location of this file, to include going backwards in the directory with '../'. To address this, ensure that user-controlled variables in file paths are sanitized. You may also consider using a utility method such as org.apache.commons.io.FilenameUtils.getName(...) to only retrieve the file name from the path.",0.5305215095490278,P3 - Medium (ML Moderate / Needs Review),data/benchmark/src/main/java/org/owasp/benchmark/testcode/BenchmarkTest00458.java,77,TP,22,"The file path is built from the unvalidated variable `bar`, allowing path traversal to write arbitrary files on the server."
BenchmarkTest00430,0,CWE-89,2,1,1,0.5746,Detected input from a HTTPServletRequest going into a SQL sink or statement. This could lead to SQL injection if variables in the SQL statement are not properly sanitized. Use parameterized SQL queries or properly sanitize user input instead.,0.6050253134234014,P3 - Medium (ML Moderate / Needs Review),data/benchmark/src/main/java/org/owasp/benchmark/testcode/BenchmarkTest00430.java,58,TP,89,"The password value `bar` is concatenated into the SQL string without proper escaping, and if `param` (controlled by an attacker) is used, it enables SQL injection."
BenchmarkTest02183,0,CWE-89,1,1,0,0.5746,Detected input from a HTTPServletRequest going into a SQL sink or statement. This could lead to SQL injection if variables in the SQL statement are not properly sanitized. Use parameterized SQL queries or properly sanitize user input instead.,0.6371570818030259,P3 - Medium (ML Moderate / Needs Review),data/benchmark/src/main/java/org/owasp/benchmark/testcode/BenchmarkTest02183.java,51,TP,89,"User‑controlled input (via `param` and processed by `doSomething`) is concatenated directly into an SQL query, enabling SQL injection."
BenchmarkTest02467,0,CWE-22,1,1,0,0.531,"Detected a potential path traversal. A malicious actor could control the location of this file, to include going backwards in the directory with '../'. To address this, ensure that user-controlled variables in file paths are sanitized. You may also consider using a utility method such as org.apache.commons.io.FilenameUtils.getName(...) to only retrieve the file name from the path.",0.5372346090670375,P3 - Medium (ML Moderate / Needs Review),data/benchmark/src/main/java/org/owasp/benchmark/testcode/BenchmarkTest02467.java,55,TP,22,"The code concatenates unvalidated user input (bar) to a file path and opens it directly, enabling path traversal attacks."
BenchmarkTest00038,1,CWE-89,1,1,0,0.5746,Detected input from a HTTPServletRequest going into a SQL sink or statement. This could lead to SQL injection if variables in the SQL statement are not properly sanitized. Use parameterized SQL queries or properly sanitize user input instead.,0.6382802301796155,P3 - Medium (ML Moderate / Needs Review),data/benchmark/src/main/java/org/owasp/benchmark/testcode/BenchmarkTest00038.java,63,TP,89,"The user-supplied variable `param` is concatenated directly into the SQL query string, enabling SQL injection."
BenchmarkTest01003,1,CWE-89,2,1,1,0.5746,Detected input from a HTTPServletRequest going into a SQL sink or statement. This could lead to SQL injection if variables in the SQL statement are not properly sanitized. Use parameterized SQL queries or properly sanitize user input instead.,0.6050253134234014,P3 - Medium (ML Moderate / Needs Review),data/benchmark/src/main/java/org/owasp/benchmark/testcode/BenchmarkTest01003.java,73,TP,89,"The user-controlled value `bar` is concatenated into the SQL query string without proper parameterization, enabling SQL injection."
BenchmarkTest02481,0,CWE-79,1,1,0,0.6516,"Detected a request with potential user-input going into a OutputStream or Writer object. This bypasses any view or template environments, including HTML escaping, which may expose this application to cross-site scripting (XSS) vulnerabilities. Consider using a view technology such as JavaServer Faces (JSFs) which automatically escapes HTML views.",0.6221848022643229,P3 - Medium (ML Moderate / Needs Review),data/benchmark/src/main/java/org/owasp/benchmark/testcode/BenchmarkTest02481.java,51,FP,NONE,"The response outputs a constant string unrelated to user input, so no exploitable injection or other vulnerability is present."
BenchmarkTest01330,1,CWE-22,1,1,0,0.531,"Detected a potential path traversal. A malicious actor could control the location of this file, to include going backwards in the directory with '../'. To address this, ensure that user-controlled variables in file paths are sanitized. You may also consider using a utility method such as org.apache.commons.io.FilenameUtils.getName(...) to only retrieve the file name from the path.",0.5372346090670375,P3 - Medium (ML Moderate / Needs Review),data/benchmark/src/main/java/org/owasp/benchmark/testcode/BenchmarkTest01330.java,58,TP,22,"User-controlled input (bar) is concatenated to a file path without validation, enabling path traversal to write arbitrary files."
BenchmarkTest01686,0,CWE-78,1,1,0,0.5177,"Detected input from a HTTPServletRequest going into a 'ProcessBuilder' or 'exec' command. This could lead to command injection if variables passed into the exec commands are not properly sanitized. Instead, avoid using these OS commands with user-supplied input, or, if you must use these commands, use a whitelist of specific values.",0.5683792859920807,P3 - Medium (ML Moderate / Needs Review),data/benchmark/src/main/java/org/owasp/benchmark/testcode/BenchmarkTest01686.java,81,TP,78,"An untrusted command string (cmd) is passed directly to Runtime.exec without validation, enabling OS command injection."
BenchmarkTest01430,1,CWE-78,1,1,0,0.5177,"Detected input from a HTTPServletRequest going into a 'ProcessBuilder' or 'exec' command. This could lead to command injection if variables passed into the exec commands are not properly sanitized. Instead, avoid using these OS commands with user-supplied input, or, if you must use these commands, use a whitelist of specific values.",0.5752195073482003,P3 - Medium (ML Moderate / Needs Review),data/benchmark/src/main/java/org/owasp/benchmark/testcode/BenchmarkTest01430.java,74,TP,78,"User‑controlled input (bar) is concatenated into a command string passed to the system shell via ProcessBuilder, enabling command injection."
BenchmarkTest00940,0,CWE-89,2,1,1,0.5746,Detected a formatted string in a SQL statement. This could lead to SQL injection if variables in the SQL statement are not properly sanitized. Use a prepared statements (java.sql.PreparedStatement) instead. You can obtain a PreparedStatement using 'connection.prepareStatement'.,0.5278626301234679,P3 - Medium (ML Moderate / Needs Review),data/benchmark/src/main/java/org/owasp/benchmark/testcode/BenchmarkTest00940.java,64,TP,89,"The variable `bar` is concatenated directly into an SQL statement without any sanitization or parameterization, allowing SQL injection if `bar` contains attacker‑controlled data."
BenchmarkTest01406,0,CWE-22,1,1,0,0.531,"Detected a potential path traversal. A malicious actor could control the location of this file, to include going backwards in the directory with '../'. To address this, ensure that user-controlled variables in file paths are sanitized. You may also consider using a utility method such as org.apache.commons.io.FilenameUtils.getName(...) to only retrieve the file name from the path.",0.5372346090670375,P3 - Medium (ML Moderate / Needs Review),data/benchmark/src/main/java/org/owasp/benchmark/testcode/BenchmarkTest01406.java,67,TP,22,"User-controlled input (bar) is concatenated to a file path and used to open a FileInputStream without validation, enabling path traversal attacks."
BenchmarkTest02279,0,CWE-89,1,1,0,0.5746,Detected input from a HTTPServletRequest going into a SQL sink or statement. This could lead to SQL injection if variables in the SQL statement are not properly sanitized. Use parameterized SQL queries or properly sanitize user input instead.,0.6393503814415632,P3 - Medium (ML Moderate / Needs Review),data/benchmark/src/main/java/org/owasp/benchmark/testcode/BenchmarkTest02279.java,56,TP,89,"User-controlled input (bar) is concatenated directly into an SQL query, enabling SQL injection."
BenchmarkTest00102,1,CWE-89,1,1,0,0.5746,Detected input from a HTTPServletRequest going into a SQL sink or statement. This could lead to SQL injection if variables in the SQL statement are not properly sanitized. Use parameterized SQL queries or properly sanitize user input instead.,0.6382802301796155,P3 - Medium (ML Moderate / Needs Review),data/benchmark/src/main/java/org/owasp/benchmark/testcode/BenchmarkTest00102.java,73,TP,89,"The user-controlled value `bar` is concatenated directly into the SQL query without sanitization, enabling SQL injection."
BenchmarkTest02149,0,CWE-78,1,1,0,0.5177,"Detected input from a HTTPServletRequest going into a 'ProcessBuilder' or 'exec' command. This could lead to command injection if variables passed into the exec commands are not properly sanitized. Instead, avoid using these OS commands with user-supplied input, or, if you must use these commands, use a whitelist of specific values.",0.5444416118463504,P3 - Medium (ML Moderate / Needs Review),data/benchmark/src/main/java/org/owasp/benchmark/testcode/BenchmarkTest02149.java,71,FP,NONE,"The command is executed via Runtime.exec with an argument array, preventing shell interpretation and thus avoiding command injection."
BenchmarkTest01026,0,CWE-22,1,1,0,0.531,"Detected a potential path traversal. A malicious actor could control the location of this file, to include going backwards in the directory with '../'. To address this, ensure that user-controlled variables in file paths are sanitized. You may also consider using a utility method such as org.apache.commons.io.FilenameUtils.getName(...) to only retrieve the file name from the path.",0.5402428179282152,P3 - Medium (ML Moderate / Needs Review),data/benchmark/src/main/java/org/owasp/benchmark/testcode/BenchmarkTest01026.java,53,TP,22,"User‑controlled header data is decoded and later used as a file path without validation, enabling path traversal attacks."
BenchmarkTest01113,0,CWE-22,1,1,0,0.531,"Detected a potential path traversal. A malicious actor could control the location of this file, to include going backwards in the directory with '../'. To address this, ensure that user-controlled variables in file paths are sanitized. You may also consider using a utility method such as org.apache.commons.io.FilenameUtils.getName(...) to only retrieve the file name from the path.",0.5305215095490278,P3 - Medium (ML Moderate / Needs Review),data/benchmark/src/main/java/org/owasp/benchmark/testcode/BenchmarkTest01113.java,69,TP,22,"The code concatenates unvalidated user input (`bar`) to a file path and opens it for writing, enabling path traversal attacks that allow an attacker to write arbitrary files on the server."
BenchmarkTest01531,1,CWE-78,1,1,0,0.5177,"Detected input from a HTTPServletRequest going into a 'ProcessBuilder' or 'exec' command. This could lead to command injection if variables passed into the exec commands are not properly sanitized. Instead, avoid using these OS commands with user-supplied input, or, if you must use these commands, use a whitelist of specific values.",0.5752195073482003,P3 - Medium (ML Moderate / Needs Review),data/benchmark/src/main/java/org/owasp/benchmark/testcode/BenchmarkTest01531.java,59,TP,78,"An untrusted command string (`cmd`) is passed directly to `Runtime.exec` without validation, enabling OS command injection."
BenchmarkTest02201,0,CWE-22,1,1,0,0.531,"Detected a potential path traversal. A malicious actor could control the location of this file, to include going backwards in the directory with '../'. To address this, ensure that user-controlled variables in file paths are sanitized. You may also consider using a utility method such as org.apache.commons.io.FilenameUtils.getName(...) to only retrieve the file name from the path.",0.5349061735858125,P3 - Medium (ML Moderate / Needs Review),data/benchmark/src/main/java/org/owasp/benchmark/testcode/BenchmarkTest02201.java,57,TP,22,"The code concatenates unvalidated user input (bar) to a file path and opens it, enabling path traversal to read arbitrary files."
BenchmarkTest01444,0,CWE-78,1,1,0,0.5177,"Detected input from a HTTPServletRequest going into a 'ProcessBuilder' or 'exec' command. This could lead to command injection if variables passed into the exec commands are not properly sanitized. Instead, avoid using these OS commands with user-supplied input, or, if you must use these commands, use a whitelist of specific values.",0.5683792859920807,P3 - Medium (ML Moderate / Needs Review),data/benchmark/src/main/java/org/owasp/benchmark/testcode/BenchmarkTest01444.java,70,TP,78,"The code executes a command string obtained from an insecure helper without proper validation, allowing OS command injection."
BenchmarkTest00697,1,CWE-22,1,1,0,0.531,"Detected a potential path traversal. A malicious actor could control the location of this file, to include going backwards in the directory with '../'. To address this, ensure that user-controlled variables in file paths are sanitized. You may also consider using a utility method such as org.apache.commons.io.FilenameUtils.getName(...) to only retrieve the file name from the path.",0.5402428179282152,P3 - Medium (ML Moderate / Needs Review),data/benchmark/src/main/java/org/owasp/benchmark/testcode/BenchmarkTest00697.java,57,FP,NONE,"The code merely reconstructs the original input string as a file path and HTML‑encodes it for display without performing any privileged file operations, so no exploitable security flaw is present."
BenchmarkTest02252,0,CWE-78,1,1,0,0.5177,"Detected input from a HTTPServletRequest going into a 'ProcessBuilder' or 'exec' command. This could lead to command injection if variables passed into the exec commands are not properly sanitized. Instead, avoid using these OS commands with user-supplied input, or, if you must use these commands, use a whitelist of specific values.",0.5114755110284748,P3 - Medium (ML Moderate / Needs Review),data/benchmark/src/main/java/org/owasp/benchmark/testcode/BenchmarkTest02252.java,75,TP,78,"User-controlled input is concatenated into the command array passed to Runtime.exec(), enabling OS command injection."
BenchmarkTest01746,0,CWE-22,1,1,0,0.531,"Detected a potential path traversal. A malicious actor could control the location of this file, to include going backwards in the directory with '../'. To address this, ensure that user-controlled variables in file paths are sanitized. You may also consider using a utility method such as org.apache.commons.io.FilenameUtils.getName(...) to only retrieve the file name from the path.",0.5305215095490278,P3 - Medium (ML Moderate / Needs Review),data/benchmark/src/main/java/org/owasp/benchmark/testcode/BenchmarkTest01746.java,66,TP,22,"User‑controlled components (e.g., `startURIslashes` or `bar`) are concatenated into a file path without validation, enabling path traversal to access arbitrary files."
BenchmarkTest01839,1,CWE-22,1,1,0,0.531,"Detected a potential path traversal. A malicious actor could control the location of this file, to include going backwards in the directory with '../'. To address this, ensure that user-controlled variables in file paths are sanitized. You may also consider using a utility method such as org.apache.commons.io.FilenameUtils.getName(...) to only retrieve the file name from the path.",0.5402428179282152,P3 - Medium (ML Moderate / Needs Review),data/benchmark/src/main/java/org/owasp/benchmark/testcode/BenchmarkTest01839.java,74,TP,22,"User‑controlled input (bar) is concatenated to a file path without validation, allowing path traversal to write arbitrary files."
BenchmarkTest01559,1,CWE-89,2,1,1,0.5746,Detected a formatted string in a SQL statement. This could lead to SQL injection if variables in the SQL statement are not properly sanitized. Use a prepared statements (java.sql.PreparedStatement) instead. You can obtain a PreparedStatement using 'connection.prepareStatement'.,0.4901655263130386,P3 - Medium (ML Moderate / Needs Review),data/benchmark/src/main/java/org/owasp/benchmark/testcode/BenchmarkTest01559.java,55,TP,89,"User-controlled input (bar) is concatenated directly into an SQL query, enabling SQL injection."
BenchmarkTest01664,0,CWE-79,1,1,0,0.6516,"Detected a request with potential user-input going into a OutputStream or Writer object. This bypasses any view or template environments, including HTML escaping, which may expose this application to cross-site scripting (XSS) vulnerabilities. Consider using a view technology such as JavaServer Faces (JSFs) which automatically escapes HTML views.",0.6221848022643229,P3 - Medium (ML Moderate / Needs Review),data/benchmark/src/main/java/org/owasp/benchmark/testcode/BenchmarkTest01664.java,73,FP,NONE,"The input is HTML‑encoded with ESAPI before being written to the response, preventing injection attacks."
BenchmarkTest02226,0,CWE-79,1,1,0,0.6516,"Detected a request with potential user-input going into a OutputStream or Writer object. This bypasses any view or template environments, including HTML escaping, which may expose this application to cross-site scripting (XSS) vulnerabilities. Consider using a view technology such as JavaServer Faces (JSFs) which automatically escapes HTML views.",0.6447716715602264,P3 - Medium (ML Moderate / Needs Review),data/benchmark/src/main/java/org/owasp/benchmark/testcode/BenchmarkTest02226.java,53,TP,79,"User‑controlled input can flow to the response body without encoding while X‑XSS‑Protection is disabled, enabling reflected XSS."
BenchmarkTest02566,0,CWE-22,1,1,0,0.531,"Detected a potential path traversal. A malicious actor could control the location of this file, to include going backwards in the directory with '../'. To address this, ensure that user-controlled variables in file paths are sanitized. You may also consider using a utility method such as org.apache.commons.io.FilenameUtils.getName(...) to only retrieve the file name from the path.",0.5349061735858125,P3 - Medium (ML Moderate / Needs Review),data/benchmark/src/main/java/org/owasp/benchmark/testcode/BenchmarkTest02566.java,83,TP,22,"The code opens a FileOutputStream based on a potentially unvalidated `fileName`, enabling an attacker to perform path traversal and write to arbitrary files."
BenchmarkTest01046,1,CWE-79,1,1,0,0.6516,"Detected a request with potential user-input going into a OutputStream or Writer object. This bypasses any view or template environments, including HTML escaping, which may expose this application to cross-site scripting (XSS) vulnerabilities. Consider using a view technology such as JavaServer Faces (JSFs) which automatically escapes HTML views.",0.6221848022643229,P3 - Medium (ML Moderate / Needs Review),data/benchmark/src/main/java/org/owasp/benchmark/testcode/BenchmarkTest01046.java,57,TP,79,"Unescaped user‑controlled data (the value of `bar` derived from `param`) is inserted into the HTML response via `out.format` while the X‑XSS‑Protection header is disabled, enabling reflected XSS."
BenchmarkTest00026,1,CWE-89,1,1,0,0.5746,Detected input from a HTTPServletRequest going into a SQL sink or statement. This could lead to SQL injection if variables in the SQL statement are not properly sanitized. Use parameterized SQL queries or properly sanitize user input instead.,0.63810138505586,P3 - Medium (ML Moderate / Needs Review),data/benchmark/src/main/java/org/owasp/benchmark/testcode/BenchmarkTest00026.java,49,TP,89,"The request parameter is directly concatenated into an SQL query, enabling SQL injection."
BenchmarkTest01260,1,CWE-79,1,1,0,0.6516,"Detected a request with potential user-input going into a OutputStream or Writer object. This bypasses any view or template environments, including HTML escaping, which may expose this application to cross-site scripting (XSS) vulnerabilities. Consider using a view technology such as JavaServer Faces (JSFs) which automatically escapes HTML views.",0.6221848022643229,P3 - Medium (ML Moderate / Needs Review),data/benchmark/src/main/java/org/owasp/benchmark/testcode/BenchmarkTest01260.java,50,TP,79,"The user‑controlled value `bar` is inserted into the HTTP response via `printf` without any encoding or sanitization, enabling reflected XSS."
BenchmarkTest02428,0,CWE-78,1,1,0,0.5177,"Detected input from a HTTPServletRequest going into a 'ProcessBuilder' or 'exec' command. This could lead to command injection if variables passed into the exec commands are not properly sanitized. Instead, avoid using these OS commands with user-supplied input, or, if you must use these commands, use a whitelist of specific values.",0.5114755110284748,P3 - Medium (ML Moderate / Needs Review),data/benchmark/src/main/java/org/owasp/benchmark/testcode/BenchmarkTest02428.java,59,TP,78,"User-controlled input (`bar`) is concatenated to an OS command string without validation, allowing OS command injection."
BenchmarkTest02611,1,CWE-78,1,1,0,0.5177,"Detected input from a HTTPServletRequest going into a 'ProcessBuilder' or 'exec' command. This could lead to command injection if variables passed into the exec commands are not properly sanitized. Instead, avoid using these OS commands with user-supplied input, or, if you must use these commands, use a whitelist of specific values.",0.5089059229256337,P3 - Medium (ML Moderate / Needs Review),data/benchmark/src/main/java/org/owasp/benchmark/testcode/BenchmarkTest02611.java,95,TP,78,"User-controlled input is concatenated into the command array passed to Runtime.exec(), enabling OS command injection."
BenchmarkTest01865,0,CWE-78,1,1,0,0.5177,"Detected input from a HTTPServletRequest going into a 'ProcessBuilder' or 'exec' command. This could lead to command injection if variables passed into the exec commands are not properly sanitized. Instead, avoid using these OS commands with user-supplied input, or, if you must use these commands, use a whitelist of specific values.",0.5114755110284748,P3 - Medium (ML Moderate / Needs Review),data/benchmark/src/main/java/org/owasp/benchmark/testcode/BenchmarkTest01865.java,78,TP,78,"The code concatenates unvalidated input (`bar`) to an OS command string and executes it via `Runtime.exec`, enabling OS command injection."
BenchmarkTest01498,1,CWE-22,1,1,0,0.531,"Detected a potential path traversal. A malicious actor could control the location of this file, to include going backwards in the directory with '../'. To address this, ensure that user-controlled variables in file paths are sanitized. You may also consider using a utility method such as org.apache.commons.io.FilenameUtils.getName(...) to only retrieve the file name from the path.",0.5349061735858125,P3 - Medium (ML Moderate / Needs Review),data/benchmark/src/main/java/org/owasp/benchmark/testcode/BenchmarkTest01498.java,61,TP,22,"The code opens a FileOutputStream based on a potentially unvalidated `fileName`, enabling an attacker to perform path traversal and write to arbitrary files."
BenchmarkTest01342,0,CWE-79,1,1,0,0.6516,"Detected a request with potential user-input going into a OutputStream or Writer object. This bypasses any view or template environments, including HTML escaping, which may expose this application to cross-site scripting (XSS) vulnerabilities. Consider using a view technology such as JavaServer Faces (JSFs) which automatically escapes HTML views.",0.6221848022643229,P3 - Medium (ML Moderate / Needs Review),data/benchmark/src/main/java/org/owasp/benchmark/testcode/BenchmarkTest01342.java,54,FP,NONE,"User input is HTML‑escaped before being included in the response, and the format string is constant, preventing injection attacks."
BenchmarkTest01961,0,CWE-89,2,1,1,0.5746,Detected input from a HTTPServletRequest going into a SQL sink or statement. This could lead to SQL injection if variables in the SQL statement are not properly sanitized. Use parameterized SQL queries or properly sanitize user input instead.,0.6221370751503495,P3 - Medium (ML Moderate / Needs Review),data/benchmark/src/main/java/org/owasp/benchmark/testcode/BenchmarkTest01961.java,58,TP,89,"The user-controlled value `bar` is concatenated into the SQL query without proper escaping, enabling SQL injection."
BenchmarkTest01601,1,CWE-78,1,1,0,0.5177,"Detected input from a HTTPServletRequest going into a 'ProcessBuilder' or 'exec' command. This could lead to command injection if variables passed into the exec commands are not properly sanitized. Instead, avoid using these OS commands with user-supplied input, or, if you must use these commands, use a whitelist of specific values.",0.5752195073482003,P3 - Medium (ML Moderate / Needs Review),data/benchmark/src/main/java/org/owasp/benchmark/testcode/BenchmarkTest01601.java,60,TP,78,"User‑controlled input (`bar`) is concatenated into a command string that is passed to `sh -c`/`cmd.exe /c` via `ProcessBuilder`, enabling OS command injection."
BenchmarkTest01838,0,CWE-22,1,1,0,0.531,"Detected a potential path traversal. A malicious actor could control the location of this file, to include going backwards in the directory with '../'. To address this, ensure that user-controlled variables in file paths are sanitized. You may also consider using a utility method such as org.apache.commons.io.FilenameUtils.getName(...) to only retrieve the file name from the path.",0.5394645256012154,P3 - Medium (ML Moderate / Needs Review),data/benchmark/src/main/java/org/owasp/benchmark/testcode/BenchmarkTest01838.java,73,TP,22,"The code concatenates unvalidated user input (bar) to a file path and opens it, allowing path traversal to read arbitrary files."
BenchmarkTest02189,1,CWE-643,1,1,0,0.5185,"Detected input from a HTTPServletRequest going into a XPath evaluate or compile command. This could lead to xpath injection if variables passed into the evaluate or compile commands are not properly sanitized. Xpath injection could lead to unauthorized access to sensitive information in XML documents. Instead, thoroughly sanitize user input or use parameterized xpath queries if you can.",0.4500384206940105,P3 - Medium (ML Moderate / Needs Review),data/benchmark/src/main/java/org/owasp/benchmark/testcode/BenchmarkTest02189.java,65,TP,CWE-643,"User‑controlled input `bar` is concatenated into an XPath expression without validation, enabling XPath injection attacks."
BenchmarkTest01904,1,CWE-22,1,1,0,0.531,"Detected a potential path traversal. A malicious actor could control the location of this file, to include going backwards in the directory with '../'. To address this, ensure that user-controlled variables in file paths are sanitized. You may also consider using a utility method such as org.apache.commons.io.FilenameUtils.getName(...) to only retrieve the file name from the path.",0.5402428179282152,P3 - Medium (ML Moderate / Needs Review),data/benchmark/src/main/java/org/owasp/benchmark/testcode/BenchmarkTest01904.java,53,TP,22,"User‑controlled input from a request header is URL‑decoded and later used as a filesystem path without proper validation, enabling path traversal attacks."
BenchmarkTest01727,1,CWE-89,1,1,0,0.5746,Detected input from a HTTPServletRequest going into a SQL sink or statement. This could lead to SQL injection if variables in the SQL statement are not properly sanitized. Use parameterized SQL queries or properly sanitize user input instead.,0.6314792486337455,P3 - Medium (ML Moderate / Needs Review),data/benchmark/src/main/java/org/owasp/benchmark/testcode/BenchmarkTest01727.java,75,TP,89,"User-controlled input (`bar`) is directly concatenated into an SQL query without proper sanitization or parameterization, enabling SQL injection."
BenchmarkTest02383,1,CWE-22,1,1,0,0.531,"Detected a potential path traversal. A malicious actor could control the location of this file, to include going backwards in the directory with '../'. To address this, ensure that user-controlled variables in file paths are sanitized. You may also consider using a utility method such as org.apache.commons.io.FilenameUtils.getName(...) to only retrieve the file name from the path.",0.5394645256012154,P3 - Medium (ML Moderate / Needs Review),data/benchmark/src/main/java/org/owasp/benchmark/testcode/BenchmarkTest02383.java,56,TP,22,"The file path is constructed from user‑controlled input (`bar`) without validation, allowing path traversal attacks."
BenchmarkTest02275,1,CWE-89,1,1,0,0.5746,Detected input from a HTTPServletRequest going into a SQL sink or statement. This could lead to SQL injection if variables in the SQL statement are not properly sanitized. Use parameterized SQL queries or properly sanitize user input instead.,0.63810138505586,P3 - Medium (ML Moderate / Needs Review),data/benchmark/src/main/java/org/owasp/benchmark/testcode/BenchmarkTest02275.java,57,TP,89,"User-controlled input (bar) is concatenated directly into an SQL query, enabling SQL injection."
BenchmarkTest01459,0,CWE-89,2,1,1,0.5746,Detected input from a HTTPServletRequest going into a SQL sink or statement. This could lead to SQL injection if variables in the SQL statement are not properly sanitized. Use parameterized SQL queries or properly sanitize user input instead.,0.6315115188114625,P3 - Medium (ML Moderate / Needs Review),data/benchmark/src/main/java/org/owasp/benchmark/testcode/BenchmarkTest01459.java,67,TP,89,"User‑controlled input (`bar`) is concatenated into a SQL call string without sanitization, enabling SQL injection."
BenchmarkTest01530,0,CWE-78,1,1,0,0.5177,"Detected input from a HTTPServletRequest going into a 'ProcessBuilder' or 'exec' command. This could lead to command injection if variables passed into the exec commands are not properly sanitized. Instead, avoid using these OS commands with user-supplied input, or, if you must use these commands, use a whitelist of specific values.",0.5752195073482003,P3 - Medium (ML Moderate / Needs Review),data/benchmark/src/main/java/org/owasp/benchmark/testcode/BenchmarkTest01530.java,73,FP,NONE,"The code uses `Runtime.exec(String[])` which passes arguments directly to the OS without invoking a shell, preventing command injection even if `cmd` or `bar` contain malicious content."
BenchmarkTest01906,1,CWE-22,1,1,0,0.531,"Detected a potential path traversal. A malicious actor could control the location of this file, to include going backwards in the directory with '../'. To address this, ensure that user-controlled variables in file paths are sanitized. You may also consider using a utility method such as org.apache.commons.io.FilenameUtils.getName(...) to only retrieve the file name from the path.",0.5372346090670375,P3 - Medium (ML Moderate / Needs Review),data/benchmark/src/main/java/org/owasp/benchmark/testcode/BenchmarkTest01906.java,59,TP,22,"User‑controlled input (bar) is concatenated to a file path and opened for writing without validation, enabling path traversal and arbitrary file creation."
BenchmarkTest01310,0,CWE-89,2,1,1,0.5746,Detected a formatted string in a SQL statement. This could lead to SQL injection if variables in the SQL statement are not properly sanitized. Use a prepared statements (java.sql.PreparedStatement) instead. You can obtain a PreparedStatement using 'connection.prepareStatement'.,0.5476500971406442,P3 - Medium (ML Moderate / Needs Review),data/benchmark/src/main/java/org/owasp/benchmark/testcode/BenchmarkTest01310.java,53,TP,89,"User-controlled input (bar) is concatenated directly into an SQL query without validation or parameterization, enabling SQL injection."
BenchmarkTest01216,0,CWE-89,2,1,1,0.5746,Detected input from a HTTPServletRequest going into a SQL sink or statement. This could lead to SQL injection if variables in the SQL statement are not properly sanitized. Use parameterized SQL queries or properly sanitize user input instead.,0.6043967051102129,P3 - Medium (ML Moderate / Needs Review),data/benchmark/src/main/java/org/owasp/benchmark/testcode/BenchmarkTest01216.java,58,TP,89,"User-controlled input (`bar`) is directly concatenated into an SQL statement without proper sanitization or parameterization, enabling SQL injection."
BenchmarkTest01495,1,CWE-22,1,1,0,0.531,"Detected a potential path traversal. A malicious actor could control the location of this file, to include going backwards in the directory with '../'. To address this, ensure that user-controlled variables in file paths are sanitized. You may also consider using a utility method such as org.apache.commons.io.FilenameUtils.getName(...) to only retrieve the file name from the path.",0.5372346090670375,P3 - Medium (ML Moderate / Needs Review),data/benchmark/src/main/java/org/owasp/benchmark/testcode/BenchmarkTest01495.java,70,FP,NONE,"The code only constructs a file path string and HTML‑encodes it for output without performing any file system operations, so no exploitable vulnerability is present in this snippet."
BenchmarkTest00064,0,CWE-22,1,1,0,0.531,"Detected a potential path traversal. A malicious actor could control the location of this file, to include going backwards in the directory with '../'. To address this, ensure that user-controlled variables in file paths are sanitized. You may also consider using a utility method such as org.apache.commons.io.FilenameUtils.getName(...) to only retrieve the file name from the path.",0.5305215095490278,P3 - Medium (ML Moderate / Needs Review),data/benchmark/src/main/java/org/owasp/benchmark/testcode/BenchmarkTest00064.java,79,TP,22,"The file path is constructed using a potentially attacker‑controlled `param` value without validation, allowing path traversal or arbitrary file write."
BenchmarkTest02299,1,CWE-90,1,1,0,0.4815,"Detected input from a HTTPServletRequest going into an LDAP query. This could lead to LDAP injection if the input is not properly sanitized, which could result in attackers modifying objects in the LDAP tree structure. Ensure data passed to an LDAP query is not controllable or properly sanitize the data.",0.519750625119329,P3 - Medium (ML Moderate / Needs Review),data/benchmark/src/main/java/org/owasp/benchmark/testcode/BenchmarkTest02299.java,72,TP,90,"The LDAP search filter concatenates unvalidated user input (`bar`) directly, enabling LDAP injection attacks."
BenchmarkTest02115,0,CWE-90,1,1,0,0.4815,"Detected input from a HTTPServletRequest going into an LDAP query. This could lead to LDAP injection if the input is not properly sanitized, which could result in attackers modifying objects in the LDAP tree structure. Ensure data passed to an LDAP query is not controllable or properly sanitize the data.",0.519750625119329,P3 - Medium (ML Moderate / Needs Review),data/benchmark/src/main/java/org/owasp/benchmark/testcode/BenchmarkTest02115.java,62,TP,90,"The user‑controlled variable `bar` is concatenated directly into the LDAP filter without escaping, allowing LDAP injection."
BenchmarkTest01864,1,CWE-78,1,1,0,0.5177,"Detected input from a HTTPServletRequest going into a 'ProcessBuilder' or 'exec' command. This could lead to command injection if variables passed into the exec commands are not properly sanitized. Instead, avoid using these OS commands with user-supplied input, or, if you must use these commands, use a whitelist of specific values.",0.5752195073482003,P3 - Medium (ML Moderate / Needs Review),data/benchmark/src/main/java/org/owasp/benchmark/testcode/BenchmarkTest01864.java,78,TP,78,"The code concatenates unvalidated input (`bar`) to an OS command string and executes it via `Runtime.exec`, enabling OS command injection."
BenchmarkTest00591,1,CWE-89,2,1,1,0.5746,Detected input from a HTTPServletRequest going into a SQL sink or statement. This could lead to SQL injection if variables in the SQL statement are not properly sanitized. Use parameterized SQL queries or properly sanitize user input instead.,0.6161353418384643,P3 - Medium (ML Moderate / Needs Review),data/benchmark/src/main/java/org/owasp/benchmark/testcode/BenchmarkTest00591.java,69,TP,89,"The password value `bar` is concatenated directly into the SQL query string, enabling SQL injection despite using a PreparedStatement for the username."
BenchmarkTest02059,1,CWE-78,1,1,0,0.5177,"Detected input from a HTTPServletRequest going into a 'ProcessBuilder' or 'exec' command. This could lead to command injection if variables passed into the exec commands are not properly sanitized. Instead, avoid using these OS commands with user-supplied input, or, if you must use these commands, use a whitelist of specific values.",0.5089059229256337,P3 - Medium (ML Moderate / Needs Review),data/benchmark/src/main/java/org/owasp/benchmark/testcode/BenchmarkTest02059.java,67,TP,78,"User‑controlled input (bar) is concatenated into a command string passed to the system shell via ProcessBuilder, enabling command injection."
BenchmarkTest02251,1,CWE-78,1,1,0,0.5177,"Detected input from a HTTPServletRequest going into a 'ProcessBuilder' or 'exec' command. This could lead to command injection if variables passed into the exec commands are not properly sanitized. Instead, avoid using these OS commands with user-supplied input, or, if you must use these commands, use a whitelist of specific values.",0.5444416118463504,P3 - Medium (ML Moderate / Needs Review),data/benchmark/src/main/java/org/owasp/benchmark/testcode/BenchmarkTest02251.java,73,TP,78,"User-controlled input (bar) is concatenated into a command string that is executed via Runtime.exec, enabling OS command injection."
BenchmarkTest00222,1,CWE-22,1,1,0,0.531,"Detected a potential path traversal. A malicious actor could control the location of this file, to include going backwards in the directory with '../'. To address this, ensure that user-controlled variables in file paths are sanitized. You may also consider using a utility method such as org.apache.commons.io.FilenameUtils.getName(...) to only retrieve the file name from the path.",0.5305215095490278,P3 - Medium (ML Moderate / Needs Review),data/benchmark/src/main/java/org/owasp/benchmark/testcode/BenchmarkTest00222.java,88,TP,22,"The file path is constructed from unvalidated input (`bar`) concatenated with a directory, allowing path traversal to write arbitrary files."
BenchmarkTest02487,1,CWE-79,1,1,0,0.6516,"Detected a request with potential user-input going into a OutputStream or Writer object. This bypasses any view or template environments, including HTML escaping, which may expose this application to cross-site scripting (XSS) vulnerabilities. Consider using a view technology such as JavaServer Faces (JSFs) which automatically escapes HTML views.",0.6221848022643229,P3 - Medium (ML Moderate / Needs Review),data/benchmark/src/main/java/org/owasp/benchmark/testcode/BenchmarkTest02487.java,52,TP,79,"User-controlled input (param) is reflected in the HTTP response via printf without encoding, enabling reflected XSS."
BenchmarkTest01460,1,CWE-89,2,1,1,0.5746,Detected input from a HTTPServletRequest going into a SQL sink or statement. This could lead to SQL injection if variables in the SQL statement are not properly sanitized. Use parameterized SQL queries or properly sanitize user input instead.,0.6315115188114625,P3 - Medium (ML Moderate / Needs Review),data/benchmark/src/main/java/org/owasp/benchmark/testcode/BenchmarkTest01460.java,67,TP,89,"The user-controlled value `bar` is concatenated directly into the SQL call string, enabling SQL injection through the callable statement."
BenchmarkTest01888,1,CWE-89,2,1,1,0.5746,Detected input from a HTTPServletRequest going into a SQL sink or statement. This could lead to SQL injection if variables in the SQL statement are not properly sanitized. Use parameterized SQL queries or properly sanitize user input instead.,0.6050253134234014,P3 - Medium (ML Moderate / Needs Review),data/benchmark/src/main/java/org/owasp/benchmark/testcode/BenchmarkTest01888.java,71,TP,89,"User-controlled input (bar) is concatenated directly into an SQL statement, enabling SQL injection."
BenchmarkTest00937,0,CWE-89,2,1,1,0.5746,Detected a formatted string in a SQL statement. This could lead to SQL injection if variables in the SQL statement are not properly sanitized. Use a prepared statements (java.sql.PreparedStatement) instead. You can obtain a PreparedStatement using 'connection.prepareStatement'.,0.5278626301234679,P3 - Medium (ML Moderate / Needs Review),data/benchmark/src/main/java/org/owasp/benchmark/testcode/BenchmarkTest00937.java,73,TP,89,"User-controlled variable `bar` is concatenated directly into an SQL query and executed via a plain Statement, enabling SQL injection."
BenchmarkTest00549,1,CWE-79,1,1,0,0.6516,"Detected a request with potential user-input going into a OutputStream or Writer object. This bypasses any view or template environments, including HTML escaping, which may expose this application to cross-site scripting (XSS) vulnerabilities. Consider using a view technology such as JavaServer Faces (JSFs) which automatically escapes HTML views.",0.6221848022643229,P3 - Medium (ML Moderate / Needs Review),data/benchmark/src/main/java/org/owasp/benchmark/testcode/BenchmarkTest00549.java,68,TP,79,"The unsanitized request parameter `param` is reflected in the HTTP response body while X‑XSS‑Protection is disabled, enabling reflected cross‑site scripting."
BenchmarkTest01094,1,CWE-89,2,1,1,0.5746,Detected a formatted string in a SQL statement. This could lead to SQL injection if variables in the SQL statement are not properly sanitized. Use a prepared statements (java.sql.PreparedStatement) instead. You can obtain a PreparedStatement using 'connection.prepareStatement'.,0.490638252758374,P3 - Medium (ML Moderate / Needs Review),data/benchmark/src/main/java/org/owasp/benchmark/testcode/BenchmarkTest01094.java,58,TP,89,"User-controlled input (`bar`) is concatenated directly into an SQL query, enabling SQL injection."
BenchmarkTest01097,1,CWE-89,2,1,1,0.5746,Detected input from a HTTPServletRequest going into a SQL sink or statement. This could lead to SQL injection if variables in the SQL statement are not properly sanitized. Use parameterized SQL queries or properly sanitize user input instead.,0.6315115188114625,P3 - Medium (ML Moderate / Needs Review),data/benchmark/src/main/java/org/owasp/benchmark/testcode/BenchmarkTest01097.java,56,TP,89,"User-controlled input (`bar`) is directly concatenated into an SQL statement without proper sanitization or parameterization, enabling SQL injection."
BenchmarkTest01630,1,CWE-89,2,1,1,0.5746,Detected input from a HTTPServletRequest going into a SQL sink or statement. This could lead to SQL injection if variables in the SQL statement are not properly sanitized. Use parameterized SQL queries or properly sanitize user input instead.,0.6043967051102129,P3 - Medium (ML Moderate / Needs Review),data/benchmark/src/main/java/org/owasp/benchmark/testcode/BenchmarkTest01630.java,53,TP,89,"User‑controlled data (bar) is concatenated into an SQL statement without proper sanitization, enabling SQL injection."
BenchmarkTest01238,1,CWE-22,1,1,0,0.531,"Detected a potential path traversal. A malicious actor could control the location of this file, to include going backwards in the directory with '../'. To address this, ensure that user-controlled variables in file paths are sanitized. You may also consider using a utility method such as org.apache.commons.io.FilenameUtils.getName(...) to only retrieve the file name from the path.",0.5349061735858125,P3 - Medium (ML Moderate / Needs Review),data/benchmark/src/main/java/org/owasp/benchmark/testcode/BenchmarkTest01238.java,54,TP,22,"User-controlled input (bar) is concatenated to a file path and used to create a FileOutputStream without validation, enabling path traversal and arbitrary file write."
BenchmarkTest02377,1,CWE-22,1,1,0,0.531,"Detected a potential path traversal. A malicious actor could control the location of this file, to include going backwards in the directory with '../'. To address this, ensure that user-controlled variables in file paths are sanitized. You may also consider using a utility method such as org.apache.commons.io.FilenameUtils.getName(...) to only retrieve the file name from the path.",0.5349061735858125,P3 - Medium (ML Moderate / Needs Review),data/benchmark/src/main/java/org/owasp/benchmark/testcode/BenchmarkTest02377.java,50,TP,22,"An attacker‑controlled request parameter influences the file path (`new File(bar, ""/Test.txt"")`), enabling path traversal to access arbitrary files."
BenchmarkTest00204,1,CWE-89,2,1,1,0.5746,Detected input from a HTTPServletRequest going into a SQL sink or statement. This could lead to SQL injection if variables in the SQL statement are not properly sanitized. Use parameterized SQL queries or properly sanitize user input instead.,0.6161353418384643,P3 - Medium (ML Moderate / Needs Review),data/benchmark/src/main/java/org/owasp/benchmark/testcode/BenchmarkTest00204.java,58,TP,89,"User-controlled data (bar) is concatenated into an SQL string and executed via a plain Statement, enabling SQL injection."
BenchmarkTest02056,1,CWE-79,1,1,0,0.6516,"Detected a request with potential user-input going into a OutputStream or Writer object. This bypasses any view or template environments, including HTML escaping, which may expose this application to cross-site scripting (XSS) vulnerabilities. Consider using a view technology such as JavaServer Faces (JSFs) which automatically escapes HTML views.",0.6447716715602264,P3 - Medium (ML Moderate / Needs Review),data/benchmark/src/main/java/org/owasp/benchmark/testcode/BenchmarkTest02056.java,56,FP,NONE,"The user-controlled input `param` is never used in the response; a constant safe string is printed, so no exploitable vulnerability exists."
BenchmarkTest01389,0,CWE-89,1,1,0,0.5746,Detected input from a HTTPServletRequest going into a SQL sink or statement. This could lead to SQL injection if variables in the SQL statement are not properly sanitized. Use parameterized SQL queries or properly sanitize user input instead.,0.6314792486337455,P3 - Medium (ML Moderate / Needs Review),data/benchmark/src/main/java/org/owasp/benchmark/testcode/BenchmarkTest01389.java,55,TP,89,"The value of bar is concatenated directly into an SQL query without proper sanitization or use of prepared statements, allowing SQL injection."
BenchmarkTest01234,1,CWE-22,1,1,0,0.531,"Detected a potential path traversal. A malicious actor could control the location of this file, to include going backwards in the directory with '../'. To address this, ensure that user-controlled variables in file paths are sanitized. You may also consider using a utility method such as org.apache.commons.io.FilenameUtils.getName(...) to only retrieve the file name from the path.",0.5349061735858125,P3 - Medium (ML Moderate / Needs Review),data/benchmark/src/main/java/org/owasp/benchmark/testcode/BenchmarkTest01234.java,48,TP,22,"User‑controlled input is used directly as a file name without validation, enabling path traversal attacks."
BenchmarkTest01685,1,CWE-78,1,1,0,0.5177,"Detected input from a HTTPServletRequest going into a 'ProcessBuilder' or 'exec' command. This could lead to command injection if variables passed into the exec commands are not properly sanitized. Instead, avoid using these OS commands with user-supplied input, or, if you must use these commands, use a whitelist of specific values.",0.5089059229256337,P3 - Medium (ML Moderate / Needs Review),data/benchmark/src/main/java/org/owasp/benchmark/testcode/BenchmarkTest01685.java,95,FP,NONE,"Using Runtime.exec with a String[] avoids shell interpretation, preventing command injection."
BenchmarkTest02171,1,CWE-89,2,1,1,0.5746,Detected input from a HTTPServletRequest going into a SQL sink or statement. This could lead to SQL injection if variables in the SQL statement are not properly sanitized. Use parameterized SQL queries or properly sanitize user input instead.,0.6221370751503495,P3 - Medium (ML Moderate / Needs Review),data/benchmark/src/main/java/org/owasp/benchmark/testcode/BenchmarkTest02171.java,53,ERROR,NONE,API call failed after retries
BenchmarkTest01096,0,CWE-89,2,1,1,0.5746,Detected input from a HTTPServletRequest going into a SQL sink or statement. This could lead to SQL injection if variables in the SQL statement are not properly sanitized. Use parameterized SQL queries or properly sanitize user input instead.,0.6043967051102129,P3 - Medium (ML Moderate / Needs Review),data/benchmark/src/main/java/org/owasp/benchmark/testcode/BenchmarkTest01096.java,56,ERROR,NONE,API call failed after retries
BenchmarkTest00032,1,CWE-89,1,1,0,0.5746,Detected input from a HTTPServletRequest going into a SQL sink or statement. This could lead to SQL injection if variables in the SQL statement are not properly sanitized. Use parameterized SQL queries or properly sanitize user input instead.,0.6371570818030259,P3 - Medium (ML Moderate / Needs Review),data/benchmark/src/main/java/org/owasp/benchmark/testcode/BenchmarkTest00032.java,54,ERROR,NONE,API call failed after retries
BenchmarkTest00603,1,CWE-89,2,1,1,0.5746,Detected a formatted string in a SQL statement. This could lead to SQL injection if variables in the SQL statement are not properly sanitized. Use a prepared statements (java.sql.PreparedStatement) instead. You can obtain a PreparedStatement using 'connection.prepareStatement'.,0.5278626301234679,P3 - Medium (ML Moderate / Needs Review),data/benchmark/src/main/java/org/owasp/benchmark/testcode/BenchmarkTest00603.java,69,ERROR,NONE,API call failed after retries
BenchmarkTest01717,0,CWE-89,2,1,1,0.5746,Detected input from a HTTPServletRequest going into a SQL sink or statement. This could lead to SQL injection if variables in the SQL statement are not properly sanitized. Use parameterized SQL queries or properly sanitize user input instead.,0.6221370751503495,P3 - Medium (ML Moderate / Needs Review),data/benchmark/src/main/java/org/owasp/benchmark/testcode/BenchmarkTest01717.java,77,ERROR,NONE,API call failed after retries
BenchmarkTest00292,1,CWE-79,1,1,0,0.6516,"Detected a request with potential user-input going into a OutputStream or Writer object. This bypasses any view or template environments, including HTML escaping, which may expose this application to cross-site scripting (XSS) vulnerabilities. Consider using a view technology such as JavaServer Faces (JSFs) which automatically escapes HTML views.",0.6447716715602264,P3 - Medium (ML Moderate / Needs Review),data/benchmark/src/main/java/org/owasp/benchmark/testcode/BenchmarkTest00292.java,62,ERROR,NONE,API call failed after retries
BenchmarkTest02273,1,CWE-89,1,1,0,0.5746,Detected input from a HTTPServletRequest going into a SQL sink or statement. This could lead to SQL injection if variables in the SQL statement are not properly sanitized. Use parameterized SQL queries or properly sanitize user input instead.,0.6393503814415632,P3 - Medium (ML Moderate / Needs Review),data/benchmark/src/main/java/org/owasp/benchmark/testcode/BenchmarkTest02273.java,55,ERROR,NONE,API call failed after retries
BenchmarkTest01818,0,CWE-89,2,1,1,0.5746,Detected a formatted string in a SQL statement. This could lead to SQL injection if variables in the SQL statement are not properly sanitized. Use a prepared statements (java.sql.PreparedStatement) instead. You can obtain a PreparedStatement using 'connection.prepareStatement'.,0.5476500971406442,P3 - Medium (ML Moderate / Needs Review),data/benchmark/src/main/java/org/owasp/benchmark/testcode/BenchmarkTest01818.java,54,ERROR,NONE,API call failed after retries
BenchmarkTest01192,1,CWE-78,1,1,0,0.5177,"Detected input from a HTTPServletRequest going into a 'ProcessBuilder' or 'exec' command. This could lead to command injection if variables passed into the exec commands are not properly sanitized. Instead, avoid using these OS commands with user-supplied input, or, if you must use these commands, use a whitelist of specific values.",0.5683792859920807,P3 - Medium (ML Moderate / Needs Review),data/benchmark/src/main/java/org/owasp/benchmark/testcode/BenchmarkTest01192.java,64,ERROR,NONE,API call failed after retries
BenchmarkTest02645,1,CWE-89,1,1,0,0.5746,Detected input from a HTTPServletRequest going into a SQL sink or statement. This could lead to SQL injection if variables in the SQL statement are not properly sanitized. Use parameterized SQL queries or properly sanitize user input instead.,0.6371570818030259,P3 - Medium (ML Moderate / Needs Review),data/benchmark/src/main/java/org/owasp/benchmark/testcode/BenchmarkTest02645.java,74,ERROR,NONE,API call failed after retries
BenchmarkTest02431,1,CWE-78,1,1,0,0.5177,"Detected input from a HTTPServletRequest going into a 'ProcessBuilder' or 'exec' command. This could lead to command injection if variables passed into the exec commands are not properly sanitized. Instead, avoid using these OS commands with user-supplied input, or, if you must use these commands, use a whitelist of specific values.",0.5114755110284748,P3 - Medium (ML Moderate / Needs Review),data/benchmark/src/main/java/org/owasp/benchmark/testcode/BenchmarkTest02431.java,59,ERROR,NONE,API call failed after retries
BenchmarkTest01158,0,CWE-22,1,1,0,0.531,"Detected a potential path traversal. A malicious actor could control the location of this file, to include going backwards in the directory with '../'. To address this, ensure that user-controlled variables in file paths are sanitized. You may also consider using a utility method such as org.apache.commons.io.FilenameUtils.getName(...) to only retrieve the file name from the path.",0.5305215095490278,P3 - Medium (ML Moderate / Needs Review),data/benchmark/src/main/java/org/owasp/benchmark/testcode/BenchmarkTest01158.java,60,ERROR,NONE,API call failed after retries
BenchmarkTest00773,0,CWE-89,2,1,1,0.5746,Detected a formatted string in a SQL statement. This could lead to SQL injection if variables in the SQL statement are not properly sanitized. Use a prepared statements (java.sql.PreparedStatement) instead. You can obtain a PreparedStatement using 'connection.prepareStatement'.,0.5278626301234679,P3 - Medium (ML Moderate / Needs Review),data/benchmark/src/main/java/org/owasp/benchmark/testcode/BenchmarkTest00773.java,65,ERROR,NONE,API call failed after retries
BenchmarkTest01286,1,CWE-78,1,1,0,0.5177,"Detected input from a HTTPServletRequest going into a 'ProcessBuilder' or 'exec' command. This could lead to command injection if variables passed into the exec commands are not properly sanitized. Instead, avoid using these OS commands with user-supplied input, or, if you must use these commands, use a whitelist of specific values.",0.5089059229256337,P3 - Medium (ML Moderate / Needs Review),data/benchmark/src/main/java/org/owasp/benchmark/testcode/BenchmarkTest01286.java,69,ERROR,NONE,API call failed after retries
BenchmarkTest01571,1,CWE-22,1,1,0,0.531,"Detected a potential path traversal. A malicious actor could control the location of this file, to include going backwards in the directory with '../'. To address this, ensure that user-controlled variables in file paths are sanitized. You may also consider using a utility method such as org.apache.commons.io.FilenameUtils.getName(...) to only retrieve the file name from the path.",0.5372346090670375,P3 - Medium (ML Moderate / Needs Review),data/benchmark/src/main/java/org/owasp/benchmark/testcode/BenchmarkTest01571.java,50,ERROR,NONE,API call failed after retries
BenchmarkTest01475,1,CWE-89,2,1,1,0.5746,Detected input from a HTTPServletRequest going into a SQL sink or statement. This could lead to SQL injection if variables in the SQL statement are not properly sanitized. Use parameterized SQL queries or properly sanitize user input instead.,0.6315115188114625,P3 - Medium (ML Moderate / Needs Review),data/benchmark/src/main/java/org/owasp/benchmark/testcode/BenchmarkTest01475.java,65,ERROR,NONE,API call failed after retries
BenchmarkTest02057,1,CWE-79,1,1,0,0.6516,"Detected a request with potential user-input going into a OutputStream or Writer object. This bypasses any view or template environments, including HTML escaping, which may expose this application to cross-site scripting (XSS) vulnerabilities. Consider using a view technology such as JavaServer Faces (JSFs) which automatically escapes HTML views.",0.6221848022643229,P3 - Medium (ML Moderate / Needs Review),data/benchmark/src/main/java/org/owasp/benchmark/testcode/BenchmarkTest02057.java,59,ERROR,NONE,API call failed after retries
BenchmarkTest02265,0,CWE-89,2,1,1,0.5746,Detected input from a HTTPServletRequest going into a SQL sink or statement. This could lead to SQL injection if variables in the SQL statement are not properly sanitized. Use parameterized SQL queries or properly sanitize user input instead.,0.6221370751503495,P3 - Medium (ML Moderate / Needs Review),data/benchmark/src/main/java/org/owasp/benchmark/testcode/BenchmarkTest02265.java,57,ERROR,NONE,API call failed after retries
BenchmarkTest00159,1,CWE-78,1,1,0,0.5177,"Detected input from a HTTPServletRequest going into a 'ProcessBuilder' or 'exec' command. This could lead to command injection if variables passed into the exec commands are not properly sanitized. Instead, avoid using these OS commands with user-supplied input, or, if you must use these commands, use a whitelist of specific values.",0.5752195073482003,P3 - Medium (ML Moderate / Needs Review),data/benchmark/src/main/java/org/owasp/benchmark/testcode/BenchmarkTest00159.java,67,ERROR,NONE,API call failed after retries
BenchmarkTest02584,1,CWE-79,1,1,0,0.6516,"Detected a request with potential user-input going into a OutputStream or Writer object. This bypasses any view or template environments, including HTML escaping, which may expose this application to cross-site scripting (XSS) vulnerabilities. Consider using a view technology such as JavaServer Faces (JSFs) which automatically escapes HTML views.",0.6447716715602264,P3 - Medium (ML Moderate / Needs Review),data/benchmark/src/main/java/org/owasp/benchmark/testcode/BenchmarkTest02584.java,73,ERROR,NONE,API call failed after retries
BenchmarkTest00999,0,CWE-89,2,1,1,0.5746,Detected input from a HTTPServletRequest going into a SQL sink or statement. This could lead to SQL injection if variables in the SQL statement are not properly sanitized. Use parameterized SQL queries or properly sanitize user input instead.,0.6161353418384643,P3 - Medium (ML Moderate / Needs Review),data/benchmark/src/main/java/org/owasp/benchmark/testcode/BenchmarkTest00999.java,74,ERROR,NONE,API call failed after retries
BenchmarkTest01468,0,CWE-89,1,1,0,0.5746,Detected input from a HTTPServletRequest going into a SQL sink or statement. This could lead to SQL injection if variables in the SQL statement are not properly sanitized. Use parameterized SQL queries or properly sanitize user input instead.,0.63810138505586,P3 - Medium (ML Moderate / Needs Review),data/benchmark/src/main/java/org/owasp/benchmark/testcode/BenchmarkTest01468.java,65,ERROR,NONE,API call failed after retries
BenchmarkTest02137,1,CWE-78,1,1,0,0.5177,"Detected input from a HTTPServletRequest going into a 'ProcessBuilder' or 'exec' command. This could lead to command injection if variables passed into the exec commands are not properly sanitized. Instead, avoid using these OS commands with user-supplied input, or, if you must use these commands, use a whitelist of specific values.",0.5114755110284748,P3 - Medium (ML Moderate / Needs Review),data/benchmark/src/main/java/org/owasp/benchmark/testcode/BenchmarkTest02137.java,58,TP,CWE,
BenchmarkTest01820,0,CWE-89,2,1,1,0.5746,Detected a formatted string in a SQL statement. This could lead to SQL injection if variables in the SQL statement are not properly sanitized. Use a prepared statements (java.sql.PreparedStatement) instead. You can obtain a PreparedStatement using 'connection.prepareStatement'.,0.5278626301234679,P3 - Medium (ML Moderate / Needs Review),data/benchmark/src/main/java/org/owasp/benchmark/testcode/BenchmarkTest01820.java,54,UNKNOWN,,
BenchmarkTest02050,1,CWE-79,1,1,0,0.6516,"Detected a request with potential user-input going into a OutputStream or Writer object. This bypasses any view or template environments, including HTML escaping, which may expose this application to cross-site scripting (XSS) vulnerabilities. Consider using a view technology such as JavaServer Faces (JSFs) which automatically escapes HTML views.",0.6447716715602264,P3 - Medium (ML Moderate / Needs Review),data/benchmark/src/main/java/org/owasp/benchmark/testcode/BenchmarkTest02050.java,57,TP,CWE,
BenchmarkTest00788,1,CWE-22,1,1,0,0.531,"Detected a potential path traversal. A malicious actor could control the location of this file, to include going backwards in the directory with '../'. To address this, ensure that user-controlled variables in file paths are sanitized. You may also consider using a utility method such as org.apache.commons.io.FilenameUtils.getName(...) to only retrieve the file name from the path.",0.5402428179282152,P3 - Medium (ML Moderate / Needs Review),data/benchmark/src/main/java/org/owasp/benchmark/testcode/BenchmarkTest00788.java,80,TP,CWE,
BenchmarkTest01620,1,CWE-89,2,1,1,0.5746,Detected input from a HTTPServletRequest going into a SQL sink or statement. This could lead to SQL injection if variables in the SQL statement are not properly sanitized. Use parameterized SQL queries or properly sanitize user input instead.,0.6221370751503495,P3 - Medium (ML Moderate / Needs Review),data/benchmark/src/main/java/org/owasp/benchmark/testcode/BenchmarkTest01620.java,55,TP,,
BenchmarkTest01445,0,CWE-78,1,1,0,0.5177,"Detected input from a HTTPServletRequest going into a 'ProcessBuilder' or 'exec' command. This could lead to command injection if variables passed into the exec commands are not properly sanitized. Instead, avoid using these OS commands with user-supplied input, or, if you must use these commands, use a whitelist of specific values.",0.5683792859920807,P3 - Medium (ML Moderate / Needs Review),data/benchmark/src/main/java/org/owasp/benchmark/testcode/BenchmarkTest01445.java,70,UNKNOWN,,
BenchmarkTest00573,1,CWE-78,1,1,0,0.5177,"Detected input from a HTTPServletRequest going into a 'ProcessBuilder' or 'exec' command. This could lead to command injection if variables passed into the exec commands are not properly sanitized. Instead, avoid using these OS commands with user-supplied input, or, if you must use these commands, use a whitelist of specific values.",0.5683792859920807,P3 - Medium (ML Moderate / Needs Review),data/benchmark/src/main/java/org/owasp/benchmark/testcode/BenchmarkTest00573.java,70,ERROR,NONE,API call failed after retries
BenchmarkTest00500,1,CWE-78,1,1,0,0.5177,"Detected input from a HTTPServletRequest going into a 'ProcessBuilder' or 'exec' command. This could lead to command injection if variables passed into the exec commands are not properly sanitized. Instead, avoid using these OS commands with user-supplied input, or, if you must use these commands, use a whitelist of specific values.",0.5683792859920807,P3 - Medium (ML Moderate / Needs Review),data/benchmark/src/main/java/org/owasp/benchmark/testcode/BenchmarkTest00500.java,67,TP,,
BenchmarkTest01593,0,CWE-79,1,1,0,0.6516,"Detected a request with potential user-input going into a OutputStream or Writer object. This bypasses any view or template environments, including HTML escaping, which may expose this application to cross-site scripting (XSS) vulnerabilities. Consider using a view technology such as JavaServer Faces (JSFs) which automatically escapes HTML views.",0.6447716715602264,P3 - Medium (ML Moderate / Needs Review),data/benchmark/src/main/java/org/owasp/benchmark/testcode/BenchmarkTest01593.java,51,TP,,
BenchmarkTest01365,0,CWE-78,1,1,0,0.5177,"Detected input from a HTTPServletRequest going into a 'ProcessBuilder' or 'exec' command. This could lead to command injection if variables passed into the exec commands are not properly sanitized. Instead, avoid using these OS commands with user-supplied input, or, if you must use these commands, use a whitelist of specific values.",0.5444416118463504,P3 - Medium (ML Moderate / Needs Review),data/benchmark/src/main/java/org/owasp/benchmark/testcode/BenchmarkTest01365.java,62,UNKNOWN,,
BenchmarkTest01220,0,CWE-89,2,1,1,0.5746,Detected input from a HTTPServletRequest going into a SQL sink or statement. This could lead to SQL injection if variables in the SQL statement are not properly sanitized. Use parameterized SQL queries or properly sanitize user input instead.,0.6161353418384643,P3 - Medium (ML Moderate / Needs Review),data/benchmark/src/main/java/org/owasp/benchmark/testcode/BenchmarkTest01220.java,58,UNKNOWN,,
BenchmarkTest02111,0,CWE-22,1,1,0,0.531,"Detected a potential path traversal. A malicious actor could control the location of this file, to include going backwards in the directory with '../'. To address this, ensure that user-controlled variables in file paths are sanitized. You may also consider using a utility method such as org.apache.commons.io.FilenameUtils.getName(...) to only retrieve the file name from the path.",0.5394645256012154,P3 - Medium (ML Moderate / Needs Review),data/benchmark/src/main/java/org/owasp/benchmark/testcode/BenchmarkTest02111.java,59,UNKNOWN,,
BenchmarkTest01394,1,CWE-89,2,1,1,0.5746,Detected input from a HTTPServletRequest going into a SQL sink or statement. This could lead to SQL injection if variables in the SQL statement are not properly sanitized. Use parameterized SQL queries or properly sanitize user input instead.,0.6161353418384643,P3 - Medium (ML Moderate / Needs Review),data/benchmark/src/main/java/org/owasp/benchmark/testcode/BenchmarkTest01394.java,55,ERROR,NONE,API call failed after retries
BenchmarkTest00110,0,CWE-89,2,1,1,0.5746,Detected a formatted string in a SQL statement. This could lead to SQL injection if variables in the SQL statement are not properly sanitized. Use a prepared statements (java.sql.PreparedStatement) instead. You can obtain a PreparedStatement using 'connection.prepareStatement'.,0.4901655263130386,P3 - Medium (ML Moderate / Needs Review),data/benchmark/src/main/java/org/owasp/benchmark/testcode/BenchmarkTest00110.java,94,ERROR,NONE,API call failed after retries
BenchmarkTest00024,1,CWE-89,2,1,1,0.5746,Detected input from a HTTPServletRequest going into a SQL sink or statement. This could lead to SQL injection if variables in the SQL statement are not properly sanitized. Use parameterized SQL queries or properly sanitize user input instead.,0.6161353418384643,P3 - Medium (ML Moderate / Needs Review),data/benchmark/src/main/java/org/owasp/benchmark/testcode/BenchmarkTest00024.java,52,UNKNOWN,,
BenchmarkTest00439,1,CWE-89,2,1,1,0.5746,Detected input from a HTTPServletRequest going into a SQL sink or statement. This could lead to SQL injection if variables in the SQL statement are not properly sanitized. Use parameterized SQL queries or properly sanitize user input instead.,0.6050253134234014,P3 - Medium (ML Moderate / Needs Review),data/benchmark/src/main/java/org/owasp/benchmark/testcode/BenchmarkTest00439.java,51,TP,,
BenchmarkTest02512,1,CWE-78,1,1,0,0.5177,"Detected input from a HTTPServletRequest going into a 'ProcessBuilder' or 'exec' command. This could lead to command injection if variables passed into the exec commands are not properly sanitized. Instead, avoid using these OS commands with user-supplied input, or, if you must use these commands, use a whitelist of specific values.",0.5752195073482003,P3 - Medium (ML Moderate / Needs Review),data/benchmark/src/main/java/org/owasp/benchmark/testcode/BenchmarkTest02512.java,59,UNKNOWN,,
BenchmarkTest00607,1,CWE-643,1,1,0,0.5185,"Detected input from a HTTPServletRequest going into a XPath evaluate or compile command. This could lead to xpath injection if variables passed into the evaluate or compile commands are not properly sanitized. Xpath injection could lead to unauthorized access to sensitive information in XML documents. Instead, thoroughly sanitize user input or use parameterized xpath queries if you can.",0.4500384206940105,P3 - Medium (ML Moderate / Needs Review),data/benchmark/src/main/java/org/owasp/benchmark/testcode/BenchmarkTest00607.java,79,UNKNOWN,,
BenchmarkTest02632,1,CWE-89,1,1,0,0.5746,Detected input from a HTTPServletRequest going into a SQL sink or statement. This could lead to SQL injection if variables in the SQL statement are not properly sanitized. Use parameterized SQL queries or properly sanitize user input instead.,0.6371570818030259,P3 - Medium (ML Moderate / Needs Review),data/benchmark/src/main/java/org/owasp/benchmark/testcode/BenchmarkTest02632.java,77,UNKNOWN,,
BenchmarkTest00905,0,CWE-78,1,1,0,0.5177,"Detected input from a HTTPServletRequest going into a 'ProcessBuilder' or 'exec' command. This could lead to command injection if variables passed into the exec commands are not properly sanitized. Instead, avoid using these OS commands with user-supplied input, or, if you must use these commands, use a whitelist of specific values.",0.5444416118463504,P3 - Medium (ML Moderate / Needs Review),data/benchmark/src/main/java/org/owasp/benchmark/testcode/BenchmarkTest00905.java,70,ERROR,NONE,API call failed after retries
BenchmarkTest02199,1,CWE-22,1,1,0,0.531,"Detected a potential path traversal. A malicious actor could control the location of this file, to include going backwards in the directory with '../'. To address this, ensure that user-controlled variables in file paths are sanitized. You may also consider using a utility method such as org.apache.commons.io.FilenameUtils.getName(...) to only retrieve the file name from the path.",0.5372346090670375,P3 - Medium (ML Moderate / Needs Review),data/benchmark/src/main/java/org/owasp/benchmark/testcode/BenchmarkTest02199.java,52,FP,NONE,
BenchmarkTest02470,0,CWE-22,1,1,0,0.531,"Detected a potential path traversal. A malicious actor could control the location of this file, to include going backwards in the directory with '../'. To address this, ensure that user-controlled variables in file paths are sanitized. You may also consider using a utility method such as org.apache.commons.io.FilenameUtils.getName(...) to only retrieve the file name from the path.",0.5349061735858125,P3 - Medium (ML Moderate / Needs Review),data/benchmark/src/main/java/org/owasp/benchmark/testcode/BenchmarkTest02470.java,56,TP,CWE,
BenchmarkTest02562,1,CWE-22,1,1,0,0.531,"Detected a potential path traversal. A malicious actor could control the location of this file, to include going backwards in the directory with '../'. To address this, ensure that user-controlled variables in file paths are sanitized. You may also consider using a utility method such as org.apache.commons.io.FilenameUtils.getName(...) to only retrieve the file name from the path.",0.5394645256012154,P3 - Medium (ML Moderate / Needs Review),data/benchmark/src/main/java/org/owasp/benchmark/testcode/BenchmarkTest02562.java,77,TP,CWE,
BenchmarkTest00954,0,CWE-22,1,1,0,0.531,"Detected a potential path traversal. A malicious actor could control the location of this file, to include going backwards in the directory with '../'. To address this, ensure that user-controlled variables in file paths are sanitized. You may also consider using a utility method such as org.apache.commons.io.FilenameUtils.getName(...) to only retrieve the file name from the path.",0.5372346090670375,P3 - Medium (ML Moderate / Needs Review),data/benchmark/src/main/java/org/owasp/benchmark/testcode/BenchmarkTest00954.java,79,ERROR,NONE,API call failed after retries
BenchmarkTest02563,0,CWE-22,1,1,0,0.531,"Detected a potential path traversal. A malicious actor could control the location of this file, to include going backwards in the directory with '../'. To address this, ensure that user-controlled variables in file paths are sanitized. You may also consider using a utility method such as org.apache.commons.io.FilenameUtils.getName(...) to only retrieve the file name from the path.",0.5394645256012154,P3 - Medium (ML Moderate / Needs Review),data/benchmark/src/main/java/org/owasp/benchmark/testcode/BenchmarkTest02563.java,78,ERROR,NONE,API call failed after retries
BenchmarkTest01834,0,CWE-22,1,1,0,0.531,"Detected a potential path traversal. A malicious actor could control the location of this file, to include going backwards in the directory with '../'. To address this, ensure that user-controlled variables in file paths are sanitized. You may also consider using a utility method such as org.apache.commons.io.FilenameUtils.getName(...) to only retrieve the file name from the path.",0.5402428179282152,P3 - Medium (ML Moderate / Needs Review),data/benchmark/src/main/java/org/owasp/benchmark/testcode/BenchmarkTest01834.java,68,ERROR,NONE,API call failed after retries
BenchmarkTest01311,1,CWE-89,2,1,1,0.5746,Detected a formatted string in a SQL statement. This could lead to SQL injection if variables in the SQL statement are not properly sanitized. Use a prepared statements (java.sql.PreparedStatement) instead. You can obtain a PreparedStatement using 'connection.prepareStatement'.,0.5278626301234679,P3 - Medium (ML Moderate / Needs Review),data/benchmark/src/main/java/org/owasp/benchmark/testcode/BenchmarkTest01311.java,53,ERROR,NONE,API call failed after retries
BenchmarkTest00001,1,CWE-22,1,1,0,0.531,"Detected a potential path traversal. A malicious actor could control the location of this file, to include going backwards in the directory with '../'. To address this, ensure that user-controlled variables in file paths are sanitized. You may also consider using a utility method such as org.apache.commons.io.FilenameUtils.getName(...) to only retrieve the file name from the path.",0.5402428179282152,P3 - Medium (ML Moderate / Needs Review),data/benchmark/src/main/java/org/owasp/benchmark/testcode/BenchmarkTest00001.java,72,ERROR,NONE,API call failed after retries
BenchmarkTest00344,0,CWE-89,2,1,1,0.5746,Detected input from a HTTPServletRequest going into a SQL sink or statement. This could lead to SQL injection if variables in the SQL statement are not properly sanitized. Use parameterized SQL queries or properly sanitize user input instead.,0.6315115188114625,P3 - Medium (ML Moderate / Needs Review),data/benchmark/src/main/java/org/owasp/benchmark/testcode/BenchmarkTest00344.java,63,ERROR,NONE,API call failed after retries
BenchmarkTest01756,0,CWE-90,1,1,0,0.4815,"Detected input from a HTTPServletRequest going into an LDAP query. This could lead to LDAP injection if the input is not properly sanitized, which could result in attackers modifying objects in the LDAP tree structure. Ensure data passed to an LDAP query is not controllable or properly sanitize the data.",0.519750625119329,P3 - Medium (ML Moderate / Needs Review),data/benchmark/src/main/java/org/owasp/benchmark/testcode/BenchmarkTest01756.java,62,ERROR,NONE,API call failed after retries
BenchmarkTest00177,0,CWE-78,1,1,0,0.5177,"Detected input from a HTTPServletRequest going into a 'ProcessBuilder' or 'exec' command. This could lead to command injection if variables passed into the exec commands are not properly sanitized. Instead, avoid using these OS commands with user-supplied input, or, if you must use these commands, use a whitelist of specific values.",0.5444416118463504,P3 - Medium (ML Moderate / Needs Review),data/benchmark/src/main/java/org/owasp/benchmark/testcode/BenchmarkTest00177.java,68,ERROR,NONE,API call failed after retries
BenchmarkTest02542,1,CWE-89,2,1,1,0.5746,Detected a formatted string in a SQL statement. This could lead to SQL injection if variables in the SQL statement are not properly sanitized. Use a prepared statements (java.sql.PreparedStatement) instead. You can obtain a PreparedStatement using 'connection.prepareStatement'.,0.4901655263130386,P3 - Medium (ML Moderate / Needs Review),data/benchmark/src/main/java/org/owasp/benchmark/testcode/BenchmarkTest02542.java,55,ERROR,NONE,API call failed after retries
BenchmarkTest01161,1,CWE-22,1,1,0,0.531,"Detected a potential path traversal. A malicious actor could control the location of this file, to include going backwards in the directory with '../'. To address this, ensure that user-controlled variables in file paths are sanitized. You may also consider using a utility method such as org.apache.commons.io.FilenameUtils.getName(...) to only retrieve the file name from the path.",0.5394645256012154,P3 - Medium (ML Moderate / Needs Review),data/benchmark/src/main/java/org/owasp/benchmark/testcode/BenchmarkTest01161.java,61,ERROR,NONE,API call failed after retries
BenchmarkTest02026,0,CWE-22,1,1,0,0.531,"Detected a potential path traversal. A malicious actor could control the location of this file, to include going backwards in the directory with '../'. To address this, ensure that user-controlled variables in file paths are sanitized. You may also consider using a utility method such as org.apache.commons.io.FilenameUtils.getName(...) to only retrieve the file name from the path.",0.5349061735858125,P3 - Medium (ML Moderate / Needs Review),data/benchmark/src/main/java/org/owasp/benchmark/testcode/BenchmarkTest02026.java,55,ERROR,NONE,API call failed after retries
BenchmarkTest02489,1,CWE-79,1,1,0,0.6516,"Detected a request with potential user-input going into a OutputStream or Writer object. This bypasses any view or template environments, including HTML escaping, which may expose this application to cross-site scripting (XSS) vulnerabilities. Consider using a view technology such as JavaServer Faces (JSFs) which automatically escapes HTML views.",0.6221848022643229,P3 - Medium (ML Moderate / Needs Review),data/benchmark/src/main/java/org/owasp/benchmark/testcode/BenchmarkTest02489.java,52,ERROR,NONE,API call failed after retries
BenchmarkTest02534,1,CWE-89,2,1,1,0.5746,Detected input from a HTTPServletRequest going into a SQL sink or statement. This could lead to SQL injection if variables in the SQL statement are not properly sanitized. Use parameterized SQL queries or properly sanitize user input instead.,0.6161353418384643,P3 - Medium (ML Moderate / Needs Review),data/benchmark/src/main/java/org/owasp/benchmark/testcode/BenchmarkTest02534.java,55,ERROR,NONE,API call failed after retries
BenchmarkTest01341,0,CWE-79,1,1,0,0.6516,"Detected a request with potential user-input going into a OutputStream or Writer object. This bypasses any view or template environments, including HTML escaping, which may expose this application to cross-site scripting (XSS) vulnerabilities. Consider using a view technology such as JavaServer Faces (JSFs) which automatically escapes HTML views.",0.6221848022643229,P3 - Medium (ML Moderate / Needs Review),data/benchmark/src/main/java/org/owasp/benchmark/testcode/BenchmarkTest01341.java,54,ERROR,NONE,API call failed after retries
BenchmarkTest00017,1,CWE-78,1,1,0,0.5177,"Detected input from a HTTPServletRequest going into a 'ProcessBuilder' or 'exec' command. This could lead to command injection if variables passed into the exec commands are not properly sanitized. Instead, avoid using these OS commands with user-supplied input, or, if you must use these commands, use a whitelist of specific values.",0.5444416118463504,P3 - Medium (ML Moderate / Needs Review),data/benchmark/src/main/java/org/owasp/benchmark/testcode/BenchmarkTest00017.java,63,ERROR,NONE,API call failed after retries
BenchmarkTest02188,0,CWE-89,2,1,1,0.5746,Detected input from a HTTPServletRequest going into a SQL sink or statement. This could lead to SQL injection if variables in the SQL statement are not properly sanitized. Use parameterized SQL queries or properly sanitize user input instead.,0.6043967051102129,P3 - Medium (ML Moderate / Needs Review),data/benchmark/src/main/java/org/owasp/benchmark/testcode/BenchmarkTest02188.java,51,ERROR,NONE,API call failed after retries
BenchmarkTest02739,0,CWE-89,1,1,0,0.5746,Detected a formatted string in a SQL statement. This could lead to SQL injection if variables in the SQL statement are not properly sanitized. Use a prepared statements (java.sql.PreparedStatement) instead. You can obtain a PreparedStatement using 'connection.prepareStatement'.,0.4725678466009309,P3 - Medium (ML Moderate / Needs Review),data/benchmark/src/main/java/org/owasp/benchmark/testcode/BenchmarkTest02739.java,54,ERROR,NONE,API call failed after retries
BenchmarkTest01219,0,CWE-89,2,1,1,0.5746,Detected input from a HTTPServletRequest going into a SQL sink or statement. This could lead to SQL injection if variables in the SQL statement are not properly sanitized. Use parameterized SQL queries or properly sanitize user input instead.,0.6221370751503495,P3 - Medium (ML Moderate / Needs Review),data/benchmark/src/main/java/org/owasp/benchmark/testcode/BenchmarkTest01219.java,58,ERROR,NONE,API call failed after retries
BenchmarkTest02514,1,CWE-78,1,1,0,0.5177,"Detected input from a HTTPServletRequest going into a 'ProcessBuilder' or 'exec' command. This could lead to command injection if variables passed into the exec commands are not properly sanitized. Instead, avoid using these OS commands with user-supplied input, or, if you must use these commands, use a whitelist of specific values.",0.5089059229256337,P3 - Medium (ML Moderate / Needs Review),data/benchmark/src/main/java/org/owasp/benchmark/testcode/BenchmarkTest02514.java,58,ERROR,NONE,API call failed after retries
BenchmarkTest01622,0,CWE-89,2,1,1,0.5746,Detected input from a HTTPServletRequest going into a SQL sink or statement. This could lead to SQL injection if variables in the SQL statement are not properly sanitized. Use parameterized SQL queries or properly sanitize user input instead.,0.6315115188114625,P3 - Medium (ML Moderate / Needs Review),data/benchmark/src/main/java/org/owasp/benchmark/testcode/BenchmarkTest01622.java,55,ERROR,NONE,API call failed after retries
BenchmarkTest01970,1,CWE-89,2,1,1,0.5746,Detected input from a HTTPServletRequest going into a SQL sink or statement. This could lead to SQL injection if variables in the SQL statement are not properly sanitized. Use parameterized SQL queries or properly sanitize user input instead.,0.6161353418384643,P3 - Medium (ML Moderate / Needs Review),data/benchmark/src/main/java/org/owasp/benchmark/testcode/BenchmarkTest01970.java,56,ERROR,NONE,API call failed after retries
BenchmarkTest01835,1,CWE-22,1,1,0,0.531,"Detected a potential path traversal. A malicious actor could control the location of this file, to include going backwards in the directory with '../'. To address this, ensure that user-controlled variables in file paths are sanitized. You may also consider using a utility method such as org.apache.commons.io.FilenameUtils.getName(...) to only retrieve the file name from the path.",0.5394645256012154,P3 - Medium (ML Moderate / Needs Review),data/benchmark/src/main/java/org/owasp/benchmark/testcode/BenchmarkTest01835.java,68,ERROR,NONE,API call failed after retries
BenchmarkTest01284,1,CWE-79,1,1,0,0.6516,"Detected a request with potential user-input going into a OutputStream or Writer object. This bypasses any view or template environments, including HTML escaping, which may expose this application to cross-site scripting (XSS) vulnerabilities. Consider using a view technology such as JavaServer Faces (JSFs) which automatically escapes HTML views.",0.6447716715602264,P3 - Medium (ML Moderate / Needs Review),data/benchmark/src/main/java/org/owasp/benchmark/testcode/BenchmarkTest01284.java,49,ERROR,NONE,API call failed after retries
BenchmarkTest00060,1,CWE-22,1,1,0,0.531,"Detected a potential path traversal. A malicious actor could control the location of this file, to include going backwards in the directory with '../'. To address this, ensure that user-controlled variables in file paths are sanitized. You may also consider using a utility method such as org.apache.commons.io.FilenameUtils.getName(...) to only retrieve the file name from the path.",0.5394645256012154,P3 - Medium (ML Moderate / Needs Review),data/benchmark/src/main/java/org/owasp/benchmark/testcode/BenchmarkTest00060.java,75,ERROR,NONE,API call failed after retries
BenchmarkTest01068,0,CWE-78,1,1,0,0.5177,"Detected input from a HTTPServletRequest going into a 'ProcessBuilder' or 'exec' command. This could lead to command injection if variables passed into the exec commands are not properly sanitized. Instead, avoid using these OS commands with user-supplied input, or, if you must use these commands, use a whitelist of specific values.",0.5089059229256337,P3 - Medium (ML Moderate / Needs Review),data/benchmark/src/main/java/org/owasp/benchmark/testcode/BenchmarkTest01068.java,63,ERROR,NONE,API call failed after retries
BenchmarkTest02530,1,CWE-89,2,1,1,0.5746,Detected input from a HTTPServletRequest going into a SQL sink or statement. This could lead to SQL injection if variables in the SQL statement are not properly sanitized. Use parameterized SQL queries or properly sanitize user input instead.,0.6161353418384643,P3 - Medium (ML Moderate / Needs Review),data/benchmark/src/main/java/org/owasp/benchmark/testcode/BenchmarkTest02530.java,55,ERROR,NONE,API call failed after retries
BenchmarkTest01417,1,CWE-79,1,1,0,0.6516,"Detected a request with potential user-input going into a OutputStream or Writer object. This bypasses any view or template environments, including HTML escaping, which may expose this application to cross-site scripting (XSS) vulnerabilities. Consider using a view technology such as JavaServer Faces (JSFs) which automatically escapes HTML views.",0.6221848022643229,P3 - Medium (ML Moderate / Needs Review),data/benchmark/src/main/java/org/owasp/benchmark/testcode/BenchmarkTest01417.java,66,ERROR,NONE,API call failed after retries
BenchmarkTest00077,1,CWE-78,1,1,0,0.5177,"Detected input from a HTTPServletRequest going into a 'ProcessBuilder' or 'exec' command. This could lead to command injection if variables passed into the exec commands are not properly sanitized. Instead, avoid using these OS commands with user-supplied input, or, if you must use these commands, use a whitelist of specific values.",0.5114755110284748,P3 - Medium (ML Moderate / Needs Review),data/benchmark/src/main/java/org/owasp/benchmark/testcode/BenchmarkTest00077.java,97,ERROR,NONE,API call failed after retries
BenchmarkTest02110,0,CWE-22,1,1,0,0.531,"Detected a potential path traversal. A malicious actor could control the location of this file, to include going backwards in the directory with '../'. To address this, ensure that user-controlled variables in file paths are sanitized. You may also consider using a utility method such as org.apache.commons.io.FilenameUtils.getName(...) to only retrieve the file name from the path.",0.5349061735858125,P3 - Medium (ML Moderate / Needs Review),data/benchmark/src/main/java/org/owasp/benchmark/testcode/BenchmarkTest02110.java,54,ERROR,NONE,API call failed after retries
BenchmarkTest01646,0,CWE-22,1,1,0,0.531,"Detected a potential path traversal. A malicious actor could control the location of this file, to include going backwards in the directory with '../'. To address this, ensure that user-controlled variables in file paths are sanitized. You may also consider using a utility method such as org.apache.commons.io.FilenameUtils.getName(...) to only retrieve the file name from the path.",0.5394645256012154,P3 - Medium (ML Moderate / Needs Review),data/benchmark/src/main/java/org/owasp/benchmark/testcode/BenchmarkTest01646.java,78,ERROR,NONE,API call failed after retries
BenchmarkTest02528,1,CWE-89,2,1,1,0.5746,Detected input from a HTTPServletRequest going into a SQL sink or statement. This could lead to SQL injection if variables in the SQL statement are not properly sanitized. Use parameterized SQL queries or properly sanitize user input instead.,0.6050253134234014,P3 - Medium (ML Moderate / Needs Review),data/benchmark/src/main/java/org/owasp/benchmark/testcode/BenchmarkTest02528.java,55,ERROR,NONE,API call failed after retries
BenchmarkTest01305,0,CWE-89,2,1,1,0.5746,Detected input from a HTTPServletRequest going into a SQL sink or statement. This could lead to SQL injection if variables in the SQL statement are not properly sanitized. Use parameterized SQL queries or properly sanitize user input instead.,0.6050253134234014,P3 - Medium (ML Moderate / Needs Review),data/benchmark/src/main/java/org/owasp/benchmark/testcode/BenchmarkTest01305.java,53,ERROR,NONE,API call failed after retries
BenchmarkTest01154,0,CWE-90,1,1,0,0.4815,"Detected input from a HTTPServletRequest going into an LDAP query. This could lead to LDAP injection if the input is not properly sanitized, which could result in attackers modifying objects in the LDAP tree structure. Ensure data passed to an LDAP query is not controllable or properly sanitize the data.",0.4960361627169889,P3 - Medium (ML Moderate / Needs Review),data/benchmark/src/main/java/org/owasp/benchmark/testcode/BenchmarkTest01154.java,66,ERROR,NONE,API call failed after retries
BenchmarkTest00043,1,CWE-89,2,1,1,0.5746,Detected a formatted string in a SQL statement. This could lead to SQL injection if variables in the SQL statement are not properly sanitized. Use a prepared statements (java.sql.PreparedStatement) instead. You can obtain a PreparedStatement using 'connection.prepareStatement'.,0.4901655263130386,P3 - Medium (ML Moderate / Needs Review),data/benchmark/src/main/java/org/owasp/benchmark/testcode/BenchmarkTest00043.java,54,ERROR,NONE,API call failed after retries
BenchmarkTest02462,0,CWE-22,1,1,0,0.531,"Detected a potential path traversal. A malicious actor could control the location of this file, to include going backwards in the directory with '../'. To address this, ensure that user-controlled variables in file paths are sanitized. You may also consider using a utility method such as org.apache.commons.io.FilenameUtils.getName(...) to only retrieve the file name from the path.",0.5305215095490278,P3 - Medium (ML Moderate / Needs Review),data/benchmark/src/main/java/org/owasp/benchmark/testcode/BenchmarkTest02462.java,50,ERROR,NONE,API call failed after retries
BenchmarkTest01836,1,CWE-22,1,1,0,0.531,"Detected a potential path traversal. A malicious actor could control the location of this file, to include going backwards in the directory with '../'. To address this, ensure that user-controlled variables in file paths are sanitized. You may also consider using a utility method such as org.apache.commons.io.FilenameUtils.getName(...) to only retrieve the file name from the path.",0.5305215095490278,P3 - Medium (ML Moderate / Needs Review),data/benchmark/src/main/java/org/owasp/benchmark/testcode/BenchmarkTest01836.java,85,ERROR,NONE,API call failed after retries
BenchmarkTest00520,0,CWE-643,1,1,0,0.5185,"Detected input from a HTTPServletRequest going into a XPath evaluate or compile command. This could lead to xpath injection if variables passed into the evaluate or compile commands are not properly sanitized. Xpath injection could lead to unauthorized access to sensitive information in XML documents. Instead, thoroughly sanitize user input or use parameterized xpath queries if you can.",0.5218271178138495,P3 - Medium (ML Moderate / Needs Review),data/benchmark/src/main/java/org/owasp/benchmark/testcode/BenchmarkTest00520.java,72,ERROR,NONE,API call failed after retries
BenchmarkTest02544,0,CWE-89,2,1,1,0.5746,Detected a formatted string in a SQL statement. This could lead to SQL injection if variables in the SQL statement are not properly sanitized. Use a prepared statements (java.sql.PreparedStatement) instead. You can obtain a PreparedStatement using 'connection.prepareStatement'.,0.490638252758374,P3 - Medium (ML Moderate / Needs Review),data/benchmark/src/main/java/org/owasp/benchmark/testcode/BenchmarkTest02544.java,55,ERROR,NONE,API call failed after retries
BenchmarkTest00191,0,CWE-89,2,1,1,0.5746,Detected input from a HTTPServletRequest going into a SQL sink or statement. This could lead to SQL injection if variables in the SQL statement are not properly sanitized. Use parameterized SQL queries or properly sanitize user input instead.,0.6043967051102129,P3 - Medium (ML Moderate / Needs Review),data/benchmark/src/main/java/org/owasp/benchmark/testcode/BenchmarkTest00191.java,77,ERROR,NONE,API call failed after retries
BenchmarkTest02037,1,CWE-90,1,1,0,0.4815,"Detected input from a HTTPServletRequest going into an LDAP query. This could lead to LDAP injection if the input is not properly sanitized, which could result in attackers modifying objects in the LDAP tree structure. Ensure data passed to an LDAP query is not controllable or properly sanitize the data.",0.4643746966999802,P3 - Medium (ML Moderate / Needs Review),data/benchmark/src/main/java/org/owasp/benchmark/testcode/BenchmarkTest02037.java,69,ERROR,NONE,API call failed after retries
BenchmarkTest01939,0,CWE-78,1,1,0,0.5177,"Detected input from a HTTPServletRequest going into a 'ProcessBuilder' or 'exec' command. This could lead to command injection if variables passed into the exec commands are not properly sanitized. Instead, avoid using these OS commands with user-supplied input, or, if you must use these commands, use a whitelist of specific values.",0.5683792859920807,P3 - Medium (ML Moderate / Needs Review),data/benchmark/src/main/java/org/owasp/benchmark/testcode/BenchmarkTest01939.java,62,ERROR,NONE,API call failed after retries
BenchmarkTest00475,1,CWE-79,1,1,0,0.6516,"Detected a request with potential user-input going into a OutputStream or Writer object. This bypasses any view or template environments, including HTML escaping, which may expose this application to cross-site scripting (XSS) vulnerabilities. Consider using a view technology such as JavaServer Faces (JSFs) which automatically escapes HTML views.",0.6447716715602264,P3 - Medium (ML Moderate / Needs Review),data/benchmark/src/main/java/org/owasp/benchmark/testcode/BenchmarkTest00475.java,58,ERROR,NONE,API call failed after retries
BenchmarkTest01214,1,CWE-89,1,1,0,0.5746,Detected input from a HTTPServletRequest going into a SQL sink or statement. This could lead to SQL injection if variables in the SQL statement are not properly sanitized. Use parameterized SQL queries or properly sanitize user input instead.,0.6371570818030259,P3 - Medium (ML Moderate / Needs Review),data/benchmark/src/main/java/org/owasp/benchmark/testcode/BenchmarkTest01214.java,58,ERROR,NONE,API call failed after retries
BenchmarkTest02545,1,CWE-89,2,1,1,0.5746,Detected input from a HTTPServletRequest going into a SQL sink or statement. This could lead to SQL injection if variables in the SQL statement are not properly sanitized. Use parameterized SQL queries or properly sanitize user input instead.,0.6050253134234014,P3 - Medium (ML Moderate / Needs Review),data/benchmark/src/main/java/org/owasp/benchmark/testcode/BenchmarkTest02545.java,53,ERROR,NONE,API call failed after retries
BenchmarkTest00811,1,CWE-79,1,1,0,0.6516,"Detected a request with potential user-input going into a OutputStream or Writer object. This bypasses any view or template environments, including HTML escaping, which may expose this application to cross-site scripting (XSS) vulnerabilities. Consider using a view technology such as JavaServer Faces (JSFs) which automatically escapes HTML views.",0.6447716715602264,P3 - Medium (ML Moderate / Needs Review),data/benchmark/src/main/java/org/owasp/benchmark/testcode/BenchmarkTest00811.java,92,ERROR,NONE,API call failed after retries
BenchmarkTest02100,1,CWE-643,1,1,0,0.5185,"Detected input from a HTTPServletRequest going into a XPath evaluate or compile command. This could lead to xpath injection if variables passed into the evaluate or compile commands are not properly sanitized. Xpath injection could lead to unauthorized access to sensitive information in XML documents. Instead, thoroughly sanitize user input or use parameterized xpath queries if you can.",0.5736924789216268,P3 - Medium (ML Moderate / Needs Review),data/benchmark/src/main/java/org/owasp/benchmark/testcode/BenchmarkTest02100.java,72,ERROR,NONE,API call failed after retries
BenchmarkTest00216,1,CWE-22,1,1,0,0.531,"Detected a potential path traversal. A malicious actor could control the location of this file, to include going backwards in the directory with '../'. To address this, ensure that user-controlled variables in file paths are sanitized. You may also consider using a utility method such as org.apache.commons.io.FilenameUtils.getName(...) to only retrieve the file name from the path.",0.5349061735858125,P3 - Medium (ML Moderate / Needs Review),data/benchmark/src/main/java/org/owasp/benchmark/testcode/BenchmarkTest00216.java,68,ERROR,NONE,API call failed after retries
BenchmarkTest02266,0,CWE-89,2,1,1,0.5746,Detected input from a HTTPServletRequest going into a SQL sink or statement. This could lead to SQL injection if variables in the SQL statement are not properly sanitized. Use parameterized SQL queries or properly sanitize user input instead.,0.6161353418384643,P3 - Medium (ML Moderate / Needs Review),data/benchmark/src/main/java/org/owasp/benchmark/testcode/BenchmarkTest02266.java,57,ERROR,NONE,API call failed after retries
BenchmarkTest01817,0,CWE-89,2,1,1,0.5746,Detected a formatted string in a SQL statement. This could lead to SQL injection if variables in the SQL statement are not properly sanitized. Use a prepared statements (java.sql.PreparedStatement) instead. You can obtain a PreparedStatement using 'connection.prepareStatement'.,0.490638252758374,P3 - Medium (ML Moderate / Needs Review),data/benchmark/src/main/java/org/owasp/benchmark/testcode/BenchmarkTest01817.java,54,ERROR,NONE,API call failed after retries
BenchmarkTest00138,0,CWE-90,1,1,0,0.4815,"Detected input from a HTTPServletRequest going into an LDAP query. This could lead to LDAP injection if the input is not properly sanitized, which could result in attackers modifying objects in the LDAP tree structure. Ensure data passed to an LDAP query is not controllable or properly sanitize the data.",0.4960361627169889,P3 - Medium (ML Moderate / Needs Review),data/benchmark/src/main/java/org/owasp/benchmark/testcode/BenchmarkTest00138.java,72,ERROR,NONE,API call failed after retries
BenchmarkTest02669,0,CWE-22,1,1,0,0.531,"Detected a potential path traversal. A malicious actor could control the location of this file, to include going backwards in the directory with '../'. To address this, ensure that user-controlled variables in file paths are sanitized. You may also consider using a utility method such as org.apache.commons.io.FilenameUtils.getName(...) to only retrieve the file name from the path.",0.5394645256012154,P3 - Medium (ML Moderate / Needs Review),data/benchmark/src/main/java/org/owasp/benchmark/testcode/BenchmarkTest02669.java,55,ERROR,NONE,API call failed after retries
BenchmarkTest01528,0,CWE-78,1,1,0,0.5177,"Detected input from a HTTPServletRequest going into a 'ProcessBuilder' or 'exec' command. This could lead to command injection if variables passed into the exec commands are not properly sanitized. Instead, avoid using these OS commands with user-supplied input, or, if you must use these commands, use a whitelist of specific values.",0.5752195073482003,P3 - Medium (ML Moderate / Needs Review),data/benchmark/src/main/java/org/owasp/benchmark/testcode/BenchmarkTest01528.java,59,ERROR,NONE,API call failed after retries
BenchmarkTest02511,1,CWE-78,1,1,0,0.5177,"Detected input from a HTTPServletRequest going into a 'ProcessBuilder' or 'exec' command. This could lead to command injection if variables passed into the exec commands are not properly sanitized. Instead, avoid using these OS commands with user-supplied input, or, if you must use these commands, use a whitelist of specific values.",0.5089059229256337,P3 - Medium (ML Moderate / Needs Review),data/benchmark/src/main/java/org/owasp/benchmark/testcode/BenchmarkTest02511.java,59,ERROR,NONE,API call failed after retries
BenchmarkTest01600,0,CWE-78,1,1,0,0.5177,"Detected input from a HTTPServletRequest going into a 'ProcessBuilder' or 'exec' command. This could lead to command injection if variables passed into the exec commands are not properly sanitized. Instead, avoid using these OS commands with user-supplied input, or, if you must use these commands, use a whitelist of specific values.",0.5089059229256337,P3 - Medium (ML Moderate / Needs Review),data/benchmark/src/main/java/org/owasp/benchmark/testcode/BenchmarkTest01600.java,60,ERROR,NONE,API call failed after retries
BenchmarkTest01027,0,CWE-22,1,1,0,0.531,"Detected a potential path traversal. A malicious actor could control the location of this file, to include going backwards in the directory with '../'. To address this, ensure that user-controlled variables in file paths are sanitized. You may also consider using a utility method such as org.apache.commons.io.FilenameUtils.getName(...) to only retrieve the file name from the path.",0.5394645256012154,P3 - Medium (ML Moderate / Needs Review),data/benchmark/src/main/java/org/owasp/benchmark/testcode/BenchmarkTest01027.java,53,ERROR,NONE,API call failed after retries
BenchmarkTest00478,1,CWE-79,1,1,0,0.6516,"Detected a request with potential user-input going into a OutputStream or Writer object. This bypasses any view or template environments, including HTML escaping, which may expose this application to cross-site scripting (XSS) vulnerabilities. Consider using a view technology such as JavaServer Faces (JSFs) which automatically escapes HTML views.",0.6447716715602264,P3 - Medium (ML Moderate / Needs Review),data/benchmark/src/main/java/org/owasp/benchmark/testcode/BenchmarkTest00478.java,60,ERROR,NONE,API call failed after retries
BenchmarkTest01886,0,CWE-89,2,1,1,0.5746,Detected a formatted string in a SQL statement. This could lead to SQL injection if variables in the SQL statement are not properly sanitized. Use a prepared statements (java.sql.PreparedStatement) instead. You can obtain a PreparedStatement using 'connection.prepareStatement'.,0.4901655263130386,P3 - Medium (ML Moderate / Needs Review),data/benchmark/src/main/java/org/owasp/benchmark/testcode/BenchmarkTest01886.java,73,ERROR,NONE,API call failed after retries
BenchmarkTest02152,1,CWE-78,1,1,0,0.5177,"Detected input from a HTTPServletRequest going into a 'ProcessBuilder' or 'exec' command. This could lead to command injection if variables passed into the exec commands are not properly sanitized. Instead, avoid using these OS commands with user-supplied input, or, if you must use these commands, use a whitelist of specific values.",0.5752195073482003,P3 - Medium (ML Moderate / Needs Review),data/benchmark/src/main/java/org/owasp/benchmark/testcode/BenchmarkTest02152.java,71,ERROR,NONE,API call failed after retries
BenchmarkTest02631,0,CWE-89,1,1,0,0.5746,Detected input from a HTTPServletRequest going into a SQL sink or statement. This could lead to SQL injection if variables in the SQL statement are not properly sanitized. Use parameterized SQL queries or properly sanitize user input instead.,0.6382802301796155,P3 - Medium (ML Moderate / Needs Review),data/benchmark/src/main/java/org/owasp/benchmark/testcode/BenchmarkTest02631.java,77,ERROR,NONE,API call failed after retries
BenchmarkTest02156,0,CWE-78,1,1,0,0.5177,"Detected input from a HTTPServletRequest going into a 'ProcessBuilder' or 'exec' command. This could lead to command injection if variables passed into the exec commands are not properly sanitized. Instead, avoid using these OS commands with user-supplied input, or, if you must use these commands, use a whitelist of specific values.",0.5114755110284748,P3 - Medium (ML Moderate / Needs Review),data/benchmark/src/main/java/org/owasp/benchmark/testcode/BenchmarkTest02156.java,54,ERROR,NONE,API call failed after retries
BenchmarkTest01236,1,CWE-22,1,1,0,0.531,"Detected a potential path traversal. A malicious actor could control the location of this file, to include going backwards in the directory with '../'. To address this, ensure that user-controlled variables in file paths are sanitized. You may also consider using a utility method such as org.apache.commons.io.FilenameUtils.getName(...) to only retrieve the file name from the path.",0.5372346090670375,P3 - Medium (ML Moderate / Needs Review),data/benchmark/src/main/java/org/owasp/benchmark/testcode/BenchmarkTest01236.java,65,ERROR,NONE,API call failed after retries
BenchmarkTest01210,1,CWE-89,2,1,1,0.5746,Detected input from a HTTPServletRequest going into a SQL sink or statement. This could lead to SQL injection if variables in the SQL statement are not properly sanitized. Use parameterized SQL queries or properly sanitize user input instead.,0.6043967051102129,P3 - Medium (ML Moderate / Needs Review),data/benchmark/src/main/java/org/owasp/benchmark/testcode/BenchmarkTest01210.java,60,ERROR,NONE,API call failed after retries
BenchmarkTest02635,1,CWE-89,1,1,0,0.5746,Detected input from a HTTPServletRequest going into a SQL sink or statement. This could lead to SQL injection if variables in the SQL statement are not properly sanitized. Use parameterized SQL queries or properly sanitize user input instead.,0.6393503814415632,P3 - Medium (ML Moderate / Needs Review),data/benchmark/src/main/java/org/owasp/benchmark/testcode/BenchmarkTest02635.java,77,ERROR,NONE,API call failed after retries
BenchmarkTest01574,0,CWE-22,1,1,0,0.531,"Detected a potential path traversal. A malicious actor could control the location of this file, to include going backwards in the directory with '../'. To address this, ensure that user-controlled variables in file paths are sanitized. You may also consider using a utility method such as org.apache.commons.io.FilenameUtils.getName(...) to only retrieve the file name from the path.",0.5372346090670375,P3 - Medium (ML Moderate / Needs Review),data/benchmark/src/main/java/org/owasp/benchmark/testcode/BenchmarkTest01574.java,56,ERROR,NONE,API call failed after retries
BenchmarkTest02518,0,CWE-78,1,1,0,0.5177,"Detected input from a HTTPServletRequest going into a 'ProcessBuilder' or 'exec' command. This could lead to command injection if variables passed into the exec commands are not properly sanitized. Instead, avoid using these OS commands with user-supplied input, or, if you must use these commands, use a whitelist of specific values.",0.5683792859920807,P3 - Medium (ML Moderate / Needs Review),data/benchmark/src/main/java/org/owasp/benchmark/testcode/BenchmarkTest02518.java,56,ERROR,NONE,API call failed after retries
BenchmarkTest01526,0,CWE-78,1,1,0,0.5177,"Detected input from a HTTPServletRequest going into a 'ProcessBuilder' or 'exec' command. This could lead to command injection if variables passed into the exec commands are not properly sanitized. Instead, avoid using these OS commands with user-supplied input, or, if you must use these commands, use a whitelist of specific values.",0.5114755110284748,P3 - Medium (ML Moderate / Needs Review),data/benchmark/src/main/java/org/owasp/benchmark/testcode/BenchmarkTest01526.java,59,ERROR,NONE,API call failed after retries
BenchmarkTest00392,1,CWE-79,1,1,0,0.6516,"Detected a request with potential user-input going into a OutputStream or Writer object. This bypasses any view or template environments, including HTML escaping, which may expose this application to cross-site scripting (XSS) vulnerabilities. Consider using a view technology such as JavaServer Faces (JSFs) which automatically escapes HTML views.",0.6447716715602264,P3 - Medium (ML Moderate / Needs Review),data/benchmark/src/main/java/org/owasp/benchmark/testcode/BenchmarkTest00392.java,56,ERROR,NONE,API call failed after retries
BenchmarkTest01819,0,CWE-89,2,1,1,0.5746,Detected a formatted string in a SQL statement. This could lead to SQL injection if variables in the SQL statement are not properly sanitized. Use a prepared statements (java.sql.PreparedStatement) instead. You can obtain a PreparedStatement using 'connection.prepareStatement'.,0.4901655263130386,P3 - Medium (ML Moderate / Needs Review),data/benchmark/src/main/java/org/owasp/benchmark/testcode/BenchmarkTest01819.java,54,ERROR,NONE,API call failed after retries
BenchmarkTest00529,1,CWE-22,1,1,0,0.531,"Detected a potential path traversal. A malicious actor could control the location of this file, to include going backwards in the directory with '../'. To address this, ensure that user-controlled variables in file paths are sanitized. You may also consider using a utility method such as org.apache.commons.io.FilenameUtils.getName(...) to only retrieve the file name from the path.",0.5372346090670375,P3 - Medium (ML Moderate / Needs Review),data/benchmark/src/main/java/org/owasp/benchmark/testcode/BenchmarkTest00529.java,67,ERROR,NONE,API call failed after retries
BenchmarkTest02202,0,CWE-22,1,1,0,0.531,"Detected a potential path traversal. A malicious actor could control the location of this file, to include going backwards in the directory with '../'. To address this, ensure that user-controlled variables in file paths are sanitized. You may also consider using a utility method such as org.apache.commons.io.FilenameUtils.getName(...) to only retrieve the file name from the path.",0.5349061735858125,P3 - Medium (ML Moderate / Needs Review),data/benchmark/src/main/java/org/owasp/benchmark/testcode/BenchmarkTest02202.java,58,ERROR,NONE,API call failed after retries
BenchmarkTest01720,1,CWE-89,1,1,0,0.5746,Detected input from a HTTPServletRequest going into a SQL sink or statement. This could lead to SQL injection if variables in the SQL statement are not properly sanitized. Use parameterized SQL queries or properly sanitize user input instead.,0.6393503814415632,P3 - Medium (ML Moderate / Needs Review),data/benchmark/src/main/java/org/owasp/benchmark/testcode/BenchmarkTest01720.java,75,ERROR,NONE,API call failed after retries
BenchmarkTest01233,0,CWE-22,1,1,0,0.531,"Detected a potential path traversal. A malicious actor could control the location of this file, to include going backwards in the directory with '../'. To address this, ensure that user-controlled variables in file paths are sanitized. You may also consider using a utility method such as org.apache.commons.io.FilenameUtils.getName(...) to only retrieve the file name from the path.",0.5372346090670375,P3 - Medium (ML Moderate / Needs Review),data/benchmark/src/main/java/org/owasp/benchmark/testcode/BenchmarkTest01233.java,48,ERROR,NONE,API call failed after retries
BenchmarkTest01337,1,CWE-79,1,1,0,0.6516,"Detected a request with potential user-input going into a OutputStream or Writer object. This bypasses any view or template environments, including HTML escaping, which may expose this application to cross-site scripting (XSS) vulnerabilities. Consider using a view technology such as JavaServer Faces (JSFs) which automatically escapes HTML views.",0.6447716715602264,P3 - Medium (ML Moderate / Needs Review),data/benchmark/src/main/java/org/owasp/benchmark/testcode/BenchmarkTest01337.java,54,ERROR,NONE,API call failed after retries
BenchmarkTest00176,1,CWE-78,1,1,0,0.5177,"Detected input from a HTTPServletRequest going into a 'ProcessBuilder' or 'exec' command. This could lead to command injection if variables passed into the exec commands are not properly sanitized. Instead, avoid using these OS commands with user-supplied input, or, if you must use these commands, use a whitelist of specific values.",0.5752195073482003,P3 - Medium (ML Moderate / Needs Review),data/benchmark/src/main/java/org/owasp/benchmark/testcode/BenchmarkTest00176.java,63,ERROR,NONE,API call failed after retries
BenchmarkTest02098,0,CWE-89,2,1,1,0.5746,Detected input from a HTTPServletRequest going into a SQL sink or statement. This could lead to SQL injection if variables in the SQL statement are not properly sanitized. Use parameterized SQL queries or properly sanitize user input instead.,0.6043967051102129,P3 - Medium (ML Moderate / Needs Review),data/benchmark/src/main/java/org/owasp/benchmark/testcode/BenchmarkTest02098.java,58,ERROR,NONE,API call failed after retries
BenchmarkTest00441,1,CWE-89,2,1,1,0.5746,Detected input from a HTTPServletRequest going into a SQL sink or statement. This could lead to SQL injection if variables in the SQL statement are not properly sanitized. Use parameterized SQL queries or properly sanitize user input instead.,0.6050253134234014,P3 - Medium (ML Moderate / Needs Review),data/benchmark/src/main/java/org/owasp/benchmark/testcode/BenchmarkTest00441.java,53,ERROR,NONE,API call failed after retries
BenchmarkTest01387,0,CWE-89,1,1,0,0.5746,Detected input from a HTTPServletRequest going into a SQL sink or statement. This could lead to SQL injection if variables in the SQL statement are not properly sanitized. Use parameterized SQL queries or properly sanitize user input instead.,0.6393503814415632,P3 - Medium (ML Moderate / Needs Review),data/benchmark/src/main/java/org/owasp/benchmark/testcode/BenchmarkTest01387.java,57,ERROR,NONE,API call failed after retries
BenchmarkTest02276,0,CWE-89,1,1,0,0.5746,Detected input from a HTTPServletRequest going into a SQL sink or statement. This could lead to SQL injection if variables in the SQL statement are not properly sanitized. Use parameterized SQL queries or properly sanitize user input instead.,0.6314792486337455,P3 - Medium (ML Moderate / Needs Review),data/benchmark/src/main/java/org/owasp/benchmark/testcode/BenchmarkTest02276.java,57,ERROR,NONE,API call failed after retries
BenchmarkTest02369,1,CWE-89,2,1,1,0.5746,Detected input from a HTTPServletRequest going into a SQL sink or statement. This could lead to SQL injection if variables in the SQL statement are not properly sanitized. Use parameterized SQL queries or properly sanitize user input instead.,0.6043967051102129,P3 - Medium (ML Moderate / Needs Review),data/benchmark/src/main/java/org/owasp/benchmark/testcode/BenchmarkTest02369.java,65,ERROR,NONE,API call failed after retries
BenchmarkTest01155,1,CWE-22,1,1,0,0.531,"Detected a potential path traversal. A malicious actor could control the location of this file, to include going backwards in the directory with '../'. To address this, ensure that user-controlled variables in file paths are sanitized. You may also consider using a utility method such as org.apache.commons.io.FilenameUtils.getName(...) to only retrieve the file name from the path.",0.5349061735858125,P3 - Medium (ML Moderate / Needs Review),data/benchmark/src/main/java/org/owasp/benchmark/testcode/BenchmarkTest01155.java,55,ERROR,NONE,API call failed after retries
BenchmarkTest01382,1,CWE-89,2,1,1,0.5746,Detected input from a HTTPServletRequest going into a SQL sink or statement. This could lead to SQL injection if variables in the SQL statement are not properly sanitized. Use parameterized SQL queries or properly sanitize user input instead.,0.6221370751503495,P3 - Medium (ML Moderate / Needs Review),data/benchmark/src/main/java/org/owasp/benchmark/testcode/BenchmarkTest01382.java,57,ERROR,NONE,API call failed after retries
BenchmarkTest02095,0,CWE-89,2,1,1,0.5746,Detected a formatted string in a SQL statement. This could lead to SQL injection if variables in the SQL statement are not properly sanitized. Use a prepared statements (java.sql.PreparedStatement) instead. You can obtain a PreparedStatement using 'connection.prepareStatement'.,0.5476500971406442,P3 - Medium (ML Moderate / Needs Review),data/benchmark/src/main/java/org/owasp/benchmark/testcode/BenchmarkTest02095.java,60,ERROR,NONE,API call failed after retries
BenchmarkTest02096,1,CWE-89,2,1,1,0.5746,Detected a formatted string in a SQL statement. This could lead to SQL injection if variables in the SQL statement are not properly sanitized. Use a prepared statements (java.sql.PreparedStatement) instead. You can obtain a PreparedStatement using 'connection.prepareStatement'.,0.46739305534568415,P3 - Medium (ML Moderate / Needs Review),data/benchmark/src/main/java/org/owasp/benchmark/testcode/BenchmarkTest02096.java,60,ERROR,NONE,API call failed after retries
BenchmarkTest02432,1,CWE-78,1,1,0,0.5177,"Detected input from a HTTPServletRequest going into a 'ProcessBuilder' or 'exec' command. This could lead to command injection if variables passed into the exec commands are not properly sanitized. Instead, avoid using these OS commands with user-supplied input, or, if you must use these commands, use a whitelist of specific values.",0.5752195073482003,P3 - Medium (ML Moderate / Needs Review),data/benchmark/src/main/java/org/owasp/benchmark/testcode/BenchmarkTest02432.java,73,ERROR,NONE,API call failed after retries
BenchmarkTest02030,0,CWE-22,1,1,0,0.531,"Detected a potential path traversal. A malicious actor could control the location of this file, to include going backwards in the directory with '../'. To address this, ensure that user-controlled variables in file paths are sanitized. You may also consider using a utility method such as org.apache.commons.io.FilenameUtils.getName(...) to only retrieve the file name from the path.",0.5394645256012154,P3 - Medium (ML Moderate / Needs Review),data/benchmark/src/main/java/org/owasp/benchmark/testcode/BenchmarkTest02030.java,75,ERROR,NONE,API call failed after retries
BenchmarkTest02600,1,CWE-79,1,1,0,0.6516,"Detected a request with potential user-input going into a OutputStream or Writer object. This bypasses any view or template environments, including HTML escaping, which may expose this application to cross-site scripting (XSS) vulnerabilities. Consider using a view technology such as JavaServer Faces (JSFs) which automatically escapes HTML views.",0.6221848022643229,P3 - Medium (ML Moderate / Needs Review),data/benchmark/src/main/java/org/owasp/benchmark/testcode/BenchmarkTest02600.java,76,ERROR,NONE,API call failed after retries
BenchmarkTest01383,1,CWE-89,2,1,1,0.5746,Detected input from a HTTPServletRequest going into a SQL sink or statement. This could lead to SQL injection if variables in the SQL statement are not properly sanitized. Use parameterized SQL queries or properly sanitize user input instead.,0.6050253134234014,P3 - Medium (ML Moderate / Needs Review),data/benchmark/src/main/java/org/owasp/benchmark/testcode/BenchmarkTest01383.java,57,ERROR,NONE,API call failed after retries
BenchmarkTest01025,1,CWE-22,1,1,0,0.531,"Detected a potential path traversal. A malicious actor could control the location of this file, to include going backwards in the directory with '../'. To address this, ensure that user-controlled variables in file paths are sanitized. You may also consider using a utility method such as org.apache.commons.io.FilenameUtils.getName(...) to only retrieve the file name from the path.",0.5372346090670375,P3 - Medium (ML Moderate / Needs Review),data/benchmark/src/main/java/org/owasp/benchmark/testcode/BenchmarkTest01025.java,53,ERROR,NONE,API call failed after retries
BenchmarkTest01329,1,CWE-22,1,1,0,0.531,"Detected a potential path traversal. A malicious actor could control the location of this file, to include going backwards in the directory with '../'. To address this, ensure that user-controlled variables in file paths are sanitized. You may also consider using a utility method such as org.apache.commons.io.FilenameUtils.getName(...) to only retrieve the file name from the path.",0.5402428179282152,P3 - Medium (ML Moderate / Needs Review),data/benchmark/src/main/java/org/owasp/benchmark/testcode/BenchmarkTest01329.java,72,ERROR,NONE,API call failed after retries
BenchmarkTest02154,1,CWE-78,1,1,0,0.5177,"Detected input from a HTTPServletRequest going into a 'ProcessBuilder' or 'exec' command. This could lead to command injection if variables passed into the exec commands are not properly sanitized. Instead, avoid using these OS commands with user-supplied input, or, if you must use these commands, use a whitelist of specific values.",0.5444416118463504,P3 - Medium (ML Moderate / Needs Review),data/benchmark/src/main/java/org/owasp/benchmark/testcode/BenchmarkTest02154.java,58,ERROR,NONE,API call failed after retries
BenchmarkTest00051,0,CWE-78,1,1,0,0.5177,"Detected input from a HTTPServletRequest going into a 'ProcessBuilder' or 'exec' command. This could lead to command injection if variables passed into the exec commands are not properly sanitized. Instead, avoid using these OS commands with user-supplied input, or, if you must use these commands, use a whitelist of specific values.",0.5114755110284748,P3 - Medium (ML Moderate / Needs Review),data/benchmark/src/main/java/org/owasp/benchmark/testcode/BenchmarkTest00051.java,60,ERROR,NONE,API call failed after retries
BenchmarkTest00515,1,CWE-89,2,1,1,0.5746,Detected a formatted string in a SQL statement. This could lead to SQL injection if variables in the SQL statement are not properly sanitized. Use a prepared statements (java.sql.PreparedStatement) instead. You can obtain a PreparedStatement using 'connection.prepareStatement'.,0.46739305534568415,P3 - Medium (ML Moderate / Needs Review),data/benchmark/src/main/java/org/owasp/benchmark/testcode/BenchmarkTest00515.java,67,ERROR,NONE,API call failed after retries
BenchmarkTest02601,0,CWE-79,1,1,0,0.6516,"Detected a request with potential user-input going into a OutputStream or Writer object. This bypasses any view or template environments, including HTML escaping, which may expose this application to cross-site scripting (XSS) vulnerabilities. Consider using a view technology such as JavaServer Faces (JSFs) which automatically escapes HTML views.",0.6447716715602264,P3 - Medium (ML Moderate / Needs Review),data/benchmark/src/main/java/org/owasp/benchmark/testcode/BenchmarkTest02601.java,76,ERROR,NONE,API call failed after retries
BenchmarkTest01084,1,CWE-89,2,1,1,0.5746,Detected input from a HTTPServletRequest going into a SQL sink or statement. This could lead to SQL injection if variables in the SQL statement are not properly sanitized. Use parameterized SQL queries or properly sanitize user input instead.,0.6050253134234014,P3 - Medium (ML Moderate / Needs Review),data/benchmark/src/main/java/org/owasp/benchmark/testcode/BenchmarkTest01084.java,58,ERROR,NONE,API call failed after retries
BenchmarkTest02235,0,CWE-79,1,1,0,0.6516,"Detected a request with potential user-input going into a OutputStream or Writer object. This bypasses any view or template environments, including HTML escaping, which may expose this application to cross-site scripting (XSS) vulnerabilities. Consider using a view technology such as JavaServer Faces (JSFs) which automatically escapes HTML views.",0.6221848022643229,P3 - Medium (ML Moderate / Needs Review),data/benchmark/src/main/java/org/owasp/benchmark/testcode/BenchmarkTest02235.java,53,ERROR,NONE,API call failed after retries
BenchmarkTest01501,1,CWE-90,1,1,0,0.4815,"Detected input from a HTTPServletRequest going into an LDAP query. This could lead to LDAP injection if the input is not properly sanitized, which could result in attackers modifying objects in the LDAP tree structure. Ensure data passed to an LDAP query is not controllable or properly sanitize the data.",0.4960361627169889,P3 - Medium (ML Moderate / Needs Review),data/benchmark/src/main/java/org/owasp/benchmark/testcode/BenchmarkTest01501.java,63,ERROR,NONE,API call failed after retries
BenchmarkTest01632,0,CWE-643,1,1,0,0.5185,"Detected input from a HTTPServletRequest going into a XPath evaluate or compile command. This could lead to xpath injection if variables passed into the evaluate or compile commands are not properly sanitized. Xpath injection could lead to unauthorized access to sensitive information in XML documents. Instead, thoroughly sanitize user input or use parameterized xpath queries if you can.",0.5218271178138495,P3 - Medium (ML Moderate / Needs Review),data/benchmark/src/main/java/org/owasp/benchmark/testcode/BenchmarkTest01632.java,67,ERROR,NONE,API call failed after retries
BenchmarkTest00442,1,CWE-643,1,1,0,0.5185,"Detected input from a HTTPServletRequest going into a XPath evaluate or compile command. This could lead to xpath injection if variables passed into the evaluate or compile commands are not properly sanitized. Xpath injection could lead to unauthorized access to sensitive information in XML documents. Instead, thoroughly sanitize user input or use parameterized xpath queries if you can.",0.5218271178138495,P3 - Medium (ML Moderate / Needs Review),data/benchmark/src/main/java/org/owasp/benchmark/testcode/BenchmarkTest00442.java,68,ERROR,NONE,API call failed after retries
BenchmarkTest02609,0,CWE-79,1,1,0,0.6516,"Detected a request with potential user-input going into a OutputStream or Writer object. This bypasses any view or template environments, including HTML escaping, which may expose this application to cross-site scripting (XSS) vulnerabilities. Consider using a view technology such as JavaServer Faces (JSFs) which automatically escapes HTML views.",0.6447716715602264,P3 - Medium (ML Moderate / Needs Review),data/benchmark/src/main/java/org/owasp/benchmark/testcode/BenchmarkTest02609.java,73,ERROR,NONE,API call failed after retries
BenchmarkTest01474,1,CWE-89,2,1,1,0.5746,Detected input from a HTTPServletRequest going into a SQL sink or statement. This could lead to SQL injection if variables in the SQL statement are not properly sanitized. Use parameterized SQL queries or properly sanitize user input instead.,0.6221370751503495,P3 - Medium (ML Moderate / Needs Review),data/benchmark/src/main/java/org/owasp/benchmark/testcode/BenchmarkTest01474.java,65,ERROR,NONE,API call failed after retries
BenchmarkTest02740,0,CWE-89,1,1,0,0.5746,Detected a formatted string in a SQL statement. This could lead to SQL injection if variables in the SQL statement are not properly sanitized. Use a prepared statements (java.sql.PreparedStatement) instead. You can obtain a PreparedStatement using 'connection.prepareStatement'.,0.4725678466009309,P3 - Medium (ML Moderate / Needs Review),data/benchmark/src/main/java/org/owasp/benchmark/testcode/BenchmarkTest02740.java,54,ERROR,NONE,API call failed after retries
BenchmarkTest01621,1,CWE-89,2,1,1,0.5746,Detected input from a HTTPServletRequest going into a SQL sink or statement. This could lead to SQL injection if variables in the SQL statement are not properly sanitized. Use parameterized SQL queries or properly sanitize user input instead.,0.6043967051102129,P3 - Medium (ML Moderate / Needs Review),data/benchmark/src/main/java/org/owasp/benchmark/testcode/BenchmarkTest01621.java,55,ERROR,NONE,API call failed after retries
BenchmarkTest02536,0,CWE-89,1,1,0,0.5746,Detected input from a HTTPServletRequest going into a SQL sink or statement. This could lead to SQL injection if variables in the SQL statement are not properly sanitized. Use parameterized SQL queries or properly sanitize user input instead.,0.6314792486337455,P3 - Medium (ML Moderate / Needs Review),data/benchmark/src/main/java/org/owasp/benchmark/testcode/BenchmarkTest02536.java,53,ERROR,NONE,API call failed after retries
BenchmarkTest02244,1,CWE-78,1,1,0,0.5177,"Detected input from a HTTPServletRequest going into a 'ProcessBuilder' or 'exec' command. This could lead to command injection if variables passed into the exec commands are not properly sanitized. Instead, avoid using these OS commands with user-supplied input, or, if you must use these commands, use a whitelist of specific values.",0.5444416118463504,P3 - Medium (ML Moderate / Needs Review),data/benchmark/src/main/java/org/owasp/benchmark/testcode/BenchmarkTest02244.java,62,ERROR,NONE,API call failed after retries
BenchmarkTest00768,1,CWE-89,1,1,0,0.5746,Detected input from a HTTPServletRequest going into a SQL sink or statement. This could lead to SQL injection if variables in the SQL statement are not properly sanitized. Use parameterized SQL queries or properly sanitize user input instead.,0.6382802301796155,P3 - Medium (ML Moderate / Needs Review),data/benchmark/src/main/java/org/owasp/benchmark/testcode/BenchmarkTest00768.java,55,ERROR,NONE,API call failed after retries
BenchmarkTest01671,0,CWE-79,1,1,0,0.6516,"Detected a request with potential user-input going into a OutputStream or Writer object. This bypasses any view or template environments, including HTML escaping, which may expose this application to cross-site scripting (XSS) vulnerabilities. Consider using a view technology such as JavaServer Faces (JSFs) which automatically escapes HTML views.",0.6447716715602264,P3 - Medium (ML Moderate / Needs Review),data/benchmark/src/main/java/org/owasp/benchmark/testcode/BenchmarkTest01671.java,73,ERROR,NONE,API call failed after retries
BenchmarkTest01110,0,CWE-22,1,1,0,0.531,"Detected a potential path traversal. A malicious actor could control the location of this file, to include going backwards in the directory with '../'. To address this, ensure that user-controlled variables in file paths are sanitized. You may also consider using a utility method such as org.apache.commons.io.FilenameUtils.getName(...) to only retrieve the file name from the path.",0.5349061735858125,P3 - Medium (ML Moderate / Needs Review),data/benchmark/src/main/java/org/owasp/benchmark/testcode/BenchmarkTest01110.java,80,ERROR,NONE,API call failed after retries
BenchmarkTest00303,1,CWE-78,1,1,0,0.5177,"Detected input from a HTTPServletRequest going into a 'ProcessBuilder' or 'exec' command. This could lead to command injection if variables passed into the exec commands are not properly sanitized. Instead, avoid using these OS commands with user-supplied input, or, if you must use these commands, use a whitelist of specific values.",0.5444416118463504,P3 - Medium (ML Moderate / Needs Review),data/benchmark/src/main/java/org/owasp/benchmark/testcode/BenchmarkTest00303.java,83,ERROR,NONE,API call failed after retries
BenchmarkTest02364,1,CWE-89,2,1,1,0.5746,Detected a formatted string in a SQL statement. This could lead to SQL injection if variables in the SQL statement are not properly sanitized. Use a prepared statements (java.sql.PreparedStatement) instead. You can obtain a PreparedStatement using 'connection.prepareStatement'.,0.4901655263130386,P3 - Medium (ML Moderate / Needs Review),data/benchmark/src/main/java/org/owasp/benchmark/testcode/BenchmarkTest02364.java,67,ERROR,NONE,API call failed after retries
BenchmarkTest01490,1,CWE-90,1,1,0,0.4815,"Detected input from a HTTPServletRequest going into an LDAP query. This could lead to LDAP injection if the input is not properly sanitized, which could result in attackers modifying objects in the LDAP tree structure. Ensure data passed to an LDAP query is not controllable or properly sanitize the data.",0.4643746966999802,P3 - Medium (ML Moderate / Needs Review),data/benchmark/src/main/java/org/owasp/benchmark/testcode/BenchmarkTest01490.java,61,ERROR,NONE,API call failed after retries
BenchmarkTest00845,1,CWE-89,1,1,0,0.5746,Detected input from a HTTPServletRequest going into a SQL sink or statement. This could lead to SQL injection if variables in the SQL statement are not properly sanitized. Use parameterized SQL queries or properly sanitize user input instead.,0.63810138505586,P3 - Medium (ML Moderate / Needs Review),data/benchmark/src/main/java/org/owasp/benchmark/testcode/BenchmarkTest00845.java,79,ERROR,NONE,API call failed after retries
BenchmarkTest00682,0,CWE-89,2,1,1,0.5746,Detected a formatted string in a SQL statement. This could lead to SQL injection if variables in the SQL statement are not properly sanitized. Use a prepared statements (java.sql.PreparedStatement) instead. You can obtain a PreparedStatement using 'connection.prepareStatement'.,0.5278626301234679,P3 - Medium (ML Moderate / Needs Review),data/benchmark/src/main/java/org/owasp/benchmark/testcode/BenchmarkTest00682.java,74,ERROR,NONE,API call failed after retries
BenchmarkTest01067,0,CWE-78,1,1,0,0.5177,"Detected input from a HTTPServletRequest going into a 'ProcessBuilder' or 'exec' command. This could lead to command injection if variables passed into the exec commands are not properly sanitized. Instead, avoid using these OS commands with user-supplied input, or, if you must use these commands, use a whitelist of specific values.",0.5444416118463504,P3 - Medium (ML Moderate / Needs Review),data/benchmark/src/main/java/org/owasp/benchmark/testcode/BenchmarkTest01067.java,61,ERROR,NONE,API call failed after retries
BenchmarkTest00939,0,CWE-89,2,1,1,0.5746,Detected a formatted string in a SQL statement. This could lead to SQL injection if variables in the SQL statement are not properly sanitized. Use a prepared statements (java.sql.PreparedStatement) instead. You can obtain a PreparedStatement using 'connection.prepareStatement'.,0.490638252758374,P3 - Medium (ML Moderate / Needs Review),data/benchmark/src/main/java/org/owasp/benchmark/testcode/BenchmarkTest00939.java,73,ERROR,NONE,API call failed after retries
BenchmarkTest02568,0,CWE-22,1,1,0,0.531,"Detected a potential path traversal. A malicious actor could control the location of this file, to include going backwards in the directory with '../'. To address this, ensure that user-controlled variables in file paths are sanitized. You may also consider using a utility method such as org.apache.commons.io.FilenameUtils.getName(...) to only retrieve the file name from the path.",0.5394645256012154,P3 - Medium (ML Moderate / Needs Review),data/benchmark/src/main/java/org/owasp/benchmark/testcode/BenchmarkTest02568.java,78,ERROR,NONE,API call failed after retries
BenchmarkTest02639,0,CWE-89,1,1,0,0.5746,Detected input from a HTTPServletRequest going into a SQL sink or statement. This could lead to SQL injection if variables in the SQL statement are not properly sanitized. Use parameterized SQL queries or properly sanitize user input instead.,0.6393503814415632,P3 - Medium (ML Moderate / Needs Review),data/benchmark/src/main/java/org/owasp/benchmark/testcode/BenchmarkTest02639.java,75,ERROR,NONE,API call failed after retries
BenchmarkTest02172,0,CWE-89,2,1,1,0.5746,Detected input from a HTTPServletRequest going into a SQL sink or statement. This could lead to SQL injection if variables in the SQL statement are not properly sanitized. Use parameterized SQL queries or properly sanitize user input instead.,0.6161353418384643,P3 - Medium (ML Moderate / Needs Review),data/benchmark/src/main/java/org/owasp/benchmark/testcode/BenchmarkTest02172.java,53,ERROR,NONE,API call failed after retries
BenchmarkTest00219,1,CWE-22,1,1,0,0.531,"Detected a potential path traversal. A malicious actor could control the location of this file, to include going backwards in the directory with '../'. To address this, ensure that user-controlled variables in file paths are sanitized. You may also consider using a utility method such as org.apache.commons.io.FilenameUtils.getName(...) to only retrieve the file name from the path.",0.5394645256012154,P3 - Medium (ML Moderate / Needs Review),data/benchmark/src/main/java/org/owasp/benchmark/testcode/BenchmarkTest00219.java,73,ERROR,NONE,API call failed after retries
BenchmarkTest00625,0,CWE-22,1,1,0,0.531,"Detected a potential path traversal. A malicious actor could control the location of this file, to include going backwards in the directory with '../'. To address this, ensure that user-controlled variables in file paths are sanitized. You may also consider using a utility method such as org.apache.commons.io.FilenameUtils.getName(...) to only retrieve the file name from the path.",0.5402428179282152,P3 - Medium (ML Moderate / Needs Review),data/benchmark/src/main/java/org/owasp/benchmark/testcode/BenchmarkTest00625.java,61,ERROR,NONE,API call failed after retries
BenchmarkTest01479,0,CWE-643,1,1,0,0.5185,"Detected input from a HTTPServletRequest going into a XPath evaluate or compile command. This could lead to xpath injection if variables passed into the evaluate or compile commands are not properly sanitized. Xpath injection could lead to unauthorized access to sensitive information in XML documents. Instead, thoroughly sanitize user input or use parameterized xpath queries if you can.",0.5736924789216268,P3 - Medium (ML Moderate / Needs Review),data/benchmark/src/main/java/org/owasp/benchmark/testcode/BenchmarkTest01479.java,79,ERROR,NONE,API call failed after retries
BenchmarkTest00658,0,CWE-78,1,1,0,0.5177,"Detected input from a HTTPServletRequest going into a 'ProcessBuilder' or 'exec' command. This could lead to command injection if variables passed into the exec commands are not properly sanitized. Instead, avoid using these OS commands with user-supplied input, or, if you must use these commands, use a whitelist of specific values.",0.5114755110284748,P3 - Medium (ML Moderate / Needs Review),data/benchmark/src/main/java/org/owasp/benchmark/testcode/BenchmarkTest00658.java,64,ERROR,NONE,API call failed after retries
BenchmarkTest02269,1,CWE-89,2,1,1,0.5746,Detected input from a HTTPServletRequest going into a SQL sink or statement. This could lead to SQL injection if variables in the SQL statement are not properly sanitized. Use parameterized SQL queries or properly sanitize user input instead.,0.6221370751503495,P3 - Medium (ML Moderate / Needs Review),data/benchmark/src/main/java/org/owasp/benchmark/testcode/BenchmarkTest02269.java,57,ERROR,NONE,API call failed after retries
BenchmarkTest00033,1,CWE-89,1,1,0,0.5746,Detected input from a HTTPServletRequest going into a SQL sink or statement. This could lead to SQL injection if variables in the SQL statement are not properly sanitized. Use parameterized SQL queries or properly sanitize user input instead.,0.6371570818030259,P3 - Medium (ML Moderate / Needs Review),data/benchmark/src/main/java/org/owasp/benchmark/testcode/BenchmarkTest00033.java,53,ERROR,NONE,API call failed after retries
BenchmarkTest00622,0,CWE-22,1,1,0,0.531,"Detected a potential path traversal. A malicious actor could control the location of this file, to include going backwards in the directory with '../'. To address this, ensure that user-controlled variables in file paths are sanitized. You may also consider using a utility method such as org.apache.commons.io.FilenameUtils.getName(...) to only retrieve the file name from the path.",0.5372346090670375,P3 - Medium (ML Moderate / Needs Review),data/benchmark/src/main/java/org/owasp/benchmark/testcode/BenchmarkTest00622.java,69,ERROR,NONE,API call failed after retries
BenchmarkTest00950,1,CWE-22,1,1,0,0.531,"Detected a potential path traversal. A malicious actor could control the location of this file, to include going backwards in the directory with '../'. To address this, ensure that user-controlled variables in file paths are sanitized. You may also consider using a utility method such as org.apache.commons.io.FilenameUtils.getName(...) to only retrieve the file name from the path.",0.5305215095490278,P3 - Medium (ML Moderate / Needs Review),data/benchmark/src/main/java/org/owasp/benchmark/testcode/BenchmarkTest00950.java,68,ERROR,NONE,API call failed after retries
BenchmarkTest02581,0,CWE-79,1,1,0,0.6516,"Detected a request with potential user-input going into a OutputStream or Writer object. This bypasses any view or template environments, including HTML escaping, which may expose this application to cross-site scripting (XSS) vulnerabilities. Consider using a view technology such as JavaServer Faces (JSFs) which automatically escapes HTML views.",0.6447716715602264,P3 - Medium (ML Moderate / Needs Review),data/benchmark/src/main/java/org/owasp/benchmark/testcode/BenchmarkTest02581.java,74,ERROR,NONE,API call failed after retries
BenchmarkTest00784,0,CWE-22,1,1,0,0.531,"Detected a potential path traversal. A malicious actor could control the location of this file, to include going backwards in the directory with '../'. To address this, ensure that user-controlled variables in file paths are sanitized. You may also consider using a utility method such as org.apache.commons.io.FilenameUtils.getName(...) to only retrieve the file name from the path.",0.5349061735858125,P3 - Medium (ML Moderate / Needs Review),data/benchmark/src/main/java/org/owasp/benchmark/testcode/BenchmarkTest00784.java,96,ERROR,NONE,API call failed after retries
BenchmarkTest00264,1,CWE-22,1,1,0,0.531,"Detected a potential path traversal. A malicious actor could control the location of this file, to include going backwards in the directory with '../'. To address this, ensure that user-controlled variables in file paths are sanitized. You may also consider using a utility method such as org.apache.commons.io.FilenameUtils.getName(...) to only retrieve the file name from the path.",0.5305215095490278,P3 - Medium (ML Moderate / Needs Review),data/benchmark/src/main/java/org/owasp/benchmark/testcode/BenchmarkTest00264.java,65,ERROR,NONE,API call failed after retries
BenchmarkTest01731,1,CWE-89,2,1,1,0.5746,Detected a formatted string in a SQL statement. This could lead to SQL injection if variables in the SQL statement are not properly sanitized. Use a prepared statements (java.sql.PreparedStatement) instead. You can obtain a PreparedStatement using 'connection.prepareStatement'.,0.46739305534568415,P3 - Medium (ML Moderate / Needs Review),data/benchmark/src/main/java/org/owasp/benchmark/testcode/BenchmarkTest01731.java,77,ERROR,NONE,API call failed after retries
BenchmarkTest01057,1,CWE-79,1,1,0,0.6516,"Detected a request with potential user-input going into a OutputStream or Writer object. This bypasses any view or template environments, including HTML escaping, which may expose this application to cross-site scripting (XSS) vulnerabilities. Consider using a view technology such as JavaServer Faces (JSFs) which automatically escapes HTML views.",0.6221848022643229,P3 - Medium (ML Moderate / Needs Review),data/benchmark/src/main/java/org/owasp/benchmark/testcode/BenchmarkTest01057.java,54,ERROR,NONE,API call failed after retries
BenchmarkTest00262,1,CWE-22,1,1,0,0.531,"Detected a potential path traversal. A malicious actor could control the location of this file, to include going backwards in the directory with '../'. To address this, ensure that user-controlled variables in file paths are sanitized. You may also consider using a utility method such as org.apache.commons.io.FilenameUtils.getName(...) to only retrieve the file name from the path.",0.5305215095490278,P3 - Medium (ML Moderate / Needs Review),data/benchmark/src/main/java/org/owasp/benchmark/testcode/BenchmarkTest00262.java,74,ERROR,NONE,API call failed after retries
BenchmarkTest01111,1,CWE-22,1,1,0,0.531,"Detected a potential path traversal. A malicious actor could control the location of this file, to include going backwards in the directory with '../'. To address this, ensure that user-controlled variables in file paths are sanitized. You may also consider using a utility method such as org.apache.commons.io.FilenameUtils.getName(...) to only retrieve the file name from the path.",0.5349061735858125,P3 - Medium (ML Moderate / Needs Review),data/benchmark/src/main/java/org/owasp/benchmark/testcode/BenchmarkTest01111.java,68,ERROR,NONE,API call failed after retries
BenchmarkTest02517,1,CWE-78,1,1,0,0.5177,"Detected input from a HTTPServletRequest going into a 'ProcessBuilder' or 'exec' command. This could lead to command injection if variables passed into the exec commands are not properly sanitized. Instead, avoid using these OS commands with user-supplied input, or, if you must use these commands, use a whitelist of specific values.",0.5114755110284748,P3 - Medium (ML Moderate / Needs Review),data/benchmark/src/main/java/org/owasp/benchmark/testcode/BenchmarkTest02517.java,56,ERROR,NONE,API call failed after retries
BenchmarkTest02272,1,CWE-89,1,1,0,0.5746,Detected input from a HTTPServletRequest going into a SQL sink or statement. This could lead to SQL injection if variables in the SQL statement are not properly sanitized. Use parameterized SQL queries or properly sanitize user input instead.,0.6314792486337455,P3 - Medium (ML Moderate / Needs Review),data/benchmark/src/main/java/org/owasp/benchmark/testcode/BenchmarkTest02272.java,55,ERROR,NONE,API call failed after retries
BenchmarkTest00438,1,CWE-89,2,1,1,0.5746,Detected a formatted string in a SQL statement. This could lead to SQL injection if variables in the SQL statement are not properly sanitized. Use a prepared statements (java.sql.PreparedStatement) instead. You can obtain a PreparedStatement using 'connection.prepareStatement'.,0.5476500971406442,P3 - Medium (ML Moderate / Needs Review),data/benchmark/src/main/java/org/owasp/benchmark/testcode/BenchmarkTest00438.java,58,ERROR,NONE,API call failed after retries
BenchmarkTest02713,0,CWE-78,1,1,0,0.5177,"Detected input from a HTTPServletRequest going into a 'ProcessBuilder' or 'exec' command. This could lead to command injection if variables passed into the exec commands are not properly sanitized. Instead, avoid using these OS commands with user-supplied input, or, if you must use these commands, use a whitelist of specific values.",0.5752195073482003,P3 - Medium (ML Moderate / Needs Review),data/benchmark/src/main/java/org/owasp/benchmark/testcode/BenchmarkTest02713.java,58,ERROR,NONE,API call failed after retries
BenchmarkTest00440,0,CWE-89,2,1,1,0.5746,Detected a formatted string in a SQL statement. This could lead to SQL injection if variables in the SQL statement are not properly sanitized. Use a prepared statements (java.sql.PreparedStatement) instead. You can obtain a PreparedStatement using 'connection.prepareStatement'.,0.46739305534568415,P3 - Medium (ML Moderate / Needs Review),data/benchmark/src/main/java/org/owasp/benchmark/testcode/BenchmarkTest00440.java,59,ERROR,NONE,API call failed after retries
BenchmarkTest02429,1,CWE-78,1,1,0,0.5177,"Detected input from a HTTPServletRequest going into a 'ProcessBuilder' or 'exec' command. This could lead to command injection if variables passed into the exec commands are not properly sanitized. Instead, avoid using these OS commands with user-supplied input, or, if you must use these commands, use a whitelist of specific values.",0.5444416118463504,P3 - Medium (ML Moderate / Needs Review),data/benchmark/src/main/java/org/owasp/benchmark/testcode/BenchmarkTest02429.java,71,ERROR,NONE,API call failed after retries
BenchmarkTest01466,1,CWE-89,1,1,0,0.5746,Detected input from a HTTPServletRequest going into a SQL sink or statement. This could lead to SQL injection if variables in the SQL statement are not properly sanitized. Use parameterized SQL queries or properly sanitize user input instead.,0.6371570818030259,P3 - Medium (ML Moderate / Needs Review),data/benchmark/src/main/java/org/owasp/benchmark/testcode/BenchmarkTest01466.java,64,ERROR,NONE,API call failed after retries
BenchmarkTest02087,1,CWE-89,2,1,1,0.5746,Detected input from a HTTPServletRequest going into a SQL sink or statement. This could lead to SQL injection if variables in the SQL statement are not properly sanitized. Use parameterized SQL queries or properly sanitize user input instead.,0.6050253134234014,P3 - Medium (ML Moderate / Needs Review),data/benchmark/src/main/java/org/owasp/benchmark/testcode/BenchmarkTest02087.java,60,ERROR,NONE,API call failed after retries
BenchmarkTest02145,1,CWE-79,1,1,0,0.6516,"Detected a request with potential user-input going into a OutputStream or Writer object. This bypasses any view or template environments, including HTML escaping, which may expose this application to cross-site scripting (XSS) vulnerabilities. Consider using a view technology such as JavaServer Faces (JSFs) which automatically escapes HTML views.",0.6221848022643229,P3 - Medium (ML Moderate / Needs Review),data/benchmark/src/main/java/org/owasp/benchmark/testcode/BenchmarkTest02145.java,49,ERROR,NONE,API call failed after retries
BenchmarkTest02181,1,CWE-89,1,1,0,0.5746,Detected input from a HTTPServletRequest going into a SQL sink or statement. This could lead to SQL injection if variables in the SQL statement are not properly sanitized. Use parameterized SQL queries or properly sanitize user input instead.,0.6314792486337455,P3 - Medium (ML Moderate / Needs Review),data/benchmark/src/main/java/org/owasp/benchmark/testcode/BenchmarkTest02181.java,51,ERROR,NONE,API call failed after retries
BenchmarkTest00906,0,CWE-78,1,1,0,0.5177,"Detected input from a HTTPServletRequest going into a 'ProcessBuilder' or 'exec' command. This could lead to command injection if variables passed into the exec commands are not properly sanitized. Instead, avoid using these OS commands with user-supplied input, or, if you must use these commands, use a whitelist of specific values.",0.5752195073482003,P3 - Medium (ML Moderate / Needs Review),data/benchmark/src/main/java/org/owasp/benchmark/testcode/BenchmarkTest00906.java,77,ERROR,NONE,API call failed after retries
BenchmarkTest02032,1,CWE-22,1,1,0,0.531,"Detected a potential path traversal. A malicious actor could control the location of this file, to include going backwards in the directory with '../'. To address this, ensure that user-controlled variables in file paths are sanitized. You may also consider using a utility method such as org.apache.commons.io.FilenameUtils.getName(...) to only retrieve the file name from the path.",0.5402428179282152,P3 - Medium (ML Moderate / Needs Review),data/benchmark/src/main/java/org/owasp/benchmark/testcode/BenchmarkTest02032.java,60,ERROR,NONE,API call failed after retries
BenchmarkTest01690,1,CWE-78,1,1,0,0.5177,"Detected input from a HTTPServletRequest going into a 'ProcessBuilder' or 'exec' command. This could lead to command injection if variables passed into the exec commands are not properly sanitized. Instead, avoid using these OS commands with user-supplied input, or, if you must use these commands, use a whitelist of specific values.",0.5114755110284748,P3 - Medium (ML Moderate / Needs Review),data/benchmark/src/main/java/org/owasp/benchmark/testcode/BenchmarkTest01690.java,80,ERROR,NONE,API call failed after retries
BenchmarkTest02554,0,CWE-22,1,1,0,0.531,"Detected a potential path traversal. A malicious actor could control the location of this file, to include going backwards in the directory with '../'. To address this, ensure that user-controlled variables in file paths are sanitized. You may also consider using a utility method such as org.apache.commons.io.FilenameUtils.getName(...) to only retrieve the file name from the path.",0.5402428179282152,P3 - Medium (ML Moderate / Needs Review),data/benchmark/src/main/java/org/owasp/benchmark/testcode/BenchmarkTest02554.java,72,ERROR,NONE,API call failed after retries
BenchmarkTest02153,0,CWE-78,1,1,0,0.5177,"Detected input from a HTTPServletRequest going into a 'ProcessBuilder' or 'exec' command. This could lead to command injection if variables passed into the exec commands are not properly sanitized. Instead, avoid using these OS commands with user-supplied input, or, if you must use these commands, use a whitelist of specific values.",0.5444416118463504,P3 - Medium (ML Moderate / Needs Review),data/benchmark/src/main/java/org/owasp/benchmark/testcode/BenchmarkTest02153.java,57,ERROR,NONE,API call failed after retries
BenchmarkTest01256,0,CWE-79,1,1,0,0.6516,"Detected a request with potential user-input going into a OutputStream or Writer object. This bypasses any view or template environments, including HTML escaping, which may expose this application to cross-site scripting (XSS) vulnerabilities. Consider using a view technology such as JavaServer Faces (JSFs) which automatically escapes HTML views.",0.6447716715602264,P3 - Medium (ML Moderate / Needs Review),data/benchmark/src/main/java/org/owasp/benchmark/testcode/BenchmarkTest01256.java,49,ERROR,NONE,API call failed after retries
BenchmarkTest00767,1,CWE-89,1,1,0,0.5746,Detected input from a HTTPServletRequest going into a SQL sink or statement. This could lead to SQL injection if variables in the SQL statement are not properly sanitized. Use parameterized SQL queries or properly sanitize user input instead.,0.6382802301796155,P3 - Medium (ML Moderate / Needs Review),data/benchmark/src/main/java/org/owasp/benchmark/testcode/BenchmarkTest00767.java,73,ERROR,NONE,API call failed after retries
BenchmarkTest02640,0,CWE-89,1,1,0,0.5746,Detected input from a HTTPServletRequest going into a SQL sink or statement. This could lead to SQL injection if variables in the SQL statement are not properly sanitized. Use parameterized SQL queries or properly sanitize user input instead.,0.6314792486337455,P3 - Medium (ML Moderate / Needs Review),data/benchmark/src/main/java/org/owasp/benchmark/testcode/BenchmarkTest02640.java,75,ERROR,NONE,API call failed after retries
BenchmarkTest02243,1,CWE-78,1,1,0,0.5177,"Detected input from a HTTPServletRequest going into a 'ProcessBuilder' or 'exec' command. This could lead to command injection if variables passed into the exec commands are not properly sanitized. Instead, avoid using these OS commands with user-supplied input, or, if you must use these commands, use a whitelist of specific values.",0.5444416118463504,P3 - Medium (ML Moderate / Needs Review),data/benchmark/src/main/java/org/owasp/benchmark/testcode/BenchmarkTest02243.java,62,ERROR,NONE,API call failed after retries
BenchmarkTest01747,0,CWE-22,1,1,0,0.531,"Detected a potential path traversal. A malicious actor could control the location of this file, to include going backwards in the directory with '../'. To address this, ensure that user-controlled variables in file paths are sanitized. You may also consider using a utility method such as org.apache.commons.io.FilenameUtils.getName(...) to only retrieve the file name from the path.",0.5305215095490278,P3 - Medium (ML Moderate / Needs Review),data/benchmark/src/main/java/org/owasp/benchmark/testcode/BenchmarkTest01747.java,69,ERROR,NONE,API call failed after retries
BenchmarkTest02326,1,CWE-79,1,1,0,0.6516,"Detected a request with potential user-input going into a OutputStream or Writer object. This bypasses any view or template environments, including HTML escaping, which may expose this application to cross-site scripting (XSS) vulnerabilities. Consider using a view technology such as JavaServer Faces (JSFs) which automatically escapes HTML views.",0.6447716715602264,P3 - Medium (ML Moderate / Needs Review),data/benchmark/src/main/java/org/owasp/benchmark/testcode/BenchmarkTest02326.java,63,ERROR,NONE,API call failed after retries
BenchmarkTest00012,1,CWE-90,1,1,0,0.4815,"Detected input from a HTTPServletRequest going into an LDAP query. This could lead to LDAP injection if the input is not properly sanitized, which could result in attackers modifying objects in the LDAP tree structure. Ensure data passed to an LDAP query is not controllable or properly sanitize the data.",0.5087973542492934,P3 - Medium (ML Moderate / Needs Review),data/benchmark/src/main/java/org/owasp/benchmark/testcode/BenchmarkTest00012.java,68,ERROR,NONE,API call failed after retries
BenchmarkTest01732,0,CWE-89,2,1,1,0.5746,Detected input from a HTTPServletRequest going into a SQL sink or statement. This could lead to SQL injection if variables in the SQL statement are not properly sanitized. Use parameterized SQL queries or properly sanitize user input instead.,0.6161353418384643,P3 - Medium (ML Moderate / Needs Review),data/benchmark/src/main/java/org/owasp/benchmark/testcode/BenchmarkTest01732.java,75,ERROR,NONE,API call failed after retries
BenchmarkTest02585,1,CWE-79,1,1,0,0.6516,"Detected a request with potential user-input going into a OutputStream or Writer object. This bypasses any view or template environments, including HTML escaping, which may expose this application to cross-site scripting (XSS) vulnerabilities. Consider using a view technology such as JavaServer Faces (JSFs) which automatically escapes HTML views.",0.6447716715602264,P3 - Medium (ML Moderate / Needs Review),data/benchmark/src/main/java/org/owasp/benchmark/testcode/BenchmarkTest02585.java,73,ERROR,NONE,API call failed after retries
BenchmarkTest02455,1,CWE-89,2,1,1,0.5746,Detected a formatted string in a SQL statement. This could lead to SQL injection if variables in the SQL statement are not properly sanitized. Use a prepared statements (java.sql.PreparedStatement) instead. You can obtain a PreparedStatement using 'connection.prepareStatement'.,0.4901655263130386,P3 - Medium (ML Moderate / Needs Review),data/benchmark/src/main/java/org/owasp/benchmark/testcode/BenchmarkTest02455.java,55,ERROR,NONE,API call failed after retries
BenchmarkTest02173,0,CWE-89,2,1,1,0.5746,Detected input from a HTTPServletRequest going into a SQL sink or statement. This could lead to SQL injection if variables in the SQL statement are not properly sanitized. Use parameterized SQL queries or properly sanitize user input instead.,0.6043967051102129,P3 - Medium (ML Moderate / Needs Review),data/benchmark/src/main/java/org/owasp/benchmark/testcode/BenchmarkTest02173.java,53,ERROR,NONE,API call failed after retries
BenchmarkTest01972,1,CWE-89,2,1,1,0.5746,Detected a formatted string in a SQL statement. This could lead to SQL injection if variables in the SQL statement are not properly sanitized. Use a prepared statements (java.sql.PreparedStatement) instead. You can obtain a PreparedStatement using 'connection.prepareStatement'.,0.46739305534568415,P3 - Medium (ML Moderate / Needs Review),data/benchmark/src/main/java/org/owasp/benchmark/testcode/BenchmarkTest01972.java,58,ERROR,NONE,API call failed after retries
BenchmarkTest01715,1,CWE-89,2,1,1,0.5746,Detected input from a HTTPServletRequest going into a SQL sink or statement. This could lead to SQL injection if variables in the SQL statement are not properly sanitized. Use parameterized SQL queries or properly sanitize user input instead.,0.6315115188114625,P3 - Medium (ML Moderate / Needs Review),data/benchmark/src/main/java/org/owasp/benchmark/testcode/BenchmarkTest01715.java,77,ERROR,NONE,API call failed after retries
BenchmarkTest00406,0,CWE-78,1,1,0,0.5177,"Detected input from a HTTPServletRequest going into a 'ProcessBuilder' or 'exec' command. This could lead to command injection if variables passed into the exec commands are not properly sanitized. Instead, avoid using these OS commands with user-supplied input, or, if you must use these commands, use a whitelist of specific values.",0.5089059229256337,P3 - Medium (ML Moderate / Needs Review),data/benchmark/src/main/java/org/owasp/benchmark/testcode/BenchmarkTest00406.java,74,ERROR,NONE,API call failed after retries
BenchmarkTest01967,0,CWE-89,1,1,0,0.5746,Detected input from a HTTPServletRequest going into a SQL sink or statement. This could lead to SQL injection if variables in the SQL statement are not properly sanitized. Use parameterized SQL queries or properly sanitize user input instead.,0.6314792486337455,P3 - Medium (ML Moderate / Needs Review),data/benchmark/src/main/java/org/owasp/benchmark/testcode/BenchmarkTest01967.java,56,ERROR,NONE,API call failed after retries
BenchmarkTest00131,0,CWE-22,1,1,0,0.531,"Detected a potential path traversal. A malicious actor could control the location of this file, to include going backwards in the directory with '../'. To address this, ensure that user-controlled variables in file paths are sanitized. You may also consider using a utility method such as org.apache.commons.io.FilenameUtils.getName(...) to only retrieve the file name from the path.",0.5402428179282152,P3 - Medium (ML Moderate / Needs Review),data/benchmark/src/main/java/org/owasp/benchmark/testcode/BenchmarkTest00131.java,72,ERROR,NONE,API call failed after retries
BenchmarkTest01189,0,CWE-78,1,1,0,0.5177,"Detected input from a HTTPServletRequest going into a 'ProcessBuilder' or 'exec' command. This could lead to command injection if variables passed into the exec commands are not properly sanitized. Instead, avoid using these OS commands with user-supplied input, or, if you must use these commands, use a whitelist of specific values.",0.5683792859920807,P3 - Medium (ML Moderate / Needs Review),data/benchmark/src/main/java/org/owasp/benchmark/testcode/BenchmarkTest01189.java,76,ERROR,NONE,API call failed after retries
BenchmarkTest01393,0,CWE-89,2,1,1,0.5746,Detected input from a HTTPServletRequest going into a SQL sink or statement. This could lead to SQL injection if variables in the SQL statement are not properly sanitized. Use parameterized SQL queries or properly sanitize user input instead.,0.6221370751503495,P3 - Medium (ML Moderate / Needs Review),data/benchmark/src/main/java/org/owasp/benchmark/testcode/BenchmarkTest01393.java,55,ERROR,NONE,API call failed after retries
BenchmarkTest01190,1,CWE-78,1,1,0,0.5177,"Detected input from a HTTPServletRequest going into a 'ProcessBuilder' or 'exec' command. This could lead to command injection if variables passed into the exec commands are not properly sanitized. Instead, avoid using these OS commands with user-supplied input, or, if you must use these commands, use a whitelist of specific values.",0.5089059229256337,P3 - Medium (ML Moderate / Needs Review),data/benchmark/src/main/java/org/owasp/benchmark/testcode/BenchmarkTest01190.java,64,ERROR,NONE,API call failed after retries
BenchmarkTest01907,1,CWE-22,1,1,0,0.531,"Detected a potential path traversal. A malicious actor could control the location of this file, to include going backwards in the directory with '../'. To address this, ensure that user-controlled variables in file paths are sanitized. You may also consider using a utility method such as org.apache.commons.io.FilenameUtils.getName(...) to only retrieve the file name from the path.",0.5394645256012154,P3 - Medium (ML Moderate / Needs Review),data/benchmark/src/main/java/org/owasp/benchmark/testcode/BenchmarkTest01907.java,59,ERROR,NONE,API call failed after retries
BenchmarkTest02361,0,CWE-89,1,1,0,0.5746,Detected input from a HTTPServletRequest going into a SQL sink or statement. This could lead to SQL injection if variables in the SQL statement are not properly sanitized. Use parameterized SQL queries or properly sanitize user input instead.,0.63810138505586,P3 - Medium (ML Moderate / Needs Review),data/benchmark/src/main/java/org/owasp/benchmark/testcode/BenchmarkTest02361.java,65,ERROR,NONE,API call failed after retries
BenchmarkTest01050,1,CWE-79,1,1,0,0.6516,"Detected a request with potential user-input going into a OutputStream or Writer object. This bypasses any view or template environments, including HTML escaping, which may expose this application to cross-site scripting (XSS) vulnerabilities. Consider using a view technology such as JavaServer Faces (JSFs) which automatically escapes HTML views.",0.6221848022643229,P3 - Medium (ML Moderate / Needs Review),data/benchmark/src/main/java/org/owasp/benchmark/testcode/BenchmarkTest01050.java,54,ERROR,NONE,API call failed after retries
BenchmarkTest01180,0,CWE-79,1,1,0,0.6516,"Detected a request with potential user-input going into a OutputStream or Writer object. This bypasses any view or template environments, including HTML escaping, which may expose this application to cross-site scripting (XSS) vulnerabilities. Consider using a view technology such as JavaServer Faces (JSFs) which automatically escapes HTML views.",0.6221848022643229,P3 - Medium (ML Moderate / Needs Review),data/benchmark/src/main/java/org/owasp/benchmark/testcode/BenchmarkTest01180.java,56,ERROR,NONE,API call failed after retries
BenchmarkTest00739,0,CWE-78,1,1,0,0.5177,"Detected input from a HTTPServletRequest going into a 'ProcessBuilder' or 'exec' command. This could lead to command injection if variables passed into the exec commands are not properly sanitized. Instead, avoid using these OS commands with user-supplied input, or, if you must use these commands, use a whitelist of specific values.",0.5752195073482003,P3 - Medium (ML Moderate / Needs Review),data/benchmark/src/main/java/org/owasp/benchmark/testcode/BenchmarkTest00739.java,78,ERROR,NONE,API call failed after retries
BenchmarkTest02642,1,CWE-89,1,1,0,0.5746,Detected input from a HTTPServletRequest going into a SQL sink or statement. This could lead to SQL injection if variables in the SQL statement are not properly sanitized. Use parameterized SQL queries or properly sanitize user input instead.,0.6382802301796155,P3 - Medium (ML Moderate / Needs Review),data/benchmark/src/main/java/org/owasp/benchmark/testcode/BenchmarkTest02642.java,75,ERROR,NONE,API call failed after retries
BenchmarkTest02513,0,CWE-78,1,1,0,0.5177,"Detected input from a HTTPServletRequest going into a 'ProcessBuilder' or 'exec' command. This could lead to command injection if variables passed into the exec commands are not properly sanitized. Instead, avoid using these OS commands with user-supplied input, or, if you must use these commands, use a whitelist of specific values.",0.5089059229256337,P3 - Medium (ML Moderate / Needs Review),data/benchmark/src/main/java/org/owasp/benchmark/testcode/BenchmarkTest02513.java,59,ERROR,NONE,API call failed after retries
BenchmarkTest02370,0,CWE-643,1,1,0,0.5185,"Detected input from a HTTPServletRequest going into a XPath evaluate or compile command. This could lead to xpath injection if variables passed into the evaluate or compile commands are not properly sanitized. Xpath injection could lead to unauthorized access to sensitive information in XML documents. Instead, thoroughly sanitize user input or use parameterized xpath queries if you can.",0.5736924789216268,P3 - Medium (ML Moderate / Needs Review),data/benchmark/src/main/java/org/owasp/benchmark/testcode/BenchmarkTest02370.java,79,ERROR,NONE,API call failed after retries
BenchmarkTest02537,1,CWE-89,1,1,0,0.5746,Detected input from a HTTPServletRequest going into a SQL sink or statement. This could lead to SQL injection if variables in the SQL statement are not properly sanitized. Use parameterized SQL queries or properly sanitize user input instead.,0.6382802301796155,P3 - Medium (ML Moderate / Needs Review),data/benchmark/src/main/java/org/owasp/benchmark/testcode/BenchmarkTest02537.java,53,ERROR,NONE,API call failed after retries
BenchmarkTest01224,1,CWE-643,1,1,0,0.5185,"Detected input from a HTTPServletRequest going into a XPath evaluate or compile command. This could lead to xpath injection if variables passed into the evaluate or compile commands are not properly sanitized. Xpath injection could lead to unauthorized access to sensitive information in XML documents. Instead, thoroughly sanitize user input or use parameterized xpath queries if you can.",0.4500384206940105,P3 - Medium (ML Moderate / Needs Review),data/benchmark/src/main/java/org/owasp/benchmark/testcode/BenchmarkTest01224.java,70,ERROR,NONE,API call failed after retries
BenchmarkTest02205,1,CWE-22,1,1,0,0.531,"Detected a potential path traversal. A malicious actor could control the location of this file, to include going backwards in the directory with '../'. To address this, ensure that user-controlled variables in file paths are sanitized. You may also consider using a utility method such as org.apache.commons.io.FilenameUtils.getName(...) to only retrieve the file name from the path.",0.5394645256012154,P3 - Medium (ML Moderate / Needs Review),data/benchmark/src/main/java/org/owasp/benchmark/testcode/BenchmarkTest02205.java,58,ERROR,NONE,API call failed after retries
BenchmarkTest02288,1,CWE-89,2,1,1,0.5746,Detected input from a HTTPServletRequest going into a SQL sink or statement. This could lead to SQL injection if variables in the SQL statement are not properly sanitized. Use parameterized SQL queries or properly sanitize user input instead.,0.6161353418384643,P3 - Medium (ML Moderate / Needs Review),data/benchmark/src/main/java/org/owasp/benchmark/testcode/BenchmarkTest02288.java,55,ERROR,NONE,API call failed after retries
BenchmarkTest01217,0,CWE-89,2,1,1,0.5746,Detected input from a HTTPServletRequest going into a SQL sink or statement. This could lead to SQL injection if variables in the SQL statement are not properly sanitized. Use parameterized SQL queries or properly sanitize user input instead.,0.6050253134234014,P3 - Medium (ML Moderate / Needs Review),data/benchmark/src/main/java/org/owasp/benchmark/testcode/BenchmarkTest01217.java,58,ERROR,NONE,API call failed after retries
BenchmarkTest02136,1,CWE-79,1,1,0,0.6516,"Detected a request with potential user-input going into a OutputStream or Writer object. This bypasses any view or template environments, including HTML escaping, which may expose this application to cross-site scripting (XSS) vulnerabilities. Consider using a view technology such as JavaServer Faces (JSFs) which automatically escapes HTML views.",0.6221848022643229,P3 - Medium (ML Moderate / Needs Review),data/benchmark/src/main/java/org/owasp/benchmark/testcode/BenchmarkTest02136.java,52,ERROR,NONE,API call failed after retries
BenchmarkTest02626,0,CWE-89,1,1,0,0.5746,Detected input from a HTTPServletRequest going into a SQL sink or statement. This could lead to SQL injection if variables in the SQL statement are not properly sanitized. Use parameterized SQL queries or properly sanitize user input instead.,0.6371570818030259,P3 - Medium (ML Moderate / Needs Review),data/benchmark/src/main/java/org/owasp/benchmark/testcode/BenchmarkTest02626.java,77,ERROR,NONE,API call failed after retries
BenchmarkTest02650,1,CWE-89,1,1,0,0.5746,Detected a formatted string in a SQL statement. This could lead to SQL injection if variables in the SQL statement are not properly sanitized. Use a prepared statements (java.sql.PreparedStatement) instead. You can obtain a PreparedStatement using 'connection.prepareStatement'.,0.4725678466009309,P3 - Medium (ML Moderate / Needs Review),data/benchmark/src/main/java/org/owasp/benchmark/testcode/BenchmarkTest02650.java,77,ERROR,NONE,API call failed after retries
BenchmarkTest01643,1,CWE-22,1,1,0,0.531,"Detected a potential path traversal. A malicious actor could control the location of this file, to include going backwards in the directory with '../'. To address this, ensure that user-controlled variables in file paths are sanitized. You may also consider using a utility method such as org.apache.commons.io.FilenameUtils.getName(...) to only retrieve the file name from the path.",0.5349061735858125,P3 - Medium (ML Moderate / Needs Review),data/benchmark/src/main/java/org/owasp/benchmark/testcode/BenchmarkTest01643.java,89,ERROR,NONE,API call failed after retries
BenchmarkTest01218,0,CWE-89,2,1,1,0.5746,Detected input from a HTTPServletRequest going into a SQL sink or statement. This could lead to SQL injection if variables in the SQL statement are not properly sanitized. Use parameterized SQL queries or properly sanitize user input instead.,0.6161353418384643,P3 - Medium (ML Moderate / Needs Review),data/benchmark/src/main/java/org/owasp/benchmark/testcode/BenchmarkTest01218.java,58,ERROR,NONE,API call failed after retries
BenchmarkTest02250,1,CWE-78,1,1,0,0.5177,"Detected input from a HTTPServletRequest going into a 'ProcessBuilder' or 'exec' command. This could lead to command injection if variables passed into the exec commands are not properly sanitized. Instead, avoid using these OS commands with user-supplied input, or, if you must use these commands, use a whitelist of specific values.",0.5683792859920807,P3 - Medium (ML Moderate / Needs Review),data/benchmark/src/main/java/org/owasp/benchmark/testcode/BenchmarkTest02250.java,61,ERROR,NONE,API call failed after retries
BenchmarkTest00196,1,CWE-89,1,1,0,0.5746,Detected input from a HTTPServletRequest going into a SQL sink or statement. This could lead to SQL injection if variables in the SQL statement are not properly sanitized. Use parameterized SQL queries or properly sanitize user input instead.,0.6393503814415632,P3 - Medium (ML Moderate / Needs Review),data/benchmark/src/main/java/org/owasp/benchmark/testcode/BenchmarkTest00196.java,61,ERROR,NONE,API call failed after retries
BenchmarkTest01008,1,CWE-89,1,1,0,0.5746,Detected input from a HTTPServletRequest going into a SQL sink or statement. This could lead to SQL injection if variables in the SQL statement are not properly sanitized. Use parameterized SQL queries or properly sanitize user input instead.,0.63810138505586,P3 - Medium (ML Moderate / Needs Review),data/benchmark/src/main/java/org/owasp/benchmark/testcode/BenchmarkTest01008.java,70,ERROR,NONE,API call failed after retries
BenchmarkTest02341,0,CWE-78,1,1,0,0.5177,"Detected input from a HTTPServletRequest going into a 'ProcessBuilder' or 'exec' command. This could lead to command injection if variables passed into the exec commands are not properly sanitized. Instead, avoid using these OS commands with user-supplied input, or, if you must use these commands, use a whitelist of specific values.",0.5444416118463504,P3 - Medium (ML Moderate / Needs Review),data/benchmark/src/main/java/org/owasp/benchmark/testcode/BenchmarkTest02341.java,71,ERROR,NONE,API call failed after retries
BenchmarkTest01985,1,CWE-22,1,1,0,0.531,"Detected a potential path traversal. A malicious actor could control the location of this file, to include going backwards in the directory with '../'. To address this, ensure that user-controlled variables in file paths are sanitized. You may also consider using a utility method such as org.apache.commons.io.FilenameUtils.getName(...) to only retrieve the file name from the path.",0.5372346090670375,P3 - Medium (ML Moderate / Needs Review),data/benchmark/src/main/java/org/owasp/benchmark/testcode/BenchmarkTest01985.java,63,ERROR,NONE,API call failed after retries
BenchmarkTest01476,1,CWE-89,2,1,1,0.5746,Detected input from a HTTPServletRequest going into a SQL sink or statement. This could lead to SQL injection if variables in the SQL statement are not properly sanitized. Use parameterized SQL queries or properly sanitize user input instead.,0.6043967051102129,P3 - Medium (ML Moderate / Needs Review),data/benchmark/src/main/java/org/owasp/benchmark/testcode/BenchmarkTest01476.java,65,ERROR,NONE,API call failed after retries
BenchmarkTest01736,1,CWE-643,1,1,0,0.5185,"Detected input from a HTTPServletRequest going into a XPath evaluate or compile command. This could lead to xpath injection if variables passed into the evaluate or compile commands are not properly sanitized. Xpath injection could lead to unauthorized access to sensitive information in XML documents. Instead, thoroughly sanitize user input or use parameterized xpath queries if you can.",0.4500384206940105,P3 - Medium (ML Moderate / Needs Review),data/benchmark/src/main/java/org/owasp/benchmark/testcode/BenchmarkTest01736.java,87,ERROR,NONE,API call failed after retries
BenchmarkTest02147,1,CWE-78,1,1,0,0.5177,"Detected input from a HTTPServletRequest going into a 'ProcessBuilder' or 'exec' command. This could lead to command injection if variables passed into the exec commands are not properly sanitized. Instead, avoid using these OS commands with user-supplied input, or, if you must use these commands, use a whitelist of specific values.",0.5089059229256337,P3 - Medium (ML Moderate / Needs Review),data/benchmark/src/main/java/org/owasp/benchmark/testcode/BenchmarkTest02147.java,57,ERROR,NONE,API call failed after retries
BenchmarkTest00135,0,CWE-22,1,1,0,0.531,"Detected a potential path traversal. A malicious actor could control the location of this file, to include going backwards in the directory with '../'. To address this, ensure that user-controlled variables in file paths are sanitized. You may also consider using a utility method such as org.apache.commons.io.FilenameUtils.getName(...) to only retrieve the file name from the path.",0.5394645256012154,P3 - Medium (ML Moderate / Needs Review),data/benchmark/src/main/java/org/owasp/benchmark/testcode/BenchmarkTest00135.java,83,ERROR,NONE,API call failed after retries
BenchmarkTest01222,1,CWE-89,2,1,1,0.5746,Detected input from a HTTPServletRequest going into a SQL sink or statement. This could lead to SQL injection if variables in the SQL statement are not properly sanitized. Use parameterized SQL queries or properly sanitize user input instead.,0.6043967051102129,P3 - Medium (ML Moderate / Needs Review),data/benchmark/src/main/java/org/owasp/benchmark/testcode/BenchmarkTest01222.java,58,ERROR,NONE,API call failed after retries
BenchmarkTest00118,0,CWE-643,1,1,0,0.5185,"Detected input from a HTTPServletRequest going into a XPath evaluate or compile command. This could lead to xpath injection if variables passed into the evaluate or compile commands are not properly sanitized. Xpath injection could lead to unauthorized access to sensitive information in XML documents. Instead, thoroughly sanitize user input or use parameterized xpath queries if you can.",0.4922262947505719,P3 - Medium (ML Moderate / Needs Review),data/benchmark/src/main/java/org/owasp/benchmark/testcode/BenchmarkTest00118.java,88,ERROR,NONE,API call failed after retries
BenchmarkTest02491,0,CWE-79,1,1,0,0.6516,"Detected a request with potential user-input going into a OutputStream or Writer object. This bypasses any view or template environments, including HTML escaping, which may expose this application to cross-site scripting (XSS) vulnerabilities. Consider using a view technology such as JavaServer Faces (JSFs) which automatically escapes HTML views.",0.6221848022643229,P3 - Medium (ML Moderate / Needs Review),data/benchmark/src/main/java/org/owasp/benchmark/testcode/BenchmarkTest02491.java,51,ERROR,NONE,API call failed after retries
BenchmarkTest01235,1,CWE-22,1,1,0,0.531,"Detected a potential path traversal. A malicious actor could control the location of this file, to include going backwards in the directory with '../'. To address this, ensure that user-controlled variables in file paths are sanitized. You may also consider using a utility method such as org.apache.commons.io.FilenameUtils.getName(...) to only retrieve the file name from the path.",0.5349061735858125,P3 - Medium (ML Moderate / Needs Review),data/benchmark/src/main/java/org/owasp/benchmark/testcode/BenchmarkTest01235.java,65,ERROR,NONE,API call failed after retries
BenchmarkTest01010,0,CWE-89,1,1,0,0.5746,Detected input from a HTTPServletRequest going into a SQL sink or statement. This could lead to SQL injection if variables in the SQL statement are not properly sanitized. Use parameterized SQL queries or properly sanitize user input instead.,0.6371570818030259,P3 - Medium (ML Moderate / Needs Review),data/benchmark/src/main/java/org/owasp/benchmark/testcode/BenchmarkTest01010.java,71,ERROR,NONE,API call failed after retries
BenchmarkTest00343,0,CWE-89,2,1,1,0.5746,Detected a formatted string in a SQL statement. This could lead to SQL injection if variables in the SQL statement are not properly sanitized. Use a prepared statements (java.sql.PreparedStatement) instead. You can obtain a PreparedStatement using 'connection.prepareStatement'.,0.490638252758374,P3 - Medium (ML Moderate / Needs Review),data/benchmark/src/main/java/org/owasp/benchmark/testcode/BenchmarkTest00343.java,65,ERROR,NONE,API call failed after retries
BenchmarkTest01402,0,CWE-90,1,1,0,0.4815,"Detected input from a HTTPServletRequest going into an LDAP query. This could lead to LDAP injection if the input is not properly sanitized, which could result in attackers modifying objects in the LDAP tree structure. Ensure data passed to an LDAP query is not controllable or properly sanitize the data.",0.519750625119329,P3 - Medium (ML Moderate / Needs Review),data/benchmark/src/main/java/org/owasp/benchmark/testcode/BenchmarkTest01402.java,73,ERROR,NONE,API call failed after retries
BenchmarkTest02628,1,CWE-89,1,1,0,0.5746,Detected input from a HTTPServletRequest going into a SQL sink or statement. This could lead to SQL injection if variables in the SQL statement are not properly sanitized. Use parameterized SQL queries or properly sanitize user input instead.,0.6314792486337455,P3 - Medium (ML Moderate / Needs Review),data/benchmark/src/main/java/org/owasp/benchmark/testcode/BenchmarkTest02628.java,77,ERROR,NONE,API call failed after retries
BenchmarkTest02178,1,CWE-89,1,1,0,0.5746,Detected input from a HTTPServletRequest going into a SQL sink or statement. This could lead to SQL injection if variables in the SQL statement are not properly sanitized. Use parameterized SQL queries or properly sanitize user input instead.,0.6314792486337455,P3 - Medium (ML Moderate / Needs Review),data/benchmark/src/main/java/org/owasp/benchmark/testcode/BenchmarkTest02178.java,51,ERROR,NONE,API call failed after retries
BenchmarkTest00841,1,CWE-89,1,1,0,0.5746,Detected input from a HTTPServletRequest going into a SQL sink or statement. This could lead to SQL injection if variables in the SQL statement are not properly sanitized. Use parameterized SQL queries or properly sanitize user input instead.,0.6314792486337455,P3 - Medium (ML Moderate / Needs Review),data/benchmark/src/main/java/org/owasp/benchmark/testcode/BenchmarkTest00841.java,94,ERROR,NONE,API call failed after retries
BenchmarkTest01877,0,CWE-89,2,1,1,0.5746,Detected input from a HTTPServletRequest going into a SQL sink or statement. This could lead to SQL injection if variables in the SQL statement are not properly sanitized. Use parameterized SQL queries or properly sanitize user input instead.,0.6043967051102129,P3 - Medium (ML Moderate / Needs Review),data/benchmark/src/main/java/org/owasp/benchmark/testcode/BenchmarkTest01877.java,74,ERROR,NONE,API call failed after retries
BenchmarkTest01378,0,CWE-89,2,1,1,0.5746,Detected input from a HTTPServletRequest going into a SQL sink or statement. This could lead to SQL injection if variables in the SQL statement are not properly sanitized. Use parameterized SQL queries or properly sanitize user input instead.,0.6161353418384643,P3 - Medium (ML Moderate / Needs Review),data/benchmark/src/main/java/org/owasp/benchmark/testcode/BenchmarkTest01378.java,57,ERROR,NONE,API call failed after retries
BenchmarkTest00948,0,CWE-90,1,1,0,0.4815,"Detected input from a HTTPServletRequest going into an LDAP query. This could lead to LDAP injection if the input is not properly sanitized, which could result in attackers modifying objects in the LDAP tree structure. Ensure data passed to an LDAP query is not controllable or properly sanitize the data.",0.5087973542492934,P3 - Medium (ML Moderate / Needs Review),data/benchmark/src/main/java/org/owasp/benchmark/testcode/BenchmarkTest00948.java,78,ERROR,NONE,API call failed after retries
BenchmarkTest01353,0,CWE-78,1,1,0,0.5177,"Detected input from a HTTPServletRequest going into a 'ProcessBuilder' or 'exec' command. This could lead to command injection if variables passed into the exec commands are not properly sanitized. Instead, avoid using these OS commands with user-supplied input, or, if you must use these commands, use a whitelist of specific values.",0.5683792859920807,P3 - Medium (ML Moderate / Needs Review),data/benchmark/src/main/java/org/owasp/benchmark/testcode/BenchmarkTest01353.java,62,ERROR,NONE,API call failed after retries
BenchmarkTest01647,1,CWE-22,1,1,0,0.531,"Detected a potential path traversal. A malicious actor could control the location of this file, to include going backwards in the directory with '../'. To address this, ensure that user-controlled variables in file paths are sanitized. You may also consider using a utility method such as org.apache.commons.io.FilenameUtils.getName(...) to only retrieve the file name from the path.",0.5402428179282152,P3 - Medium (ML Moderate / Needs Review),data/benchmark/src/main/java/org/owasp/benchmark/testcode/BenchmarkTest01647.java,78,ERROR,NONE,API call failed after retries
BenchmarkTest01674,1,CWE-78,1,1,0,0.5177,"Detected input from a HTTPServletRequest going into a 'ProcessBuilder' or 'exec' command. This could lead to command injection if variables passed into the exec commands are not properly sanitized. Instead, avoid using these OS commands with user-supplied input, or, if you must use these commands, use a whitelist of specific values.",0.5114755110284748,P3 - Medium (ML Moderate / Needs Review),data/benchmark/src/main/java/org/owasp/benchmark/testcode/BenchmarkTest01674.java,84,ERROR,NONE,API call failed after retries
BenchmarkTest01114,0,CWE-22,1,1,0,0.531,"Detected a potential path traversal. A malicious actor could control the location of this file, to include going backwards in the directory with '../'. To address this, ensure that user-controlled variables in file paths are sanitized. You may also consider using a utility method such as org.apache.commons.io.FilenameUtils.getName(...) to only retrieve the file name from the path.",0.5402428179282152,P3 - Medium (ML Moderate / Needs Review),data/benchmark/src/main/java/org/owasp/benchmark/testcode/BenchmarkTest01114.java,69,ERROR,NONE,API call failed after retries
BenchmarkTest00850,1,CWE-89,2,1,1,0.5746,Detected a formatted string in a SQL statement. This could lead to SQL injection if variables in the SQL statement are not properly sanitized. Use a prepared statements (java.sql.PreparedStatement) instead. You can obtain a PreparedStatement using 'connection.prepareStatement'.,0.4901655263130386,P3 - Medium (ML Moderate / Needs Review),data/benchmark/src/main/java/org/owasp/benchmark/testcode/BenchmarkTest00850.java,87,ERROR,NONE,API call failed after retries
BenchmarkTest01388,1,CWE-89,1,1,0,0.5746,Detected input from a HTTPServletRequest going into a SQL sink or statement. This could lead to SQL injection if variables in the SQL statement are not properly sanitized. Use parameterized SQL queries or properly sanitize user input instead.,0.63810138505586,P3 - Medium (ML Moderate / Needs Review),data/benchmark/src/main/java/org/owasp/benchmark/testcode/BenchmarkTest01388.java,57,ERROR,NONE,API call failed after retries
BenchmarkTest02097,0,CWE-89,2,1,1,0.5746,Detected input from a HTTPServletRequest going into a SQL sink or statement. This could lead to SQL injection if variables in the SQL statement are not properly sanitized. Use parameterized SQL queries or properly sanitize user input instead.,0.6315115188114625,P3 - Medium (ML Moderate / Needs Review),data/benchmark/src/main/java/org/owasp/benchmark/testcode/BenchmarkTest02097.java,58,ERROR,NONE,API call failed after retries
BenchmarkTest01687,0,CWE-78,1,1,0,0.5177,"Detected input from a HTTPServletRequest going into a 'ProcessBuilder' or 'exec' command. This could lead to command injection if variables passed into the exec commands are not properly sanitized. Instead, avoid using these OS commands with user-supplied input, or, if you must use these commands, use a whitelist of specific values.",0.5752195073482003,P3 - Medium (ML Moderate / Needs Review),data/benchmark/src/main/java/org/owasp/benchmark/testcode/BenchmarkTest01687.java,95,ERROR,NONE,API call failed after retries
BenchmarkTest00959,1,CWE-90,1,1,0,0.4815,"Detected input from a HTTPServletRequest going into an LDAP query. This could lead to LDAP injection if the input is not properly sanitized, which could result in attackers modifying objects in the LDAP tree structure. Ensure data passed to an LDAP query is not controllable or properly sanitize the data.",0.4960361627169889,P3 - Medium (ML Moderate / Needs Review),data/benchmark/src/main/java/org/owasp/benchmark/testcode/BenchmarkTest00959.java,82,ERROR,NONE,API call failed after retries
BenchmarkTest02239,0,CWE-79,1,1,0,0.6516,"Detected a request with potential user-input going into a OutputStream or Writer object. This bypasses any view or template environments, including HTML escaping, which may expose this application to cross-site scripting (XSS) vulnerabilities. Consider using a view technology such as JavaServer Faces (JSFs) which automatically escapes HTML views.",0.6221848022643229,P3 - Medium (ML Moderate / Needs Review),data/benchmark/src/main/java/org/owasp/benchmark/testcode/BenchmarkTest02239.java,53,ERROR,NONE,API call failed after retries
BenchmarkTest00114,0,CWE-89,2,1,1,0.5746,Detected input from a HTTPServletRequest going into a SQL sink or statement. This could lead to SQL injection if variables in the SQL statement are not properly sanitized. Use parameterized SQL queries or properly sanitize user input instead.,0.6315115188114625,P3 - Medium (ML Moderate / Needs Review),data/benchmark/src/main/java/org/owasp/benchmark/testcode/BenchmarkTest00114.java,76,ERROR,NONE,API call failed after retries
BenchmarkTest00593,1,CWE-89,2,1,1,0.5746,Detected input from a HTTPServletRequest going into a SQL sink or statement. This could lead to SQL injection if variables in the SQL statement are not properly sanitized. Use parameterized SQL queries or properly sanitize user input instead.,0.6050253134234014,P3 - Medium (ML Moderate / Needs Review),data/benchmark/src/main/java/org/owasp/benchmark/testcode/BenchmarkTest00593.java,86,ERROR,NONE,API call failed after retries
BenchmarkTest00408,0,CWE-78,1,1,0,0.5177,"Detected input from a HTTPServletRequest going into a 'ProcessBuilder' or 'exec' command. This could lead to command injection if variables passed into the exec commands are not properly sanitized. Instead, avoid using these OS commands with user-supplied input, or, if you must use these commands, use a whitelist of specific values.",0.5089059229256337,P3 - Medium (ML Moderate / Needs Review),data/benchmark/src/main/java/org/owasp/benchmark/testcode/BenchmarkTest00408.java,76,ERROR,NONE,API call failed after retries
BenchmarkTest00037,1,CWE-89,2,1,1,0.5746,Detected input from a HTTPServletRequest going into a SQL sink or statement. This could lead to SQL injection if variables in the SQL statement are not properly sanitized. Use parameterized SQL queries or properly sanitize user input instead.,0.6050253134234014,P3 - Medium (ML Moderate / Needs Review),data/benchmark/src/main/java/org/owasp/benchmark/testcode/BenchmarkTest00037.java,66,ERROR,NONE,API call failed after retries
BenchmarkTest01328,0,CWE-22,1,1,0,0.531,"Detected a potential path traversal. A malicious actor could control the location of this file, to include going backwards in the directory with '../'. To address this, ensure that user-controlled variables in file paths are sanitized. You may also consider using a utility method such as org.apache.commons.io.FilenameUtils.getName(...) to only retrieve the file name from the path.",0.5394645256012154,P3 - Medium (ML Moderate / Needs Review),data/benchmark/src/main/java/org/owasp/benchmark/testcode/BenchmarkTest01328.java,69,ERROR,NONE,API call failed after retries
BenchmarkTest01891,1,CWE-89,2,1,1,0.5746,Detected input from a HTTPServletRequest going into a SQL sink or statement. This could lead to SQL injection if variables in the SQL statement are not properly sanitized. Use parameterized SQL queries or properly sanitize user input instead.,0.6161353418384643,P3 - Medium (ML Moderate / Needs Review),data/benchmark/src/main/java/org/owasp/benchmark/testcode/BenchmarkTest01891.java,71,ERROR,NONE,API call failed after retries
BenchmarkTest01470,1,CWE-89,1,1,0,0.5746,Detected input from a HTTPServletRequest going into a SQL sink or statement. This could lead to SQL injection if variables in the SQL statement are not properly sanitized. Use parameterized SQL queries or properly sanitize user input instead.,0.6371570818030259,P3 - Medium (ML Moderate / Needs Review),data/benchmark/src/main/java/org/owasp/benchmark/testcode/BenchmarkTest01470.java,65,ERROR,NONE,API call failed after retries
BenchmarkTest00437,0,CWE-89,2,1,1,0.5746,Detected a formatted string in a SQL statement. This could lead to SQL injection if variables in the SQL statement are not properly sanitized. Use a prepared statements (java.sql.PreparedStatement) instead. You can obtain a PreparedStatement using 'connection.prepareStatement'.,0.5476500971406442,P3 - Medium (ML Moderate / Needs Review),data/benchmark/src/main/java/org/owasp/benchmark/testcode/BenchmarkTest00437.java,58,ERROR,NONE,API call failed after retries
BenchmarkTest02627,1,CWE-89,1,1,0,0.5746,Detected input from a HTTPServletRequest going into a SQL sink or statement. This could lead to SQL injection if variables in the SQL statement are not properly sanitized. Use parameterized SQL queries or properly sanitize user input instead.,0.6382802301796155,P3 - Medium (ML Moderate / Needs Review),data/benchmark/src/main/java/org/owasp/benchmark/testcode/BenchmarkTest02627.java,77,ERROR,NONE,API call failed after retries
BenchmarkTest02104,0,CWE-90,1,1,0,0.4815,"Detected input from a HTTPServletRequest going into an LDAP query. This could lead to LDAP injection if the input is not properly sanitized, which could result in attackers modifying objects in the LDAP tree structure. Ensure data passed to an LDAP query is not controllable or properly sanitize the data.",0.519750625119329,P3 - Medium (ML Moderate / Needs Review),data/benchmark/src/main/java/org/owasp/benchmark/testcode/BenchmarkTest02104.java,59,ERROR,NONE,API call failed after retries
BenchmarkTest00108,1,CWE-89,2,1,1,0.5746,Detected a formatted string in a SQL statement. This could lead to SQL injection if variables in the SQL statement are not properly sanitized. Use a prepared statements (java.sql.PreparedStatement) instead. You can obtain a PreparedStatement using 'connection.prepareStatement'.,0.5278626301234679,P3 - Medium (ML Moderate / Needs Review),data/benchmark/src/main/java/org/owasp/benchmark/testcode/BenchmarkTest00108.java,92,ERROR,NONE,API call failed after retries
BenchmarkTest01407,0,CWE-22,1,1,0,0.531,"Detected a potential path traversal. A malicious actor could control the location of this file, to include going backwards in the directory with '../'. To address this, ensure that user-controlled variables in file paths are sanitized. You may also consider using a utility method such as org.apache.commons.io.FilenameUtils.getName(...) to only retrieve the file name from the path.",0.5372346090670375,P3 - Medium (ML Moderate / Needs Review),data/benchmark/src/main/java/org/owasp/benchmark/testcode/BenchmarkTest01407.java,73,ERROR,NONE,API call failed after retries
BenchmarkTest01608,0,CWE-78,1,1,0,0.5177,"Detected input from a HTTPServletRequest going into a 'ProcessBuilder' or 'exec' command. This could lead to command injection if variables passed into the exec commands are not properly sanitized. Instead, avoid using these OS commands with user-supplied input, or, if you must use these commands, use a whitelist of specific values.",0.5752195073482003,P3 - Medium (ML Moderate / Needs Review),data/benchmark/src/main/java/org/owasp/benchmark/testcode/BenchmarkTest01608.java,59,ERROR,NONE,API call failed after retries
BenchmarkTest00455,1,CWE-22,1,1,0,0.531,"Detected a potential path traversal. A malicious actor could control the location of this file, to include going backwards in the directory with '../'. To address this, ensure that user-controlled variables in file paths are sanitized. You may also consider using a utility method such as org.apache.commons.io.FilenameUtils.getName(...) to only retrieve the file name from the path.",0.5394645256012154,P3 - Medium (ML Moderate / Needs Review),data/benchmark/src/main/java/org/owasp/benchmark/testcode/BenchmarkTest00455.java,64,ERROR,NONE,API call failed after retries
BenchmarkTest01085,0,CWE-89,1,1,0,0.5746,Detected input from a HTTPServletRequest going into a SQL sink or statement. This could lead to SQL injection if variables in the SQL statement are not properly sanitized. Use parameterized SQL queries or properly sanitize user input instead.,0.6371570818030259,P3 - Medium (ML Moderate / Needs Review),data/benchmark/src/main/java/org/owasp/benchmark/testcode/BenchmarkTest01085.java,56,ERROR,NONE,API call failed after retries
BenchmarkTest01211,1,CWE-89,2,1,1,0.5746,Detected input from a HTTPServletRequest going into a SQL sink or statement. This could lead to SQL injection if variables in the SQL statement are not properly sanitized. Use parameterized SQL queries or properly sanitize user input instead.,0.6043967051102129,P3 - Medium (ML Moderate / Needs Review),data/benchmark/src/main/java/org/owasp/benchmark/testcode/BenchmarkTest01211.java,60,ERROR,NONE,API call failed after retries
BenchmarkTest00764,1,CWE-89,1,1,0,0.5746,Detected input from a HTTPServletRequest going into a SQL sink or statement. This could lead to SQL injection if variables in the SQL statement are not properly sanitized. Use parameterized SQL queries or properly sanitize user input instead.,0.6314792486337455,P3 - Medium (ML Moderate / Needs Review),data/benchmark/src/main/java/org/owasp/benchmark/testcode/BenchmarkTest00764.java,54,ERROR,NONE,API call failed after retries
BenchmarkTest01729,0,CWE-89,2,1,1,0.5746,Detected input from a HTTPServletRequest going into a SQL sink or statement. This could lead to SQL injection if variables in the SQL statement are not properly sanitized. Use parameterized SQL queries or properly sanitize user input instead.,0.6050253134234014,P3 - Medium (ML Moderate / Needs Review),data/benchmark/src/main/java/org/owasp/benchmark/testcode/BenchmarkTest01729.java,75,ERROR,NONE,API call failed after retries
BenchmarkTest02541,0,CWE-89,2,1,1,0.5746,Detected input from a HTTPServletRequest going into a SQL sink or statement. This could lead to SQL injection if variables in the SQL statement are not properly sanitized. Use parameterized SQL queries or properly sanitize user input instead.,0.6043967051102129,P3 - Medium (ML Moderate / Needs Review),data/benchmark/src/main/java/org/owasp/benchmark/testcode/BenchmarkTest02541.java,53,ERROR,NONE,API call failed after retries
BenchmarkTest01396,1,CWE-89,2,1,1,0.5746,Detected input from a HTTPServletRequest going into a SQL sink or statement. This could lead to SQL injection if variables in the SQL statement are not properly sanitized. Use parameterized SQL queries or properly sanitize user input instead.,0.6050253134234014,P3 - Medium (ML Moderate / Needs Review),data/benchmark/src/main/java/org/owasp/benchmark/testcode/BenchmarkTest01396.java,55,ERROR,NONE,API call failed after retries
BenchmarkTest01478,1,CWE-643,1,1,0,0.5185,"Detected input from a HTTPServletRequest going into a XPath evaluate or compile command. This could lead to xpath injection if variables passed into the evaluate or compile commands are not properly sanitized. Xpath injection could lead to unauthorized access to sensitive information in XML documents. Instead, thoroughly sanitize user input or use parameterized xpath queries if you can.",0.4500384206940105,P3 - Medium (ML Moderate / Needs Review),data/benchmark/src/main/java/org/owasp/benchmark/testcode/BenchmarkTest01478.java,79,ERROR,NONE,API call failed after retries
BenchmarkTest02169,1,CWE-89,2,1,1,0.5746,Detected input from a HTTPServletRequest going into a SQL sink or statement. This could lead to SQL injection if variables in the SQL statement are not properly sanitized. Use parameterized SQL queries or properly sanitize user input instead.,0.6050253134234014,P3 - Medium (ML Moderate / Needs Review),data/benchmark/src/main/java/org/owasp/benchmark/testcode/BenchmarkTest02169.java,53,ERROR,NONE,API call failed after retries
BenchmarkTest01000,1,CWE-89,2,1,1,0.5746,Detected input from a HTTPServletRequest going into a SQL sink or statement. This could lead to SQL injection if variables in the SQL statement are not properly sanitized. Use parameterized SQL queries or properly sanitize user input instead.,0.6050253134234014,P3 - Medium (ML Moderate / Needs Review),data/benchmark/src/main/java/org/owasp/benchmark/testcode/BenchmarkTest01000.java,74,ERROR,NONE,API call failed after retries
BenchmarkTest01693,0,CWE-78,1,1,0,0.5177,"Detected input from a HTTPServletRequest going into a 'ProcessBuilder' or 'exec' command. This could lead to command injection if variables passed into the exec commands are not properly sanitized. Instead, avoid using these OS commands with user-supplied input, or, if you must use these commands, use a whitelist of specific values.",0.5444416118463504,P3 - Medium (ML Moderate / Needs Review),data/benchmark/src/main/java/org/owasp/benchmark/testcode/BenchmarkTest01693.java,82,ERROR,NONE,API call failed after retries
BenchmarkTest00028,1,CWE-22,1,1,0,0.531,"Detected a potential path traversal. A malicious actor could control the location of this file, to include going backwards in the directory with '../'. To address this, ensure that user-controlled variables in file paths are sanitized. You may also consider using a utility method such as org.apache.commons.io.FilenameUtils.getName(...) to only retrieve the file name from the path.",0.5349061735858125,P3 - Medium (ML Moderate / Needs Review),data/benchmark/src/main/java/org/owasp/benchmark/testcode/BenchmarkTest00028.java,57,ERROR,NONE,API call failed after retries
BenchmarkTest01066,1,CWE-78,1,1,0,0.5177,"Detected input from a HTTPServletRequest going into a 'ProcessBuilder' or 'exec' command. This could lead to command injection if variables passed into the exec commands are not properly sanitized. Instead, avoid using these OS commands with user-supplied input, or, if you must use these commands, use a whitelist of specific values.",0.5752195073482003,P3 - Medium (ML Moderate / Needs Review),data/benchmark/src/main/java/org/owasp/benchmark/testcode/BenchmarkTest01066.java,62,ERROR,NONE,API call failed after retries
BenchmarkTest02223,1,CWE-79,1,1,0,0.6516,"Detected a request with potential user-input going into a OutputStream or Writer object. This bypasses any view or template environments, including HTML escaping, which may expose this application to cross-site scripting (XSS) vulnerabilities. Consider using a view technology such as JavaServer Faces (JSFs) which automatically escapes HTML views.",0.6221848022643229,P3 - Medium (ML Moderate / Needs Review),data/benchmark/src/main/java/org/owasp/benchmark/testcode/BenchmarkTest02223.java,54,ERROR,NONE,API call failed after retries
BenchmarkTest00772,0,CWE-89,2,1,1,0.5746,Detected a formatted string in a SQL statement. This could lead to SQL injection if variables in the SQL statement are not properly sanitized. Use a prepared statements (java.sql.PreparedStatement) instead. You can obtain a PreparedStatement using 'connection.prepareStatement'.,0.5476500971406442,P3 - Medium (ML Moderate / Needs Review),data/benchmark/src/main/java/org/owasp/benchmark/testcode/BenchmarkTest00772.java,74,ERROR,NONE,API call failed after retries
BenchmarkTest02357,1,CWE-89,1,1,0,0.5746,Detected input from a HTTPServletRequest going into a SQL sink or statement. This could lead to SQL injection if variables in the SQL statement are not properly sanitized. Use parameterized SQL queries or properly sanitize user input instead.,0.6393503814415632,P3 - Medium (ML Moderate / Needs Review),data/benchmark/src/main/java/org/owasp/benchmark/testcode/BenchmarkTest02357.java,64,ERROR,NONE,API call failed after retries
BenchmarkTest00866,0,CWE-22,1,1,0,0.531,"Detected a potential path traversal. A malicious actor could control the location of this file, to include going backwards in the directory with '../'. To address this, ensure that user-controlled variables in file paths are sanitized. You may also consider using a utility method such as org.apache.commons.io.FilenameUtils.getName(...) to only retrieve the file name from the path.",0.5349061735858125,P3 - Medium (ML Moderate / Needs Review),data/benchmark/src/main/java/org/owasp/benchmark/testcode/BenchmarkTest00866.java,57,ERROR,NONE,API call failed after retries
BenchmarkTest00996,1,CWE-89,2,1,1,0.5746,Detected input from a HTTPServletRequest going into a SQL sink or statement. This could lead to SQL injection if variables in the SQL statement are not properly sanitized. Use parameterized SQL queries or properly sanitize user input instead.,0.6050253134234014,P3 - Medium (ML Moderate / Needs Review),data/benchmark/src/main/java/org/owasp/benchmark/testcode/BenchmarkTest00996.java,74,ERROR,NONE,API call failed after retries
BenchmarkTest00542,1,CWE-79,1,1,0,0.6516,"Detected a request with potential user-input going into a OutputStream or Writer object. This bypasses any view or template environments, including HTML escaping, which may expose this application to cross-site scripting (XSS) vulnerabilities. Consider using a view technology such as JavaServer Faces (JSFs) which automatically escapes HTML views.",0.6221848022643229,P3 - Medium (ML Moderate / Needs Review),data/benchmark/src/main/java/org/owasp/benchmark/testcode/BenchmarkTest00542.java,83,ERROR,NONE,API call failed after retries
BenchmarkTest01307,0,CWE-89,2,1,1,0.5746,Detected input from a HTTPServletRequest going into a SQL sink or statement. This could lead to SQL injection if variables in the SQL statement are not properly sanitized. Use parameterized SQL queries or properly sanitize user input instead.,0.6161353418384643,P3 - Medium (ML Moderate / Needs Review),data/benchmark/src/main/java/org/owasp/benchmark/testcode/BenchmarkTest01307.java,53,ERROR,NONE,API call failed after retries
BenchmarkTest01179,1,CWE-79,1,1,0,0.6516,"Detected a request with potential user-input going into a OutputStream or Writer object. This bypasses any view or template environments, including HTML escaping, which may expose this application to cross-site scripting (XSS) vulnerabilities. Consider using a view technology such as JavaServer Faces (JSFs) which automatically escapes HTML views.",0.6221848022643229,P3 - Medium (ML Moderate / Needs Review),data/benchmark/src/main/java/org/owasp/benchmark/testcode/BenchmarkTest01179.java,56,ERROR,NONE,API call failed after retries
BenchmarkTest01316,1,CWE-643,1,1,0,0.5185,"Detected input from a HTTPServletRequest going into a XPath evaluate or compile command. This could lead to xpath injection if variables passed into the evaluate or compile commands are not properly sanitized. Xpath injection could lead to unauthorized access to sensitive information in XML documents. Instead, thoroughly sanitize user input or use parameterized xpath queries if you can.",0.5218271178138495,P3 - Medium (ML Moderate / Needs Review),data/benchmark/src/main/java/org/owasp/benchmark/testcode/BenchmarkTest01316.java,63,ERROR,NONE,API call failed after retries
