test_name,cwe,real_vulnerability,flagged_by_semgrep,outcome
BenchmarkTest00001,22,True,True,true_positive
BenchmarkTest00002,22,True,True,true_positive
BenchmarkTest00003,328,True,False,false_negative
BenchmarkTest00004,501,True,True,true_positive
BenchmarkTest00005,327,True,True,true_positive
BenchmarkTest00006,78,True,True,true_positive
BenchmarkTest00007,78,True,True,true_positive
BenchmarkTest00008,89,True,True,true_positive
BenchmarkTest00009,328,False,False,true_negative
BenchmarkTest00010,330,False,False,true_negative
BenchmarkTest00011,22,True,True,true_positive
BenchmarkTest00012,90,True,True,true_positive
BenchmarkTest00013,79,True,True,true_positive
BenchmarkTest00014,79,True,True,true_positive
BenchmarkTest00015,78,True,True,true_positive
BenchmarkTest00016,614,False,False,true_negative
BenchmarkTest00017,78,True,True,true_positive
BenchmarkTest00018,89,True,True,true_positive
BenchmarkTest00019,327,True,True,true_positive
BenchmarkTest00020,327,True,True,true_positive
BenchmarkTest00021,90,True,True,true_positive
BenchmarkTest00022,328,False,False,true_negative
BenchmarkTest00023,330,True,True,true_positive
BenchmarkTest00024,89,True,True,true_positive
BenchmarkTest00025,89,True,True,true_positive
BenchmarkTest00026,89,True,True,true_positive
BenchmarkTest00027,89,True,True,true_positive
BenchmarkTest00028,22,True,True,true_positive
BenchmarkTest00029,328,True,False,false_negative
BenchmarkTest00030,79,True,True,true_positive
BenchmarkTest00031,501,True,True,true_positive
BenchmarkTest00032,89,True,True,true_positive
BenchmarkTest00033,89,True,True,true_positive
BenchmarkTest00034,89,True,True,true_positive
BenchmarkTest00035,327,True,True,true_positive
BenchmarkTest00036,79,True,True,true_positive
BenchmarkTest00037,89,True,True,true_positive
BenchmarkTest00038,89,True,True,true_positive
BenchmarkTest00039,89,True,True,true_positive
BenchmarkTest00040,22,True,True,true_positive
BenchmarkTest00041,79,True,False,false_negative
BenchmarkTest00042,330,False,False,true_negative
BenchmarkTest00043,89,True,True,true_positive
BenchmarkTest00044,90,True,True,true_positive
BenchmarkTest00045,22,True,True,true_positive
BenchmarkTest00046,328,True,True,true_positive
BenchmarkTest00047,79,True,True,true_positive
BenchmarkTest00048,79,True,True,true_positive
BenchmarkTest00049,79,True,True,true_positive
BenchmarkTest00050,327,True,True,true_positive
BenchmarkTest00051,78,False,True,false_positive
BenchmarkTest00052,89,False,False,true_negative
BenchmarkTest00053,327,True,True,true_positive
BenchmarkTest00054,327,False,False,true_negative
BenchmarkTest00055,327,True,True,true_positive
BenchmarkTest00056,327,True,True,true_positive
BenchmarkTest00057,327,True,True,true_positive
BenchmarkTest00058,327,False,False,true_negative
BenchmarkTest00059,327,False,False,true_negative
BenchmarkTest00060,22,True,True,true_positive
BenchmarkTest00061,22,True,True,true_positive
BenchmarkTest00062,22,True,False,false_negative
BenchmarkTest00063,22,False,True,false_positive
BenchmarkTest00064,22,False,True,false_positive
BenchmarkTest00065,22,True,False,false_negative
BenchmarkTest00066,330,True,True,true_positive
BenchmarkTest00067,330,True,True,true_positive
BenchmarkTest00068,330,True,True,true_positive
BenchmarkTest00069,328,False,False,true_negative
BenchmarkTest00070,328,True,True,true_positive
BenchmarkTest00071,328,True,True,true_positive
BenchmarkTest00072,328,False,False,true_negative
BenchmarkTest00073,328,True,True,true_positive
BenchmarkTest00074,328,True,False,false_negative
BenchmarkTest00075,328,False,False,true_negative
BenchmarkTest00076,328,False,False,true_negative
BenchmarkTest00077,78,True,True,true_positive
BenchmarkTest00078,330,True,True,true_positive
BenchmarkTest00079,330,True,True,true_positive
BenchmarkTest00080,330,True,True,true_positive
BenchmarkTest00081,330,True,True,true_positive
BenchmarkTest00082,330,True,True,true_positive
BenchmarkTest00083,330,True,True,true_positive
BenchmarkTest00084,330,True,True,true_positive
BenchmarkTest00085,330,True,True,true_positive
BenchmarkTest00086,330,True,True,true_positive
BenchmarkTest00087,614,True,True,true_positive
BenchmarkTest00088,614,False,False,true_negative
BenchmarkTest00089,614,False,False,true_negative
BenchmarkTest00090,78,False,True,false_positive
BenchmarkTest00091,78,True,True,true_positive
BenchmarkTest00092,78,True,True,true_positive
BenchmarkTest00093,78,False,False,true_negative
BenchmarkTest00094,330,False,False,true_negative
BenchmarkTest00095,330,False,False,true_negative
BenchmarkTest00096,330,False,False,true_negative
BenchmarkTest00097,501,False,True,false_positive
BenchmarkTest00098,501,True,True,true_positive
BenchmarkTest00099,501,False,False,true_negative
BenchmarkTest00100,89,True,False,false_negative
BenchmarkTest00101,89,True,False,false_negative
BenchmarkTest00102,89,True,True,true_positive
BenchmarkTest00103,89,True,True,true_positive
BenchmarkTest00104,89,False,True,false_positive
BenchmarkTest00105,89,False,True,false_positive
BenchmarkTest00106,89,True,True,true_positive
BenchmarkTest00107,89,False,True,false_positive
BenchmarkTest00108,89,True,True,true_positive
BenchmarkTest00109,89,True,True,true_positive
BenchmarkTest00110,89,False,True,false_positive
BenchmarkTest00111,89,True,True,true_positive
BenchmarkTest00112,89,True,True,true_positive
BenchmarkTest00113,89,False,True,false_positive
BenchmarkTest00114,89,False,True,false_positive
BenchmarkTest00115,89,True,True,true_positive
BenchmarkTest00116,643,False,False,true_negative
BenchmarkTest00117,643,False,True,false_positive
BenchmarkTest00118,643,False,True,false_positive
BenchmarkTest00119,327,True,True,true_positive
BenchmarkTest00120,327,True,True,true_positive
BenchmarkTest00121,327,False,False,true_negative
BenchmarkTest00122,327,False,False,true_negative
BenchmarkTest00123,327,True,True,true_positive
BenchmarkTest00124,327,True,True,true_positive
BenchmarkTest00125,327,True,True,true_positive
BenchmarkTest00126,327,False,False,true_negative
BenchmarkTest00127,327,False,False,true_negative
BenchmarkTest00128,327,False,False,true_negative
BenchmarkTest00129,327,False,False,true_negative
BenchmarkTest00130,327,False,False,true_negative
BenchmarkTest00131,22,False,True,false_positive
BenchmarkTest00132,22,False,True,false_positive
BenchmarkTest00133,22,True,True,true_positive
BenchmarkTest00134,22,False,False,true_negative
BenchmarkTest00135,22,False,True,false_positive
BenchmarkTest00136,22,False,True,false_positive
BenchmarkTest00137,22,False,False,true_negative
BenchmarkTest00138,90,False,True,false_positive
BenchmarkTest00139,90,False,False,true_negative
BenchmarkTest00140,330,True,True,true_positive
BenchmarkTest00141,328,True,True,true_positive
BenchmarkTest00142,328,False,False,true_negative
BenchmarkTest00143,328,True,False,false_negative
BenchmarkTest00144,79,True,False,false_negative
BenchmarkTest00145,79,True,False,false_negative
BenchmarkTest00146,79,True,True,true_positive
BenchmarkTest00147,79,False,False,true_negative
BenchmarkTest00148,79,True,True,true_positive
BenchmarkTest00149,79,True,True,true_positive
BenchmarkTest00150,79,True,True,true_positive
BenchmarkTest00151,79,False,False,true_negative
BenchmarkTest00152,79,True,True,true_positive
BenchmarkTest00153,79,True,False,false_negative
BenchmarkTest00154,79,True,True,true_positive
BenchmarkTest00155,79,True,True,true_positive
BenchmarkTest00156,79,True,False,false_negative
BenchmarkTest00157,79,True,True,true_positive
BenchmarkTest00158,78,False,True,false_positive
BenchmarkTest00159,78,True,True,true_positive
BenchmarkTest00160,330,True,True,true_positive
BenchmarkTest00161,330,True,True,true_positive
BenchmarkTest00162,330,True,True,true_positive
BenchmarkTest00163,330,True,True,true_positive
BenchmarkTest00164,330,True,True,true_positive
BenchmarkTest00165,330,True,True,true_positive
BenchmarkTest00166,330,True,True,true_positive
BenchmarkTest00167,330,True,True,true_positive
BenchmarkTest00168,330,True,True,true_positive
BenchmarkTest00169,614,True,True,true_positive
BenchmarkTest00170,614,True,True,true_positive
BenchmarkTest00171,78,False,False,true_negative
BenchmarkTest00172,78,True,False,false_negative
BenchmarkTest00173,78,True,False,false_negative
BenchmarkTest00174,78,True,True,true_positive
BenchmarkTest00175,78,False,False,true_negative
BenchmarkTest00176,78,True,True,true_positive
BenchmarkTest00177,78,False,True,false_positive
BenchmarkTest00178,330,False,False,true_negative
BenchmarkTest00179,330,False,False,true_negative
BenchmarkTest00180,330,False,False,true_negative
BenchmarkTest00181,330,False,False,true_negative
BenchmarkTest00182,330,False,False,true_negative
BenchmarkTest00183,330,False,False,true_negative
BenchmarkTest00184,330,False,False,true_negative
BenchmarkTest00185,330,False,False,true_negative
BenchmarkTest00186,330,False,False,true_negative
BenchmarkTest00187,330,False,False,true_negative
BenchmarkTest00188,330,False,False,true_negative
BenchmarkTest00189,501,False,False,true_negative
BenchmarkTest00190,89,False,False,true_negative
BenchmarkTest00191,89,False,True,false_positive
BenchmarkTest00192,89,True,True,true_positive
BenchmarkTest00193,89,True,True,true_positive
BenchmarkTest00194,89,True,True,true_positive
BenchmarkTest00195,89,True,True,true_positive
BenchmarkTest00196,89,True,True,true_positive
BenchmarkTest00197,89,False,False,true_negative
BenchmarkTest00198,89,True,True,true_positive
BenchmarkTest00199,89,True,True,true_positive
BenchmarkTest00200,89,False,False,true_negative
BenchmarkTest00201,89,False,False,true_negative
BenchmarkTest00202,89,False,True,false_positive
BenchmarkTest00203,89,True,True,true_positive
BenchmarkTest00204,89,True,True,true_positive
BenchmarkTest00205,89,False,True,false_positive
BenchmarkTest00206,89,False,True,false_positive
BenchmarkTest00207,643,True,True,true_positive
BenchmarkTest00208,327,True,True,true_positive
BenchmarkTest00209,327,False,False,true_negative
BenchmarkTest00210,327,True,True,true_positive
BenchmarkTest00211,327,False,False,true_negative
BenchmarkTest00212,327,False,False,true_negative
BenchmarkTest00213,327,False,False,true_negative
BenchmarkTest00214,327,False,False,true_negative
BenchmarkTest00215,22,True,True,true_positive
BenchmarkTest00216,22,True,True,true_positive
BenchmarkTest00217,22,False,False,true_negative
BenchmarkTest00218,22,True,True,true_positive
BenchmarkTest00219,22,True,True,true_positive
BenchmarkTest00220,22,False,False,true_negative
BenchmarkTest00221,22,False,True,false_positive
BenchmarkTest00222,22,True,True,true_positive
BenchmarkTest00223,328,True,True,true_positive
BenchmarkTest00224,328,False,False,true_negative
BenchmarkTest00225,328,False,False,true_negative
BenchmarkTest00226,328,True,False,false_negative
BenchmarkTest00227,328,True,False,false_negative
BenchmarkTest00228,328,False,False,true_negative
BenchmarkTest00229,328,False,False,true_negative
BenchmarkTest00230,330,True,True,true_positive
BenchmarkTest00231,330,True,True,true_positive
BenchmarkTest00232,330,True,True,true_positive
BenchmarkTest00233,330,True,True,true_positive
BenchmarkTest00234,330,True,True,true_positive
BenchmarkTest00235,330,True,True,true_positive
BenchmarkTest00236,330,True,True,true_positive
BenchmarkTest00237,330,True,True,true_positive
BenchmarkTest00238,330,True,True,true_positive
BenchmarkTest00239,330,True,True,true_positive
BenchmarkTest00240,330,True,True,true_positive
BenchmarkTest00241,614,True,True,true_positive
BenchmarkTest00242,614,False,False,true_negative
BenchmarkTest00243,330,False,False,true_negative
BenchmarkTest00244,330,False,False,true_negative
BenchmarkTest00245,330,False,False,true_negative
BenchmarkTest00246,330,False,False,true_negative
BenchmarkTest00247,330,False,False,true_negative
BenchmarkTest00248,330,False,False,true_negative
BenchmarkTest00249,330,False,False,true_negative
BenchmarkTest00250,501,False,True,false_positive
BenchmarkTest00251,501,True,True,true_positive
BenchmarkTest00252,501,False,False,true_negative
BenchmarkTest00253,501,False,True,false_positive
BenchmarkTest00254,327,True,True,true_positive
BenchmarkTest00255,327,False,False,true_negative
BenchmarkTest00256,327,True,True,true_positive
BenchmarkTest00257,327,True,True,true_positive
BenchmarkTest00258,327,True,True,true_positive
BenchmarkTest00259,327,False,False,true_negative
BenchmarkTest00260,327,False,False,true_negative
BenchmarkTest00261,22,False,False,true_negative
BenchmarkTest00262,22,True,True,true_positive
BenchmarkTest00263,22,False,True,false_positive
BenchmarkTest00264,22,True,True,true_positive
BenchmarkTest00265,22,False,False,true_negative
BenchmarkTest00266,328,True,True,true_positive
BenchmarkTest00267,328,True,True,true_positive
BenchmarkTest00268,328,True,True,true_positive
BenchmarkTest00269,328,True,True,true_positive
BenchmarkTest00270,328,False,False,true_negative
BenchmarkTest00271,328,False,False,true_negative
BenchmarkTest00272,328,True,True,true_positive
BenchmarkTest00273,328,True,False,false_negative
BenchmarkTest00274,328,True,False,false_negative
BenchmarkTest00275,79,False,False,true_negative
BenchmarkTest00276,79,True,True,true_positive
BenchmarkTest00277,79,False,False,true_negative
BenchmarkTest00278,79,False,False,true_negative
BenchmarkTest00279,79,True,False,false_negative
BenchmarkTest00280,79,True,True,true_positive
BenchmarkTest00281,79,False,True,false_positive
BenchmarkTest00282,79,False,False,true_negative
BenchmarkTest00283,79,False,False,true_negative
BenchmarkTest00284,79,True,True,true_positive
BenchmarkTest00285,79,False,False,true_negative
BenchmarkTest00286,79,False,False,true_negative
BenchmarkTest00287,79,True,True,true_positive
BenchmarkTest00288,79,False,False,true_negative
BenchmarkTest00289,79,False,False,true_negative
BenchmarkTest00290,79,True,True,true_positive
BenchmarkTest00291,79,True,True,true_positive
BenchmarkTest00292,79,True,True,true_positive
BenchmarkTest00293,78,True,True,true_positive
BenchmarkTest00294,78,True,True,true_positive
BenchmarkTest00295,78,True,True,true_positive
BenchmarkTest00296,330,True,True,true_positive
BenchmarkTest00297,330,True,True,true_positive
BenchmarkTest00298,330,True,True,true_positive
BenchmarkTest00299,330,True,True,true_positive
BenchmarkTest00300,614,True,True,true_positive
BenchmarkTest00301,79,True,False,false_negative
BenchmarkTest00302,78,True,True,true_positive
BenchmarkTest00303,78,True,True,true_positive
BenchmarkTest00304,78,True,False,false_negative
BenchmarkTest00305,78,False,False,true_negative
BenchmarkTest00306,78,True,True,true_positive
BenchmarkTest00307,78,False,False,true_negative
BenchmarkTest00308,78,False,True,false_positive
BenchmarkTest00309,78,False,False,true_negative
BenchmarkTest00310,78,False,True,false_positive
BenchmarkTest00311,78,True,True,true_positive
BenchmarkTest00312,330,False,False,true_negative
BenchmarkTest00313,330,False,False,true_negative
BenchmarkTest00314,330,False,False,true_negative
BenchmarkTest00315,330,False,False,true_negative
BenchmarkTest00316,330,False,False,true_negative
BenchmarkTest00317,330,False,False,true_negative
BenchmarkTest00318,330,False,False,true_negative
BenchmarkTest00319,330,False,False,true_negative
BenchmarkTest00320,330,False,False,true_negative
BenchmarkTest00321,501,True,False,false_negative
BenchmarkTest00322,501,False,False,true_negative
BenchmarkTest00323,501,False,True,false_positive
BenchmarkTest00324,501,True,True,true_positive
BenchmarkTest00325,501,True,True,true_positive
BenchmarkTest00326,501,True,True,true_positive
BenchmarkTest00327,501,True,True,true_positive
BenchmarkTest00328,89,True,True,true_positive
BenchmarkTest00329,89,False,True,false_positive
BenchmarkTest00330,89,False,False,true_negative
BenchmarkTest00331,89,False,False,true_negative
BenchmarkTest00332,89,False,False,true_negative
BenchmarkTest00333,89,False,True,false_positive
BenchmarkTest00334,89,False,False,true_negative
BenchmarkTest00335,89,True,True,true_positive
BenchmarkTest00336,89,False,True,false_positive
BenchmarkTest00337,89,True,False,false_negative
BenchmarkTest00338,89,False,True,false_positive
BenchmarkTest00339,89,True,True,true_positive
BenchmarkTest00340,89,False,True,false_positive
BenchmarkTest00341,89,True,True,true_positive
BenchmarkTest00342,89,True,True,true_positive
BenchmarkTest00343,89,False,True,false_positive
BenchmarkTest00344,89,False,True,false_positive
BenchmarkTest00345,327,False,False,true_negative
BenchmarkTest00346,328,True,True,true_positive
BenchmarkTest00347,330,True,True,true_positive
BenchmarkTest00348,614,True,True,true_positive
BenchmarkTest00349,330,False,False,true_negative
BenchmarkTest00350,327,False,False,true_negative
BenchmarkTest00351,327,False,False,true_negative
BenchmarkTest00352,327,False,False,true_negative
BenchmarkTest00353,327,False,False,true_negative
BenchmarkTest00354,327,True,True,true_positive
BenchmarkTest00355,327,True,True,true_positive
BenchmarkTest00356,327,True,True,true_positive
BenchmarkTest00357,327,False,False,true_negative
BenchmarkTest00358,327,False,False,true_negative
BenchmarkTest00359,22,True,True,true_positive
BenchmarkTest00360,22,True,True,true_positive
BenchmarkTest00361,22,False,True,false_positive
BenchmarkTest00362,22,True,True,true_positive
BenchmarkTest00363,22,True,True,true_positive
BenchmarkTest00364,22,False,False,true_negative
BenchmarkTest00365,22,False,False,true_negative
BenchmarkTest00366,22,False,False,true_negative
BenchmarkTest00367,90,False,False,true_negative
BenchmarkTest00368,330,True,True,true_positive
BenchmarkTest00369,330,True,True,true_positive
BenchmarkTest00370,328,False,False,true_negative
BenchmarkTest00371,328,True,True,true_positive
BenchmarkTest00372,328,True,True,true_positive
BenchmarkTest00373,328,False,False,true_negative
BenchmarkTest00374,328,True,False,false_negative
BenchmarkTest00375,79,True,True,true_positive
BenchmarkTest00376,79,True,True,true_positive
BenchmarkTest00377,79,False,False,true_negative
BenchmarkTest00378,79,True,True,true_positive
BenchmarkTest00379,79,False,False,true_negative
BenchmarkTest00380,79,True,True,true_positive
BenchmarkTest00381,79,False,False,true_negative
BenchmarkTest00382,79,True,False,false_negative
BenchmarkTest00383,79,True,False,false_negative
BenchmarkTest00384,79,True,True,true_positive
BenchmarkTest00385,79,True,False,false_negative
BenchmarkTest00386,79,False,False,true_negative
BenchmarkTest00387,79,True,True,true_positive
BenchmarkTest00388,79,True,True,true_positive
BenchmarkTest00389,79,False,False,true_negative
BenchmarkTest00390,79,True,True,true_positive
BenchmarkTest00391,79,False,False,true_negative
BenchmarkTest00392,79,True,True,true_positive
BenchmarkTest00393,79,False,True,false_positive
BenchmarkTest00394,79,False,False,true_negative
BenchmarkTest00395,79,True,True,true_positive
BenchmarkTest00396,78,False,True,false_positive
BenchmarkTest00397,330,True,True,true_positive
BenchmarkTest00398,330,True,True,true_positive
BenchmarkTest00399,330,True,True,true_positive
BenchmarkTest00400,330,True,True,true_positive
BenchmarkTest00401,330,True,True,true_positive
BenchmarkTest00402,330,True,True,true_positive
BenchmarkTest00403,614,True,True,true_positive
BenchmarkTest00404,614,False,False,true_negative
BenchmarkTest00405,614,False,False,true_negative
BenchmarkTest00406,78,False,True,false_positive
BenchmarkTest00407,78,True,False,false_negative
BenchmarkTest00408,78,False,True,false_positive
BenchmarkTest00409,78,True,True,true_positive
BenchmarkTest00410,78,False,False,true_negative
BenchmarkTest00411,78,False,False,true_negative
BenchmarkTest00412,78,False,False,true_negative
BenchmarkTest00413,330,False,False,true_negative
BenchmarkTest00414,330,False,False,true_negative
BenchmarkTest00415,330,False,False,true_negative
BenchmarkTest00416,330,False,False,true_negative
BenchmarkTest00417,330,False,False,true_negative
BenchmarkTest00418,330,False,False,true_negative
BenchmarkTest00419,330,False,False,true_negative
BenchmarkTest00420,330,False,False,true_negative
BenchmarkTest00421,330,False,False,true_negative
BenchmarkTest00422,330,False,False,true_negative
BenchmarkTest00423,330,False,False,true_negative
BenchmarkTest00424,501,True,True,true_positive
BenchmarkTest00425,501,True,True,true_positive
BenchmarkTest00426,501,True,True,true_positive
BenchmarkTest00427,501,True,False,false_negative
BenchmarkTest00428,89,True,False,false_negative
BenchmarkTest00429,89,True,True,true_positive
BenchmarkTest00430,89,False,True,false_positive
BenchmarkTest00431,89,True,True,true_positive
BenchmarkTest00432,89,False,False,true_negative
BenchmarkTest00433,89,True,True,true_positive
BenchmarkTest00434,89,True,True,true_positive
BenchmarkTest00435,89,True,True,true_positive
BenchmarkTest00436,89,False,True,false_positive
BenchmarkTest00437,89,False,True,false_positive
BenchmarkTest00438,89,True,True,true_positive
BenchmarkTest00439,89,True,True,true_positive
BenchmarkTest00440,89,False,True,false_positive
BenchmarkTest00441,89,True,True,true_positive
BenchmarkTest00442,643,True,True,true_positive
BenchmarkTest00443,327,False,False,true_negative
BenchmarkTest00444,327,False,False,true_negative
BenchmarkTest00445,327,True,True,true_positive
BenchmarkTest00446,327,True,True,true_positive
BenchmarkTest00447,327,False,False,true_negative
BenchmarkTest00448,327,True,True,true_positive
BenchmarkTest00449,327,True,True,true_positive
BenchmarkTest00450,327,False,False,true_negative
BenchmarkTest00451,327,False,False,true_negative
BenchmarkTest00452,22,True,True,true_positive
BenchmarkTest00453,22,True,True,true_positive
BenchmarkTest00454,22,False,True,false_positive
BenchmarkTest00455,22,True,True,true_positive
BenchmarkTest00456,22,True,False,false_negative
BenchmarkTest00457,22,True,False,false_negative
BenchmarkTest00458,22,False,True,false_positive
BenchmarkTest00459,22,True,True,true_positive
BenchmarkTest00460,22,False,False,true_negative
BenchmarkTest00461,330,True,True,true_positive
BenchmarkTest00462,328,True,True,true_positive
BenchmarkTest00463,328,False,False,true_negative
BenchmarkTest00464,328,True,True,true_positive
BenchmarkTest00465,328,True,True,true_positive
BenchmarkTest00466,328,False,False,true_negative
BenchmarkTest00467,79,True,False,false_negative
BenchmarkTest00468,79,False,False,true_negative
BenchmarkTest00469,79,False,True,false_positive
BenchmarkTest00470,79,False,False,true_negative
BenchmarkTest00471,79,False,False,true_negative
BenchmarkTest00472,79,True,True,true_positive
BenchmarkTest00473,79,True,True,true_positive
BenchmarkTest00474,79,False,False,true_negative
BenchmarkTest00475,79,True,True,true_positive
BenchmarkTest00476,79,False,True,false_positive
BenchmarkTest00477,79,True,True,true_positive
BenchmarkTest00478,79,True,True,true_positive
BenchmarkTest00479,79,False,False,true_negative
BenchmarkTest00480,78,True,True,true_positive
BenchmarkTest00481,78,False,True,false_positive
BenchmarkTest00482,330,True,True,true_positive
BenchmarkTest00483,330,True,True,true_positive
BenchmarkTest00484,330,True,True,true_positive
BenchmarkTest00485,330,True,True,true_positive
BenchmarkTest00486,330,True,True,true_positive
BenchmarkTest00487,330,True,True,true_positive
BenchmarkTest00488,330,True,True,true_positive
BenchmarkTest00489,330,True,True,true_positive
BenchmarkTest00490,330,True,True,true_positive
BenchmarkTest00491,614,True,True,true_positive
BenchmarkTest00492,79,True,True,true_positive
BenchmarkTest00493,79,False,False,true_negative
BenchmarkTest00494,78,False,False,true_negative
BenchmarkTest00495,78,True,False,false_negative
BenchmarkTest00496,78,True,True,true_positive
BenchmarkTest00497,78,True,True,true_positive
BenchmarkTest00498,78,True,True,true_positive
BenchmarkTest00499,78,True,True,true_positive
BenchmarkTest00500,78,True,True,true_positive
BenchmarkTest00501,330,False,False,true_negative
BenchmarkTest00502,330,False,False,true_negative
BenchmarkTest00503,330,False,False,true_negative
BenchmarkTest00504,330,False,False,true_negative
BenchmarkTest00505,330,False,False,true_negative
BenchmarkTest00506,330,False,False,true_negative
BenchmarkTest00507,330,False,False,true_negative
BenchmarkTest00508,501,True,True,true_positive
BenchmarkTest00509,89,False,False,true_negative
BenchmarkTest00510,89,True,True,true_positive
BenchmarkTest00511,89,False,False,true_negative
BenchmarkTest00512,89,True,True,true_positive
BenchmarkTest00513,89,False,True,false_positive
BenchmarkTest00514,89,False,True,false_positive
BenchmarkTest00515,89,True,True,true_positive
BenchmarkTest00516,89,True,True,true_positive
BenchmarkTest00517,89,False,True,false_positive
BenchmarkTest00518,89,True,True,true_positive
BenchmarkTest00519,89,False,True,false_positive
BenchmarkTest00520,643,False,True,false_positive
BenchmarkTest00521,327,True,True,true_positive
BenchmarkTest00522,327,True,True,true_positive
BenchmarkTest00523,327,False,False,true_negative
BenchmarkTest00524,327,False,False,true_negative
BenchmarkTest00525,22,True,False,false_negative
BenchmarkTest00526,22,True,True,true_positive
BenchmarkTest00527,22,True,True,true_positive
BenchmarkTest00528,22,True,False,false_negative
BenchmarkTest00529,22,True,True,true_positive
BenchmarkTest00530,90,False,True,false_positive
BenchmarkTest00531,328,True,True,true_positive
BenchmarkTest00532,328,True,True,true_positive
BenchmarkTest00533,328,True,True,true_positive
BenchmarkTest00534,328,True,True,true_positive
BenchmarkTest00535,328,False,False,true_negative
BenchmarkTest00536,328,True,True,true_positive
BenchmarkTest00537,328,True,True,true_positive
BenchmarkTest00538,328,False,False,true_negative
BenchmarkTest00539,328,False,False,true_negative
BenchmarkTest00540,328,False,False,true_negative
BenchmarkTest00541,79,True,True,true_positive
BenchmarkTest00542,79,True,True,true_positive
BenchmarkTest00543,79,True,False,false_negative
BenchmarkTest00544,79,False,False,true_negative
BenchmarkTest00545,79,False,False,true_negative
BenchmarkTest00546,79,False,False,true_negative
BenchmarkTest00547,79,True,True,true_positive
BenchmarkTest00548,79,False,False,true_negative
BenchmarkTest00549,79,True,True,true_positive
BenchmarkTest00550,79,False,False,true_negative
BenchmarkTest00551,79,True,True,true_positive
BenchmarkTest00552,79,True,False,false_negative
BenchmarkTest00553,79,False,True,false_positive
BenchmarkTest00554,79,True,True,true_positive
BenchmarkTest00555,79,True,True,true_positive
BenchmarkTest00556,79,False,True,false_positive
BenchmarkTest00557,79,True,True,true_positive
BenchmarkTest00558,78,False,True,false_positive
BenchmarkTest00559,78,False,True,false_positive
BenchmarkTest00560,330,True,True,true_positive
BenchmarkTest00561,330,True,True,true_positive
BenchmarkTest00562,330,True,True,true_positive
BenchmarkTest00563,330,True,True,true_positive
BenchmarkTest00564,330,True,True,true_positive
BenchmarkTest00565,614,True,True,true_positive
BenchmarkTest00566,614,True,True,true_positive
BenchmarkTest00567,78,True,True,true_positive
BenchmarkTest00568,78,True,True,true_positive
BenchmarkTest00569,78,False,False,true_negative
BenchmarkTest00570,78,False,False,true_negative
BenchmarkTest00571,78,False,True,false_positive
BenchmarkTest00572,78,False,True,false_positive
BenchmarkTest00573,78,True,True,true_positive
BenchmarkTest00574,78,True,True,true_positive
BenchmarkTest00575,78,True,False,false_negative
BenchmarkTest00576,78,True,True,true_positive
BenchmarkTest00577,330,False,False,true_negative
BenchmarkTest00578,330,False,False,true_negative
BenchmarkTest00579,330,False,False,true_negative
BenchmarkTest00580,330,False,False,true_negative
BenchmarkTest00581,330,False,False,true_negative
BenchmarkTest00582,330,False,False,true_negative
BenchmarkTest00583,330,False,False,true_negative
BenchmarkTest00584,330,False,False,true_negative
BenchmarkTest00585,330,False,False,true_negative
BenchmarkTest00586,501,False,False,true_negative
BenchmarkTest00587,501,True,False,false_negative
BenchmarkTest00588,501,True,True,true_positive
BenchmarkTest00589,89,False,False,true_negative
BenchmarkTest00590,89,True,True,true_positive
BenchmarkTest00591,89,True,True,true_positive
BenchmarkTest00592,89,False,False,true_negative
BenchmarkTest00593,89,True,True,true_positive
BenchmarkTest00594,89,True,False,false_negative
BenchmarkTest00595,89,True,True,true_positive
BenchmarkTest00596,89,True,False,false_negative
BenchmarkTest00597,89,True,True,true_positive
BenchmarkTest00598,89,True,True,true_positive
BenchmarkTest00599,89,False,False,true_negative
BenchmarkTest00600,89,True,True,true_positive
BenchmarkTest00601,89,False,True,false_positive
BenchmarkTest00602,89,False,True,false_positive
BenchmarkTest00603,89,True,True,true_positive
BenchmarkTest00604,89,True,True,true_positive
BenchmarkTest00605,89,False,True,false_positive
BenchmarkTest00606,89,True,True,true_positive
BenchmarkTest00607,643,True,True,true_positive
BenchmarkTest00608,327,True,True,true_positive
BenchmarkTest00609,327,True,True,true_positive
BenchmarkTest00610,327,True,True,true_positive
BenchmarkTest00611,327,True,True,true_positive
BenchmarkTest00612,327,False,False,true_negative
BenchmarkTest00613,327,False,False,true_negative
BenchmarkTest00614,327,True,True,true_positive
BenchmarkTest00615,327,True,True,true_positive
BenchmarkTest00616,327,True,True,true_positive
BenchmarkTest00617,327,True,True,true_positive
BenchmarkTest00618,327,False,False,true_negative
BenchmarkTest00619,22,True,False,false_negative
BenchmarkTest00620,22,False,False,true_negative
BenchmarkTest00621,22,False,False,true_negative
BenchmarkTest00622,22,False,True,false_positive
BenchmarkTest00623,22,True,True,true_positive
BenchmarkTest00624,22,True,True,true_positive
BenchmarkTest00625,22,False,True,false_positive
BenchmarkTest00626,22,False,False,true_negative
BenchmarkTest00627,22,True,True,true_positive
BenchmarkTest00628,22,False,False,true_negative
BenchmarkTest00629,22,True,False,false_negative
BenchmarkTest00630,90,True,True,true_positive
BenchmarkTest00631,328,True,True,true_positive
BenchmarkTest00632,328,False,False,true_negative
BenchmarkTest00633,328,False,False,true_negative
BenchmarkTest00634,328,True,True,true_positive
BenchmarkTest00635,328,True,True,true_positive
BenchmarkTest00636,328,True,True,true_positive
BenchmarkTest00637,328,True,True,true_positive
BenchmarkTest00638,328,True,False,false_negative
BenchmarkTest00639,328,False,False,true_negative
BenchmarkTest00640,328,False,False,true_negative
BenchmarkTest00641,328,False,False,true_negative
BenchmarkTest00642,79,True,False,false_negative
BenchmarkTest00643,79,True,False,false_negative
BenchmarkTest00644,79,True,False,false_negative
BenchmarkTest00645,79,True,False,false_negative
BenchmarkTest00646,79,False,False,true_negative
BenchmarkTest00647,79,False,False,true_negative
BenchmarkTest00648,79,False,False,true_negative
BenchmarkTest00649,79,False,False,true_negative
BenchmarkTest00650,79,False,False,true_negative
BenchmarkTest00651,79,True,False,false_negative
BenchmarkTest00652,330,True,True,true_positive
BenchmarkTest00653,330,True,True,true_positive
BenchmarkTest00654,330,True,True,true_positive
BenchmarkTest00655,614,False,False,true_negative
BenchmarkTest00656,79,True,False,false_negative
BenchmarkTest00657,78,False,False,true_negative
BenchmarkTest00658,78,False,True,false_positive
BenchmarkTest00659,78,False,True,false_positive
BenchmarkTest00660,330,False,False,true_negative
BenchmarkTest00661,330,False,False,true_negative
BenchmarkTest00662,330,False,False,true_negative
BenchmarkTest00663,330,False,False,true_negative
BenchmarkTest00664,330,False,False,true_negative
BenchmarkTest00665,330,False,False,true_negative
BenchmarkTest00666,330,False,False,true_negative
BenchmarkTest00667,330,False,False,true_negative
BenchmarkTest00668,501,True,False,false_negative
BenchmarkTest00669,501,False,False,true_negative
BenchmarkTest00670,501,True,False,false_negative
BenchmarkTest00671,501,True,False,false_negative
BenchmarkTest00672,89,False,False,true_negative
BenchmarkTest00673,89,True,False,false_negative
BenchmarkTest00674,89,False,False,true_negative
BenchmarkTest00675,89,False,False,true_negative
BenchmarkTest00676,89,False,False,true_negative
BenchmarkTest00677,89,True,False,false_negative
BenchmarkTest00678,89,True,False,false_negative
BenchmarkTest00679,89,True,False,false_negative
BenchmarkTest00680,89,False,True,false_positive
BenchmarkTest00681,89,True,True,true_positive
BenchmarkTest00682,89,False,True,false_positive
BenchmarkTest00683,643,False,False,true_negative
BenchmarkTest00684,327,True,True,true_positive
BenchmarkTest00685,327,True,True,true_positive
BenchmarkTest00686,327,False,False,true_negative
BenchmarkTest00687,327,False,False,true_negative
BenchmarkTest00688,327,True,True,true_positive
BenchmarkTest00689,327,False,False,true_negative
BenchmarkTest00690,327,False,False,true_negative
BenchmarkTest00691,327,True,True,true_positive
BenchmarkTest00692,327,True,True,true_positive
BenchmarkTest00693,327,True,True,true_positive
BenchmarkTest00694,90,True,True,true_positive
BenchmarkTest00695,90,True,False,false_negative
BenchmarkTest00696,22,True,True,true_positive
BenchmarkTest00697,22,True,True,true_positive
BenchmarkTest00698,22,True,True,true_positive
BenchmarkTest00699,22,False,True,false_positive
BenchmarkTest00700,22,True,True,true_positive
BenchmarkTest00701,90,False,False,true_negative
BenchmarkTest00702,330,True,True,true_positive
BenchmarkTest00703,328,True,True,true_positive
BenchmarkTest00704,328,True,True,true_positive
BenchmarkTest00705,328,True,True,true_positive
BenchmarkTest00706,328,False,False,true_negative
BenchmarkTest00707,328,False,False,true_negative
BenchmarkTest00708,328,True,True,true_positive
BenchmarkTest00709,328,False,False,true_negative
BenchmarkTest00710,328,True,False,false_negative
BenchmarkTest00711,79,True,False,false_negative
BenchmarkTest00712,79,False,True,false_positive
BenchmarkTest00713,79,False,False,true_negative
BenchmarkTest00714,79,False,False,true_negative
BenchmarkTest00715,79,True,True,true_positive
BenchmarkTest00716,79,False,False,true_negative
BenchmarkTest00717,79,False,False,true_negative
BenchmarkTest00718,79,False,False,true_negative
BenchmarkTest00719,79,True,True,true_positive
BenchmarkTest00720,79,True,True,true_positive
BenchmarkTest00721,79,True,False,false_negative
BenchmarkTest00722,79,False,False,true_negative
BenchmarkTest00723,79,False,True,false_positive
BenchmarkTest00724,79,True,True,true_positive
BenchmarkTest00725,79,True,False,false_negative
BenchmarkTest00726,79,False,False,true_negative
BenchmarkTest00727,79,True,True,true_positive
BenchmarkTest00728,79,True,True,true_positive
BenchmarkTest00729,79,True,True,true_positive
BenchmarkTest00730,79,False,False,true_negative
BenchmarkTest00731,78,True,True,true_positive
BenchmarkTest00732,78,False,True,false_positive
BenchmarkTest00733,330,True,True,true_positive
BenchmarkTest00734,330,True,True,true_positive
BenchmarkTest00735,330,True,True,true_positive
BenchmarkTest00736,614,True,True,true_positive
BenchmarkTest00737,79,True,False,false_negative
BenchmarkTest00738,78,False,True,false_positive
BenchmarkTest00739,78,False,True,false_positive
BenchmarkTest00740,78,True,False,false_negative
BenchmarkTest00741,78,False,False,true_negative
BenchmarkTest00742,78,False,False,true_negative
BenchmarkTest00743,78,False,True,false_positive
BenchmarkTest00744,330,False,False,true_negative
BenchmarkTest00745,330,False,False,true_negative
BenchmarkTest00746,330,False,False,true_negative
BenchmarkTest00747,330,False,False,true_negative
BenchmarkTest00748,330,False,False,true_negative
BenchmarkTest00749,330,False,False,true_negative
BenchmarkTest00750,330,False,False,true_negative
BenchmarkTest00751,330,False,False,true_negative
BenchmarkTest00752,330,False,False,true_negative
BenchmarkTest00753,330,False,False,true_negative
BenchmarkTest00754,501,True,False,false_negative
BenchmarkTest00755,501,False,True,false_positive
BenchmarkTest00756,501,True,True,true_positive
BenchmarkTest00757,501,True,True,true_positive
BenchmarkTest00758,501,False,False,true_negative
BenchmarkTest00759,501,True,True,true_positive
BenchmarkTest00760,89,True,False,false_negative
BenchmarkTest00761,89,True,True,true_positive
BenchmarkTest00762,89,True,True,true_positive
BenchmarkTest00763,89,False,True,false_positive
BenchmarkTest00764,89,True,True,true_positive
BenchmarkTest00765,89,True,True,true_positive
BenchmarkTest00766,89,False,True,false_positive
BenchmarkTest00767,89,True,True,true_positive
BenchmarkTest00768,89,True,True,true_positive
BenchmarkTest00769,89,True,False,false_negative
BenchmarkTest00770,89,True,True,true_positive
BenchmarkTest00771,89,True,True,true_positive
BenchmarkTest00772,89,False,True,false_positive
BenchmarkTest00773,89,False,True,false_positive
BenchmarkTest00774,89,False,True,false_positive
BenchmarkTest00775,327,False,False,true_negative
BenchmarkTest00776,327,False,False,true_negative
BenchmarkTest00777,327,False,False,true_negative
BenchmarkTest00778,327,False,False,true_negative
BenchmarkTest00779,327,True,True,true_positive
BenchmarkTest00780,327,False,False,true_negative
BenchmarkTest00781,327,True,True,true_positive
BenchmarkTest00782,327,False,False,true_negative
BenchmarkTest00783,22,True,False,false_negative
BenchmarkTest00784,22,False,True,false_positive
BenchmarkTest00785,22,True,False,false_negative
BenchmarkTest00786,22,False,False,true_negative
BenchmarkTest00787,22,True,True,true_positive
BenchmarkTest00788,22,True,True,true_positive
BenchmarkTest00789,328,True,True,true_positive
BenchmarkTest00790,328,True,True,true_positive
BenchmarkTest00791,328,False,False,true_negative
BenchmarkTest00792,328,False,False,true_negative
BenchmarkTest00793,328,False,False,true_negative
BenchmarkTest00794,328,True,True,true_positive
BenchmarkTest00795,328,False,False,true_negative
BenchmarkTest00796,328,True,False,false_negative
BenchmarkTest00797,328,True,False,false_negative
BenchmarkTest00798,328,False,False,true_negative
BenchmarkTest00799,79,False,False,true_negative
BenchmarkTest00800,79,True,True,true_positive
BenchmarkTest00801,79,True,True,true_positive
BenchmarkTest00802,79,True,True,true_positive
BenchmarkTest00803,79,True,True,true_positive
BenchmarkTest00804,79,True,True,true_positive
BenchmarkTest00805,79,True,False,false_negative
BenchmarkTest00806,79,True,False,false_negative
BenchmarkTest00807,79,True,True,true_positive
BenchmarkTest00808,79,False,False,true_negative
BenchmarkTest00809,79,True,True,true_positive
BenchmarkTest00810,79,True,True,true_positive
BenchmarkTest00811,79,True,True,true_positive
BenchmarkTest00812,79,False,True,false_positive
BenchmarkTest00813,79,False,True,false_positive
BenchmarkTest00814,78,False,True,false_positive
BenchmarkTest00815,78,True,True,true_positive
BenchmarkTest00816,78,True,True,true_positive
BenchmarkTest00817,330,True,True,true_positive
BenchmarkTest00818,330,True,True,true_positive
BenchmarkTest00819,330,True,True,true_positive
BenchmarkTest00820,614,True,True,true_positive
BenchmarkTest00821,614,True,True,true_positive
BenchmarkTest00822,79,True,True,true_positive
BenchmarkTest00823,78,True,False,false_negative
BenchmarkTest00824,78,True,False,false_negative
BenchmarkTest00825,78,True,True,true_positive
BenchmarkTest00826,78,False,True,false_positive
BenchmarkTest00827,78,False,False,true_negative
BenchmarkTest00828,330,False,False,true_negative
BenchmarkTest00829,330,False,False,true_negative
BenchmarkTest00830,330,False,False,true_negative
BenchmarkTest00831,330,False,False,true_negative
BenchmarkTest00832,330,False,False,true_negative
BenchmarkTest00833,501,True,True,true_positive
BenchmarkTest00834,501,True,True,true_positive
BenchmarkTest00835,501,False,False,true_negative
BenchmarkTest00836,501,True,True,true_positive
BenchmarkTest00837,89,False,False,true_negative
BenchmarkTest00838,89,False,True,false_positive
BenchmarkTest00839,89,True,True,true_positive
BenchmarkTest00840,89,True,True,true_positive
BenchmarkTest00841,89,True,True,true_positive
BenchmarkTest00842,89,True,False,false_negative
BenchmarkTest00843,89,True,False,false_negative
BenchmarkTest00844,89,False,False,true_negative
BenchmarkTest00845,89,True,True,true_positive
BenchmarkTest00846,89,True,True,true_positive
BenchmarkTest00847,89,True,True,true_positive
BenchmarkTest00848,89,True,True,true_positive
BenchmarkTest00849,89,True,True,true_positive
BenchmarkTest00850,89,True,True,true_positive
BenchmarkTest00851,89,False,True,false_positive
BenchmarkTest00852,643,False,False,true_negative
BenchmarkTest00853,327,True,True,true_positive
BenchmarkTest00854,327,False,False,true_negative
BenchmarkTest00855,327,True,True,true_positive
BenchmarkTest00856,327,True,True,true_positive
BenchmarkTest00857,327,True,True,true_positive
BenchmarkTest00858,327,False,False,true_negative
BenchmarkTest00859,327,True,True,true_positive
BenchmarkTest00860,90,False,False,true_negative
BenchmarkTest00861,90,False,True,false_positive
BenchmarkTest00862,22,False,True,false_positive
BenchmarkTest00863,22,False,True,false_positive
BenchmarkTest00864,22,False,False,true_negative
BenchmarkTest00865,22,False,False,true_negative
BenchmarkTest00866,22,False,True,false_positive
BenchmarkTest00867,22,False,False,true_negative
BenchmarkTest00868,328,True,True,true_positive
BenchmarkTest00869,328,True,True,true_positive
BenchmarkTest00870,328,True,True,true_positive
BenchmarkTest00871,328,True,True,true_positive
BenchmarkTest00872,328,True,True,true_positive
BenchmarkTest00873,328,False,False,true_negative
BenchmarkTest00874,328,False,False,true_negative
BenchmarkTest00875,328,True,False,false_negative
BenchmarkTest00876,328,True,False,false_negative
BenchmarkTest00877,328,False,False,true_negative
BenchmarkTest00878,328,False,False,true_negative
BenchmarkTest00879,79,False,False,true_negative
BenchmarkTest00880,79,False,False,true_negative
BenchmarkTest00881,79,False,False,true_negative
BenchmarkTest00882,79,False,False,true_negative
BenchmarkTest00883,79,False,False,true_negative
BenchmarkTest00884,79,False,False,true_negative
BenchmarkTest00885,79,False,False,true_negative
BenchmarkTest00886,79,False,False,true_negative
BenchmarkTest00887,79,False,False,true_negative
BenchmarkTest00888,79,False,False,true_negative
BenchmarkTest00889,79,False,False,true_negative
BenchmarkTest00890,79,False,False,true_negative
BenchmarkTest00891,79,False,False,true_negative
BenchmarkTest00892,79,False,False,true_negative
BenchmarkTest00893,79,False,False,true_negative
BenchmarkTest00894,79,False,False,true_negative
BenchmarkTest00895,78,False,True,false_positive
BenchmarkTest00896,78,False,True,false_positive
BenchmarkTest00897,78,False,True,false_positive
BenchmarkTest00898,330,True,True,true_positive
BenchmarkTest00899,330,True,True,true_positive
BenchmarkTest00900,330,True,True,true_positive
BenchmarkTest00901,330,True,True,true_positive
BenchmarkTest00902,330,True,True,true_positive
BenchmarkTest00903,614,True,True,true_positive
BenchmarkTest00904,614,False,False,true_negative
BenchmarkTest00905,78,False,True,false_positive
BenchmarkTest00906,78,False,True,false_positive
BenchmarkTest00907,78,False,True,false_positive
BenchmarkTest00908,78,False,True,false_positive
BenchmarkTest00909,78,False,True,false_positive
BenchmarkTest00910,78,False,True,false_positive
BenchmarkTest00911,330,False,False,true_negative
BenchmarkTest00912,330,False,False,true_negative
BenchmarkTest00913,330,False,False,true_negative
BenchmarkTest00914,330,False,False,true_negative
BenchmarkTest00915,330,False,False,true_negative
BenchmarkTest00916,330,False,False,true_negative
BenchmarkTest00917,330,False,False,true_negative
BenchmarkTest00918,330,False,False,true_negative
BenchmarkTest00919,330,False,False,true_negative
BenchmarkTest00920,330,False,False,true_negative
BenchmarkTest00921,330,False,False,true_negative
BenchmarkTest00922,501,False,False,true_negative
BenchmarkTest00923,501,False,False,true_negative
BenchmarkTest00924,89,False,False,true_negative
BenchmarkTest00925,89,False,False,true_negative
BenchmarkTest00926,89,False,False,true_negative
BenchmarkTest00927,89,False,False,true_negative
BenchmarkTest00928,89,False,False,true_negative
BenchmarkTest00929,89,False,False,true_negative
BenchmarkTest00930,89,False,False,true_negative
BenchmarkTest00931,89,False,False,true_negative
BenchmarkTest00932,89,False,False,true_negative
BenchmarkTest00933,89,False,False,true_negative
BenchmarkTest00934,89,False,False,true_negative
BenchmarkTest00935,89,False,False,true_negative
BenchmarkTest00936,89,False,False,true_negative
BenchmarkTest00937,89,False,True,false_positive
BenchmarkTest00938,89,False,True,false_positive
BenchmarkTest00939,89,False,True,false_positive
BenchmarkTest00940,89,False,True,false_positive
BenchmarkTest00941,643,False,False,true_negative
BenchmarkTest00942,327,False,False,true_negative
BenchmarkTest00943,327,False,False,true_negative
BenchmarkTest00944,327,False,False,true_negative
BenchmarkTest00945,327,True,True,true_positive
BenchmarkTest00946,327,True,True,true_positive
BenchmarkTest00947,90,True,True,true_positive
BenchmarkTest00948,90,False,True,false_positive
BenchmarkTest00949,22,True,True,true_positive
BenchmarkTest00950,22,True,True,true_positive
BenchmarkTest00951,22,False,True,false_positive
BenchmarkTest00952,22,True,True,true_positive
BenchmarkTest00953,22,True,True,true_positive
BenchmarkTest00954,22,False,True,false_positive
BenchmarkTest00955,22,False,True,false_positive
BenchmarkTest00956,22,True,True,true_positive
BenchmarkTest00957,22,False,False,true_negative
BenchmarkTest00958,22,False,False,true_negative
BenchmarkTest00959,90,True,True,true_positive
BenchmarkTest00960,330,True,True,true_positive
BenchmarkTest00961,328,True,True,true_positive
BenchmarkTest00962,328,False,False,true_negative
BenchmarkTest00963,328,True,True,true_positive
BenchmarkTest00964,328,False,False,true_negative
BenchmarkTest00965,328,False,False,true_negative
BenchmarkTest00966,328,False,False,true_negative
BenchmarkTest00967,328,False,False,true_negative
BenchmarkTest00968,78,True,True,true_positive
BenchmarkTest00969,78,False,True,false_positive
BenchmarkTest00970,78,False,True,false_positive
BenchmarkTest00971,330,True,True,true_positive
BenchmarkTest00972,330,True,True,true_positive
BenchmarkTest00973,330,True,True,true_positive
BenchmarkTest00974,330,True,True,true_positive
BenchmarkTest00975,330,True,True,true_positive
BenchmarkTest00976,330,True,True,true_positive
BenchmarkTest00977,614,True,True,true_positive
BenchmarkTest00978,78,False,True,false_positive
BenchmarkTest00979,78,True,True,true_positive
BenchmarkTest00980,78,False,True,false_positive
BenchmarkTest00981,78,True,True,true_positive
BenchmarkTest00982,78,False,True,false_positive
BenchmarkTest00983,78,True,True,true_positive
BenchmarkTest00984,330,False,False,true_negative
BenchmarkTest00985,330,False,False,true_negative
BenchmarkTest00986,330,False,False,true_negative
BenchmarkTest00987,330,False,False,true_negative
BenchmarkTest00988,330,False,False,true_negative
BenchmarkTest00989,330,False,False,true_negative
BenchmarkTest00990,330,False,False,true_negative
BenchmarkTest00991,501,True,True,true_positive
BenchmarkTest00992,501,False,True,false_positive
BenchmarkTest00993,501,False,True,false_positive
BenchmarkTest00994,501,True,True,true_positive
BenchmarkTest00995,501,True,True,true_positive
BenchmarkTest00996,89,True,True,true_positive
BenchmarkTest00997,89,True,True,true_positive
BenchmarkTest00998,89,True,True,true_positive
BenchmarkTest00999,89,False,True,false_positive
BenchmarkTest01000,89,True,True,true_positive
BenchmarkTest01001,89,False,True,false_positive
BenchmarkTest01002,89,True,True,true_positive
BenchmarkTest01003,89,True,True,true_positive
BenchmarkTest01004,89,True,True,true_positive
BenchmarkTest01005,89,True,True,true_positive
BenchmarkTest01006,89,True,True,true_positive
BenchmarkTest01007,89,True,True,true_positive
BenchmarkTest01008,89,True,True,true_positive
BenchmarkTest01009,89,True,True,true_positive
BenchmarkTest01010,89,False,True,false_positive
BenchmarkTest01011,89,True,True,true_positive
BenchmarkTest01012,89,False,True,false_positive
BenchmarkTest01013,643,False,True,false_positive
BenchmarkTest01014,643,False,True,false_positive
BenchmarkTest01015,327,True,True,true_positive
BenchmarkTest01016,327,True,True,true_positive
BenchmarkTest01017,327,True,True,true_positive
BenchmarkTest01018,327,True,True,true_positive
BenchmarkTest01019,327,False,False,true_negative
BenchmarkTest01020,327,True,True,true_positive
BenchmarkTest01021,327,False,False,true_negative
BenchmarkTest01022,327,False,False,true_negative
BenchmarkTest01023,90,True,True,true_positive
BenchmarkTest01024,90,False,True,false_positive
BenchmarkTest01025,22,True,True,true_positive
BenchmarkTest01026,22,False,True,false_positive
BenchmarkTest01027,22,False,True,false_positive
BenchmarkTest01028,22,False,True,false_positive
BenchmarkTest01029,22,True,True,true_positive
BenchmarkTest01030,22,False,True,false_positive
BenchmarkTest01031,22,False,True,false_positive
BenchmarkTest01032,22,True,True,true_positive
BenchmarkTest01033,22,True,True,true_positive
BenchmarkTest01034,22,True,True,true_positive
BenchmarkTest01035,22,False,True,false_positive
BenchmarkTest01036,22,False,False,true_negative
BenchmarkTest01037,328,False,False,true_negative
BenchmarkTest01038,328,True,True,true_positive
BenchmarkTest01039,328,False,False,true_negative
BenchmarkTest01040,328,False,False,true_negative
BenchmarkTest01041,328,True,False,false_negative
BenchmarkTest01042,328,True,False,false_negative
BenchmarkTest01043,328,True,False,false_negative
BenchmarkTest01044,328,True,False,false_negative
BenchmarkTest01045,328,False,False,true_negative
BenchmarkTest01046,79,True,True,true_positive
BenchmarkTest01047,79,True,True,true_positive
BenchmarkTest01048,79,False,True,false_positive
BenchmarkTest01049,79,True,True,true_positive
BenchmarkTest01050,79,True,True,true_positive
BenchmarkTest01051,79,False,True,false_positive
BenchmarkTest01052,79,False,True,false_positive
BenchmarkTest01053,79,False,True,false_positive
BenchmarkTest01054,79,False,True,false_positive
BenchmarkTest01055,79,True,True,true_positive
BenchmarkTest01056,79,True,True,true_positive
BenchmarkTest01057,79,True,True,true_positive
BenchmarkTest01058,330,True,True,true_positive
BenchmarkTest01059,330,True,True,true_positive
BenchmarkTest01060,330,True,True,true_positive
BenchmarkTest01061,614,True,True,true_positive
BenchmarkTest01062,614,False,False,true_negative
BenchmarkTest01063,79,True,True,true_positive
BenchmarkTest01064,78,True,True,true_positive
BenchmarkTest01065,78,False,True,false_positive
BenchmarkTest01066,78,True,True,true_positive
BenchmarkTest01067,78,False,True,false_positive
BenchmarkTest01068,78,False,True,false_positive
BenchmarkTest01069,330,False,False,true_negative
BenchmarkTest01070,330,False,False,true_negative
BenchmarkTest01071,330,False,False,true_negative
BenchmarkTest01072,330,False,False,true_negative
BenchmarkTest01073,330,False,False,true_negative
BenchmarkTest01074,330,False,False,true_negative
BenchmarkTest01075,330,False,False,true_negative
BenchmarkTest01076,330,False,False,true_negative
BenchmarkTest01077,330,False,False,true_negative
BenchmarkTest01078,330,False,False,true_negative
BenchmarkTest01079,330,False,False,true_negative
BenchmarkTest01080,501,False,True,false_positive
BenchmarkTest01081,501,True,True,true_positive
BenchmarkTest01082,501,True,True,true_positive
BenchmarkTest01083,89,True,True,true_positive
BenchmarkTest01084,89,True,True,true_positive
BenchmarkTest01085,89,False,True,false_positive
BenchmarkTest01086,89,False,True,false_positive
BenchmarkTest01087,89,True,True,true_positive
BenchmarkTest01088,89,True,True,true_positive
BenchmarkTest01089,89,False,True,false_positive
BenchmarkTest01090,89,True,True,true_positive
BenchmarkTest01091,89,True,True,true_positive
BenchmarkTest01092,89,False,True,false_positive
BenchmarkTest01093,89,True,True,true_positive
BenchmarkTest01094,89,True,True,true_positive
BenchmarkTest01095,89,False,True,false_positive
BenchmarkTest01096,89,False,True,false_positive
BenchmarkTest01097,89,True,True,true_positive
BenchmarkTest01098,89,False,True,false_positive
BenchmarkTest01099,327,True,True,true_positive
BenchmarkTest01100,327,False,False,true_negative
BenchmarkTest01101,327,False,False,true_negative
BenchmarkTest01102,327,True,True,true_positive
BenchmarkTest01103,327,True,True,true_positive
BenchmarkTest01104,327,False,False,true_negative
BenchmarkTest01105,327,True,True,true_positive
BenchmarkTest01106,327,True,True,true_positive
BenchmarkTest01107,327,True,True,true_positive
BenchmarkTest01108,327,False,False,true_negative
BenchmarkTest01109,22,False,True,false_positive
BenchmarkTest01110,22,False,True,false_positive
BenchmarkTest01111,22,True,True,true_positive
BenchmarkTest01112,22,True,True,true_positive
BenchmarkTest01113,22,False,True,false_positive
BenchmarkTest01114,22,False,True,false_positive
BenchmarkTest01115,22,False,True,false_positive
BenchmarkTest01116,22,True,True,true_positive
BenchmarkTest01117,22,True,True,true_positive
BenchmarkTest01118,22,False,False,true_negative
BenchmarkTest01119,330,True,True,true_positive
BenchmarkTest01120,328,False,False,true_negative
BenchmarkTest01121,328,False,False,true_negative
BenchmarkTest01122,328,False,False,true_negative
BenchmarkTest01123,328,True,True,true_positive
BenchmarkTest01124,328,True,False,false_negative
BenchmarkTest01125,328,False,False,true_negative
BenchmarkTest01126,328,False,False,true_negative
BenchmarkTest01127,330,True,True,true_positive
BenchmarkTest01128,330,True,True,true_positive
BenchmarkTest01129,330,True,True,true_positive
BenchmarkTest01130,330,True,True,true_positive
BenchmarkTest01131,330,True,True,true_positive
BenchmarkTest01132,330,True,True,true_positive
BenchmarkTest01133,330,True,True,true_positive
BenchmarkTest01134,614,True,True,true_positive
BenchmarkTest01135,330,False,False,true_negative
BenchmarkTest01136,330,False,False,true_negative
BenchmarkTest01137,330,False,False,true_negative
BenchmarkTest01138,330,False,False,true_negative
BenchmarkTest01139,330,False,False,true_negative
BenchmarkTest01140,330,False,False,true_negative
BenchmarkTest01141,330,False,False,true_negative
BenchmarkTest01142,501,False,True,false_positive
BenchmarkTest01143,501,True,True,true_positive
BenchmarkTest01144,501,False,True,false_positive
BenchmarkTest01145,501,False,True,false_positive
BenchmarkTest01146,501,False,True,false_positive
BenchmarkTest01147,327,False,False,true_negative
BenchmarkTest01148,327,True,True,true_positive
BenchmarkTest01149,327,True,True,true_positive
BenchmarkTest01150,327,True,True,true_positive
BenchmarkTest01151,327,False,False,true_negative
BenchmarkTest01152,327,False,False,true_negative
BenchmarkTest01153,327,False,False,true_negative
BenchmarkTest01154,90,False,True,false_positive
BenchmarkTest01155,22,True,True,true_positive
BenchmarkTest01156,22,True,True,true_positive
BenchmarkTest01157,22,True,True,true_positive
BenchmarkTest01158,22,False,True,false_positive
BenchmarkTest01159,22,False,True,false_positive
BenchmarkTest01160,22,False,True,false_positive
BenchmarkTest01161,22,True,True,true_positive
BenchmarkTest01162,330,True,True,true_positive
BenchmarkTest01163,330,True,True,true_positive
BenchmarkTest01164,328,False,False,true_negative
BenchmarkTest01165,328,True,True,true_positive
BenchmarkTest01166,328,True,True,true_positive
BenchmarkTest01167,328,True,True,true_positive
BenchmarkTest01168,328,True,False,false_negative
BenchmarkTest01169,328,False,False,true_negative
BenchmarkTest01170,328,False,False,true_negative
BenchmarkTest01171,79,True,True,true_positive
BenchmarkTest01172,79,True,True,true_positive
BenchmarkTest01173,79,True,True,true_positive
BenchmarkTest01174,79,True,True,true_positive
BenchmarkTest01175,79,False,True,false_positive
BenchmarkTest01176,79,False,True,false_positive
BenchmarkTest01177,79,True,True,true_positive
BenchmarkTest01178,79,True,True,true_positive
BenchmarkTest01179,79,True,True,true_positive
BenchmarkTest01180,79,False,True,false_positive
BenchmarkTest01181,79,True,True,true_positive
BenchmarkTest01182,78,False,True,false_positive
BenchmarkTest01183,330,True,True,true_positive
BenchmarkTest01184,330,True,True,true_positive
BenchmarkTest01185,614,True,True,true_positive
BenchmarkTest01186,614,True,True,true_positive
BenchmarkTest01187,614,True,True,true_positive
BenchmarkTest01188,79,False,True,false_positive
BenchmarkTest01189,78,False,True,false_positive
BenchmarkTest01190,78,True,True,true_positive
BenchmarkTest01191,78,True,True,true_positive
BenchmarkTest01192,78,True,True,true_positive
BenchmarkTest01193,78,False,True,false_positive
BenchmarkTest01194,78,True,True,true_positive
BenchmarkTest01195,330,False,False,true_negative
BenchmarkTest01196,330,False,False,true_negative
BenchmarkTest01197,330,False,False,true_negative
BenchmarkTest01198,330,False,False,true_negative
BenchmarkTest01199,330,False,False,true_negative
BenchmarkTest01200,330,False,False,true_negative
BenchmarkTest01201,330,False,False,true_negative
BenchmarkTest01202,330,False,False,true_negative
BenchmarkTest01203,501,True,True,true_positive
BenchmarkTest01204,501,True,True,true_positive
BenchmarkTest01205,501,False,True,false_positive
BenchmarkTest01206,501,True,True,true_positive
BenchmarkTest01207,501,False,True,false_positive
BenchmarkTest01208,89,True,True,true_positive
BenchmarkTest01209,89,True,True,true_positive
BenchmarkTest01210,89,True,True,true_positive
BenchmarkTest01211,89,True,True,true_positive
BenchmarkTest01212,89,False,True,false_positive
BenchmarkTest01213,89,False,True,false_positive
BenchmarkTest01214,89,True,True,true_positive
BenchmarkTest01215,89,False,True,false_positive
BenchmarkTest01216,89,False,True,false_positive
BenchmarkTest01217,89,False,True,false_positive
BenchmarkTest01218,89,False,True,false_positive
BenchmarkTest01219,89,False,True,false_positive
BenchmarkTest01220,89,False,True,false_positive
BenchmarkTest01221,89,True,True,true_positive
BenchmarkTest01222,89,True,True,true_positive
BenchmarkTest01223,643,True,True,true_positive
BenchmarkTest01224,643,True,True,true_positive
BenchmarkTest01225,643,False,True,false_positive
BenchmarkTest01226,327,False,False,true_negative
BenchmarkTest01227,327,False,False,true_negative
BenchmarkTest01228,327,True,True,true_positive
BenchmarkTest01229,327,True,True,true_positive
BenchmarkTest01230,327,True,True,true_positive
BenchmarkTest01231,22,True,True,true_positive
BenchmarkTest01232,22,True,True,true_positive
BenchmarkTest01233,22,False,True,false_positive
BenchmarkTest01234,22,True,True,true_positive
BenchmarkTest01235,22,True,True,true_positive
BenchmarkTest01236,22,True,True,true_positive
BenchmarkTest01237,22,False,True,false_positive
BenchmarkTest01238,22,True,True,true_positive
BenchmarkTest01239,22,False,True,false_positive
BenchmarkTest01240,22,False,True,false_positive
BenchmarkTest01241,90,True,True,true_positive
BenchmarkTest01242,90,True,True,true_positive
BenchmarkTest01243,90,True,True,true_positive
BenchmarkTest01244,328,True,True,true_positive
BenchmarkTest01245,328,False,False,true_negative
BenchmarkTest01246,328,True,True,true_positive
BenchmarkTest01247,328,True,True,true_positive
BenchmarkTest01248,328,True,False,false_negative
BenchmarkTest01249,328,False,False,true_negative
BenchmarkTest01250,328,False,False,true_negative
BenchmarkTest01251,79,False,True,false_positive
BenchmarkTest01252,79,False,True,false_positive
BenchmarkTest01253,79,True,True,true_positive
BenchmarkTest01254,79,True,True,true_positive
BenchmarkTest01255,79,False,True,false_positive
BenchmarkTest01256,79,False,True,false_positive
BenchmarkTest01257,79,True,True,true_positive
BenchmarkTest01258,79,True,True,true_positive
BenchmarkTest01259,79,True,True,true_positive
BenchmarkTest01260,79,True,True,true_positive
BenchmarkTest01261,79,True,True,true_positive
BenchmarkTest01262,79,True,True,true_positive
BenchmarkTest01263,79,True,True,true_positive
BenchmarkTest01264,79,False,True,false_positive
BenchmarkTest01265,79,False,True,false_positive
BenchmarkTest01266,79,True,True,true_positive
BenchmarkTest01267,79,True,True,true_positive
BenchmarkTest01268,79,True,True,true_positive
BenchmarkTest01269,78,False,True,false_positive
BenchmarkTest01270,78,True,True,true_positive
BenchmarkTest01271,330,True,True,true_positive
BenchmarkTest01272,330,True,True,true_positive
BenchmarkTest01273,330,True,True,true_positive
BenchmarkTest01274,330,True,True,true_positive
BenchmarkTest01275,330,True,True,true_positive
BenchmarkTest01276,330,True,True,true_positive
BenchmarkTest01277,330,True,True,true_positive
BenchmarkTest01278,330,True,True,true_positive
BenchmarkTest01279,330,True,True,true_positive
BenchmarkTest01280,614,True,True,true_positive
BenchmarkTest01281,614,True,True,true_positive
BenchmarkTest01282,614,True,True,true_positive
BenchmarkTest01283,614,True,True,true_positive
BenchmarkTest01284,79,True,True,true_positive
BenchmarkTest01285,78,True,True,true_positive
BenchmarkTest01286,78,True,True,true_positive
BenchmarkTest01287,78,True,True,true_positive
BenchmarkTest01288,78,True,True,true_positive
BenchmarkTest01289,78,False,True,false_positive
BenchmarkTest01290,78,False,True,false_positive
BenchmarkTest01291,330,False,False,true_negative
BenchmarkTest01292,330,False,False,true_negative
BenchmarkTest01293,330,False,False,true_negative
BenchmarkTest01294,330,False,False,true_negative
BenchmarkTest01295,330,False,False,true_negative
BenchmarkTest01296,330,False,False,true_negative
BenchmarkTest01297,330,False,False,true_negative
BenchmarkTest01298,330,False,False,true_negative
BenchmarkTest01299,501,True,True,true_positive
BenchmarkTest01300,501,False,True,false_positive
BenchmarkTest01301,89,False,True,false_positive
BenchmarkTest01302,89,True,True,true_positive
BenchmarkTest01303,89,False,True,false_positive
BenchmarkTest01304,89,True,True,true_positive
BenchmarkTest01305,89,False,True,false_positive
BenchmarkTest01306,89,True,True,true_positive
BenchmarkTest01307,89,False,True,false_positive
BenchmarkTest01308,89,True,True,true_positive
BenchmarkTest01309,89,False,True,false_positive
BenchmarkTest01310,89,False,True,false_positive
BenchmarkTest01311,89,True,True,true_positive
BenchmarkTest01312,89,True,True,true_positive
BenchmarkTest01313,89,True,True,true_positive
BenchmarkTest01314,89,True,True,true_positive
BenchmarkTest01315,89,False,True,false_positive
BenchmarkTest01316,643,True,True,true_positive
BenchmarkTest01317,327,True,True,true_positive
BenchmarkTest01318,327,True,True,true_positive
BenchmarkTest01319,327,False,False,true_negative
BenchmarkTest01320,327,True,True,true_positive
BenchmarkTest01321,327,False,False,true_negative
BenchmarkTest01322,327,True,True,true_positive
BenchmarkTest01323,327,True,True,true_positive
BenchmarkTest01324,327,False,False,true_negative
BenchmarkTest01325,327,True,True,true_positive
BenchmarkTest01326,90,True,True,true_positive
BenchmarkTest01327,90,False,True,false_positive
BenchmarkTest01328,22,False,True,false_positive
BenchmarkTest01329,22,True,True,true_positive
BenchmarkTest01330,22,True,True,true_positive
BenchmarkTest01331,22,False,True,false_positive
BenchmarkTest01332,328,False,False,true_negative
BenchmarkTest01333,328,True,True,true_positive
BenchmarkTest01334,328,True,True,true_positive
BenchmarkTest01335,79,True,True,true_positive
BenchmarkTest01336,79,False,True,false_positive
BenchmarkTest01337,79,True,True,true_positive
BenchmarkTest01338,79,False,True,false_positive
BenchmarkTest01339,79,False,True,false_positive
BenchmarkTest01340,79,False,True,false_positive
BenchmarkTest01341,79,False,True,false_positive
BenchmarkTest01342,79,False,True,false_positive
BenchmarkTest01343,79,False,True,false_positive
BenchmarkTest01344,79,False,True,false_positive
BenchmarkTest01345,79,False,True,false_positive
BenchmarkTest01346,79,True,True,true_positive
BenchmarkTest01347,79,True,True,true_positive
BenchmarkTest01348,79,False,True,false_positive
BenchmarkTest01349,79,True,True,true_positive
BenchmarkTest01350,79,True,True,true_positive
BenchmarkTest01351,79,False,True,false_positive
BenchmarkTest01352,79,False,True,false_positive
BenchmarkTest01353,78,False,True,false_positive
BenchmarkTest01354,330,True,True,true_positive
BenchmarkTest01355,330,True,True,true_positive
BenchmarkTest01356,330,True,True,true_positive
BenchmarkTest01357,330,True,True,true_positive
BenchmarkTest01358,330,True,True,true_positive
BenchmarkTest01359,614,False,False,true_negative
BenchmarkTest01360,78,True,True,true_positive
BenchmarkTest01361,78,True,True,true_positive
BenchmarkTest01362,78,True,True,true_positive
BenchmarkTest01363,78,True,True,true_positive
BenchmarkTest01364,78,False,True,false_positive
BenchmarkTest01365,78,False,True,false_positive
BenchmarkTest01366,330,False,False,true_negative
BenchmarkTest01367,330,False,False,true_negative
BenchmarkTest01368,330,False,False,true_negative
BenchmarkTest01369,330,False,False,true_negative
BenchmarkTest01370,330,False,False,true_negative
BenchmarkTest01371,330,False,False,true_negative
BenchmarkTest01372,330,False,False,true_negative
BenchmarkTest01373,330,False,False,true_negative
BenchmarkTest01374,501,True,True,true_positive
BenchmarkTest01375,501,True,True,true_positive
BenchmarkTest01376,501,True,True,true_positive
BenchmarkTest01377,501,False,True,false_positive
BenchmarkTest01378,89,False,True,false_positive
BenchmarkTest01379,89,True,True,true_positive
BenchmarkTest01380,89,False,True,false_positive
BenchmarkTest01381,89,True,True,true_positive
BenchmarkTest01382,89,True,True,true_positive
BenchmarkTest01383,89,True,True,true_positive
BenchmarkTest01384,89,True,True,true_positive
BenchmarkTest01385,89,False,True,false_positive
BenchmarkTest01386,89,False,True,false_positive
BenchmarkTest01387,89,False,True,false_positive
BenchmarkTest01388,89,True,True,true_positive
BenchmarkTest01389,89,False,True,false_positive
BenchmarkTest01390,89,True,True,true_positive
BenchmarkTest01391,89,True,True,true_positive
BenchmarkTest01392,89,False,True,false_positive
BenchmarkTest01393,89,False,True,false_positive
BenchmarkTest01394,89,True,True,true_positive
BenchmarkTest01395,89,True,True,true_positive
BenchmarkTest01396,89,True,True,true_positive
BenchmarkTest01397,643,False,True,false_positive
BenchmarkTest01398,327,True,True,true_positive
BenchmarkTest01399,327,False,False,true_negative
BenchmarkTest01400,327,False,False,true_negative
BenchmarkTest01401,327,False,False,true_negative
BenchmarkTest01402,90,False,True,false_positive
BenchmarkTest01403,22,True,True,true_positive
BenchmarkTest01404,22,False,True,false_positive
BenchmarkTest01405,22,True,True,true_positive
BenchmarkTest01406,22,False,True,false_positive
BenchmarkTest01407,22,False,True,false_positive
BenchmarkTest01408,22,True,True,true_positive
BenchmarkTest01409,22,False,False,true_negative
BenchmarkTest01410,328,False,False,true_negative
BenchmarkTest01411,328,True,True,true_positive
BenchmarkTest01412,328,False,False,true_negative
BenchmarkTest01413,328,False,False,true_negative
BenchmarkTest01414,328,True,False,false_negative
BenchmarkTest01415,328,True,False,false_negative
BenchmarkTest01416,328,True,False,false_negative
BenchmarkTest01417,79,True,True,true_positive
BenchmarkTest01418,79,True,True,true_positive
BenchmarkTest01419,79,False,True,false_positive
BenchmarkTest01420,79,False,True,false_positive
BenchmarkTest01421,79,False,True,false_positive
BenchmarkTest01422,79,False,True,false_positive
BenchmarkTest01423,79,True,True,true_positive
BenchmarkTest01424,79,True,True,true_positive
BenchmarkTest01425,79,False,True,false_positive
BenchmarkTest01426,79,True,True,true_positive
BenchmarkTest01427,79,True,True,true_positive
BenchmarkTest01428,79,True,True,true_positive
BenchmarkTest01429,79,True,True,true_positive
BenchmarkTest01430,78,True,True,true_positive
BenchmarkTest01431,330,True,True,true_positive
BenchmarkTest01432,330,True,True,true_positive
BenchmarkTest01433,330,True,True,true_positive
BenchmarkTest01434,330,True,True,true_positive
BenchmarkTest01435,330,True,True,true_positive
BenchmarkTest01436,614,False,False,true_negative
BenchmarkTest01437,79,True,True,true_positive
BenchmarkTest01438,79,True,True,true_positive
BenchmarkTest01439,79,False,True,false_positive
BenchmarkTest01440,78,False,True,false_positive
BenchmarkTest01441,78,True,True,true_positive
BenchmarkTest01442,78,True,True,true_positive
BenchmarkTest01443,78,False,True,false_positive
BenchmarkTest01444,78,False,True,false_positive
BenchmarkTest01445,78,False,True,false_positive
BenchmarkTest01446,78,True,True,true_positive
BenchmarkTest01447,330,False,False,true_negative
BenchmarkTest01448,330,False,False,true_negative
BenchmarkTest01449,330,False,False,true_negative
BenchmarkTest01450,330,False,False,true_negative
BenchmarkTest01451,330,False,False,true_negative
BenchmarkTest01452,330,False,False,true_negative
BenchmarkTest01453,330,False,False,true_negative
BenchmarkTest01454,501,False,True,false_positive
BenchmarkTest01455,501,True,True,true_positive
BenchmarkTest01456,501,True,True,true_positive
BenchmarkTest01457,501,True,True,true_positive
BenchmarkTest01458,501,True,True,true_positive
BenchmarkTest01459,89,False,True,false_positive
BenchmarkTest01460,89,True,True,true_positive
BenchmarkTest01461,89,False,True,false_positive
BenchmarkTest01462,89,True,True,true_positive
BenchmarkTest01463,89,True,True,true_positive
BenchmarkTest01464,89,True,True,true_positive
BenchmarkTest01465,89,True,True,true_positive
BenchmarkTest01466,89,True,True,true_positive
BenchmarkTest01467,89,False,True,false_positive
BenchmarkTest01468,89,False,True,false_positive
BenchmarkTest01469,89,False,True,false_positive
BenchmarkTest01470,89,True,True,true_positive
BenchmarkTest01471,89,True,True,true_positive
BenchmarkTest01472,89,False,True,false_positive
BenchmarkTest01473,89,True,True,true_positive
BenchmarkTest01474,89,True,True,true_positive
BenchmarkTest01475,89,True,True,true_positive
BenchmarkTest01476,89,True,True,true_positive
BenchmarkTest01477,89,True,True,true_positive
BenchmarkTest01478,643,True,True,true_positive
BenchmarkTest01479,643,False,True,false_positive
BenchmarkTest01480,327,True,True,true_positive
BenchmarkTest01481,327,False,False,true_negative
BenchmarkTest01482,327,False,False,true_negative
BenchmarkTest01483,327,True,True,true_positive
BenchmarkTest01484,327,True,True,true_positive
BenchmarkTest01485,327,False,False,true_negative
BenchmarkTest01486,327,True,True,true_positive
BenchmarkTest01487,327,False,False,true_negative
BenchmarkTest01488,327,False,False,true_negative
BenchmarkTest01489,327,True,True,true_positive
BenchmarkTest01490,90,True,True,true_positive
BenchmarkTest01491,90,False,True,false_positive
BenchmarkTest01492,90,False,True,false_positive
BenchmarkTest01493,22,False,True,false_positive
BenchmarkTest01494,22,True,True,true_positive
BenchmarkTest01495,22,True,True,true_positive
BenchmarkTest01496,22,True,True,true_positive
BenchmarkTest01497,22,True,True,true_positive
BenchmarkTest01498,22,True,True,true_positive
BenchmarkTest01499,22,False,True,false_positive
BenchmarkTest01500,22,True,False,false_negative
BenchmarkTest01501,90,True,True,true_positive
BenchmarkTest01502,330,True,True,true_positive
BenchmarkTest01503,328,True,True,true_positive
BenchmarkTest01504,328,True,True,true_positive
BenchmarkTest01505,79,True,False,false_negative
BenchmarkTest01506,79,True,False,false_negative
BenchmarkTest01507,79,True,False,false_negative
BenchmarkTest01508,79,False,False,true_negative
BenchmarkTest01509,79,True,False,false_negative
BenchmarkTest01510,79,True,False,false_negative
BenchmarkTest01511,79,True,False,false_negative
BenchmarkTest01512,79,True,False,false_negative
BenchmarkTest01513,79,False,False,true_negative
BenchmarkTest01514,79,False,False,true_negative
BenchmarkTest01515,79,False,False,true_negative
BenchmarkTest01516,78,False,True,false_positive
BenchmarkTest01517,78,True,True,true_positive
BenchmarkTest01518,330,True,True,true_positive
BenchmarkTest01519,330,True,True,true_positive
BenchmarkTest01520,330,True,True,true_positive
BenchmarkTest01521,614,True,True,true_positive
BenchmarkTest01522,614,False,False,true_negative
BenchmarkTest01523,614,False,False,true_negative
BenchmarkTest01524,614,False,False,true_negative
BenchmarkTest01525,79,True,False,false_negative
BenchmarkTest01526,78,False,True,false_positive
BenchmarkTest01527,78,False,True,false_positive
BenchmarkTest01528,78,False,True,false_positive
BenchmarkTest01529,78,False,True,false_positive
BenchmarkTest01530,78,False,True,false_positive
BenchmarkTest01531,78,True,True,true_positive
BenchmarkTest01532,78,False,True,false_positive
BenchmarkTest01533,78,True,True,true_positive
BenchmarkTest01534,330,False,False,true_negative
BenchmarkTest01535,330,False,False,true_negative
BenchmarkTest01536,330,False,False,true_negative
BenchmarkTest01537,330,False,False,true_negative
BenchmarkTest01538,330,False,False,true_negative
BenchmarkTest01539,330,False,False,true_negative
BenchmarkTest01540,330,False,False,true_negative
BenchmarkTest01541,330,False,False,true_negative
BenchmarkTest01542,330,False,False,true_negative
BenchmarkTest01543,330,False,False,true_negative
BenchmarkTest01544,330,False,False,true_negative
BenchmarkTest01545,330,False,False,true_negative
BenchmarkTest01546,501,True,False,false_negative
BenchmarkTest01547,501,True,False,false_negative
BenchmarkTest01548,501,True,False,false_negative
BenchmarkTest01549,501,True,False,false_negative
BenchmarkTest01550,501,True,False,false_negative
BenchmarkTest01551,501,True,False,false_negative
BenchmarkTest01552,89,True,False,false_negative
BenchmarkTest01553,89,False,False,true_negative
BenchmarkTest01554,89,True,False,false_negative
BenchmarkTest01555,89,False,False,true_negative
BenchmarkTest01556,89,False,False,true_negative
BenchmarkTest01557,89,True,True,true_positive
BenchmarkTest01558,89,True,True,true_positive
BenchmarkTest01559,89,True,True,true_positive
BenchmarkTest01560,89,True,True,true_positive
BenchmarkTest01561,643,True,False,false_negative
BenchmarkTest01562,643,False,False,true_negative
BenchmarkTest01563,327,False,False,true_negative
BenchmarkTest01564,327,False,False,true_negative
BenchmarkTest01565,327,True,True,true_positive
BenchmarkTest01566,327,True,True,true_positive
BenchmarkTest01567,327,False,False,true_negative
BenchmarkTest01568,90,True,True,true_positive
BenchmarkTest01569,90,False,True,false_positive
BenchmarkTest01570,22,False,True,false_positive
BenchmarkTest01571,22,True,True,true_positive
BenchmarkTest01572,22,True,True,true_positive
BenchmarkTest01573,22,False,True,false_positive
BenchmarkTest01574,22,False,True,false_positive
BenchmarkTest01575,330,True,True,true_positive
BenchmarkTest01576,328,False,False,true_negative
BenchmarkTest01577,328,True,True,true_positive
BenchmarkTest01578,328,False,False,true_negative
BenchmarkTest01579,328,True,False,false_negative
BenchmarkTest01580,328,True,False,false_negative
BenchmarkTest01581,328,False,False,true_negative
BenchmarkTest01582,328,False,False,true_negative
BenchmarkTest01583,79,True,True,true_positive
BenchmarkTest01584,79,True,True,true_positive
BenchmarkTest01585,79,False,True,false_positive
BenchmarkTest01586,79,False,True,false_positive
BenchmarkTest01587,79,True,True,true_positive
BenchmarkTest01588,79,False,True,false_positive
BenchmarkTest01589,79,True,True,true_positive
BenchmarkTest01590,79,True,True,true_positive
BenchmarkTest01591,79,False,True,false_positive
BenchmarkTest01592,79,True,True,true_positive
BenchmarkTest01593,79,False,True,false_positive
BenchmarkTest01594,79,True,True,true_positive
BenchmarkTest01595,79,False,True,false_positive
BenchmarkTest01596,79,True,True,true_positive
BenchmarkTest01597,79,True,True,true_positive
BenchmarkTest01598,79,True,True,true_positive
BenchmarkTest01599,79,False,True,false_positive
BenchmarkTest01600,78,False,True,false_positive
BenchmarkTest01601,78,True,True,true_positive
BenchmarkTest01602,330,True,True,true_positive
BenchmarkTest01603,330,True,True,true_positive
BenchmarkTest01604,614,False,False,true_negative
BenchmarkTest01605,614,False,False,true_negative
BenchmarkTest01606,78,False,True,false_positive
BenchmarkTest01607,78,False,True,false_positive
BenchmarkTest01608,78,False,True,false_positive
BenchmarkTest01609,78,True,True,true_positive
BenchmarkTest01610,78,True,True,true_positive
BenchmarkTest01611,330,False,False,true_negative
BenchmarkTest01612,330,False,False,true_negative
BenchmarkTest01613,330,False,False,true_negative
BenchmarkTest01614,330,False,False,true_negative
BenchmarkTest01615,501,True,True,true_positive
BenchmarkTest01616,501,True,True,true_positive
BenchmarkTest01617,501,True,True,true_positive
BenchmarkTest01618,501,True,True,true_positive
BenchmarkTest01619,501,True,True,true_positive
BenchmarkTest01620,89,True,True,true_positive
BenchmarkTest01621,89,True,True,true_positive
BenchmarkTest01622,89,False,True,false_positive
BenchmarkTest01623,89,True,True,true_positive
BenchmarkTest01624,89,True,True,true_positive
BenchmarkTest01625,89,True,True,true_positive
BenchmarkTest01626,89,True,True,true_positive
BenchmarkTest01627,89,True,True,true_positive
BenchmarkTest01628,89,False,True,false_positive
BenchmarkTest01629,89,False,True,false_positive
BenchmarkTest01630,89,True,True,true_positive
BenchmarkTest01631,89,True,True,true_positive
BenchmarkTest01632,643,False,True,false_positive
BenchmarkTest01633,643,False,True,false_positive
BenchmarkTest01634,327,True,True,true_positive
BenchmarkTest01635,327,False,False,true_negative
BenchmarkTest01636,327,False,False,true_negative
BenchmarkTest01637,327,True,True,true_positive
BenchmarkTest01638,327,True,True,true_positive
BenchmarkTest01639,327,True,True,true_positive
BenchmarkTest01640,327,False,False,true_negative
BenchmarkTest01641,327,True,True,true_positive
BenchmarkTest01642,22,True,True,true_positive
BenchmarkTest01643,22,True,True,true_positive
BenchmarkTest01644,22,False,True,false_positive
BenchmarkTest01645,22,True,True,true_positive
BenchmarkTest01646,22,False,True,false_positive
BenchmarkTest01647,22,True,True,true_positive
BenchmarkTest01648,330,True,True,true_positive
BenchmarkTest01649,328,True,True,true_positive
BenchmarkTest01650,328,True,True,true_positive
BenchmarkTest01651,328,True,True,true_positive
BenchmarkTest01652,328,False,False,true_negative
BenchmarkTest01653,328,True,True,true_positive
BenchmarkTest01654,328,True,False,false_negative
BenchmarkTest01655,328,False,False,true_negative
BenchmarkTest01656,328,False,False,true_negative
BenchmarkTest01657,79,True,True,true_positive
BenchmarkTest01658,79,True,True,true_positive
BenchmarkTest01659,79,False,True,false_positive
BenchmarkTest01660,79,True,True,true_positive
BenchmarkTest01661,79,False,True,false_positive
BenchmarkTest01662,79,True,True,true_positive
BenchmarkTest01663,79,False,True,false_positive
BenchmarkTest01664,79,False,True,false_positive
BenchmarkTest01665,79,True,True,true_positive
BenchmarkTest01666,79,True,True,true_positive
BenchmarkTest01667,79,True,True,true_positive
BenchmarkTest01668,79,False,True,false_positive
BenchmarkTest01669,79,False,True,false_positive
BenchmarkTest01670,79,True,True,true_positive
BenchmarkTest01671,79,False,True,false_positive
BenchmarkTest01672,78,False,True,false_positive
BenchmarkTest01673,78,True,True,true_positive
BenchmarkTest01674,78,True,True,true_positive
BenchmarkTest01675,330,True,True,true_positive
BenchmarkTest01676,330,True,True,true_positive
BenchmarkTest01677,330,True,True,true_positive
BenchmarkTest01678,330,True,True,true_positive
BenchmarkTest01679,330,True,True,true_positive
BenchmarkTest01680,330,True,True,true_positive
BenchmarkTest01681,330,True,True,true_positive
BenchmarkTest01682,614,True,True,true_positive
BenchmarkTest01683,614,True,True,true_positive
BenchmarkTest01684,614,False,False,true_negative
BenchmarkTest01685,78,True,True,true_positive
BenchmarkTest01686,78,False,True,false_positive
BenchmarkTest01687,78,False,True,false_positive
BenchmarkTest01688,78,False,True,false_positive
BenchmarkTest01689,78,True,True,true_positive
BenchmarkTest01690,78,True,True,true_positive
BenchmarkTest01691,78,True,True,true_positive
BenchmarkTest01692,78,False,True,false_positive
BenchmarkTest01693,78,False,True,false_positive
BenchmarkTest01694,330,False,False,true_negative
BenchmarkTest01695,330,False,False,true_negative
BenchmarkTest01696,330,False,False,true_negative
BenchmarkTest01697,330,False,False,true_negative
BenchmarkTest01698,330,False,False,true_negative
BenchmarkTest01699,330,False,False,true_negative
BenchmarkTest01700,330,False,False,true_negative
BenchmarkTest01701,330,False,False,true_negative
BenchmarkTest01702,330,False,False,true_negative
BenchmarkTest01703,330,False,False,true_negative
BenchmarkTest01704,330,False,False,true_negative
BenchmarkTest01705,330,False,False,true_negative
BenchmarkTest01706,330,False,False,true_negative
BenchmarkTest01707,330,False,False,true_negative
BenchmarkTest01708,501,True,True,true_positive
BenchmarkTest01709,501,True,True,true_positive
BenchmarkTest01710,501,True,True,true_positive
BenchmarkTest01711,501,True,True,true_positive
BenchmarkTest01712,89,True,True,true_positive
BenchmarkTest01713,89,False,True,false_positive
BenchmarkTest01714,89,False,True,false_positive
BenchmarkTest01715,89,True,True,true_positive
BenchmarkTest01716,89,True,True,true_positive
BenchmarkTest01717,89,False,True,false_positive
BenchmarkTest01718,89,True,True,true_positive
BenchmarkTest01719,89,False,True,false_positive
BenchmarkTest01720,89,True,True,true_positive
BenchmarkTest01721,89,True,True,true_positive
BenchmarkTest01722,89,False,True,false_positive
BenchmarkTest01723,89,True,True,true_positive
BenchmarkTest01724,89,True,True,true_positive
BenchmarkTest01725,89,True,True,true_positive
BenchmarkTest01726,89,True,True,true_positive
BenchmarkTest01727,89,True,True,true_positive
BenchmarkTest01728,89,True,True,true_positive
BenchmarkTest01729,89,False,True,false_positive
BenchmarkTest01730,89,True,True,true_positive
BenchmarkTest01731,89,True,True,true_positive
BenchmarkTest01732,89,False,True,false_positive
BenchmarkTest01733,89,True,True,true_positive
BenchmarkTest01734,643,True,True,true_positive
BenchmarkTest01735,643,False,True,false_positive
BenchmarkTest01736,643,True,True,true_positive
BenchmarkTest01737,327,False,False,true_negative
BenchmarkTest01738,327,False,False,true_negative
BenchmarkTest01739,327,False,False,true_negative
BenchmarkTest01740,327,True,True,true_positive
BenchmarkTest01741,327,True,True,true_positive
BenchmarkTest01742,327,True,True,true_positive
BenchmarkTest01743,90,False,True,false_positive
BenchmarkTest01744,22,False,True,false_positive
BenchmarkTest01745,22,False,True,false_positive
BenchmarkTest01746,22,False,True,false_positive
BenchmarkTest01747,22,False,True,false_positive
BenchmarkTest01748,22,False,True,false_positive
BenchmarkTest01749,22,False,True,false_positive
BenchmarkTest01750,22,False,True,false_positive
BenchmarkTest01751,22,False,True,false_positive
BenchmarkTest01752,22,False,True,false_positive
BenchmarkTest01753,90,False,True,false_positive
BenchmarkTest01754,90,False,True,false_positive
BenchmarkTest01755,90,False,True,false_positive
BenchmarkTest01756,90,False,True,false_positive
BenchmarkTest01757,328,True,True,true_positive
BenchmarkTest01758,328,False,False,true_negative
BenchmarkTest01759,328,False,False,true_negative
BenchmarkTest01760,328,False,False,true_negative
BenchmarkTest01761,328,True,True,true_positive
BenchmarkTest01762,328,False,False,true_negative
BenchmarkTest01763,328,False,False,true_negative
BenchmarkTest01764,328,False,False,true_negative
BenchmarkTest01765,328,True,False,false_negative
BenchmarkTest01766,328,True,False,false_negative
BenchmarkTest01767,79,False,False,true_negative
BenchmarkTest01768,79,False,False,true_negative
BenchmarkTest01769,79,False,False,true_negative
BenchmarkTest01770,79,False,False,true_negative
BenchmarkTest01771,79,False,False,true_negative
BenchmarkTest01772,79,False,False,true_negative
BenchmarkTest01773,79,False,False,true_negative
BenchmarkTest01774,79,False,False,true_negative
BenchmarkTest01775,79,False,False,true_negative
BenchmarkTest01776,79,False,False,true_negative
BenchmarkTest01777,79,False,False,true_negative
BenchmarkTest01778,78,False,True,false_positive
BenchmarkTest01779,78,False,True,false_positive
BenchmarkTest01780,78,False,True,false_positive
BenchmarkTest01781,330,True,True,true_positive
BenchmarkTest01782,330,True,True,true_positive
BenchmarkTest01783,330,True,True,true_positive
BenchmarkTest01784,330,True,True,true_positive
BenchmarkTest01785,330,True,True,true_positive
BenchmarkTest01786,330,True,True,true_positive
BenchmarkTest01787,330,True,True,true_positive
BenchmarkTest01788,330,True,True,true_positive
BenchmarkTest01789,614,True,True,true_positive
BenchmarkTest01790,79,False,False,true_negative
BenchmarkTest01791,78,False,True,false_positive
BenchmarkTest01792,78,False,True,false_positive
BenchmarkTest01793,78,False,True,false_positive
BenchmarkTest01794,78,False,True,false_positive
BenchmarkTest01795,78,False,True,false_positive
BenchmarkTest01796,78,False,True,false_positive
BenchmarkTest01797,330,False,False,true_negative
BenchmarkTest01798,330,False,False,true_negative
BenchmarkTest01799,330,False,False,true_negative
BenchmarkTest01800,330,False,False,true_negative
BenchmarkTest01801,330,False,False,true_negative
BenchmarkTest01802,501,False,False,true_negative
BenchmarkTest01803,89,False,False,true_negative
BenchmarkTest01804,89,False,False,true_negative
BenchmarkTest01805,89,False,False,true_negative
BenchmarkTest01806,89,False,False,true_negative
BenchmarkTest01807,89,False,False,true_negative
BenchmarkTest01808,89,False,False,true_negative
BenchmarkTest01809,89,False,False,true_negative
BenchmarkTest01810,89,False,False,true_negative
BenchmarkTest01811,89,False,False,true_negative
BenchmarkTest01812,89,False,False,true_negative
BenchmarkTest01813,89,False,False,true_negative
BenchmarkTest01814,89,False,False,true_negative
BenchmarkTest01815,89,False,True,false_positive
BenchmarkTest01816,89,False,True,false_positive
BenchmarkTest01817,89,False,True,false_positive
BenchmarkTest01818,89,False,True,false_positive
BenchmarkTest01819,89,False,True,false_positive
BenchmarkTest01820,89,False,True,false_positive
BenchmarkTest01821,643,False,False,true_negative
BenchmarkTest01822,327,True,True,true_positive
BenchmarkTest01823,327,True,True,true_positive
BenchmarkTest01824,327,False,False,true_negative
BenchmarkTest01825,327,False,False,true_negative
BenchmarkTest01826,327,False,False,true_negative
BenchmarkTest01827,327,False,False,true_negative
BenchmarkTest01828,327,False,False,true_negative
BenchmarkTest01829,327,True,True,true_positive
BenchmarkTest01830,327,True,True,true_positive
BenchmarkTest01831,90,True,True,true_positive
BenchmarkTest01832,90,True,True,true_positive
BenchmarkTest01833,22,True,True,true_positive
BenchmarkTest01834,22,False,True,false_positive
BenchmarkTest01835,22,True,True,true_positive
BenchmarkTest01836,22,True,True,true_positive
BenchmarkTest01837,22,False,True,false_positive
BenchmarkTest01838,22,False,True,false_positive
BenchmarkTest01839,22,True,True,true_positive
BenchmarkTest01840,22,True,True,true_positive
BenchmarkTest01841,22,False,True,false_positive
BenchmarkTest01842,330,True,True,true_positive
BenchmarkTest01843,330,True,True,true_positive
BenchmarkTest01844,328,True,True,true_positive
BenchmarkTest01845,328,True,True,true_positive
BenchmarkTest01846,328,True,True,true_positive
BenchmarkTest01847,328,False,False,true_negative
BenchmarkTest01848,328,False,False,true_negative
BenchmarkTest01849,328,False,False,true_negative
BenchmarkTest01850,78,True,True,true_positive
BenchmarkTest01851,78,True,True,true_positive
BenchmarkTest01852,78,True,True,true_positive
BenchmarkTest01853,330,True,True,true_positive
BenchmarkTest01854,330,True,True,true_positive
BenchmarkTest01855,330,True,True,true_positive
BenchmarkTest01856,330,True,True,true_positive
BenchmarkTest01857,330,True,True,true_positive
BenchmarkTest01858,330,True,True,true_positive
BenchmarkTest01859,330,True,True,true_positive
BenchmarkTest01860,330,True,True,true_positive
BenchmarkTest01861,614,True,True,true_positive
BenchmarkTest01862,614,False,False,true_negative
BenchmarkTest01863,614,False,False,true_negative
BenchmarkTest01864,78,True,True,true_positive
BenchmarkTest01865,78,False,True,false_positive
BenchmarkTest01866,330,False,False,true_negative
BenchmarkTest01867,330,False,False,true_negative
BenchmarkTest01868,330,False,False,true_negative
BenchmarkTest01869,330,False,False,true_negative
BenchmarkTest01870,330,False,False,true_negative
BenchmarkTest01871,330,False,False,true_negative
BenchmarkTest01872,501,True,True,true_positive
BenchmarkTest01873,501,False,True,false_positive
BenchmarkTest01874,501,True,True,true_positive
BenchmarkTest01875,501,True,True,true_positive
BenchmarkTest01876,501,True,True,true_positive
BenchmarkTest01877,89,False,True,false_positive
BenchmarkTest01878,89,False,True,false_positive
BenchmarkTest01879,89,False,True,false_positive
BenchmarkTest01880,89,False,True,false_positive
BenchmarkTest01881,89,True,True,true_positive
BenchmarkTest01882,89,True,True,true_positive
BenchmarkTest01883,89,True,True,true_positive
BenchmarkTest01884,89,False,True,false_positive
BenchmarkTest01885,89,False,True,false_positive
BenchmarkTest01886,89,False,True,false_positive
BenchmarkTest01887,89,True,True,true_positive
BenchmarkTest01888,89,True,True,true_positive
BenchmarkTest01889,89,True,True,true_positive
BenchmarkTest01890,89,True,True,true_positive
BenchmarkTest01891,89,True,True,true_positive
BenchmarkTest01892,643,True,True,true_positive
BenchmarkTest01893,643,False,True,false_positive
BenchmarkTest01894,643,True,True,true_positive
BenchmarkTest01895,327,True,True,true_positive
BenchmarkTest01896,327,False,False,true_negative
BenchmarkTest01897,327,True,True,true_positive
BenchmarkTest01898,327,True,True,true_positive
BenchmarkTest01899,327,False,False,true_negative
BenchmarkTest01900,327,True,True,true_positive
BenchmarkTest01901,327,False,False,true_negative
BenchmarkTest01902,90,True,True,true_positive
BenchmarkTest01903,90,False,True,false_positive
BenchmarkTest01904,22,True,True,true_positive
BenchmarkTest01905,22,False,True,false_positive
BenchmarkTest01906,22,True,True,true_positive
BenchmarkTest01907,22,True,True,true_positive
BenchmarkTest01908,22,True,False,false_negative
BenchmarkTest01909,90,False,True,false_positive
BenchmarkTest01910,330,True,True,true_positive
BenchmarkTest01911,328,True,True,true_positive
BenchmarkTest01912,328,False,False,true_negative
BenchmarkTest01913,328,False,False,true_negative
BenchmarkTest01914,79,False,True,false_positive
BenchmarkTest01915,79,False,True,false_positive
BenchmarkTest01916,79,True,True,true_positive
BenchmarkTest01917,79,False,True,false_positive
BenchmarkTest01918,79,False,True,false_positive
BenchmarkTest01919,79,True,True,true_positive
BenchmarkTest01920,79,True,True,true_positive
BenchmarkTest01921,79,True,True,true_positive
BenchmarkTest01922,79,True,True,true_positive
BenchmarkTest01923,79,True,True,true_positive
BenchmarkTest01924,79,False,True,false_positive
BenchmarkTest01925,79,True,True,true_positive
BenchmarkTest01926,79,True,True,true_positive
BenchmarkTest01927,79,True,True,true_positive
BenchmarkTest01928,78,True,True,true_positive
BenchmarkTest01929,78,True,True,true_positive
BenchmarkTest01930,330,True,True,true_positive
BenchmarkTest01931,330,True,True,true_positive
BenchmarkTest01932,330,True,True,true_positive
BenchmarkTest01933,330,True,True,true_positive
BenchmarkTest01934,330,True,True,true_positive
BenchmarkTest01935,614,False,False,true_negative
BenchmarkTest01936,78,True,True,true_positive
BenchmarkTest01937,78,False,True,false_positive
BenchmarkTest01938,78,True,True,true_positive
BenchmarkTest01939,78,False,True,false_positive
BenchmarkTest01940,78,True,True,true_positive
BenchmarkTest01941,78,False,True,false_positive
BenchmarkTest01942,78,True,True,true_positive
BenchmarkTest01943,78,False,True,false_positive
BenchmarkTest01944,78,True,True,true_positive
BenchmarkTest01945,330,False,False,true_negative
BenchmarkTest01946,330,False,False,true_negative
BenchmarkTest01947,330,False,False,true_negative
BenchmarkTest01948,330,False,False,true_negative
BenchmarkTest01949,330,False,False,true_negative
BenchmarkTest01950,330,False,False,true_negative
BenchmarkTest01951,330,False,False,true_negative
BenchmarkTest01952,330,False,False,true_negative
BenchmarkTest01953,330,False,False,true_negative
BenchmarkTest01954,330,False,False,true_negative
BenchmarkTest01955,501,True,True,true_positive
BenchmarkTest01956,501,False,True,false_positive
BenchmarkTest01957,501,False,True,false_positive
BenchmarkTest01958,501,True,True,true_positive
BenchmarkTest01959,501,False,True,false_positive
BenchmarkTest01960,501,True,True,true_positive
BenchmarkTest01961,89,False,True,false_positive
BenchmarkTest01962,89,True,True,true_positive
BenchmarkTest01963,89,True,True,true_positive
BenchmarkTest01964,89,True,True,true_positive
BenchmarkTest01965,89,False,True,false_positive
BenchmarkTest01966,89,False,True,false_positive
BenchmarkTest01967,89,False,True,false_positive
BenchmarkTest01968,89,False,True,false_positive
BenchmarkTest01969,89,False,True,false_positive
BenchmarkTest01970,89,True,True,true_positive
BenchmarkTest01971,89,True,True,true_positive
BenchmarkTest01972,89,True,True,true_positive
BenchmarkTest01973,89,False,True,false_positive
BenchmarkTest01974,643,True,True,true_positive
BenchmarkTest01975,327,False,False,true_negative
BenchmarkTest01976,327,False,False,true_negative
BenchmarkTest01977,327,False,False,true_negative
BenchmarkTest01978,327,True,True,true_positive
BenchmarkTest01979,327,False,False,true_negative
BenchmarkTest01980,327,True,True,true_positive
BenchmarkTest01981,327,True,True,true_positive
BenchmarkTest01982,327,False,False,true_negative
BenchmarkTest01983,22,True,True,true_positive
BenchmarkTest01984,22,False,True,false_positive
BenchmarkTest01985,22,True,True,true_positive
BenchmarkTest01986,22,False,True,false_positive
BenchmarkTest01987,22,True,True,true_positive
BenchmarkTest01988,22,True,True,true_positive
BenchmarkTest01989,22,True,True,true_positive
BenchmarkTest01990,22,False,True,false_positive
BenchmarkTest01991,22,False,False,true_negative
BenchmarkTest01992,330,True,True,true_positive
BenchmarkTest01993,328,False,False,true_negative
BenchmarkTest01994,328,False,False,true_negative
BenchmarkTest01995,328,False,False,true_negative
BenchmarkTest01996,328,True,False,false_negative
BenchmarkTest01997,328,True,False,false_negative
BenchmarkTest01998,328,False,False,true_negative
BenchmarkTest01999,330,True,True,true_positive
BenchmarkTest02000,330,True,True,true_positive
BenchmarkTest02001,330,True,True,true_positive
BenchmarkTest02002,330,True,True,true_positive
BenchmarkTest02003,330,True,True,true_positive
BenchmarkTest02004,330,True,True,true_positive
BenchmarkTest02005,614,True,True,true_positive
BenchmarkTest02006,614,False,False,true_negative
BenchmarkTest02007,330,False,False,true_negative
BenchmarkTest02008,330,False,False,true_negative
BenchmarkTest02009,330,False,False,true_negative
BenchmarkTest02010,330,False,False,true_negative
BenchmarkTest02011,330,False,False,true_negative
BenchmarkTest02012,330,False,False,true_negative
BenchmarkTest02013,330,False,False,true_negative
BenchmarkTest02014,330,False,False,true_negative
BenchmarkTest02015,501,True,True,true_positive
BenchmarkTest02016,501,True,True,true_positive
BenchmarkTest02017,327,True,True,true_positive
BenchmarkTest02018,327,True,True,true_positive
BenchmarkTest02019,327,True,True,true_positive
BenchmarkTest02020,327,True,True,true_positive
BenchmarkTest02021,327,False,False,true_negative
BenchmarkTest02022,327,True,True,true_positive
BenchmarkTest02023,327,True,True,true_positive
BenchmarkTest02024,327,False,False,true_negative
BenchmarkTest02025,90,False,True,false_positive
BenchmarkTest02026,22,False,True,false_positive
BenchmarkTest02027,22,True,True,true_positive
BenchmarkTest02028,22,False,True,false_positive
BenchmarkTest02029,22,False,True,false_positive
BenchmarkTest02030,22,False,True,false_positive
BenchmarkTest02031,22,False,True,false_positive
BenchmarkTest02032,22,True,True,true_positive
BenchmarkTest02033,22,False,True,false_positive
BenchmarkTest02034,22,True,True,true_positive
BenchmarkTest02035,22,False,False,true_negative
BenchmarkTest02036,90,True,True,true_positive
BenchmarkTest02037,90,True,True,true_positive
BenchmarkTest02038,330,True,True,true_positive
BenchmarkTest02039,330,True,True,true_positive
BenchmarkTest02040,330,True,True,true_positive
BenchmarkTest02041,328,False,False,true_negative
BenchmarkTest02042,328,True,True,true_positive
BenchmarkTest02043,328,False,False,true_negative
BenchmarkTest02044,328,False,False,true_negative
BenchmarkTest02045,79,False,True,false_positive
BenchmarkTest02046,79,True,True,true_positive
BenchmarkTest02047,79,True,True,true_positive
BenchmarkTest02048,79,False,True,false_positive
BenchmarkTest02049,79,False,True,false_positive
BenchmarkTest02050,79,True,True,true_positive
BenchmarkTest02051,79,True,True,true_positive
BenchmarkTest02052,79,False,True,false_positive
BenchmarkTest02053,79,False,True,false_positive
BenchmarkTest02054,79,True,True,true_positive
BenchmarkTest02055,79,True,True,true_positive
BenchmarkTest02056,79,True,True,true_positive
BenchmarkTest02057,79,True,True,true_positive
BenchmarkTest02058,78,False,True,false_positive
BenchmarkTest02059,78,True,True,true_positive
BenchmarkTest02060,330,True,True,true_positive
BenchmarkTest02061,330,True,True,true_positive
BenchmarkTest02062,330,True,True,true_positive
BenchmarkTest02063,330,True,True,true_positive
BenchmarkTest02064,614,False,False,true_negative
BenchmarkTest02065,614,False,False,true_negative
BenchmarkTest02066,614,False,False,true_negative
BenchmarkTest02067,78,False,True,false_positive
BenchmarkTest02068,78,False,True,false_positive
BenchmarkTest02069,78,False,True,false_positive
BenchmarkTest02070,78,True,True,true_positive
BenchmarkTest02071,330,False,False,true_negative
BenchmarkTest02072,330,False,False,true_negative
BenchmarkTest02073,330,False,False,true_negative
BenchmarkTest02074,330,False,False,true_negative
BenchmarkTest02075,330,False,False,true_negative
BenchmarkTest02076,330,False,False,true_negative
BenchmarkTest02077,330,False,False,true_negative
BenchmarkTest02078,330,False,False,true_negative
BenchmarkTest02079,330,False,False,true_negative
BenchmarkTest02080,330,False,False,true_negative
BenchmarkTest02081,330,False,False,true_negative
BenchmarkTest02082,330,False,False,true_negative
BenchmarkTest02083,330,False,False,true_negative
BenchmarkTest02084,501,True,True,true_positive
BenchmarkTest02085,501,False,True,false_positive
BenchmarkTest02086,501,False,True,false_positive
BenchmarkTest02087,89,True,True,true_positive
BenchmarkTest02088,89,True,True,true_positive
BenchmarkTest02089,89,False,True,false_positive
BenchmarkTest02090,89,True,True,true_positive
BenchmarkTest02091,89,True,True,true_positive
BenchmarkTest02092,89,True,True,true_positive
BenchmarkTest02093,89,False,True,false_positive
BenchmarkTest02094,89,True,True,true_positive
BenchmarkTest02095,89,False,True,false_positive
BenchmarkTest02096,89,True,True,true_positive
BenchmarkTest02097,89,False,True,false_positive
BenchmarkTest02098,89,False,True,false_positive
BenchmarkTest02099,89,True,True,true_positive
BenchmarkTest02100,643,True,True,true_positive
BenchmarkTest02101,327,True,True,true_positive
BenchmarkTest02102,327,False,False,true_negative
BenchmarkTest02103,327,False,False,true_negative
BenchmarkTest02104,90,False,True,false_positive
BenchmarkTest02105,22,True,True,true_positive
BenchmarkTest02106,22,True,True,true_positive
BenchmarkTest02107,22,False,True,false_positive
BenchmarkTest02108,22,False,True,false_positive
BenchmarkTest02109,22,True,True,true_positive
BenchmarkTest02110,22,False,True,false_positive
BenchmarkTest02111,22,False,True,false_positive
BenchmarkTest02112,22,True,True,true_positive
BenchmarkTest02113,22,True,False,false_negative
BenchmarkTest02114,90,False,True,false_positive
BenchmarkTest02115,90,False,True,false_positive
BenchmarkTest02116,90,False,True,false_positive
BenchmarkTest02117,330,True,True,true_positive
BenchmarkTest02118,328,True,True,true_positive
BenchmarkTest02119,328,False,False,true_negative
BenchmarkTest02120,328,False,False,true_negative
BenchmarkTest02121,328,True,False,false_negative
BenchmarkTest02122,79,False,True,false_positive
BenchmarkTest02123,79,True,True,true_positive
BenchmarkTest02124,79,True,True,true_positive
BenchmarkTest02125,79,False,True,false_positive
BenchmarkTest02126,79,True,True,true_positive
BenchmarkTest02127,79,True,True,true_positive
BenchmarkTest02128,79,True,True,true_positive
BenchmarkTest02129,79,True,True,true_positive
BenchmarkTest02130,79,True,True,true_positive
BenchmarkTest02131,79,True,True,true_positive
BenchmarkTest02132,79,True,True,true_positive
BenchmarkTest02133,79,True,True,true_positive
BenchmarkTest02134,79,True,True,true_positive
BenchmarkTest02135,79,False,True,false_positive
BenchmarkTest02136,79,True,True,true_positive
BenchmarkTest02137,78,True,True,true_positive
BenchmarkTest02138,330,True,True,true_positive
BenchmarkTest02139,330,True,True,true_positive
BenchmarkTest02140,330,True,True,true_positive
BenchmarkTest02141,330,True,True,true_positive
BenchmarkTest02142,614,True,True,true_positive
BenchmarkTest02143,614,False,False,true_negative
BenchmarkTest02144,614,False,False,true_negative
BenchmarkTest02145,79,True,True,true_positive
BenchmarkTest02146,78,True,True,true_positive
BenchmarkTest02147,78,True,True,true_positive
BenchmarkTest02148,78,False,True,false_positive
BenchmarkTest02149,78,False,True,false_positive
BenchmarkTest02150,78,True,True,true_positive
BenchmarkTest02151,78,True,True,true_positive
BenchmarkTest02152,78,True,True,true_positive
BenchmarkTest02153,78,False,True,false_positive
BenchmarkTest02154,78,True,True,true_positive
BenchmarkTest02155,78,True,True,true_positive
BenchmarkTest02156,78,False,True,false_positive
BenchmarkTest02157,330,False,False,true_negative
BenchmarkTest02158,330,False,False,true_negative
BenchmarkTest02159,330,False,False,true_negative
BenchmarkTest02160,330,False,False,true_negative
BenchmarkTest02161,330,False,False,true_negative
BenchmarkTest02162,330,False,False,true_negative
BenchmarkTest02163,330,False,False,true_negative
BenchmarkTest02164,330,False,False,true_negative
BenchmarkTest02165,501,True,True,true_positive
BenchmarkTest02166,501,False,True,false_positive
BenchmarkTest02167,501,True,True,true_positive
BenchmarkTest02168,501,False,True,false_positive
BenchmarkTest02169,89,True,True,true_positive
BenchmarkTest02170,89,True,True,true_positive
BenchmarkTest02171,89,True,True,true_positive
BenchmarkTest02172,89,False,True,false_positive
BenchmarkTest02173,89,False,True,false_positive
BenchmarkTest02174,89,False,True,false_positive
BenchmarkTest02175,89,False,True,false_positive
BenchmarkTest02176,89,False,True,false_positive
BenchmarkTest02177,89,True,True,true_positive
BenchmarkTest02178,89,True,True,true_positive
BenchmarkTest02179,89,True,True,true_positive
BenchmarkTest02180,89,False,True,false_positive
BenchmarkTest02181,89,True,True,true_positive
BenchmarkTest02182,89,True,True,true_positive
BenchmarkTest02183,89,False,True,false_positive
BenchmarkTest02184,89,False,True,false_positive
BenchmarkTest02185,89,False,True,false_positive
BenchmarkTest02186,89,True,True,true_positive
BenchmarkTest02187,89,True,True,true_positive
BenchmarkTest02188,89,False,True,false_positive
BenchmarkTest02189,643,True,True,true_positive
BenchmarkTest02190,327,False,False,true_negative
BenchmarkTest02191,327,False,False,true_negative
BenchmarkTest02192,327,True,True,true_positive
BenchmarkTest02193,327,True,True,true_positive
BenchmarkTest02194,327,True,True,true_positive
BenchmarkTest02195,327,True,True,true_positive
BenchmarkTest02196,90,True,True,true_positive
BenchmarkTest02197,22,True,True,true_positive
BenchmarkTest02198,22,True,True,true_positive
BenchmarkTest02199,22,True,True,true_positive
BenchmarkTest02200,22,False,True,false_positive
BenchmarkTest02201,22,False,True,false_positive
BenchmarkTest02202,22,False,True,false_positive
BenchmarkTest02203,22,False,True,false_positive
BenchmarkTest02204,22,False,True,false_positive
BenchmarkTest02205,22,True,True,true_positive
BenchmarkTest02206,22,False,False,true_negative
BenchmarkTest02207,22,False,False,true_negative
BenchmarkTest02208,90,True,True,true_positive
BenchmarkTest02209,330,True,True,true_positive
BenchmarkTest02210,328,False,False,true_negative
BenchmarkTest02211,328,True,True,true_positive
BenchmarkTest02212,328,True,True,true_positive
BenchmarkTest02213,328,True,True,true_positive
BenchmarkTest02214,328,False,False,true_negative
BenchmarkTest02215,328,False,False,true_negative
BenchmarkTest02216,328,False,False,true_negative
BenchmarkTest02217,328,True,True,true_positive
BenchmarkTest02218,328,False,False,true_negative
BenchmarkTest02219,328,True,False,false_negative
BenchmarkTest02220,328,False,False,true_negative
BenchmarkTest02221,79,True,True,true_positive
BenchmarkTest02222,79,False,True,false_positive
BenchmarkTest02223,79,True,True,true_positive
BenchmarkTest02224,79,True,True,true_positive
BenchmarkTest02225,79,True,True,true_positive
BenchmarkTest02226,79,False,True,false_positive
BenchmarkTest02227,79,True,True,true_positive
BenchmarkTest02228,79,True,True,true_positive
BenchmarkTest02229,79,False,True,false_positive
BenchmarkTest02230,79,True,True,true_positive
BenchmarkTest02231,79,False,True,false_positive
BenchmarkTest02232,79,True,True,true_positive
BenchmarkTest02233,79,False,True,false_positive
BenchmarkTest02234,79,True,True,true_positive
BenchmarkTest02235,79,False,True,false_positive
BenchmarkTest02236,79,False,True,false_positive
BenchmarkTest02237,79,False,True,false_positive
BenchmarkTest02238,79,False,True,false_positive
BenchmarkTest02239,79,False,True,false_positive
BenchmarkTest02240,79,False,True,false_positive
BenchmarkTest02241,79,True,True,true_positive
BenchmarkTest02242,78,False,True,false_positive
BenchmarkTest02243,78,True,True,true_positive
BenchmarkTest02244,78,True,True,true_positive
BenchmarkTest02245,330,True,True,true_positive
BenchmarkTest02246,330,True,True,true_positive
BenchmarkTest02247,614,False,False,true_negative
BenchmarkTest02248,614,False,False,true_negative
BenchmarkTest02249,78,True,True,true_positive
BenchmarkTest02250,78,True,True,true_positive
BenchmarkTest02251,78,True,True,true_positive
BenchmarkTest02252,78,False,True,false_positive
BenchmarkTest02253,78,False,True,false_positive
BenchmarkTest02254,330,False,False,true_negative
BenchmarkTest02255,330,False,False,true_negative
BenchmarkTest02256,330,False,False,true_negative
BenchmarkTest02257,330,False,False,true_negative
BenchmarkTest02258,330,False,False,true_negative
BenchmarkTest02259,330,False,False,true_negative
BenchmarkTest02260,330,False,False,true_negative
BenchmarkTest02261,501,True,True,true_positive
BenchmarkTest02262,501,True,True,true_positive
BenchmarkTest02263,501,True,True,true_positive
BenchmarkTest02264,89,True,True,true_positive
BenchmarkTest02265,89,False,True,false_positive
BenchmarkTest02266,89,False,True,false_positive
BenchmarkTest02267,89,False,True,false_positive
BenchmarkTest02268,89,False,True,false_positive
BenchmarkTest02269,89,True,True,true_positive
BenchmarkTest02270,89,True,True,true_positive
BenchmarkTest02271,89,False,True,false_positive
BenchmarkTest02272,89,True,True,true_positive
BenchmarkTest02273,89,True,True,true_positive
BenchmarkTest02274,89,False,True,false_positive
BenchmarkTest02275,89,True,True,true_positive
BenchmarkTest02276,89,False,True,false_positive
BenchmarkTest02277,89,True,True,true_positive
BenchmarkTest02278,89,False,True,false_positive
BenchmarkTest02279,89,False,True,false_positive
BenchmarkTest02280,89,False,True,false_positive
BenchmarkTest02281,89,True,True,true_positive
BenchmarkTest02282,89,False,True,false_positive
BenchmarkTest02283,89,False,True,false_positive
BenchmarkTest02284,89,True,True,true_positive
BenchmarkTest02285,89,False,True,false_positive
BenchmarkTest02286,89,True,True,true_positive
BenchmarkTest02287,89,True,True,true_positive
BenchmarkTest02288,89,True,True,true_positive
BenchmarkTest02289,327,False,False,true_negative
BenchmarkTest02290,327,True,True,true_positive
BenchmarkTest02291,327,True,True,true_positive
BenchmarkTest02292,327,True,True,true_positive
BenchmarkTest02293,327,True,True,true_positive
BenchmarkTest02294,327,True,True,true_positive
BenchmarkTest02295,327,True,True,true_positive
BenchmarkTest02296,327,False,False,true_negative
BenchmarkTest02297,327,False,False,true_negative
BenchmarkTest02298,327,False,False,true_negative
BenchmarkTest02299,90,True,True,true_positive
BenchmarkTest02300,22,False,True,false_positive
BenchmarkTest02301,22,False,True,false_positive
BenchmarkTest02302,22,True,True,true_positive
BenchmarkTest02303,22,True,True,true_positive
BenchmarkTest02304,22,True,True,true_positive
BenchmarkTest02305,90,True,True,true_positive
BenchmarkTest02306,90,True,True,true_positive
BenchmarkTest02307,328,True,True,true_positive
BenchmarkTest02308,328,True,True,true_positive
BenchmarkTest02309,328,False,False,true_negative
BenchmarkTest02310,328,False,False,true_negative
BenchmarkTest02311,328,True,True,true_positive
BenchmarkTest02312,328,False,False,true_negative
BenchmarkTest02313,79,False,True,false_positive
BenchmarkTest02314,79,True,True,true_positive
BenchmarkTest02315,79,True,True,true_positive
BenchmarkTest02316,79,True,True,true_positive
BenchmarkTest02317,79,True,True,true_positive
BenchmarkTest02318,79,False,True,false_positive
BenchmarkTest02319,79,False,True,false_positive
BenchmarkTest02320,79,False,True,false_positive
BenchmarkTest02321,79,True,True,true_positive
BenchmarkTest02322,79,True,True,true_positive
BenchmarkTest02323,79,True,True,true_positive
BenchmarkTest02324,79,True,True,true_positive
BenchmarkTest02325,79,False,True,false_positive
BenchmarkTest02326,79,True,True,true_positive
BenchmarkTest02327,79,True,True,true_positive
BenchmarkTest02328,79,True,True,true_positive
BenchmarkTest02329,79,False,True,false_positive
BenchmarkTest02330,79,False,True,false_positive
BenchmarkTest02331,79,False,True,false_positive
BenchmarkTest02332,79,True,True,true_positive
BenchmarkTest02333,78,True,True,true_positive
BenchmarkTest02334,78,True,True,true_positive
BenchmarkTest02335,78,False,True,false_positive
BenchmarkTest02336,78,False,True,false_positive
BenchmarkTest02337,330,True,True,true_positive
BenchmarkTest02338,330,True,True,true_positive
BenchmarkTest02339,614,True,True,true_positive
BenchmarkTest02340,78,False,True,false_positive
BenchmarkTest02341,78,False,True,false_positive
BenchmarkTest02342,78,True,True,true_positive
BenchmarkTest02343,78,True,True,true_positive
BenchmarkTest02344,78,True,True,true_positive
BenchmarkTest02345,330,False,False,true_negative
BenchmarkTest02346,330,False,False,true_negative
BenchmarkTest02347,330,False,False,true_negative
BenchmarkTest02348,330,False,False,true_negative
BenchmarkTest02349,330,False,False,true_negative
BenchmarkTest02350,330,False,False,true_negative
BenchmarkTest02351,330,False,False,true_negative
BenchmarkTest02352,501,True,True,true_positive
BenchmarkTest02353,89,False,True,false_positive
BenchmarkTest02354,89,True,True,true_positive
BenchmarkTest02355,89,True,True,true_positive
BenchmarkTest02356,89,True,True,true_positive
BenchmarkTest02357,89,True,True,true_positive
BenchmarkTest02358,89,True,True,true_positive
BenchmarkTest02359,89,True,True,true_positive
BenchmarkTest02360,89,True,True,true_positive
BenchmarkTest02361,89,False,True,false_positive
BenchmarkTest02362,89,True,True,true_positive
BenchmarkTest02363,89,False,True,false_positive
BenchmarkTest02364,89,True,True,true_positive
BenchmarkTest02365,89,False,True,false_positive
BenchmarkTest02366,89,False,True,false_positive
BenchmarkTest02367,89,False,True,false_positive
BenchmarkTest02368,89,False,True,false_positive
BenchmarkTest02369,89,True,True,true_positive
BenchmarkTest02370,643,False,True,false_positive
BenchmarkTest02371,327,False,False,true_negative
BenchmarkTest02372,327,False,False,true_negative
BenchmarkTest02373,327,True,True,true_positive
BenchmarkTest02374,327,True,True,true_positive
BenchmarkTest02375,327,True,True,true_positive
BenchmarkTest02376,90,False,True,false_positive
BenchmarkTest02377,22,True,True,true_positive
BenchmarkTest02378,22,True,True,true_positive
BenchmarkTest02379,22,False,True,false_positive
BenchmarkTest02380,22,False,True,false_positive
BenchmarkTest02381,22,False,True,false_positive
BenchmarkTest02382,22,False,True,false_positive
BenchmarkTest02383,22,True,True,true_positive
BenchmarkTest02384,90,False,True,false_positive
BenchmarkTest02385,328,True,True,true_positive
BenchmarkTest02386,328,True,True,true_positive
BenchmarkTest02387,328,True,True,true_positive
BenchmarkTest02388,328,True,True,true_positive
BenchmarkTest02389,328,False,False,true_negative
BenchmarkTest02390,328,False,False,true_negative
BenchmarkTest02391,328,True,False,false_negative
BenchmarkTest02392,328,True,False,false_negative
BenchmarkTest02393,328,True,False,false_negative
BenchmarkTest02394,79,False,False,true_negative
BenchmarkTest02395,79,True,False,false_negative
BenchmarkTest02396,79,True,False,false_negative
BenchmarkTest02397,79,True,False,false_negative
BenchmarkTest02398,79,False,False,true_negative
BenchmarkTest02399,79,True,False,false_negative
BenchmarkTest02400,79,True,False,false_negative
BenchmarkTest02401,79,False,False,true_negative
BenchmarkTest02402,79,True,False,false_negative
BenchmarkTest02403,79,True,False,false_negative
BenchmarkTest02404,79,False,False,true_negative
BenchmarkTest02405,79,True,False,false_negative
BenchmarkTest02406,79,False,False,true_negative
BenchmarkTest02407,79,True,False,false_negative
BenchmarkTest02408,79,False,False,true_negative
BenchmarkTest02409,79,True,False,false_negative
BenchmarkTest02410,79,True,False,false_negative
BenchmarkTest02411,78,True,True,true_positive
BenchmarkTest02412,78,True,True,true_positive
BenchmarkTest02413,78,False,True,false_positive
BenchmarkTest02414,78,True,True,true_positive
BenchmarkTest02415,330,True,True,true_positive
BenchmarkTest02416,330,True,True,true_positive
BenchmarkTest02417,330,True,True,true_positive
BenchmarkTest02418,330,True,True,true_positive
BenchmarkTest02419,330,True,True,true_positive
BenchmarkTest02420,330,True,True,true_positive
BenchmarkTest02421,330,True,True,true_positive
BenchmarkTest02422,330,True,True,true_positive
BenchmarkTest02423,330,True,True,true_positive
BenchmarkTest02424,330,True,True,true_positive
BenchmarkTest02425,330,True,True,true_positive
BenchmarkTest02426,330,True,True,true_positive
BenchmarkTest02427,614,True,True,true_positive
BenchmarkTest02428,78,False,True,false_positive
BenchmarkTest02429,78,True,True,true_positive
BenchmarkTest02430,78,True,True,true_positive
BenchmarkTest02431,78,True,True,true_positive
BenchmarkTest02432,78,True,True,true_positive
BenchmarkTest02433,78,True,True,true_positive
BenchmarkTest02434,330,False,False,true_negative
BenchmarkTest02435,330,False,False,true_negative
BenchmarkTest02436,330,False,False,true_negative
BenchmarkTest02437,330,False,False,true_negative
BenchmarkTest02438,330,False,False,true_negative
BenchmarkTest02439,330,False,False,true_negative
BenchmarkTest02440,330,False,False,true_negative
BenchmarkTest02441,330,False,False,true_negative
BenchmarkTest02442,330,False,False,true_negative
BenchmarkTest02443,330,False,False,true_negative
BenchmarkTest02444,330,False,False,true_negative
BenchmarkTest02445,330,False,False,true_negative
BenchmarkTest02446,501,True,False,false_negative
BenchmarkTest02447,501,False,False,true_negative
BenchmarkTest02448,501,True,False,false_negative
BenchmarkTest02449,89,True,False,false_negative
BenchmarkTest02450,89,False,False,true_negative
BenchmarkTest02451,89,True,False,false_negative
BenchmarkTest02452,89,False,False,true_negative
BenchmarkTest02453,89,True,False,false_negative
BenchmarkTest02454,89,True,True,true_positive
BenchmarkTest02455,89,True,True,true_positive
BenchmarkTest02456,89,False,True,false_positive
BenchmarkTest02457,643,False,False,true_negative
BenchmarkTest02458,327,True,True,true_positive
BenchmarkTest02459,327,False,False,true_negative
BenchmarkTest02460,327,False,False,true_negative
BenchmarkTest02461,327,False,False,true_negative
BenchmarkTest02462,22,False,True,false_positive
BenchmarkTest02463,22,True,True,true_positive
BenchmarkTest02464,22,False,True,false_positive
BenchmarkTest02465,22,True,True,true_positive
BenchmarkTest02466,22,True,True,true_positive
BenchmarkTest02467,22,False,True,false_positive
BenchmarkTest02468,22,False,True,false_positive
BenchmarkTest02469,22,True,True,true_positive
BenchmarkTest02470,22,False,True,false_positive
BenchmarkTest02471,22,False,False,true_negative
BenchmarkTest02472,90,True,True,true_positive
BenchmarkTest02473,330,True,True,true_positive
BenchmarkTest02474,328,True,True,true_positive
BenchmarkTest02475,328,True,True,true_positive
BenchmarkTest02476,328,True,True,true_positive
BenchmarkTest02477,328,False,False,true_negative
BenchmarkTest02478,328,True,False,false_negative
BenchmarkTest02479,328,False,False,true_negative
BenchmarkTest02480,79,True,True,true_positive
BenchmarkTest02481,79,False,True,false_positive
BenchmarkTest02482,79,False,True,false_positive
BenchmarkTest02483,79,True,True,true_positive
BenchmarkTest02484,79,False,True,false_positive
BenchmarkTest02485,79,False,True,false_positive
BenchmarkTest02486,79,True,True,true_positive
BenchmarkTest02487,79,True,True,true_positive
BenchmarkTest02488,79,False,True,false_positive
BenchmarkTest02489,79,True,True,true_positive
BenchmarkTest02490,79,False,True,false_positive
BenchmarkTest02491,79,False,True,false_positive
BenchmarkTest02492,79,False,True,false_positive
BenchmarkTest02493,79,True,True,true_positive
BenchmarkTest02494,79,True,True,true_positive
BenchmarkTest02495,79,False,True,false_positive
BenchmarkTest02496,78,True,True,true_positive
BenchmarkTest02497,330,True,True,true_positive
BenchmarkTest02498,330,True,True,true_positive
BenchmarkTest02499,330,True,True,true_positive
BenchmarkTest02500,330,True,True,true_positive
BenchmarkTest02501,330,True,True,true_positive
BenchmarkTest02502,330,True,True,true_positive
BenchmarkTest02503,330,True,True,true_positive
BenchmarkTest02504,330,True,True,true_positive
BenchmarkTest02505,330,True,True,true_positive
BenchmarkTest02506,330,True,True,true_positive
BenchmarkTest02507,614,True,True,true_positive
BenchmarkTest02508,614,False,False,true_negative
BenchmarkTest02509,79,False,True,false_positive
BenchmarkTest02510,78,False,True,false_positive
BenchmarkTest02511,78,True,True,true_positive
BenchmarkTest02512,78,True,True,true_positive
BenchmarkTest02513,78,False,True,false_positive
BenchmarkTest02514,78,True,True,true_positive
BenchmarkTest02515,78,True,True,true_positive
BenchmarkTest02516,78,True,True,true_positive
BenchmarkTest02517,78,True,True,true_positive
BenchmarkTest02518,78,False,True,false_positive
BenchmarkTest02519,330,False,False,true_negative
BenchmarkTest02520,330,False,False,true_negative
BenchmarkTest02521,330,False,False,true_negative
BenchmarkTest02522,330,False,False,true_negative
BenchmarkTest02523,501,False,True,false_positive
BenchmarkTest02524,501,True,True,true_positive
BenchmarkTest02525,501,True,True,true_positive
BenchmarkTest02526,501,True,True,true_positive
BenchmarkTest02527,501,True,True,true_positive
BenchmarkTest02528,89,True,True,true_positive
BenchmarkTest02529,89,False,True,false_positive
BenchmarkTest02530,89,True,True,true_positive
BenchmarkTest02531,89,True,True,true_positive
BenchmarkTest02532,89,True,True,true_positive
BenchmarkTest02533,89,True,True,true_positive
BenchmarkTest02534,89,True,True,true_positive
BenchmarkTest02535,89,True,True,true_positive
BenchmarkTest02536,89,False,True,false_positive
BenchmarkTest02537,89,True,True,true_positive
BenchmarkTest02538,89,False,True,false_positive
BenchmarkTest02539,89,False,True,false_positive
BenchmarkTest02540,89,False,True,false_positive
BenchmarkTest02541,89,False,True,false_positive
BenchmarkTest02542,89,True,True,true_positive
BenchmarkTest02543,89,True,True,true_positive
BenchmarkTest02544,89,False,True,false_positive
BenchmarkTest02545,89,True,True,true_positive
BenchmarkTest02546,89,False,True,false_positive
BenchmarkTest02547,327,False,False,true_negative
BenchmarkTest02548,327,True,True,true_positive
BenchmarkTest02549,327,True,True,true_positive
BenchmarkTest02550,327,True,True,true_positive
BenchmarkTest02551,327,False,False,true_negative
BenchmarkTest02552,327,False,False,true_negative
BenchmarkTest02553,90,False,True,false_positive
BenchmarkTest02554,22,False,True,false_positive
BenchmarkTest02555,22,True,True,true_positive
BenchmarkTest02556,22,True,True,true_positive
BenchmarkTest02557,22,False,True,false_positive
BenchmarkTest02558,22,False,True,false_positive
BenchmarkTest02559,22,True,True,true_positive
BenchmarkTest02560,22,True,True,true_positive
BenchmarkTest02561,22,True,True,true_positive
BenchmarkTest02562,22,True,True,true_positive
BenchmarkTest02563,22,False,True,false_positive
BenchmarkTest02564,22,True,True,true_positive
BenchmarkTest02565,22,True,True,true_positive
BenchmarkTest02566,22,False,True,false_positive
BenchmarkTest02567,22,True,True,true_positive
BenchmarkTest02568,22,False,True,false_positive
BenchmarkTest02569,22,True,True,true_positive
BenchmarkTest02570,22,False,False,true_negative
BenchmarkTest02571,90,False,True,false_positive
BenchmarkTest02572,90,False,True,false_positive
BenchmarkTest02573,328,True,True,true_positive
BenchmarkTest02574,328,True,True,true_positive
BenchmarkTest02575,328,True,True,true_positive
BenchmarkTest02576,328,False,False,true_negative
BenchmarkTest02577,328,True,False,false_negative
BenchmarkTest02578,79,True,True,true_positive
BenchmarkTest02579,79,True,True,true_positive
BenchmarkTest02580,79,True,True,true_positive
BenchmarkTest02581,79,False,True,false_positive
BenchmarkTest02582,79,True,True,true_positive
BenchmarkTest02583,79,True,True,true_positive
BenchmarkTest02584,79,True,True,true_positive
BenchmarkTest02585,79,True,True,true_positive
BenchmarkTest02586,79,True,True,true_positive
BenchmarkTest02587,79,True,True,true_positive
BenchmarkTest02588,79,True,True,true_positive
BenchmarkTest02589,79,False,True,false_positive
BenchmarkTest02590,79,False,True,false_positive
BenchmarkTest02591,79,True,True,true_positive
BenchmarkTest02592,79,True,True,true_positive
BenchmarkTest02593,79,False,True,false_positive
BenchmarkTest02594,79,False,True,false_positive
BenchmarkTest02595,79,True,True,true_positive
BenchmarkTest02596,79,False,True,false_positive
BenchmarkTest02597,79,True,True,true_positive
BenchmarkTest02598,79,True,True,true_positive
BenchmarkTest02599,79,False,True,false_positive
BenchmarkTest02600,79,True,True,true_positive
BenchmarkTest02601,79,False,True,false_positive
BenchmarkTest02602,330,True,True,true_positive
BenchmarkTest02603,330,True,True,true_positive
BenchmarkTest02604,330,True,True,true_positive
BenchmarkTest02605,330,True,True,true_positive
BenchmarkTest02606,330,True,True,true_positive
BenchmarkTest02607,614,False,False,true_negative
BenchmarkTest02608,79,True,True,true_positive
BenchmarkTest02609,79,False,True,false_positive
BenchmarkTest02610,78,False,True,false_positive
BenchmarkTest02611,78,True,True,true_positive
BenchmarkTest02612,78,True,True,true_positive
BenchmarkTest02613,78,True,True,true_positive
BenchmarkTest02614,330,False,False,true_negative
BenchmarkTest02615,330,False,False,true_negative
BenchmarkTest02616,330,False,False,true_negative
BenchmarkTest02617,330,False,False,true_negative
BenchmarkTest02618,330,False,False,true_negative
BenchmarkTest02619,330,False,False,true_negative
BenchmarkTest02620,330,False,False,true_negative
BenchmarkTest02621,330,False,False,true_negative
BenchmarkTest02622,501,True,True,true_positive
BenchmarkTest02623,501,True,True,true_positive
BenchmarkTest02624,501,True,True,true_positive
BenchmarkTest02625,89,True,True,true_positive
BenchmarkTest02626,89,False,True,false_positive
BenchmarkTest02627,89,True,True,true_positive
BenchmarkTest02628,89,True,True,true_positive
BenchmarkTest02629,89,False,True,false_positive
BenchmarkTest02630,89,True,True,true_positive
BenchmarkTest02631,89,False,True,false_positive
BenchmarkTest02632,89,True,True,true_positive
BenchmarkTest02633,89,False,True,false_positive
BenchmarkTest02634,89,False,True,false_positive
BenchmarkTest02635,89,True,True,true_positive
BenchmarkTest02636,89,False,True,false_positive
BenchmarkTest02637,89,False,True,false_positive
BenchmarkTest02638,89,True,True,true_positive
BenchmarkTest02639,89,False,True,false_positive
BenchmarkTest02640,89,False,True,false_positive
BenchmarkTest02641,89,True,True,true_positive
BenchmarkTest02642,89,True,True,true_positive
BenchmarkTest02643,89,True,True,true_positive
BenchmarkTest02644,89,True,True,true_positive
BenchmarkTest02645,89,True,True,true_positive
BenchmarkTest02646,89,True,True,true_positive
BenchmarkTest02647,89,True,True,true_positive
BenchmarkTest02648,89,False,True,false_positive
BenchmarkTest02649,89,True,True,true_positive
BenchmarkTest02650,89,True,True,true_positive
BenchmarkTest02651,89,True,True,true_positive
BenchmarkTest02652,89,False,True,false_positive
BenchmarkTest02653,89,True,True,true_positive
BenchmarkTest02654,89,True,True,true_positive
BenchmarkTest02655,89,True,True,true_positive
BenchmarkTest02656,89,True,True,true_positive
BenchmarkTest02657,89,False,True,false_positive
BenchmarkTest02658,327,True,True,true_positive
BenchmarkTest02659,327,False,False,true_negative
BenchmarkTest02660,327,True,True,true_positive
BenchmarkTest02661,327,True,True,true_positive
BenchmarkTest02662,327,False,False,true_negative
BenchmarkTest02663,327,True,True,true_positive
BenchmarkTest02664,22,False,True,false_positive
BenchmarkTest02665,22,False,True,false_positive
BenchmarkTest02666,22,False,True,false_positive
BenchmarkTest02667,22,False,True,false_positive
BenchmarkTest02668,22,False,True,false_positive
BenchmarkTest02669,22,False,True,false_positive
BenchmarkTest02670,328,True,True,true_positive
BenchmarkTest02671,328,True,True,true_positive
BenchmarkTest02672,328,False,False,true_negative
BenchmarkTest02673,328,False,False,true_negative
BenchmarkTest02674,328,True,True,true_positive
BenchmarkTest02675,328,True,True,true_positive
BenchmarkTest02676,328,False,False,true_negative
BenchmarkTest02677,328,True,False,false_negative
BenchmarkTest02678,328,False,False,true_negative
BenchmarkTest02679,79,False,False,true_negative
BenchmarkTest02680,79,False,False,true_negative
BenchmarkTest02681,79,False,False,true_negative
BenchmarkTest02682,79,False,False,true_negative
BenchmarkTest02683,79,False,False,true_negative
BenchmarkTest02684,79,False,False,true_negative
BenchmarkTest02685,79,False,False,true_negative
BenchmarkTest02686,79,False,False,true_negative
BenchmarkTest02687,79,False,False,true_negative
BenchmarkTest02688,79,False,False,true_negative
BenchmarkTest02689,79,False,False,true_negative
BenchmarkTest02690,79,False,False,true_negative
BenchmarkTest02691,79,False,False,true_negative
BenchmarkTest02692,79,False,False,true_negative
BenchmarkTest02693,79,False,False,true_negative
BenchmarkTest02694,79,False,False,true_negative
BenchmarkTest02695,79,False,False,true_negative
BenchmarkTest02696,79,False,False,true_negative
BenchmarkTest02697,78,False,True,false_positive
BenchmarkTest02698,78,False,True,false_positive
BenchmarkTest02699,78,False,True,false_positive
BenchmarkTest02700,330,True,True,true_positive
BenchmarkTest02701,330,True,True,true_positive
BenchmarkTest02702,330,True,True,true_positive
BenchmarkTest02703,330,True,True,true_positive
BenchmarkTest02704,330,True,True,true_positive
BenchmarkTest02705,330,True,True,true_positive
BenchmarkTest02706,330,True,True,true_positive
BenchmarkTest02707,330,True,True,true_positive
BenchmarkTest02708,330,True,True,true_positive
BenchmarkTest02709,614,True,True,true_positive
BenchmarkTest02710,614,True,True,true_positive
BenchmarkTest02711,614,False,False,true_negative
BenchmarkTest02712,79,False,False,true_negative
BenchmarkTest02713,78,False,True,false_positive
BenchmarkTest02714,78,False,True,false_positive
BenchmarkTest02715,330,False,False,true_negative
BenchmarkTest02716,330,False,False,true_negative
BenchmarkTest02717,330,False,False,true_negative
BenchmarkTest02718,330,False,False,true_negative
BenchmarkTest02719,330,False,False,true_negative
BenchmarkTest02720,330,False,False,true_negative
BenchmarkTest02721,330,False,False,true_negative
BenchmarkTest02722,501,False,False,true_negative
BenchmarkTest02723,501,False,False,true_negative
BenchmarkTest02724,501,False,False,true_negative
BenchmarkTest02725,501,False,False,true_negative
BenchmarkTest02726,501,False,False,true_negative
BenchmarkTest02727,89,False,False,true_negative
BenchmarkTest02728,89,False,False,true_negative
BenchmarkTest02729,89,False,False,true_negative
BenchmarkTest02730,89,False,False,true_negative
BenchmarkTest02731,89,False,False,true_negative
BenchmarkTest02732,89,False,False,true_negative
BenchmarkTest02733,89,False,False,true_negative
BenchmarkTest02734,89,False,False,true_negative
BenchmarkTest02735,89,False,False,true_negative
BenchmarkTest02736,89,False,False,true_negative
BenchmarkTest02737,89,False,False,true_negative
BenchmarkTest02738,89,False,True,false_positive
BenchmarkTest02739,89,False,True,false_positive
BenchmarkTest02740,89,False,True,false_positive
