test_name,file,line,rule_id,severity,message,tool
BenchmarkTest00005,owasp-benchmark:data/benchmark/src/main/java/org/owasp/benchmark/testcode/BenchmarkTest00005.java,63,java:S5547,CRITICAL,Use a strong cipher algorithm.,sonarqube
BenchmarkTest00005,owasp-benchmark:data/benchmark/src/main/java/org/owasp/benchmark/testcode/BenchmarkTest00005.java,63,java:S5542,CRITICAL,Use another cipher mode or disable padding.,sonarqube
BenchmarkTest00008,owasp-benchmark:data/benchmark/src/main/java/org/owasp/benchmark/testcode/BenchmarkTest00008.java,57,java:S2077,MAJOR,Make sure using a dynamically formatted SQL query is safe here.,sonarqube
BenchmarkTest00018,owasp-benchmark:data/benchmark/src/main/java/org/owasp/benchmark/testcode/BenchmarkTest00018.java,59,java:S2077,MAJOR,Make sure using a dynamically formatted SQL query is safe here.,sonarqube
BenchmarkTest00019,owasp-benchmark:data/benchmark/src/main/java/org/owasp/benchmark/testcode/BenchmarkTest00019.java,51,java:S5547,CRITICAL,Use a strong cipher algorithm.,sonarqube
BenchmarkTest00019,owasp-benchmark:data/benchmark/src/main/java/org/owasp/benchmark/testcode/BenchmarkTest00019.java,51,java:S5542,CRITICAL,Use a secure cipher mode.,sonarqube
BenchmarkTest00020,owasp-benchmark:data/benchmark/src/main/java/org/owasp/benchmark/testcode/BenchmarkTest00020.java,59,java:S5547,CRITICAL,Use a strong cipher algorithm.,sonarqube
BenchmarkTest00020,owasp-benchmark:data/benchmark/src/main/java/org/owasp/benchmark/testcode/BenchmarkTest00020.java,59,java:S5542,CRITICAL,Use another cipher mode or disable padding.,sonarqube
BenchmarkTest00023,owasp-benchmark:data/benchmark/src/main/java/org/owasp/benchmark/testcode/BenchmarkTest00023.java,47,java:S2245,MAJOR,Make sure that using this pseudorandom number generator is safe here.,sonarqube
BenchmarkTest00024,owasp-benchmark:data/benchmark/src/main/java/org/owasp/benchmark/testcode/BenchmarkTest00024.java,54,java:S2077,MAJOR,Make sure using a dynamically formatted SQL query is safe here.,sonarqube
BenchmarkTest00027,owasp-benchmark:data/benchmark/src/main/java/org/owasp/benchmark/testcode/BenchmarkTest00027.java,52,java:S2077,MAJOR,Make sure using a dynamically formatted SQL query is safe here.,sonarqube
BenchmarkTest00034,owasp-benchmark:data/benchmark/src/main/java/org/owasp/benchmark/testcode/BenchmarkTest00034.java,56,java:S2077,MAJOR,Make sure using a dynamically formatted SQL query is safe here.,sonarqube
BenchmarkTest00035,owasp-benchmark:data/benchmark/src/main/java/org/owasp/benchmark/testcode/BenchmarkTest00035.java,66,java:S5547,CRITICAL,Use a strong cipher algorithm.,sonarqube
BenchmarkTest00035,owasp-benchmark:data/benchmark/src/main/java/org/owasp/benchmark/testcode/BenchmarkTest00035.java,66,java:S5542,CRITICAL,Use a secure cipher mode.,sonarqube
BenchmarkTest00037,owasp-benchmark:data/benchmark/src/main/java/org/owasp/benchmark/testcode/BenchmarkTest00037.java,68,java:S2077,MAJOR,Make sure using a dynamically formatted SQL query is safe here.,sonarqube
BenchmarkTest00043,owasp-benchmark:data/benchmark/src/main/java/org/owasp/benchmark/testcode/BenchmarkTest00043.java,54,java:S2077,MAJOR,Make sure using a dynamically formatted SQL query is safe here.,sonarqube
BenchmarkTest00046,owasp-benchmark:data/benchmark/src/main/java/org/owasp/benchmark/testcode/BenchmarkTest00046.java,50,java:S4790,CRITICAL,Make sure this weak hash algorithm is not used in a sensitive context here.,sonarqube
BenchmarkTest00050,owasp-benchmark:data/benchmark/src/main/java/org/owasp/benchmark/testcode/BenchmarkTest00050.java,60,java:S5547,CRITICAL,Use a strong cipher algorithm.,sonarqube
BenchmarkTest00050,owasp-benchmark:data/benchmark/src/main/java/org/owasp/benchmark/testcode/BenchmarkTest00050.java,60,java:S5542,CRITICAL,Use another cipher mode or disable padding.,sonarqube
BenchmarkTest00052,owasp-benchmark:data/benchmark/src/main/java/org/owasp/benchmark/testcode/BenchmarkTest00052.java,55,java:S2077,MAJOR,Make sure using a dynamically formatted SQL query is safe here.,sonarqube
BenchmarkTest00053,owasp-benchmark:data/benchmark/src/main/java/org/owasp/benchmark/testcode/BenchmarkTest00053.java,86,java:S5547,CRITICAL,Use a strong cipher algorithm.,sonarqube
BenchmarkTest00053,owasp-benchmark:data/benchmark/src/main/java/org/owasp/benchmark/testcode/BenchmarkTest00053.java,86,java:S5542,CRITICAL,Use another cipher mode or disable padding.,sonarqube
BenchmarkTest00055,owasp-benchmark:data/benchmark/src/main/java/org/owasp/benchmark/testcode/BenchmarkTest00055.java,80,java:S5542,CRITICAL,Use another cipher mode or disable padding.,sonarqube
BenchmarkTest00055,owasp-benchmark:data/benchmark/src/main/java/org/owasp/benchmark/testcode/BenchmarkTest00055.java,80,java:S5547,CRITICAL,Use a strong cipher algorithm.,sonarqube
BenchmarkTest00056,owasp-benchmark:data/benchmark/src/main/java/org/owasp/benchmark/testcode/BenchmarkTest00056.java,90,java:S5542,CRITICAL,Use another cipher mode or disable padding.,sonarqube
BenchmarkTest00056,owasp-benchmark:data/benchmark/src/main/java/org/owasp/benchmark/testcode/BenchmarkTest00056.java,90,java:S5547,CRITICAL,Use a strong cipher algorithm.,sonarqube
BenchmarkTest00057,owasp-benchmark:data/benchmark/src/main/java/org/owasp/benchmark/testcode/BenchmarkTest00057.java,84,java:S5542,CRITICAL,Use another cipher mode or disable padding.,sonarqube
BenchmarkTest00057,owasp-benchmark:data/benchmark/src/main/java/org/owasp/benchmark/testcode/BenchmarkTest00057.java,84,java:S5547,CRITICAL,Use a strong cipher algorithm.,sonarqube
BenchmarkTest00059,owasp-benchmark:data/benchmark/src/main/java/org/owasp/benchmark/testcode/BenchmarkTest00059.java,84,java:S5542,CRITICAL,Use a secure cipher mode.,sonarqube
BenchmarkTest00066,owasp-benchmark:data/benchmark/src/main/java/org/owasp/benchmark/testcode/BenchmarkTest00066.java,73,java:S2245,MAJOR,Make sure that using this pseudorandom number generator is safe here.,sonarqube
BenchmarkTest00067,owasp-benchmark:data/benchmark/src/main/java/org/owasp/benchmark/testcode/BenchmarkTest00067.java,89,java:S2245,MAJOR,Make sure that using this pseudorandom number generator is safe here.,sonarqube
BenchmarkTest00068,owasp-benchmark:data/benchmark/src/main/java/org/owasp/benchmark/testcode/BenchmarkTest00068.java,73,java:S2245,MAJOR,Make sure that using this pseudorandom number generator is safe here.,sonarqube
BenchmarkTest00070,owasp-benchmark:data/benchmark/src/main/java/org/owasp/benchmark/testcode/BenchmarkTest00070.java,74,java:S4790,CRITICAL,Make sure this weak hash algorithm is not used in a sensitive context here.,sonarqube
BenchmarkTest00071,owasp-benchmark:data/benchmark/src/main/java/org/owasp/benchmark/testcode/BenchmarkTest00071.java,74,java:S4790,CRITICAL,Make sure this weak hash algorithm is not used in a sensitive context here.,sonarqube
BenchmarkTest00073,owasp-benchmark:data/benchmark/src/main/java/org/owasp/benchmark/testcode/BenchmarkTest00073.java,88,java:S4790,CRITICAL,Make sure this weak hash algorithm is not used in a sensitive context here.,sonarqube
BenchmarkTest00078,owasp-benchmark:data/benchmark/src/main/java/org/owasp/benchmark/testcode/BenchmarkTest00078.java,75,java:S2245,MAJOR,Make sure that using this pseudorandom number generator is safe here.,sonarqube
BenchmarkTest00079,owasp-benchmark:data/benchmark/src/main/java/org/owasp/benchmark/testcode/BenchmarkTest00079.java,73,java:S2245,MAJOR,Make sure that using this pseudorandom number generator is safe here.,sonarqube
BenchmarkTest00080,owasp-benchmark:data/benchmark/src/main/java/org/owasp/benchmark/testcode/BenchmarkTest00080.java,68,java:S2245,MAJOR,Make sure that using this pseudorandom number generator is safe here.,sonarqube
BenchmarkTest00081,owasp-benchmark:data/benchmark/src/main/java/org/owasp/benchmark/testcode/BenchmarkTest00081.java,68,java:S2245,MAJOR,Make sure that using this pseudorandom number generator is safe here.,sonarqube
BenchmarkTest00082,owasp-benchmark:data/benchmark/src/main/java/org/owasp/benchmark/testcode/BenchmarkTest00082.java,69,java:S2245,MAJOR,Make sure that using this pseudorandom number generator is safe here.,sonarqube
BenchmarkTest00083,owasp-benchmark:data/benchmark/src/main/java/org/owasp/benchmark/testcode/BenchmarkTest00083.java,73,java:S2245,MAJOR,Make sure that using this pseudorandom number generator is safe here.,sonarqube
BenchmarkTest00084,owasp-benchmark:data/benchmark/src/main/java/org/owasp/benchmark/testcode/BenchmarkTest00084.java,70,java:S2245,MAJOR,Make sure that using this pseudorandom number generator is safe here.,sonarqube
BenchmarkTest00085,owasp-benchmark:data/benchmark/src/main/java/org/owasp/benchmark/testcode/BenchmarkTest00085.java,73,java:S2245,MAJOR,Make sure that using this pseudorandom number generator is safe here.,sonarqube
BenchmarkTest00086,owasp-benchmark:data/benchmark/src/main/java/org/owasp/benchmark/testcode/BenchmarkTest00086.java,73,java:S2245,MAJOR,Make sure that using this pseudorandom number generator is safe here.,sonarqube
BenchmarkTest00100,owasp-benchmark:data/benchmark/src/main/java/org/owasp/benchmark/testcode/BenchmarkTest00100.java,80,java:S2077,MAJOR,Make sure using a dynamically formatted SQL query is safe here.,sonarqube
BenchmarkTest00101,owasp-benchmark:data/benchmark/src/main/java/org/owasp/benchmark/testcode/BenchmarkTest00101.java,84,java:S2077,MAJOR,Make sure using a dynamically formatted SQL query is safe here.,sonarqube
BenchmarkTest00105,owasp-benchmark:data/benchmark/src/main/java/org/owasp/benchmark/testcode/BenchmarkTest00105.java,78,java:S2077,MAJOR,Make sure using a dynamically formatted SQL query is safe here.,sonarqube
BenchmarkTest00106,owasp-benchmark:data/benchmark/src/main/java/org/owasp/benchmark/testcode/BenchmarkTest00106.java,83,java:S2077,MAJOR,Make sure using a dynamically formatted SQL query is safe here.,sonarqube
BenchmarkTest00107,owasp-benchmark:data/benchmark/src/main/java/org/owasp/benchmark/testcode/BenchmarkTest00107.java,94,java:S2077,MAJOR,Make sure using a dynamically formatted SQL query is safe here.,sonarqube
BenchmarkTest00108,owasp-benchmark:data/benchmark/src/main/java/org/owasp/benchmark/testcode/BenchmarkTest00108.java,92,java:S2077,MAJOR,Make sure using a dynamically formatted SQL query is safe here.,sonarqube
BenchmarkTest00109,owasp-benchmark:data/benchmark/src/main/java/org/owasp/benchmark/testcode/BenchmarkTest00109.java,80,java:S2077,MAJOR,Make sure using a dynamically formatted SQL query is safe here.,sonarqube
BenchmarkTest00110,owasp-benchmark:data/benchmark/src/main/java/org/owasp/benchmark/testcode/BenchmarkTest00110.java,94,java:S2077,MAJOR,Make sure using a dynamically formatted SQL query is safe here.,sonarqube
BenchmarkTest00111,owasp-benchmark:data/benchmark/src/main/java/org/owasp/benchmark/testcode/BenchmarkTest00111.java,83,java:S2077,MAJOR,Make sure using a dynamically formatted SQL query is safe here.,sonarqube
BenchmarkTest00112,owasp-benchmark:data/benchmark/src/main/java/org/owasp/benchmark/testcode/BenchmarkTest00112.java,75,java:S2077,MAJOR,Make sure using a dynamically formatted SQL query is safe here.,sonarqube
BenchmarkTest00113,owasp-benchmark:data/benchmark/src/main/java/org/owasp/benchmark/testcode/BenchmarkTest00113.java,79,java:S2077,MAJOR,Make sure using a dynamically formatted SQL query is safe here.,sonarqube
BenchmarkTest00114,owasp-benchmark:data/benchmark/src/main/java/org/owasp/benchmark/testcode/BenchmarkTest00114.java,78,java:S2077,MAJOR,Make sure using a dynamically formatted SQL query is safe here.,sonarqube
BenchmarkTest00115,owasp-benchmark:data/benchmark/src/main/java/org/owasp/benchmark/testcode/BenchmarkTest00115.java,78,java:S2077,MAJOR,Make sure using a dynamically formatted SQL query is safe here.,sonarqube
BenchmarkTest00119,owasp-benchmark:data/benchmark/src/main/java/org/owasp/benchmark/testcode/BenchmarkTest00119.java,86,java:S5547,CRITICAL,Use a strong cipher algorithm.,sonarqube
BenchmarkTest00119,owasp-benchmark:data/benchmark/src/main/java/org/owasp/benchmark/testcode/BenchmarkTest00119.java,86,java:S5542,CRITICAL,Use another cipher mode or disable padding.,sonarqube
BenchmarkTest00120,owasp-benchmark:data/benchmark/src/main/java/org/owasp/benchmark/testcode/BenchmarkTest00120.java,70,java:S5542,CRITICAL,Use another cipher mode or disable padding.,sonarqube
BenchmarkTest00120,owasp-benchmark:data/benchmark/src/main/java/org/owasp/benchmark/testcode/BenchmarkTest00120.java,70,java:S5547,CRITICAL,Use a strong cipher algorithm.,sonarqube
BenchmarkTest00123,owasp-benchmark:data/benchmark/src/main/java/org/owasp/benchmark/testcode/BenchmarkTest00123.java,64,java:S5542,CRITICAL,Use another cipher mode or disable padding.,sonarqube
BenchmarkTest00123,owasp-benchmark:data/benchmark/src/main/java/org/owasp/benchmark/testcode/BenchmarkTest00123.java,64,java:S5547,CRITICAL,Use a strong cipher algorithm.,sonarqube
BenchmarkTest00124,owasp-benchmark:data/benchmark/src/main/java/org/owasp/benchmark/testcode/BenchmarkTest00124.java,69,java:S5547,CRITICAL,Use a strong cipher algorithm.,sonarqube
BenchmarkTest00124,owasp-benchmark:data/benchmark/src/main/java/org/owasp/benchmark/testcode/BenchmarkTest00124.java,69,java:S5542,CRITICAL,Use another cipher mode or disable padding.,sonarqube
BenchmarkTest00125,owasp-benchmark:data/benchmark/src/main/java/org/owasp/benchmark/testcode/BenchmarkTest00125.java,64,java:S5542,CRITICAL,Use another cipher mode or disable padding.,sonarqube
BenchmarkTest00125,owasp-benchmark:data/benchmark/src/main/java/org/owasp/benchmark/testcode/BenchmarkTest00125.java,64,java:S5547,CRITICAL,Use a strong cipher algorithm.,sonarqube
BenchmarkTest00127,owasp-benchmark:data/benchmark/src/main/java/org/owasp/benchmark/testcode/BenchmarkTest00127.java,78,java:S5542,CRITICAL,Use a secure cipher mode.,sonarqube
BenchmarkTest00128,owasp-benchmark:data/benchmark/src/main/java/org/owasp/benchmark/testcode/BenchmarkTest00128.java,73,java:S5542,CRITICAL,Use a secure cipher mode.,sonarqube
BenchmarkTest00129,owasp-benchmark:data/benchmark/src/main/java/org/owasp/benchmark/testcode/BenchmarkTest00129.java,68,java:S5542,CRITICAL,Use a secure cipher mode.,sonarqube
BenchmarkTest00130,owasp-benchmark:data/benchmark/src/main/java/org/owasp/benchmark/testcode/BenchmarkTest00130.java,87,java:S5542,CRITICAL,Use a secure cipher mode.,sonarqube
BenchmarkTest00140,owasp-benchmark:data/benchmark/src/main/java/org/owasp/benchmark/testcode/BenchmarkTest00140.java,63,java:S2245,MAJOR,Make sure that using this pseudorandom number generator is safe here.,sonarqube
BenchmarkTest00141,owasp-benchmark:data/benchmark/src/main/java/org/owasp/benchmark/testcode/BenchmarkTest00141.java,64,java:S4790,CRITICAL,Make sure this weak hash algorithm is not used in a sensitive context here.,sonarqube
BenchmarkTest00141,owasp-benchmark:data/benchmark/src/main/java/org/owasp/benchmark/testcode/BenchmarkTest00141.java,66,java:S4790,CRITICAL,Make sure this weak hash algorithm is not used in a sensitive context here.,sonarqube
BenchmarkTest00160,owasp-benchmark:data/benchmark/src/main/java/org/owasp/benchmark/testcode/BenchmarkTest00160.java,61,java:S2245,MAJOR,Make sure that using this pseudorandom number generator is safe here.,sonarqube
BenchmarkTest00161,owasp-benchmark:data/benchmark/src/main/java/org/owasp/benchmark/testcode/BenchmarkTest00161.java,59,java:S2245,MAJOR,Make sure that using this pseudorandom number generator is safe here.,sonarqube
BenchmarkTest00162,owasp-benchmark:data/benchmark/src/main/java/org/owasp/benchmark/testcode/BenchmarkTest00162.java,53,java:S2245,MAJOR,Make sure that using this pseudorandom number generator is safe here.,sonarqube
BenchmarkTest00163,owasp-benchmark:data/benchmark/src/main/java/org/owasp/benchmark/testcode/BenchmarkTest00163.java,54,java:S2245,MAJOR,Make sure that using this pseudorandom number generator is safe here.,sonarqube
BenchmarkTest00164,owasp-benchmark:data/benchmark/src/main/java/org/owasp/benchmark/testcode/BenchmarkTest00164.java,58,java:S2245,MAJOR,Make sure that using this pseudorandom number generator is safe here.,sonarqube
BenchmarkTest00165,owasp-benchmark:data/benchmark/src/main/java/org/owasp/benchmark/testcode/BenchmarkTest00165.java,56,java:S2245,MAJOR,Make sure that using this pseudorandom number generator is safe here.,sonarqube
BenchmarkTest00166,owasp-benchmark:data/benchmark/src/main/java/org/owasp/benchmark/testcode/BenchmarkTest00166.java,53,java:S2245,MAJOR,Make sure that using this pseudorandom number generator is safe here.,sonarqube
BenchmarkTest00167,owasp-benchmark:data/benchmark/src/main/java/org/owasp/benchmark/testcode/BenchmarkTest00167.java,60,java:S2245,MAJOR,Make sure that using this pseudorandom number generator is safe here.,sonarqube
BenchmarkTest00168,owasp-benchmark:data/benchmark/src/main/java/org/owasp/benchmark/testcode/BenchmarkTest00168.java,58,java:S2245,MAJOR,Make sure that using this pseudorandom number generator is safe here.,sonarqube
BenchmarkTest00190,owasp-benchmark:data/benchmark/src/main/java/org/owasp/benchmark/testcode/BenchmarkTest00190.java,70,java:S2077,MAJOR,Make sure using a dynamically formatted SQL query is safe here.,sonarqube
BenchmarkTest00191,owasp-benchmark:data/benchmark/src/main/java/org/owasp/benchmark/testcode/BenchmarkTest00191.java,79,java:S2077,MAJOR,Make sure using a dynamically formatted SQL query is safe here.,sonarqube
BenchmarkTest00192,owasp-benchmark:data/benchmark/src/main/java/org/owasp/benchmark/testcode/BenchmarkTest00192.java,77,java:S2077,MAJOR,Make sure using a dynamically formatted SQL query is safe here.,sonarqube
BenchmarkTest00193,owasp-benchmark:data/benchmark/src/main/java/org/owasp/benchmark/testcode/BenchmarkTest00193.java,64,java:S2077,MAJOR,Make sure using a dynamically formatted SQL query is safe here.,sonarqube
BenchmarkTest00202,owasp-benchmark:data/benchmark/src/main/java/org/owasp/benchmark/testcode/BenchmarkTest00202.java,79,java:S2077,MAJOR,Make sure using a dynamically formatted SQL query is safe here.,sonarqube
BenchmarkTest00203,owasp-benchmark:data/benchmark/src/main/java/org/owasp/benchmark/testcode/BenchmarkTest00203.java,63,java:S2077,MAJOR,Make sure using a dynamically formatted SQL query is safe here.,sonarqube
BenchmarkTest00204,owasp-benchmark:data/benchmark/src/main/java/org/owasp/benchmark/testcode/BenchmarkTest00204.java,60,java:S2077,MAJOR,Make sure using a dynamically formatted SQL query is safe here.,sonarqube
BenchmarkTest00205,owasp-benchmark:data/benchmark/src/main/java/org/owasp/benchmark/testcode/BenchmarkTest00205.java,68,java:S2077,MAJOR,Make sure using a dynamically formatted SQL query is safe here.,sonarqube
BenchmarkTest00206,owasp-benchmark:data/benchmark/src/main/java/org/owasp/benchmark/testcode/BenchmarkTest00206.java,79,java:S2077,MAJOR,Make sure using a dynamically formatted SQL query is safe here.,sonarqube
BenchmarkTest00208,owasp-benchmark:data/benchmark/src/main/java/org/owasp/benchmark/testcode/BenchmarkTest00208.java,80,java:S5542,CRITICAL,Use another cipher mode or disable padding.,sonarqube
BenchmarkTest00208,owasp-benchmark:data/benchmark/src/main/java/org/owasp/benchmark/testcode/BenchmarkTest00208.java,80,java:S5547,CRITICAL,Use a strong cipher algorithm.,sonarqube
BenchmarkTest00210,owasp-benchmark:data/benchmark/src/main/java/org/owasp/benchmark/testcode/BenchmarkTest00210.java,77,java:S5542,CRITICAL,Use another cipher mode or disable padding.,sonarqube
BenchmarkTest00210,owasp-benchmark:data/benchmark/src/main/java/org/owasp/benchmark/testcode/BenchmarkTest00210.java,77,java:S5547,CRITICAL,Use a strong cipher algorithm.,sonarqube
BenchmarkTest00213,owasp-benchmark:data/benchmark/src/main/java/org/owasp/benchmark/testcode/BenchmarkTest00213.java,88,java:S5542,CRITICAL,Use a secure cipher mode.,sonarqube
BenchmarkTest00214,owasp-benchmark:data/benchmark/src/main/java/org/owasp/benchmark/testcode/BenchmarkTest00214.java,78,java:S5542,CRITICAL,Use a secure cipher mode.,sonarqube
BenchmarkTest00223,owasp-benchmark:data/benchmark/src/main/java/org/owasp/benchmark/testcode/BenchmarkTest00223.java,74,java:S4790,CRITICAL,Make sure this weak hash algorithm is not used in a sensitive context here.,sonarqube
BenchmarkTest00223,owasp-benchmark:data/benchmark/src/main/java/org/owasp/benchmark/testcode/BenchmarkTest00223.java,76,java:S4790,CRITICAL,Make sure this weak hash algorithm is not used in a sensitive context here.,sonarqube
BenchmarkTest00230,owasp-benchmark:data/benchmark/src/main/java/org/owasp/benchmark/testcode/BenchmarkTest00230.java,67,java:S2245,MAJOR,Make sure that using this pseudorandom number generator is safe here.,sonarqube
BenchmarkTest00231,owasp-benchmark:data/benchmark/src/main/java/org/owasp/benchmark/testcode/BenchmarkTest00231.java,68,java:S2245,MAJOR,Make sure that using this pseudorandom number generator is safe here.,sonarqube
BenchmarkTest00232,owasp-benchmark:data/benchmark/src/main/java/org/owasp/benchmark/testcode/BenchmarkTest00232.java,69,java:S2245,MAJOR,Make sure that using this pseudorandom number generator is safe here.,sonarqube
BenchmarkTest00233,owasp-benchmark:data/benchmark/src/main/java/org/owasp/benchmark/testcode/BenchmarkTest00233.java,65,java:S2245,MAJOR,Make sure that using this pseudorandom number generator is safe here.,sonarqube
BenchmarkTest00234,owasp-benchmark:data/benchmark/src/main/java/org/owasp/benchmark/testcode/BenchmarkTest00234.java,69,java:S2245,MAJOR,Make sure that using this pseudorandom number generator is safe here.,sonarqube
BenchmarkTest00235,owasp-benchmark:data/benchmark/src/main/java/org/owasp/benchmark/testcode/BenchmarkTest00235.java,65,java:S2245,MAJOR,Make sure that using this pseudorandom number generator is safe here.,sonarqube
BenchmarkTest00236,owasp-benchmark:data/benchmark/src/main/java/org/owasp/benchmark/testcode/BenchmarkTest00236.java,68,java:S2245,MAJOR,Make sure that using this pseudorandom number generator is safe here.,sonarqube
BenchmarkTest00237,owasp-benchmark:data/benchmark/src/main/java/org/owasp/benchmark/testcode/BenchmarkTest00237.java,82,java:S2245,MAJOR,Make sure that using this pseudorandom number generator is safe here.,sonarqube
BenchmarkTest00238,owasp-benchmark:data/benchmark/src/main/java/org/owasp/benchmark/testcode/BenchmarkTest00238.java,70,java:S2245,MAJOR,Make sure that using this pseudorandom number generator is safe here.,sonarqube
BenchmarkTest00239,owasp-benchmark:data/benchmark/src/main/java/org/owasp/benchmark/testcode/BenchmarkTest00239.java,83,java:S2245,MAJOR,Make sure that using this pseudorandom number generator is safe here.,sonarqube
BenchmarkTest00240,owasp-benchmark:data/benchmark/src/main/java/org/owasp/benchmark/testcode/BenchmarkTest00240.java,65,java:S2245,MAJOR,Make sure that using this pseudorandom number generator is safe here.,sonarqube
BenchmarkTest00254,owasp-benchmark:data/benchmark/src/main/java/org/owasp/benchmark/testcode/BenchmarkTest00254.java,75,java:S5542,CRITICAL,Use another cipher mode or disable padding.,sonarqube
BenchmarkTest00254,owasp-benchmark:data/benchmark/src/main/java/org/owasp/benchmark/testcode/BenchmarkTest00254.java,75,java:S5547,CRITICAL,Use a strong cipher algorithm.,sonarqube
BenchmarkTest00256,owasp-benchmark:data/benchmark/src/main/java/org/owasp/benchmark/testcode/BenchmarkTest00256.java,77,java:S5547,CRITICAL,Use a strong cipher algorithm.,sonarqube
BenchmarkTest00256,owasp-benchmark:data/benchmark/src/main/java/org/owasp/benchmark/testcode/BenchmarkTest00256.java,77,java:S5542,CRITICAL,Use another cipher mode or disable padding.,sonarqube
BenchmarkTest00257,owasp-benchmark:data/benchmark/src/main/java/org/owasp/benchmark/testcode/BenchmarkTest00257.java,68,java:S5542,CRITICAL,Use another cipher mode or disable padding.,sonarqube
BenchmarkTest00257,owasp-benchmark:data/benchmark/src/main/java/org/owasp/benchmark/testcode/BenchmarkTest00257.java,68,java:S5547,CRITICAL,Use a strong cipher algorithm.,sonarqube
BenchmarkTest00258,owasp-benchmark:data/benchmark/src/main/java/org/owasp/benchmark/testcode/BenchmarkTest00258.java,67,java:S5547,CRITICAL,Use a strong cipher algorithm.,sonarqube
BenchmarkTest00258,owasp-benchmark:data/benchmark/src/main/java/org/owasp/benchmark/testcode/BenchmarkTest00258.java,67,java:S5542,CRITICAL,Use another cipher mode or disable padding.,sonarqube
BenchmarkTest00266,owasp-benchmark:data/benchmark/src/main/java/org/owasp/benchmark/testcode/BenchmarkTest00266.java,66,java:S4790,CRITICAL,Make sure this weak hash algorithm is not used in a sensitive context here.,sonarqube
BenchmarkTest00266,owasp-benchmark:data/benchmark/src/main/java/org/owasp/benchmark/testcode/BenchmarkTest00266.java,68,java:S4790,CRITICAL,Make sure this weak hash algorithm is not used in a sensitive context here.,sonarqube
BenchmarkTest00267,owasp-benchmark:data/benchmark/src/main/java/org/owasp/benchmark/testcode/BenchmarkTest00267.java,62,java:S4790,CRITICAL,Make sure this weak hash algorithm is not used in a sensitive context here.,sonarqube
BenchmarkTest00267,owasp-benchmark:data/benchmark/src/main/java/org/owasp/benchmark/testcode/BenchmarkTest00267.java,64,java:S4790,CRITICAL,Make sure this weak hash algorithm is not used in a sensitive context here.,sonarqube
BenchmarkTest00268,owasp-benchmark:data/benchmark/src/main/java/org/owasp/benchmark/testcode/BenchmarkTest00268.java,61,java:S4790,CRITICAL,Make sure this weak hash algorithm is not used in a sensitive context here.,sonarqube
BenchmarkTest00269,owasp-benchmark:data/benchmark/src/main/java/org/owasp/benchmark/testcode/BenchmarkTest00269.java,61,java:S4790,CRITICAL,Make sure this weak hash algorithm is not used in a sensitive context here.,sonarqube
BenchmarkTest00272,owasp-benchmark:data/benchmark/src/main/java/org/owasp/benchmark/testcode/BenchmarkTest00272.java,75,java:S4790,CRITICAL,Make sure this weak hash algorithm is not used in a sensitive context here.,sonarqube
BenchmarkTest00296,owasp-benchmark:data/benchmark/src/main/java/org/owasp/benchmark/testcode/BenchmarkTest00296.java,60,java:S2245,MAJOR,Make sure that using this pseudorandom number generator is safe here.,sonarqube
BenchmarkTest00297,owasp-benchmark:data/benchmark/src/main/java/org/owasp/benchmark/testcode/BenchmarkTest00297.java,57,java:S2245,MAJOR,Make sure that using this pseudorandom number generator is safe here.,sonarqube
BenchmarkTest00298,owasp-benchmark:data/benchmark/src/main/java/org/owasp/benchmark/testcode/BenchmarkTest00298.java,60,java:S2245,MAJOR,Make sure that using this pseudorandom number generator is safe here.,sonarqube
BenchmarkTest00299,owasp-benchmark:data/benchmark/src/main/java/org/owasp/benchmark/testcode/BenchmarkTest00299.java,60,java:S2245,MAJOR,Make sure that using this pseudorandom number generator is safe here.,sonarqube
BenchmarkTest00328,owasp-benchmark:data/benchmark/src/main/java/org/owasp/benchmark/testcode/BenchmarkTest00328.java,65,java:S2077,MAJOR,Make sure using a dynamically formatted SQL query is safe here.,sonarqube
BenchmarkTest00329,owasp-benchmark:data/benchmark/src/main/java/org/owasp/benchmark/testcode/BenchmarkTest00329.java,65,java:S2077,MAJOR,Make sure using a dynamically formatted SQL query is safe here.,sonarqube
BenchmarkTest00330,owasp-benchmark:data/benchmark/src/main/java/org/owasp/benchmark/testcode/BenchmarkTest00330.java,81,java:S2077,MAJOR,Make sure using a dynamically formatted SQL query is safe here.,sonarqube
BenchmarkTest00331,owasp-benchmark:data/benchmark/src/main/java/org/owasp/benchmark/testcode/BenchmarkTest00331.java,66,java:S2077,MAJOR,Make sure using a dynamically formatted SQL query is safe here.,sonarqube
BenchmarkTest00332,owasp-benchmark:data/benchmark/src/main/java/org/owasp/benchmark/testcode/BenchmarkTest00332.java,81,java:S2077,MAJOR,Make sure using a dynamically formatted SQL query is safe here.,sonarqube
BenchmarkTest00333,owasp-benchmark:data/benchmark/src/main/java/org/owasp/benchmark/testcode/BenchmarkTest00333.java,65,java:S2077,MAJOR,Make sure using a dynamically formatted SQL query is safe here.,sonarqube
BenchmarkTest00334,owasp-benchmark:data/benchmark/src/main/java/org/owasp/benchmark/testcode/BenchmarkTest00334.java,83,java:S2077,MAJOR,Make sure using a dynamically formatted SQL query is safe here.,sonarqube
BenchmarkTest00335,owasp-benchmark:data/benchmark/src/main/java/org/owasp/benchmark/testcode/BenchmarkTest00335.java,66,java:S2077,MAJOR,Make sure using a dynamically formatted SQL query is safe here.,sonarqube
BenchmarkTest00342,owasp-benchmark:data/benchmark/src/main/java/org/owasp/benchmark/testcode/BenchmarkTest00342.java,70,java:S2077,MAJOR,Make sure using a dynamically formatted SQL query is safe here.,sonarqube
BenchmarkTest00343,owasp-benchmark:data/benchmark/src/main/java/org/owasp/benchmark/testcode/BenchmarkTest00343.java,65,java:S2077,MAJOR,Make sure using a dynamically formatted SQL query is safe here.,sonarqube
BenchmarkTest00344,owasp-benchmark:data/benchmark/src/main/java/org/owasp/benchmark/testcode/BenchmarkTest00344.java,65,java:S2077,MAJOR,Make sure using a dynamically formatted SQL query is safe here.,sonarqube
BenchmarkTest00346,owasp-benchmark:data/benchmark/src/main/java/org/owasp/benchmark/testcode/BenchmarkTest00346.java,53,java:S4790,CRITICAL,Make sure this weak hash algorithm is not used in a sensitive context here.,sonarqube
BenchmarkTest00346,owasp-benchmark:data/benchmark/src/main/java/org/owasp/benchmark/testcode/BenchmarkTest00346.java,55,java:S4790,CRITICAL,Make sure this weak hash algorithm is not used in a sensitive context here.,sonarqube
BenchmarkTest00347,owasp-benchmark:data/benchmark/src/main/java/org/owasp/benchmark/testcode/BenchmarkTest00347.java,47,java:S2245,MAJOR,Make sure that using this pseudorandom number generator is safe here.,sonarqube
BenchmarkTest00354,owasp-benchmark:data/benchmark/src/main/java/org/owasp/benchmark/testcode/BenchmarkTest00354.java,60,java:S5542,CRITICAL,Use a secure cipher mode.,sonarqube
BenchmarkTest00354,owasp-benchmark:data/benchmark/src/main/java/org/owasp/benchmark/testcode/BenchmarkTest00354.java,60,java:S5547,CRITICAL,Use a strong cipher algorithm.,sonarqube
BenchmarkTest00355,owasp-benchmark:data/benchmark/src/main/java/org/owasp/benchmark/testcode/BenchmarkTest00355.java,73,java:S5547,CRITICAL,Use a strong cipher algorithm.,sonarqube
BenchmarkTest00355,owasp-benchmark:data/benchmark/src/main/java/org/owasp/benchmark/testcode/BenchmarkTest00355.java,73,java:S5542,CRITICAL,Use a secure cipher mode.,sonarqube
BenchmarkTest00356,owasp-benchmark:data/benchmark/src/main/java/org/owasp/benchmark/testcode/BenchmarkTest00356.java,58,java:S5547,CRITICAL,Use a strong cipher algorithm.,sonarqube
BenchmarkTest00356,owasp-benchmark:data/benchmark/src/main/java/org/owasp/benchmark/testcode/BenchmarkTest00356.java,58,java:S5542,CRITICAL,Use a secure cipher mode.,sonarqube
BenchmarkTest00357,owasp-benchmark:data/benchmark/src/main/java/org/owasp/benchmark/testcode/BenchmarkTest00357.java,63,java:S5542,CRITICAL,Use a secure cipher mode.,sonarqube
BenchmarkTest00358,owasp-benchmark:data/benchmark/src/main/java/org/owasp/benchmark/testcode/BenchmarkTest00358.java,64,java:S5542,CRITICAL,Use a secure cipher mode.,sonarqube
BenchmarkTest00368,owasp-benchmark:data/benchmark/src/main/java/org/owasp/benchmark/testcode/BenchmarkTest00368.java,48,java:S2245,MAJOR,Make sure that using this pseudorandom number generator is safe here.,sonarqube
BenchmarkTest00369,owasp-benchmark:data/benchmark/src/main/java/org/owasp/benchmark/testcode/BenchmarkTest00369.java,51,java:S2245,MAJOR,Make sure that using this pseudorandom number generator is safe here.,sonarqube
BenchmarkTest00371,owasp-benchmark:data/benchmark/src/main/java/org/owasp/benchmark/testcode/BenchmarkTest00371.java,54,java:S4790,CRITICAL,Make sure this weak hash algorithm is not used in a sensitive context here.,sonarqube
BenchmarkTest00372,owasp-benchmark:data/benchmark/src/main/java/org/owasp/benchmark/testcode/BenchmarkTest00372.java,54,java:S4790,CRITICAL,Make sure this weak hash algorithm is not used in a sensitive context here.,sonarqube
BenchmarkTest00397,owasp-benchmark:data/benchmark/src/main/java/org/owasp/benchmark/testcode/BenchmarkTest00397.java,50,java:S2245,MAJOR,Make sure that using this pseudorandom number generator is safe here.,sonarqube
BenchmarkTest00398,owasp-benchmark:data/benchmark/src/main/java/org/owasp/benchmark/testcode/BenchmarkTest00398.java,54,java:S2245,MAJOR,Make sure that using this pseudorandom number generator is safe here.,sonarqube
BenchmarkTest00399,owasp-benchmark:data/benchmark/src/main/java/org/owasp/benchmark/testcode/BenchmarkTest00399.java,69,java:S2245,MAJOR,Make sure that using this pseudorandom number generator is safe here.,sonarqube
BenchmarkTest00400,owasp-benchmark:data/benchmark/src/main/java/org/owasp/benchmark/testcode/BenchmarkTest00400.java,67,java:S2245,MAJOR,Make sure that using this pseudorandom number generator is safe here.,sonarqube
BenchmarkTest00401,owasp-benchmark:data/benchmark/src/main/java/org/owasp/benchmark/testcode/BenchmarkTest00401.java,55,java:S2245,MAJOR,Make sure that using this pseudorandom number generator is safe here.,sonarqube
BenchmarkTest00402,owasp-benchmark:data/benchmark/src/main/java/org/owasp/benchmark/testcode/BenchmarkTest00402.java,52,java:S2245,MAJOR,Make sure that using this pseudorandom number generator is safe here.,sonarqube
BenchmarkTest00428,owasp-benchmark:data/benchmark/src/main/java/org/owasp/benchmark/testcode/BenchmarkTest00428.java,63,java:S2077,MAJOR,Make sure using a dynamically formatted SQL query is safe here.,sonarqube
BenchmarkTest00429,owasp-benchmark:data/benchmark/src/main/java/org/owasp/benchmark/testcode/BenchmarkTest00429.java,60,java:S2077,MAJOR,Make sure using a dynamically formatted SQL query is safe here.,sonarqube
BenchmarkTest00430,owasp-benchmark:data/benchmark/src/main/java/org/owasp/benchmark/testcode/BenchmarkTest00430.java,60,java:S2077,MAJOR,Make sure using a dynamically formatted SQL query is safe here.,sonarqube
BenchmarkTest00435,owasp-benchmark:data/benchmark/src/main/java/org/owasp/benchmark/testcode/BenchmarkTest00435.java,58,java:S2077,MAJOR,Make sure using a dynamically formatted SQL query is safe here.,sonarqube
BenchmarkTest00436,owasp-benchmark:data/benchmark/src/main/java/org/owasp/benchmark/testcode/BenchmarkTest00436.java,58,java:S2077,MAJOR,Make sure using a dynamically formatted SQL query is safe here.,sonarqube
BenchmarkTest00437,owasp-benchmark:data/benchmark/src/main/java/org/owasp/benchmark/testcode/BenchmarkTest00437.java,58,java:S2077,MAJOR,Make sure using a dynamically formatted SQL query is safe here.,sonarqube
BenchmarkTest00438,owasp-benchmark:data/benchmark/src/main/java/org/owasp/benchmark/testcode/BenchmarkTest00438.java,58,java:S2077,MAJOR,Make sure using a dynamically formatted SQL query is safe here.,sonarqube
BenchmarkTest00439,owasp-benchmark:data/benchmark/src/main/java/org/owasp/benchmark/testcode/BenchmarkTest00439.java,53,java:S2077,MAJOR,Make sure using a dynamically formatted SQL query is safe here.,sonarqube
BenchmarkTest00440,owasp-benchmark:data/benchmark/src/main/java/org/owasp/benchmark/testcode/BenchmarkTest00440.java,59,java:S2077,MAJOR,Make sure using a dynamically formatted SQL query is safe here.,sonarqube
BenchmarkTest00441,owasp-benchmark:data/benchmark/src/main/java/org/owasp/benchmark/testcode/BenchmarkTest00441.java,55,java:S2077,MAJOR,Make sure using a dynamically formatted SQL query is safe here.,sonarqube
BenchmarkTest00445,owasp-benchmark:data/benchmark/src/main/java/org/owasp/benchmark/testcode/BenchmarkTest00445.java,83,java:S5547,CRITICAL,Use a strong cipher algorithm.,sonarqube
BenchmarkTest00445,owasp-benchmark:data/benchmark/src/main/java/org/owasp/benchmark/testcode/BenchmarkTest00445.java,83,java:S5542,CRITICAL,Use another cipher mode or disable padding.,sonarqube
BenchmarkTest00446,owasp-benchmark:data/benchmark/src/main/java/org/owasp/benchmark/testcode/BenchmarkTest00446.java,68,java:S5547,CRITICAL,Use a strong cipher algorithm.,sonarqube
BenchmarkTest00446,owasp-benchmark:data/benchmark/src/main/java/org/owasp/benchmark/testcode/BenchmarkTest00446.java,68,java:S5542,CRITICAL,Use another cipher mode or disable padding.,sonarqube
BenchmarkTest00448,owasp-benchmark:data/benchmark/src/main/java/org/owasp/benchmark/testcode/BenchmarkTest00448.java,62,java:S5542,CRITICAL,Use a secure cipher mode.,sonarqube
BenchmarkTest00448,owasp-benchmark:data/benchmark/src/main/java/org/owasp/benchmark/testcode/BenchmarkTest00448.java,62,java:S5547,CRITICAL,Use a strong cipher algorithm.,sonarqube
BenchmarkTest00449,owasp-benchmark:data/benchmark/src/main/java/org/owasp/benchmark/testcode/BenchmarkTest00449.java,60,java:S5547,CRITICAL,Use a strong cipher algorithm.,sonarqube
BenchmarkTest00449,owasp-benchmark:data/benchmark/src/main/java/org/owasp/benchmark/testcode/BenchmarkTest00449.java,60,java:S5542,CRITICAL,Use a secure cipher mode.,sonarqube
BenchmarkTest00450,owasp-benchmark:data/benchmark/src/main/java/org/owasp/benchmark/testcode/BenchmarkTest00450.java,87,java:S5542,CRITICAL,Use a secure cipher mode.,sonarqube
BenchmarkTest00451,owasp-benchmark:data/benchmark/src/main/java/org/owasp/benchmark/testcode/BenchmarkTest00451.java,72,java:S5542,CRITICAL,Use a secure cipher mode.,sonarqube
BenchmarkTest00461,owasp-benchmark:data/benchmark/src/main/java/org/owasp/benchmark/testcode/BenchmarkTest00461.java,52,java:S2245,MAJOR,Make sure that using this pseudorandom number generator is safe here.,sonarqube
BenchmarkTest00462,owasp-benchmark:data/benchmark/src/main/java/org/owasp/benchmark/testcode/BenchmarkTest00462.java,68,java:S4790,CRITICAL,Make sure this weak hash algorithm is not used in a sensitive context here.,sonarqube
BenchmarkTest00462,owasp-benchmark:data/benchmark/src/main/java/org/owasp/benchmark/testcode/BenchmarkTest00462.java,70,java:S4790,CRITICAL,Make sure this weak hash algorithm is not used in a sensitive context here.,sonarqube
BenchmarkTest00464,owasp-benchmark:data/benchmark/src/main/java/org/owasp/benchmark/testcode/BenchmarkTest00464.java,56,java:S4790,CRITICAL,Make sure this weak hash algorithm is not used in a sensitive context here.,sonarqube
BenchmarkTest00465,owasp-benchmark:data/benchmark/src/main/java/org/owasp/benchmark/testcode/BenchmarkTest00465.java,56,java:S4790,CRITICAL,Make sure this weak hash algorithm is not used in a sensitive context here.,sonarqube
BenchmarkTest00482,owasp-benchmark:data/benchmark/src/main/java/org/owasp/benchmark/testcode/BenchmarkTest00482.java,53,java:S2245,MAJOR,Make sure that using this pseudorandom number generator is safe here.,sonarqube
BenchmarkTest00483,owasp-benchmark:data/benchmark/src/main/java/org/owasp/benchmark/testcode/BenchmarkTest00483.java,58,java:S2245,MAJOR,Make sure that using this pseudorandom number generator is safe here.,sonarqube
BenchmarkTest00484,owasp-benchmark:data/benchmark/src/main/java/org/owasp/benchmark/testcode/BenchmarkTest00484.java,57,java:S2245,MAJOR,Make sure that using this pseudorandom number generator is safe here.,sonarqube
BenchmarkTest00485,owasp-benchmark:data/benchmark/src/main/java/org/owasp/benchmark/testcode/BenchmarkTest00485.java,54,java:S2245,MAJOR,Make sure that using this pseudorandom number generator is safe here.,sonarqube
BenchmarkTest00486,owasp-benchmark:data/benchmark/src/main/java/org/owasp/benchmark/testcode/BenchmarkTest00486.java,52,java:S2245,MAJOR,Make sure that using this pseudorandom number generator is safe here.,sonarqube
BenchmarkTest00487,owasp-benchmark:data/benchmark/src/main/java/org/owasp/benchmark/testcode/BenchmarkTest00487.java,57,java:S2245,MAJOR,Make sure that using this pseudorandom number generator is safe here.,sonarqube
BenchmarkTest00488,owasp-benchmark:data/benchmark/src/main/java/org/owasp/benchmark/testcode/BenchmarkTest00488.java,62,java:S2245,MAJOR,Make sure that using this pseudorandom number generator is safe here.,sonarqube
BenchmarkTest00489,owasp-benchmark:data/benchmark/src/main/java/org/owasp/benchmark/testcode/BenchmarkTest00489.java,57,java:S2245,MAJOR,Make sure that using this pseudorandom number generator is safe here.,sonarqube
BenchmarkTest00490,owasp-benchmark:data/benchmark/src/main/java/org/owasp/benchmark/testcode/BenchmarkTest00490.java,62,java:S2245,MAJOR,Make sure that using this pseudorandom number generator is safe here.,sonarqube
BenchmarkTest00509,owasp-benchmark:data/benchmark/src/main/java/org/owasp/benchmark/testcode/BenchmarkTest00509.java,65,java:S2077,MAJOR,Make sure using a dynamically formatted SQL query is safe here.,sonarqube
BenchmarkTest00510,owasp-benchmark:data/benchmark/src/main/java/org/owasp/benchmark/testcode/BenchmarkTest00510.java,78,java:S2077,MAJOR,Make sure using a dynamically formatted SQL query is safe here.,sonarqube
BenchmarkTest00512,owasp-benchmark:data/benchmark/src/main/java/org/owasp/benchmark/testcode/BenchmarkTest00512.java,57,java:S2077,MAJOR,Make sure using a dynamically formatted SQL query is safe here.,sonarqube
BenchmarkTest00513,owasp-benchmark:data/benchmark/src/main/java/org/owasp/benchmark/testcode/BenchmarkTest00513.java,63,java:S2077,MAJOR,Make sure using a dynamically formatted SQL query is safe here.,sonarqube
BenchmarkTest00514,owasp-benchmark:data/benchmark/src/main/java/org/owasp/benchmark/testcode/BenchmarkTest00514.java,62,java:S2077,MAJOR,Make sure using a dynamically formatted SQL query is safe here.,sonarqube
BenchmarkTest00515,owasp-benchmark:data/benchmark/src/main/java/org/owasp/benchmark/testcode/BenchmarkTest00515.java,67,java:S2077,MAJOR,Make sure using a dynamically formatted SQL query is safe here.,sonarqube
BenchmarkTest00516,owasp-benchmark:data/benchmark/src/main/java/org/owasp/benchmark/testcode/BenchmarkTest00516.java,76,java:S2077,MAJOR,Make sure using a dynamically formatted SQL query is safe here.,sonarqube
BenchmarkTest00517,owasp-benchmark:data/benchmark/src/main/java/org/owasp/benchmark/testcode/BenchmarkTest00517.java,62,java:S2077,MAJOR,Make sure using a dynamically formatted SQL query is safe here.,sonarqube
BenchmarkTest00518,owasp-benchmark:data/benchmark/src/main/java/org/owasp/benchmark/testcode/BenchmarkTest00518.java,59,java:S2077,MAJOR,Make sure using a dynamically formatted SQL query is safe here.,sonarqube
BenchmarkTest00519,owasp-benchmark:data/benchmark/src/main/java/org/owasp/benchmark/testcode/BenchmarkTest00519.java,63,java:S2077,MAJOR,Make sure using a dynamically formatted SQL query is safe here.,sonarqube
BenchmarkTest00521,owasp-benchmark:data/benchmark/src/main/java/org/owasp/benchmark/testcode/BenchmarkTest00521.java,80,java:S5542,CRITICAL,Use another cipher mode or disable padding.,sonarqube
BenchmarkTest00521,owasp-benchmark:data/benchmark/src/main/java/org/owasp/benchmark/testcode/BenchmarkTest00521.java,80,java:S5547,CRITICAL,Use a strong cipher algorithm.,sonarqube
BenchmarkTest00522,owasp-benchmark:data/benchmark/src/main/java/org/owasp/benchmark/testcode/BenchmarkTest00522.java,79,java:S5542,CRITICAL,Use another cipher mode or disable padding.,sonarqube
BenchmarkTest00522,owasp-benchmark:data/benchmark/src/main/java/org/owasp/benchmark/testcode/BenchmarkTest00522.java,79,java:S5547,CRITICAL,Use a strong cipher algorithm.,sonarqube
BenchmarkTest00524,owasp-benchmark:data/benchmark/src/main/java/org/owasp/benchmark/testcode/BenchmarkTest00524.java,97,java:S5542,CRITICAL,Use a secure cipher mode.,sonarqube
BenchmarkTest00531,owasp-benchmark:data/benchmark/src/main/java/org/owasp/benchmark/testcode/BenchmarkTest00531.java,73,java:S4790,CRITICAL,Make sure this weak hash algorithm is not used in a sensitive context here.,sonarqube
BenchmarkTest00531,owasp-benchmark:data/benchmark/src/main/java/org/owasp/benchmark/testcode/BenchmarkTest00531.java,75,java:S4790,CRITICAL,Make sure this weak hash algorithm is not used in a sensitive context here.,sonarqube
BenchmarkTest00532,owasp-benchmark:data/benchmark/src/main/java/org/owasp/benchmark/testcode/BenchmarkTest00532.java,83,java:S4790,CRITICAL,Make sure this weak hash algorithm is not used in a sensitive context here.,sonarqube
BenchmarkTest00533,owasp-benchmark:data/benchmark/src/main/java/org/owasp/benchmark/testcode/BenchmarkTest00533.java,73,java:S4790,CRITICAL,Make sure this weak hash algorithm is not used in a sensitive context here.,sonarqube
BenchmarkTest00534,owasp-benchmark:data/benchmark/src/main/java/org/owasp/benchmark/testcode/BenchmarkTest00534.java,82,java:S4790,CRITICAL,Make sure this weak hash algorithm is not used in a sensitive context here.,sonarqube
BenchmarkTest00536,owasp-benchmark:data/benchmark/src/main/java/org/owasp/benchmark/testcode/BenchmarkTest00536.java,68,java:S4790,CRITICAL,Make sure this weak hash algorithm is not used in a sensitive context here.,sonarqube
BenchmarkTest00537,owasp-benchmark:data/benchmark/src/main/java/org/owasp/benchmark/testcode/BenchmarkTest00537.java,63,java:S4790,CRITICAL,Make sure this weak hash algorithm is not used in a sensitive context here.,sonarqube
BenchmarkTest00560,owasp-benchmark:data/benchmark/src/main/java/org/owasp/benchmark/testcode/BenchmarkTest00560.java,67,java:S2245,MAJOR,Make sure that using this pseudorandom number generator is safe here.,sonarqube
BenchmarkTest00561,owasp-benchmark:data/benchmark/src/main/java/org/owasp/benchmark/testcode/BenchmarkTest00561.java,72,java:S2245,MAJOR,Make sure that using this pseudorandom number generator is safe here.,sonarqube
BenchmarkTest00562,owasp-benchmark:data/benchmark/src/main/java/org/owasp/benchmark/testcode/BenchmarkTest00562.java,81,java:S2245,MAJOR,Make sure that using this pseudorandom number generator is safe here.,sonarqube
BenchmarkTest00563,owasp-benchmark:data/benchmark/src/main/java/org/owasp/benchmark/testcode/BenchmarkTest00563.java,62,java:S2245,MAJOR,Make sure that using this pseudorandom number generator is safe here.,sonarqube
BenchmarkTest00564,owasp-benchmark:data/benchmark/src/main/java/org/owasp/benchmark/testcode/BenchmarkTest00564.java,63,java:S2245,MAJOR,Make sure that using this pseudorandom number generator is safe here.,sonarqube
BenchmarkTest00589,owasp-benchmark:data/benchmark/src/main/java/org/owasp/benchmark/testcode/BenchmarkTest00589.java,79,java:S2077,MAJOR,Make sure using a dynamically formatted SQL query is safe here.,sonarqube
BenchmarkTest00590,owasp-benchmark:data/benchmark/src/main/java/org/owasp/benchmark/testcode/BenchmarkTest00590.java,74,java:S2077,MAJOR,Make sure using a dynamically formatted SQL query is safe here.,sonarqube
BenchmarkTest00591,owasp-benchmark:data/benchmark/src/main/java/org/owasp/benchmark/testcode/BenchmarkTest00591.java,70,java:S2077,MAJOR,Make sure using a dynamically formatted SQL query is safe here.,sonarqube
BenchmarkTest00592,owasp-benchmark:data/benchmark/src/main/java/org/owasp/benchmark/testcode/BenchmarkTest00592.java,90,java:S2077,MAJOR,Make sure using a dynamically formatted SQL query is safe here.,sonarqube
BenchmarkTest00593,owasp-benchmark:data/benchmark/src/main/java/org/owasp/benchmark/testcode/BenchmarkTest00593.java,88,java:S2077,MAJOR,Make sure using a dynamically formatted SQL query is safe here.,sonarqube
BenchmarkTest00594,owasp-benchmark:data/benchmark/src/main/java/org/owasp/benchmark/testcode/BenchmarkTest00594.java,73,java:S2077,MAJOR,Make sure using a dynamically formatted SQL query is safe here.,sonarqube
BenchmarkTest00595,owasp-benchmark:data/benchmark/src/main/java/org/owasp/benchmark/testcode/BenchmarkTest00595.java,73,java:S2077,MAJOR,Make sure using a dynamically formatted SQL query is safe here.,sonarqube
BenchmarkTest00601,owasp-benchmark:data/benchmark/src/main/java/org/owasp/benchmark/testcode/BenchmarkTest00601.java,72,java:S2077,MAJOR,Make sure using a dynamically formatted SQL query is safe here.,sonarqube
BenchmarkTest00602,owasp-benchmark:data/benchmark/src/main/java/org/owasp/benchmark/testcode/BenchmarkTest00602.java,77,java:S2077,MAJOR,Make sure using a dynamically formatted SQL query is safe here.,sonarqube
BenchmarkTest00603,owasp-benchmark:data/benchmark/src/main/java/org/owasp/benchmark/testcode/BenchmarkTest00603.java,69,java:S2077,MAJOR,Make sure using a dynamically formatted SQL query is safe here.,sonarqube
BenchmarkTest00604,owasp-benchmark:data/benchmark/src/main/java/org/owasp/benchmark/testcode/BenchmarkTest00604.java,74,java:S2077,MAJOR,Make sure using a dynamically formatted SQL query is safe here.,sonarqube
BenchmarkTest00605,owasp-benchmark:data/benchmark/src/main/java/org/owasp/benchmark/testcode/BenchmarkTest00605.java,72,java:S2077,MAJOR,Make sure using a dynamically formatted SQL query is safe here.,sonarqube
BenchmarkTest00606,owasp-benchmark:data/benchmark/src/main/java/org/owasp/benchmark/testcode/BenchmarkTest00606.java,72,java:S2077,MAJOR,Make sure using a dynamically formatted SQL query is safe here.,sonarqube
BenchmarkTest00608,owasp-benchmark:data/benchmark/src/main/java/org/owasp/benchmark/testcode/BenchmarkTest00608.java,73,java:S5542,CRITICAL,Use another cipher mode or disable padding.,sonarqube
BenchmarkTest00608,owasp-benchmark:data/benchmark/src/main/java/org/owasp/benchmark/testcode/BenchmarkTest00608.java,73,java:S5547,CRITICAL,Use a strong cipher algorithm.,sonarqube
BenchmarkTest00609,owasp-benchmark:data/benchmark/src/main/java/org/owasp/benchmark/testcode/BenchmarkTest00609.java,65,java:S5542,CRITICAL,Use another cipher mode or disable padding.,sonarqube
BenchmarkTest00609,owasp-benchmark:data/benchmark/src/main/java/org/owasp/benchmark/testcode/BenchmarkTest00609.java,65,java:S5547,CRITICAL,Use a strong cipher algorithm.,sonarqube
BenchmarkTest00610,owasp-benchmark:data/benchmark/src/main/java/org/owasp/benchmark/testcode/BenchmarkTest00610.java,84,java:S5542,CRITICAL,Use another cipher mode or disable padding.,sonarqube
BenchmarkTest00610,owasp-benchmark:data/benchmark/src/main/java/org/owasp/benchmark/testcode/BenchmarkTest00610.java,84,java:S5547,CRITICAL,Use a strong cipher algorithm.,sonarqube
BenchmarkTest00611,owasp-benchmark:data/benchmark/src/main/java/org/owasp/benchmark/testcode/BenchmarkTest00611.java,68,java:S5542,CRITICAL,Use another cipher mode or disable padding.,sonarqube
BenchmarkTest00611,owasp-benchmark:data/benchmark/src/main/java/org/owasp/benchmark/testcode/BenchmarkTest00611.java,68,java:S5547,CRITICAL,Use a strong cipher algorithm.,sonarqube
BenchmarkTest00614,owasp-benchmark:data/benchmark/src/main/java/org/owasp/benchmark/testcode/BenchmarkTest00614.java,71,java:S5547,CRITICAL,Use a strong cipher algorithm.,sonarqube
BenchmarkTest00614,owasp-benchmark:data/benchmark/src/main/java/org/owasp/benchmark/testcode/BenchmarkTest00614.java,71,java:S5542,CRITICAL,Use another cipher mode or disable padding.,sonarqube
BenchmarkTest00615,owasp-benchmark:data/benchmark/src/main/java/org/owasp/benchmark/testcode/BenchmarkTest00615.java,67,java:S5547,CRITICAL,Use a strong cipher algorithm.,sonarqube
BenchmarkTest00615,owasp-benchmark:data/benchmark/src/main/java/org/owasp/benchmark/testcode/BenchmarkTest00615.java,67,java:S5542,CRITICAL,Use another cipher mode or disable padding.,sonarqube
BenchmarkTest00616,owasp-benchmark:data/benchmark/src/main/java/org/owasp/benchmark/testcode/BenchmarkTest00616.java,55,java:S5547,CRITICAL,Use a strong cipher algorithm.,sonarqube
BenchmarkTest00616,owasp-benchmark:data/benchmark/src/main/java/org/owasp/benchmark/testcode/BenchmarkTest00616.java,55,java:S5542,CRITICAL,Use a secure cipher mode.,sonarqube
BenchmarkTest00617,owasp-benchmark:data/benchmark/src/main/java/org/owasp/benchmark/testcode/BenchmarkTest00617.java,56,java:S5542,CRITICAL,Use a secure cipher mode.,sonarqube
BenchmarkTest00617,owasp-benchmark:data/benchmark/src/main/java/org/owasp/benchmark/testcode/BenchmarkTest00617.java,56,java:S5547,CRITICAL,Use a strong cipher algorithm.,sonarqube
BenchmarkTest00618,owasp-benchmark:data/benchmark/src/main/java/org/owasp/benchmark/testcode/BenchmarkTest00618.java,70,java:S5542,CRITICAL,Use a secure cipher mode.,sonarqube
BenchmarkTest00631,owasp-benchmark:data/benchmark/src/main/java/org/owasp/benchmark/testcode/BenchmarkTest00631.java,57,java:S4790,CRITICAL,Make sure this weak hash algorithm is not used in a sensitive context here.,sonarqube
BenchmarkTest00631,owasp-benchmark:data/benchmark/src/main/java/org/owasp/benchmark/testcode/BenchmarkTest00631.java,59,java:S4790,CRITICAL,Make sure this weak hash algorithm is not used in a sensitive context here.,sonarqube
BenchmarkTest00634,owasp-benchmark:data/benchmark/src/main/java/org/owasp/benchmark/testcode/BenchmarkTest00634.java,61,java:S4790,CRITICAL,Make sure this weak hash algorithm is not used in a sensitive context here.,sonarqube
BenchmarkTest00635,owasp-benchmark:data/benchmark/src/main/java/org/owasp/benchmark/testcode/BenchmarkTest00635.java,51,java:S4790,CRITICAL,Make sure this weak hash algorithm is not used in a sensitive context here.,sonarqube
BenchmarkTest00636,owasp-benchmark:data/benchmark/src/main/java/org/owasp/benchmark/testcode/BenchmarkTest00636.java,51,java:S4790,CRITICAL,Make sure this weak hash algorithm is not used in a sensitive context here.,sonarqube
BenchmarkTest00637,owasp-benchmark:data/benchmark/src/main/java/org/owasp/benchmark/testcode/BenchmarkTest00637.java,56,java:S4790,CRITICAL,Make sure this weak hash algorithm is not used in a sensitive context here.,sonarqube
BenchmarkTest00652,owasp-benchmark:data/benchmark/src/main/java/org/owasp/benchmark/testcode/BenchmarkTest00652.java,53,java:S2245,MAJOR,Make sure that using this pseudorandom number generator is safe here.,sonarqube
BenchmarkTest00653,owasp-benchmark:data/benchmark/src/main/java/org/owasp/benchmark/testcode/BenchmarkTest00653.java,55,java:S2245,MAJOR,Make sure that using this pseudorandom number generator is safe here.,sonarqube
BenchmarkTest00654,owasp-benchmark:data/benchmark/src/main/java/org/owasp/benchmark/testcode/BenchmarkTest00654.java,60,java:S2245,MAJOR,Make sure that using this pseudorandom number generator is safe here.,sonarqube
BenchmarkTest00672,owasp-benchmark:data/benchmark/src/main/java/org/owasp/benchmark/testcode/BenchmarkTest00672.java,60,java:S2077,MAJOR,Make sure using a dynamically formatted SQL query is safe here.,sonarqube
BenchmarkTest00673,owasp-benchmark:data/benchmark/src/main/java/org/owasp/benchmark/testcode/BenchmarkTest00673.java,60,java:S2077,MAJOR,Make sure using a dynamically formatted SQL query is safe here.,sonarqube
BenchmarkTest00674,owasp-benchmark:data/benchmark/src/main/java/org/owasp/benchmark/testcode/BenchmarkTest00674.java,78,java:S2077,MAJOR,Make sure using a dynamically formatted SQL query is safe here.,sonarqube
BenchmarkTest00675,owasp-benchmark:data/benchmark/src/main/java/org/owasp/benchmark/testcode/BenchmarkTest00675.java,61,java:S2077,MAJOR,Make sure using a dynamically formatted SQL query is safe here.,sonarqube
BenchmarkTest00676,owasp-benchmark:data/benchmark/src/main/java/org/owasp/benchmark/testcode/BenchmarkTest00676.java,61,java:S2077,MAJOR,Make sure using a dynamically formatted SQL query is safe here.,sonarqube
BenchmarkTest00680,owasp-benchmark:data/benchmark/src/main/java/org/owasp/benchmark/testcode/BenchmarkTest00680.java,61,java:S2077,MAJOR,Make sure using a dynamically formatted SQL query is safe here.,sonarqube
BenchmarkTest00681,owasp-benchmark:data/benchmark/src/main/java/org/owasp/benchmark/testcode/BenchmarkTest00681.java,55,java:S2077,MAJOR,Make sure using a dynamically formatted SQL query is safe here.,sonarqube
BenchmarkTest00682,owasp-benchmark:data/benchmark/src/main/java/org/owasp/benchmark/testcode/BenchmarkTest00682.java,74,java:S2077,MAJOR,Make sure using a dynamically formatted SQL query is safe here.,sonarqube
BenchmarkTest00684,owasp-benchmark:data/benchmark/src/main/java/org/owasp/benchmark/testcode/BenchmarkTest00684.java,63,java:S5547,CRITICAL,Use a strong cipher algorithm.,sonarqube
BenchmarkTest00684,owasp-benchmark:data/benchmark/src/main/java/org/owasp/benchmark/testcode/BenchmarkTest00684.java,63,java:S5542,CRITICAL,Use another cipher mode or disable padding.,sonarqube
BenchmarkTest00685,owasp-benchmark:data/benchmark/src/main/java/org/owasp/benchmark/testcode/BenchmarkTest00685.java,67,java:S5547,CRITICAL,Use a strong cipher algorithm.,sonarqube
BenchmarkTest00685,owasp-benchmark:data/benchmark/src/main/java/org/owasp/benchmark/testcode/BenchmarkTest00685.java,67,java:S5542,CRITICAL,Use another cipher mode or disable padding.,sonarqube
BenchmarkTest00688,owasp-benchmark:data/benchmark/src/main/java/org/owasp/benchmark/testcode/BenchmarkTest00688.java,69,java:S5542,CRITICAL,Use another cipher mode or disable padding.,sonarqube
BenchmarkTest00688,owasp-benchmark:data/benchmark/src/main/java/org/owasp/benchmark/testcode/BenchmarkTest00688.java,69,java:S5547,CRITICAL,Use a strong cipher algorithm.,sonarqube
BenchmarkTest00691,owasp-benchmark:data/benchmark/src/main/java/org/owasp/benchmark/testcode/BenchmarkTest00691.java,71,java:S5542,CRITICAL,Use another cipher mode or disable padding.,sonarqube
BenchmarkTest00691,owasp-benchmark:data/benchmark/src/main/java/org/owasp/benchmark/testcode/BenchmarkTest00691.java,71,java:S5547,CRITICAL,Use a strong cipher algorithm.,sonarqube
BenchmarkTest00692,owasp-benchmark:data/benchmark/src/main/java/org/owasp/benchmark/testcode/BenchmarkTest00692.java,61,java:S5547,CRITICAL,Use a strong cipher algorithm.,sonarqube
BenchmarkTest00692,owasp-benchmark:data/benchmark/src/main/java/org/owasp/benchmark/testcode/BenchmarkTest00692.java,61,java:S5542,CRITICAL,Use another cipher mode or disable padding.,sonarqube
BenchmarkTest00693,owasp-benchmark:data/benchmark/src/main/java/org/owasp/benchmark/testcode/BenchmarkTest00693.java,64,java:S5547,CRITICAL,Use a strong cipher algorithm.,sonarqube
BenchmarkTest00693,owasp-benchmark:data/benchmark/src/main/java/org/owasp/benchmark/testcode/BenchmarkTest00693.java,64,java:S5542,CRITICAL,Use another cipher mode or disable padding.,sonarqube
BenchmarkTest00702,owasp-benchmark:data/benchmark/src/main/java/org/owasp/benchmark/testcode/BenchmarkTest00702.java,57,java:S2245,MAJOR,Make sure that using this pseudorandom number generator is safe here.,sonarqube
BenchmarkTest00703,owasp-benchmark:data/benchmark/src/main/java/org/owasp/benchmark/testcode/BenchmarkTest00703.java,66,java:S4790,CRITICAL,Make sure this weak hash algorithm is not used in a sensitive context here.,sonarqube
BenchmarkTest00703,owasp-benchmark:data/benchmark/src/main/java/org/owasp/benchmark/testcode/BenchmarkTest00703.java,68,java:S4790,CRITICAL,Make sure this weak hash algorithm is not used in a sensitive context here.,sonarqube
BenchmarkTest00704,owasp-benchmark:data/benchmark/src/main/java/org/owasp/benchmark/testcode/BenchmarkTest00704.java,59,java:S4790,CRITICAL,Make sure this weak hash algorithm is not used in a sensitive context here.,sonarqube
BenchmarkTest00704,owasp-benchmark:data/benchmark/src/main/java/org/owasp/benchmark/testcode/BenchmarkTest00704.java,61,java:S4790,CRITICAL,Make sure this weak hash algorithm is not used in a sensitive context here.,sonarqube
BenchmarkTest00705,owasp-benchmark:data/benchmark/src/main/java/org/owasp/benchmark/testcode/BenchmarkTest00705.java,57,java:S4790,CRITICAL,Make sure this weak hash algorithm is not used in a sensitive context here.,sonarqube
BenchmarkTest00708,owasp-benchmark:data/benchmark/src/main/java/org/owasp/benchmark/testcode/BenchmarkTest00708.java,53,java:S4790,CRITICAL,Make sure this weak hash algorithm is not used in a sensitive context here.,sonarqube
BenchmarkTest00733,owasp-benchmark:data/benchmark/src/main/java/org/owasp/benchmark/testcode/BenchmarkTest00733.java,51,java:S2245,MAJOR,Make sure that using this pseudorandom number generator is safe here.,sonarqube
BenchmarkTest00734,owasp-benchmark:data/benchmark/src/main/java/org/owasp/benchmark/testcode/BenchmarkTest00734.java,69,java:S2245,MAJOR,Make sure that using this pseudorandom number generator is safe here.,sonarqube
BenchmarkTest00735,owasp-benchmark:data/benchmark/src/main/java/org/owasp/benchmark/testcode/BenchmarkTest00735.java,60,java:S2245,MAJOR,Make sure that using this pseudorandom number generator is safe here.,sonarqube
BenchmarkTest00760,owasp-benchmark:data/benchmark/src/main/java/org/owasp/benchmark/testcode/BenchmarkTest00760.java,60,java:S2077,MAJOR,Make sure using a dynamically formatted SQL query is safe here.,sonarqube
BenchmarkTest00761,owasp-benchmark:data/benchmark/src/main/java/org/owasp/benchmark/testcode/BenchmarkTest00761.java,74,java:S2077,MAJOR,Make sure using a dynamically formatted SQL query is safe here.,sonarqube
BenchmarkTest00762,owasp-benchmark:data/benchmark/src/main/java/org/owasp/benchmark/testcode/BenchmarkTest00762.java,62,java:S2077,MAJOR,Make sure using a dynamically formatted SQL query is safe here.,sonarqube
BenchmarkTest00763,owasp-benchmark:data/benchmark/src/main/java/org/owasp/benchmark/testcode/BenchmarkTest00763.java,75,java:S2077,MAJOR,Make sure using a dynamically formatted SQL query is safe here.,sonarqube
BenchmarkTest00770,owasp-benchmark:data/benchmark/src/main/java/org/owasp/benchmark/testcode/BenchmarkTest00770.java,65,java:S2077,MAJOR,Make sure using a dynamically formatted SQL query is safe here.,sonarqube
BenchmarkTest00771,owasp-benchmark:data/benchmark/src/main/java/org/owasp/benchmark/testcode/BenchmarkTest00771.java,60,java:S2077,MAJOR,Make sure using a dynamically formatted SQL query is safe here.,sonarqube
BenchmarkTest00772,owasp-benchmark:data/benchmark/src/main/java/org/owasp/benchmark/testcode/BenchmarkTest00772.java,74,java:S2077,MAJOR,Make sure using a dynamically formatted SQL query is safe here.,sonarqube
BenchmarkTest00773,owasp-benchmark:data/benchmark/src/main/java/org/owasp/benchmark/testcode/BenchmarkTest00773.java,65,java:S2077,MAJOR,Make sure using a dynamically formatted SQL query is safe here.,sonarqube
BenchmarkTest00774,owasp-benchmark:data/benchmark/src/main/java/org/owasp/benchmark/testcode/BenchmarkTest00774.java,74,java:S2077,MAJOR,Make sure using a dynamically formatted SQL query is safe here.,sonarqube
BenchmarkTest00779,owasp-benchmark:data/benchmark/src/main/java/org/owasp/benchmark/testcode/BenchmarkTest00779.java,84,java:S5547,CRITICAL,Use a strong cipher algorithm.,sonarqube
BenchmarkTest00779,owasp-benchmark:data/benchmark/src/main/java/org/owasp/benchmark/testcode/BenchmarkTest00779.java,84,java:S5542,CRITICAL,Use another cipher mode or disable padding.,sonarqube
BenchmarkTest00781,owasp-benchmark:data/benchmark/src/main/java/org/owasp/benchmark/testcode/BenchmarkTest00781.java,83,java:S5542,CRITICAL,Use another cipher mode or disable padding.,sonarqube
BenchmarkTest00781,owasp-benchmark:data/benchmark/src/main/java/org/owasp/benchmark/testcode/BenchmarkTest00781.java,83,java:S5547,CRITICAL,Use a strong cipher algorithm.,sonarqube
BenchmarkTest00789,owasp-benchmark:data/benchmark/src/main/java/org/owasp/benchmark/testcode/BenchmarkTest00789.java,80,java:S4790,CRITICAL,Make sure this weak hash algorithm is not used in a sensitive context here.,sonarqube
BenchmarkTest00790,owasp-benchmark:data/benchmark/src/main/java/org/owasp/benchmark/testcode/BenchmarkTest00790.java,73,java:S4790,CRITICAL,Make sure this weak hash algorithm is not used in a sensitive context here.,sonarqube
BenchmarkTest00794,owasp-benchmark:data/benchmark/src/main/java/org/owasp/benchmark/testcode/BenchmarkTest00794.java,76,java:S4790,CRITICAL,Make sure this weak hash algorithm is not used in a sensitive context here.,sonarqube
BenchmarkTest00817,owasp-benchmark:data/benchmark/src/main/java/org/owasp/benchmark/testcode/BenchmarkTest00817.java,92,java:S2245,MAJOR,Make sure that using this pseudorandom number generator is safe here.,sonarqube
BenchmarkTest00818,owasp-benchmark:data/benchmark/src/main/java/org/owasp/benchmark/testcode/BenchmarkTest00818.java,75,java:S2245,MAJOR,Make sure that using this pseudorandom number generator is safe here.,sonarqube
BenchmarkTest00819,owasp-benchmark:data/benchmark/src/main/java/org/owasp/benchmark/testcode/BenchmarkTest00819.java,77,java:S2245,MAJOR,Make sure that using this pseudorandom number generator is safe here.,sonarqube
BenchmarkTest00837,owasp-benchmark:data/benchmark/src/main/java/org/owasp/benchmark/testcode/BenchmarkTest00837.java,85,java:S2077,MAJOR,Make sure using a dynamically formatted SQL query is safe here.,sonarqube
BenchmarkTest00838,owasp-benchmark:data/benchmark/src/main/java/org/owasp/benchmark/testcode/BenchmarkTest00838.java,98,java:S2077,MAJOR,Make sure using a dynamically formatted SQL query is safe here.,sonarqube
BenchmarkTest00839,owasp-benchmark:data/benchmark/src/main/java/org/owasp/benchmark/testcode/BenchmarkTest00839.java,83,java:S2077,MAJOR,Make sure using a dynamically formatted SQL query is safe here.,sonarqube
BenchmarkTest00847,owasp-benchmark:data/benchmark/src/main/java/org/owasp/benchmark/testcode/BenchmarkTest00847.java,87,java:S2077,MAJOR,Make sure using a dynamically formatted SQL query is safe here.,sonarqube
BenchmarkTest00848,owasp-benchmark:data/benchmark/src/main/java/org/owasp/benchmark/testcode/BenchmarkTest00848.java,77,java:S2077,MAJOR,Make sure using a dynamically formatted SQL query is safe here.,sonarqube
BenchmarkTest00849,owasp-benchmark:data/benchmark/src/main/java/org/owasp/benchmark/testcode/BenchmarkTest00849.java,87,java:S2077,MAJOR,Make sure using a dynamically formatted SQL query is safe here.,sonarqube
BenchmarkTest00850,owasp-benchmark:data/benchmark/src/main/java/org/owasp/benchmark/testcode/BenchmarkTest00850.java,87,java:S2077,MAJOR,Make sure using a dynamically formatted SQL query is safe here.,sonarqube
BenchmarkTest00851,owasp-benchmark:data/benchmark/src/main/java/org/owasp/benchmark/testcode/BenchmarkTest00851.java,82,java:S2077,MAJOR,Make sure using a dynamically formatted SQL query is safe here.,sonarqube
BenchmarkTest00853,owasp-benchmark:data/benchmark/src/main/java/org/owasp/benchmark/testcode/BenchmarkTest00853.java,63,java:S5542,CRITICAL,Use another cipher mode or disable padding.,sonarqube
BenchmarkTest00853,owasp-benchmark:data/benchmark/src/main/java/org/owasp/benchmark/testcode/BenchmarkTest00853.java,63,java:S5547,CRITICAL,Use a strong cipher algorithm.,sonarqube
BenchmarkTest00855,owasp-benchmark:data/benchmark/src/main/java/org/owasp/benchmark/testcode/BenchmarkTest00855.java,71,java:S5547,CRITICAL,Use a strong cipher algorithm.,sonarqube
BenchmarkTest00855,owasp-benchmark:data/benchmark/src/main/java/org/owasp/benchmark/testcode/BenchmarkTest00855.java,71,java:S5542,CRITICAL,Use another cipher mode or disable padding.,sonarqube
BenchmarkTest00856,owasp-benchmark:data/benchmark/src/main/java/org/owasp/benchmark/testcode/BenchmarkTest00856.java,80,java:S5542,CRITICAL,Use another cipher mode or disable padding.,sonarqube
BenchmarkTest00856,owasp-benchmark:data/benchmark/src/main/java/org/owasp/benchmark/testcode/BenchmarkTest00856.java,80,java:S5547,CRITICAL,Use a strong cipher algorithm.,sonarqube
BenchmarkTest00857,owasp-benchmark:data/benchmark/src/main/java/org/owasp/benchmark/testcode/BenchmarkTest00857.java,79,java:S5547,CRITICAL,Use a strong cipher algorithm.,sonarqube
BenchmarkTest00857,owasp-benchmark:data/benchmark/src/main/java/org/owasp/benchmark/testcode/BenchmarkTest00857.java,79,java:S5542,CRITICAL,Use another cipher mode or disable padding.,sonarqube
BenchmarkTest00859,owasp-benchmark:data/benchmark/src/main/java/org/owasp/benchmark/testcode/BenchmarkTest00859.java,59,java:S5547,CRITICAL,Use a strong cipher algorithm.,sonarqube
BenchmarkTest00859,owasp-benchmark:data/benchmark/src/main/java/org/owasp/benchmark/testcode/BenchmarkTest00859.java,59,java:S5542,CRITICAL,Use a secure cipher mode.,sonarqube
BenchmarkTest00868,owasp-benchmark:data/benchmark/src/main/java/org/owasp/benchmark/testcode/BenchmarkTest00868.java,75,java:S4790,CRITICAL,Make sure this weak hash algorithm is not used in a sensitive context here.,sonarqube
BenchmarkTest00868,owasp-benchmark:data/benchmark/src/main/java/org/owasp/benchmark/testcode/BenchmarkTest00868.java,77,java:S4790,CRITICAL,Make sure this weak hash algorithm is not used in a sensitive context here.,sonarqube
BenchmarkTest00869,owasp-benchmark:data/benchmark/src/main/java/org/owasp/benchmark/testcode/BenchmarkTest00869.java,74,java:S4790,CRITICAL,Make sure this weak hash algorithm is not used in a sensitive context here.,sonarqube
BenchmarkTest00869,owasp-benchmark:data/benchmark/src/main/java/org/owasp/benchmark/testcode/BenchmarkTest00869.java,76,java:S4790,CRITICAL,Make sure this weak hash algorithm is not used in a sensitive context here.,sonarqube
BenchmarkTest00870,owasp-benchmark:data/benchmark/src/main/java/org/owasp/benchmark/testcode/BenchmarkTest00870.java,50,java:S4790,CRITICAL,Make sure this weak hash algorithm is not used in a sensitive context here.,sonarqube
BenchmarkTest00871,owasp-benchmark:data/benchmark/src/main/java/org/owasp/benchmark/testcode/BenchmarkTest00871.java,55,java:S4790,CRITICAL,Make sure this weak hash algorithm is not used in a sensitive context here.,sonarqube
BenchmarkTest00872,owasp-benchmark:data/benchmark/src/main/java/org/owasp/benchmark/testcode/BenchmarkTest00872.java,51,java:S4790,CRITICAL,Make sure this weak hash algorithm is not used in a sensitive context here.,sonarqube
BenchmarkTest00898,owasp-benchmark:data/benchmark/src/main/java/org/owasp/benchmark/testcode/BenchmarkTest00898.java,57,java:S2245,MAJOR,Make sure that using this pseudorandom number generator is safe here.,sonarqube
BenchmarkTest00899,owasp-benchmark:data/benchmark/src/main/java/org/owasp/benchmark/testcode/BenchmarkTest00899.java,68,java:S2245,MAJOR,Make sure that using this pseudorandom number generator is safe here.,sonarqube
BenchmarkTest00900,owasp-benchmark:data/benchmark/src/main/java/org/owasp/benchmark/testcode/BenchmarkTest00900.java,68,java:S2245,MAJOR,Make sure that using this pseudorandom number generator is safe here.,sonarqube
BenchmarkTest00901,owasp-benchmark:data/benchmark/src/main/java/org/owasp/benchmark/testcode/BenchmarkTest00901.java,68,java:S2245,MAJOR,Make sure that using this pseudorandom number generator is safe here.,sonarqube
BenchmarkTest00902,owasp-benchmark:data/benchmark/src/main/java/org/owasp/benchmark/testcode/BenchmarkTest00902.java,54,java:S2245,MAJOR,Make sure that using this pseudorandom number generator is safe here.,sonarqube
BenchmarkTest00924,owasp-benchmark:data/benchmark/src/main/java/org/owasp/benchmark/testcode/BenchmarkTest00924.java,66,java:S2077,MAJOR,Make sure using a dynamically formatted SQL query is safe here.,sonarqube
BenchmarkTest00925,owasp-benchmark:data/benchmark/src/main/java/org/owasp/benchmark/testcode/BenchmarkTest00925.java,56,java:S2077,MAJOR,Make sure using a dynamically formatted SQL query is safe here.,sonarqube
BenchmarkTest00926,owasp-benchmark:data/benchmark/src/main/java/org/owasp/benchmark/testcode/BenchmarkTest00926.java,64,java:S2077,MAJOR,Make sure using a dynamically formatted SQL query is safe here.,sonarqube
BenchmarkTest00927,owasp-benchmark:data/benchmark/src/main/java/org/owasp/benchmark/testcode/BenchmarkTest00927.java,65,java:S2077,MAJOR,Make sure using a dynamically formatted SQL query is safe here.,sonarqube
BenchmarkTest00928,owasp-benchmark:data/benchmark/src/main/java/org/owasp/benchmark/testcode/BenchmarkTest00928.java,60,java:S2077,MAJOR,Make sure using a dynamically formatted SQL query is safe here.,sonarqube
BenchmarkTest00929,owasp-benchmark:data/benchmark/src/main/java/org/owasp/benchmark/testcode/BenchmarkTest00929.java,75,java:S2077,MAJOR,Make sure using a dynamically formatted SQL query is safe here.,sonarqube
BenchmarkTest00937,owasp-benchmark:data/benchmark/src/main/java/org/owasp/benchmark/testcode/BenchmarkTest00937.java,73,java:S2077,MAJOR,Make sure using a dynamically formatted SQL query is safe here.,sonarqube
BenchmarkTest00938,owasp-benchmark:data/benchmark/src/main/java/org/owasp/benchmark/testcode/BenchmarkTest00938.java,61,java:S2077,MAJOR,Make sure using a dynamically formatted SQL query is safe here.,sonarqube
BenchmarkTest00939,owasp-benchmark:data/benchmark/src/main/java/org/owasp/benchmark/testcode/BenchmarkTest00939.java,73,java:S2077,MAJOR,Make sure using a dynamically formatted SQL query is safe here.,sonarqube
BenchmarkTest00940,owasp-benchmark:data/benchmark/src/main/java/org/owasp/benchmark/testcode/BenchmarkTest00940.java,64,java:S2077,MAJOR,Make sure using a dynamically formatted SQL query is safe here.,sonarqube
BenchmarkTest00945,owasp-benchmark:data/benchmark/src/main/java/org/owasp/benchmark/testcode/BenchmarkTest00945.java,73,java:S5547,CRITICAL,Use a strong cipher algorithm.,sonarqube
BenchmarkTest00945,owasp-benchmark:data/benchmark/src/main/java/org/owasp/benchmark/testcode/BenchmarkTest00945.java,73,java:S5542,CRITICAL,Use a secure cipher mode.,sonarqube
BenchmarkTest00946,owasp-benchmark:data/benchmark/src/main/java/org/owasp/benchmark/testcode/BenchmarkTest00946.java,73,java:S5547,CRITICAL,Use a strong cipher algorithm.,sonarqube
BenchmarkTest00946,owasp-benchmark:data/benchmark/src/main/java/org/owasp/benchmark/testcode/BenchmarkTest00946.java,73,java:S5542,CRITICAL,Use a secure cipher mode.,sonarqube
BenchmarkTest00960,owasp-benchmark:data/benchmark/src/main/java/org/owasp/benchmark/testcode/BenchmarkTest00960.java,68,java:S2245,MAJOR,Make sure that using this pseudorandom number generator is safe here.,sonarqube
BenchmarkTest00961,owasp-benchmark:data/benchmark/src/main/java/org/owasp/benchmark/testcode/BenchmarkTest00961.java,69,java:S4790,CRITICAL,Make sure this weak hash algorithm is not used in a sensitive context here.,sonarqube
BenchmarkTest00963,owasp-benchmark:data/benchmark/src/main/java/org/owasp/benchmark/testcode/BenchmarkTest00963.java,69,java:S4790,CRITICAL,Make sure this weak hash algorithm is not used in a sensitive context here.,sonarqube
BenchmarkTest00971,owasp-benchmark:data/benchmark/src/main/java/org/owasp/benchmark/testcode/BenchmarkTest00971.java,68,java:S2245,MAJOR,Make sure that using this pseudorandom number generator is safe here.,sonarqube
BenchmarkTest00972,owasp-benchmark:data/benchmark/src/main/java/org/owasp/benchmark/testcode/BenchmarkTest00972.java,68,java:S2245,MAJOR,Make sure that using this pseudorandom number generator is safe here.,sonarqube
BenchmarkTest00973,owasp-benchmark:data/benchmark/src/main/java/org/owasp/benchmark/testcode/BenchmarkTest00973.java,68,java:S2245,MAJOR,Make sure that using this pseudorandom number generator is safe here.,sonarqube
BenchmarkTest00974,owasp-benchmark:data/benchmark/src/main/java/org/owasp/benchmark/testcode/BenchmarkTest00974.java,68,java:S2245,MAJOR,Make sure that using this pseudorandom number generator is safe here.,sonarqube
BenchmarkTest00975,owasp-benchmark:data/benchmark/src/main/java/org/owasp/benchmark/testcode/BenchmarkTest00975.java,68,java:S2245,MAJOR,Make sure that using this pseudorandom number generator is safe here.,sonarqube
BenchmarkTest00976,owasp-benchmark:data/benchmark/src/main/java/org/owasp/benchmark/testcode/BenchmarkTest00976.java,68,java:S2245,MAJOR,Make sure that using this pseudorandom number generator is safe here.,sonarqube
BenchmarkTest00996,owasp-benchmark:data/benchmark/src/main/java/org/owasp/benchmark/testcode/BenchmarkTest00996.java,74,java:S2077,MAJOR,Make sure using a dynamically formatted SQL query is safe here.,sonarqube
BenchmarkTest00997,owasp-benchmark:data/benchmark/src/main/java/org/owasp/benchmark/testcode/BenchmarkTest00997.java,76,java:S2077,MAJOR,Make sure using a dynamically formatted SQL query is safe here.,sonarqube
BenchmarkTest00998,owasp-benchmark:data/benchmark/src/main/java/org/owasp/benchmark/testcode/BenchmarkTest00998.java,76,java:S2077,MAJOR,Make sure using a dynamically formatted SQL query is safe here.,sonarqube
BenchmarkTest00999,owasp-benchmark:data/benchmark/src/main/java/org/owasp/benchmark/testcode/BenchmarkTest00999.java,76,java:S2077,MAJOR,Make sure using a dynamically formatted SQL query is safe here.,sonarqube
BenchmarkTest01000,owasp-benchmark:data/benchmark/src/main/java/org/owasp/benchmark/testcode/BenchmarkTest01000.java,76,java:S2077,MAJOR,Make sure using a dynamically formatted SQL query is safe here.,sonarqube
BenchmarkTest01001,owasp-benchmark:data/benchmark/src/main/java/org/owasp/benchmark/testcode/BenchmarkTest01001.java,73,java:S2077,MAJOR,Make sure using a dynamically formatted SQL query is safe here.,sonarqube
BenchmarkTest01002,owasp-benchmark:data/benchmark/src/main/java/org/owasp/benchmark/testcode/BenchmarkTest01002.java,74,java:S2077,MAJOR,Make sure using a dynamically formatted SQL query is safe here.,sonarqube
BenchmarkTest01003,owasp-benchmark:data/benchmark/src/main/java/org/owasp/benchmark/testcode/BenchmarkTest01003.java,74,java:S2077,MAJOR,Make sure using a dynamically formatted SQL query is safe here.,sonarqube
BenchmarkTest01004,owasp-benchmark:data/benchmark/src/main/java/org/owasp/benchmark/testcode/BenchmarkTest01004.java,74,java:S2077,MAJOR,Make sure using a dynamically formatted SQL query is safe here.,sonarqube
BenchmarkTest01011,owasp-benchmark:data/benchmark/src/main/java/org/owasp/benchmark/testcode/BenchmarkTest01011.java,73,java:S2077,MAJOR,Make sure using a dynamically formatted SQL query is safe here.,sonarqube
BenchmarkTest01012,owasp-benchmark:data/benchmark/src/main/java/org/owasp/benchmark/testcode/BenchmarkTest01012.java,73,java:S2077,MAJOR,Make sure using a dynamically formatted SQL query is safe here.,sonarqube
BenchmarkTest01015,owasp-benchmark:data/benchmark/src/main/java/org/owasp/benchmark/testcode/BenchmarkTest01015.java,66,java:S5542,CRITICAL,Use another cipher mode or disable padding.,sonarqube
BenchmarkTest01015,owasp-benchmark:data/benchmark/src/main/java/org/owasp/benchmark/testcode/BenchmarkTest01015.java,66,java:S5547,CRITICAL,Use a strong cipher algorithm.,sonarqube
BenchmarkTest01016,owasp-benchmark:data/benchmark/src/main/java/org/owasp/benchmark/testcode/BenchmarkTest01016.java,65,java:S5542,CRITICAL,Use another cipher mode or disable padding.,sonarqube
BenchmarkTest01016,owasp-benchmark:data/benchmark/src/main/java/org/owasp/benchmark/testcode/BenchmarkTest01016.java,65,java:S5547,CRITICAL,Use a strong cipher algorithm.,sonarqube
BenchmarkTest01017,owasp-benchmark:data/benchmark/src/main/java/org/owasp/benchmark/testcode/BenchmarkTest01017.java,65,java:S5542,CRITICAL,Use another cipher mode or disable padding.,sonarqube
BenchmarkTest01017,owasp-benchmark:data/benchmark/src/main/java/org/owasp/benchmark/testcode/BenchmarkTest01017.java,65,java:S5547,CRITICAL,Use a strong cipher algorithm.,sonarqube
BenchmarkTest01018,owasp-benchmark:data/benchmark/src/main/java/org/owasp/benchmark/testcode/BenchmarkTest01018.java,64,java:S5547,CRITICAL,Use a strong cipher algorithm.,sonarqube
BenchmarkTest01018,owasp-benchmark:data/benchmark/src/main/java/org/owasp/benchmark/testcode/BenchmarkTest01018.java,64,java:S5542,CRITICAL,Use another cipher mode or disable padding.,sonarqube
BenchmarkTest01020,owasp-benchmark:data/benchmark/src/main/java/org/owasp/benchmark/testcode/BenchmarkTest01020.java,58,java:S5542,CRITICAL,Use a secure cipher mode.,sonarqube
BenchmarkTest01020,owasp-benchmark:data/benchmark/src/main/java/org/owasp/benchmark/testcode/BenchmarkTest01020.java,58,java:S5547,CRITICAL,Use a strong cipher algorithm.,sonarqube
BenchmarkTest01021,owasp-benchmark:data/benchmark/src/main/java/org/owasp/benchmark/testcode/BenchmarkTest01021.java,68,java:S5542,CRITICAL,Use a secure cipher mode.,sonarqube
BenchmarkTest01022,owasp-benchmark:data/benchmark/src/main/java/org/owasp/benchmark/testcode/BenchmarkTest01022.java,68,java:S5542,CRITICAL,Use a secure cipher mode.,sonarqube
BenchmarkTest01038,owasp-benchmark:data/benchmark/src/main/java/org/owasp/benchmark/testcode/BenchmarkTest01038.java,54,java:S4790,CRITICAL,Make sure this weak hash algorithm is not used in a sensitive context here.,sonarqube
BenchmarkTest01058,owasp-benchmark:data/benchmark/src/main/java/org/owasp/benchmark/testcode/BenchmarkTest01058.java,54,java:S2245,MAJOR,Make sure that using this pseudorandom number generator is safe here.,sonarqube
BenchmarkTest01059,owasp-benchmark:data/benchmark/src/main/java/org/owasp/benchmark/testcode/BenchmarkTest01059.java,53,java:S2245,MAJOR,Make sure that using this pseudorandom number generator is safe here.,sonarqube
BenchmarkTest01060,owasp-benchmark:data/benchmark/src/main/java/org/owasp/benchmark/testcode/BenchmarkTest01060.java,53,java:S2245,MAJOR,Make sure that using this pseudorandom number generator is safe here.,sonarqube
BenchmarkTest01083,owasp-benchmark:data/benchmark/src/main/java/org/owasp/benchmark/testcode/BenchmarkTest01083.java,60,java:S2077,MAJOR,Make sure using a dynamically formatted SQL query is safe here.,sonarqube
BenchmarkTest01084,owasp-benchmark:data/benchmark/src/main/java/org/owasp/benchmark/testcode/BenchmarkTest01084.java,59,java:S2077,MAJOR,Make sure using a dynamically formatted SQL query is safe here.,sonarqube
BenchmarkTest01090,owasp-benchmark:data/benchmark/src/main/java/org/owasp/benchmark/testcode/BenchmarkTest01090.java,58,java:S2077,MAJOR,Make sure using a dynamically formatted SQL query is safe here.,sonarqube
BenchmarkTest01091,owasp-benchmark:data/benchmark/src/main/java/org/owasp/benchmark/testcode/BenchmarkTest01091.java,58,java:S2077,MAJOR,Make sure using a dynamically formatted SQL query is safe here.,sonarqube
BenchmarkTest01092,owasp-benchmark:data/benchmark/src/main/java/org/owasp/benchmark/testcode/BenchmarkTest01092.java,58,java:S2077,MAJOR,Make sure using a dynamically formatted SQL query is safe here.,sonarqube
BenchmarkTest01093,owasp-benchmark:data/benchmark/src/main/java/org/owasp/benchmark/testcode/BenchmarkTest01093.java,58,java:S2077,MAJOR,Make sure using a dynamically formatted SQL query is safe here.,sonarqube
BenchmarkTest01094,owasp-benchmark:data/benchmark/src/main/java/org/owasp/benchmark/testcode/BenchmarkTest01094.java,58,java:S2077,MAJOR,Make sure using a dynamically formatted SQL query is safe here.,sonarqube
BenchmarkTest01095,owasp-benchmark:data/benchmark/src/main/java/org/owasp/benchmark/testcode/BenchmarkTest01095.java,58,java:S2077,MAJOR,Make sure using a dynamically formatted SQL query is safe here.,sonarqube
BenchmarkTest01096,owasp-benchmark:data/benchmark/src/main/java/org/owasp/benchmark/testcode/BenchmarkTest01096.java,58,java:S2077,MAJOR,Make sure using a dynamically formatted SQL query is safe here.,sonarqube
BenchmarkTest01097,owasp-benchmark:data/benchmark/src/main/java/org/owasp/benchmark/testcode/BenchmarkTest01097.java,58,java:S2077,MAJOR,Make sure using a dynamically formatted SQL query is safe here.,sonarqube
BenchmarkTest01098,owasp-benchmark:data/benchmark/src/main/java/org/owasp/benchmark/testcode/BenchmarkTest01098.java,58,java:S2077,MAJOR,Make sure using a dynamically formatted SQL query is safe here.,sonarqube
BenchmarkTest01099,owasp-benchmark:data/benchmark/src/main/java/org/owasp/benchmark/testcode/BenchmarkTest01099.java,76,java:S5547,CRITICAL,Use a strong cipher algorithm.,sonarqube
BenchmarkTest01099,owasp-benchmark:data/benchmark/src/main/java/org/owasp/benchmark/testcode/BenchmarkTest01099.java,76,java:S5542,CRITICAL,Use another cipher mode or disable padding.,sonarqube
BenchmarkTest01102,owasp-benchmark:data/benchmark/src/main/java/org/owasp/benchmark/testcode/BenchmarkTest01102.java,74,java:S5542,CRITICAL,Use another cipher mode or disable padding.,sonarqube
BenchmarkTest01102,owasp-benchmark:data/benchmark/src/main/java/org/owasp/benchmark/testcode/BenchmarkTest01102.java,74,java:S5547,CRITICAL,Use a strong cipher algorithm.,sonarqube
BenchmarkTest01103,owasp-benchmark:data/benchmark/src/main/java/org/owasp/benchmark/testcode/BenchmarkTest01103.java,74,java:S5547,CRITICAL,Use a strong cipher algorithm.,sonarqube
BenchmarkTest01103,owasp-benchmark:data/benchmark/src/main/java/org/owasp/benchmark/testcode/BenchmarkTest01103.java,74,java:S5542,CRITICAL,Use another cipher mode or disable padding.,sonarqube
BenchmarkTest01105,owasp-benchmark:data/benchmark/src/main/java/org/owasp/benchmark/testcode/BenchmarkTest01105.java,68,java:S5547,CRITICAL,Use a strong cipher algorithm.,sonarqube
BenchmarkTest01105,owasp-benchmark:data/benchmark/src/main/java/org/owasp/benchmark/testcode/BenchmarkTest01105.java,68,java:S5542,CRITICAL,Use a secure cipher mode.,sonarqube
BenchmarkTest01106,owasp-benchmark:data/benchmark/src/main/java/org/owasp/benchmark/testcode/BenchmarkTest01106.java,68,java:S5547,CRITICAL,Use a strong cipher algorithm.,sonarqube
BenchmarkTest01106,owasp-benchmark:data/benchmark/src/main/java/org/owasp/benchmark/testcode/BenchmarkTest01106.java,68,java:S5542,CRITICAL,Use a secure cipher mode.,sonarqube
BenchmarkTest01107,owasp-benchmark:data/benchmark/src/main/java/org/owasp/benchmark/testcode/BenchmarkTest01107.java,68,java:S5542,CRITICAL,Use a secure cipher mode.,sonarqube
BenchmarkTest01107,owasp-benchmark:data/benchmark/src/main/java/org/owasp/benchmark/testcode/BenchmarkTest01107.java,68,java:S5547,CRITICAL,Use a strong cipher algorithm.,sonarqube
BenchmarkTest01108,owasp-benchmark:data/benchmark/src/main/java/org/owasp/benchmark/testcode/BenchmarkTest01108.java,78,java:S5542,CRITICAL,Use a secure cipher mode.,sonarqube
BenchmarkTest01119,owasp-benchmark:data/benchmark/src/main/java/org/owasp/benchmark/testcode/BenchmarkTest01119.java,63,java:S2245,MAJOR,Make sure that using this pseudorandom number generator is safe here.,sonarqube
BenchmarkTest01123,owasp-benchmark:data/benchmark/src/main/java/org/owasp/benchmark/testcode/BenchmarkTest01123.java,64,java:S4790,CRITICAL,Make sure this weak hash algorithm is not used in a sensitive context here.,sonarqube
BenchmarkTest01127,owasp-benchmark:data/benchmark/src/main/java/org/owasp/benchmark/testcode/BenchmarkTest01127.java,63,java:S2245,MAJOR,Make sure that using this pseudorandom number generator is safe here.,sonarqube
BenchmarkTest01128,owasp-benchmark:data/benchmark/src/main/java/org/owasp/benchmark/testcode/BenchmarkTest01128.java,63,java:S2245,MAJOR,Make sure that using this pseudorandom number generator is safe here.,sonarqube
BenchmarkTest01129,owasp-benchmark:data/benchmark/src/main/java/org/owasp/benchmark/testcode/BenchmarkTest01129.java,63,java:S2245,MAJOR,Make sure that using this pseudorandom number generator is safe here.,sonarqube
BenchmarkTest01130,owasp-benchmark:data/benchmark/src/main/java/org/owasp/benchmark/testcode/BenchmarkTest01130.java,63,java:S2245,MAJOR,Make sure that using this pseudorandom number generator is safe here.,sonarqube
BenchmarkTest01131,owasp-benchmark:data/benchmark/src/main/java/org/owasp/benchmark/testcode/BenchmarkTest01131.java,63,java:S2245,MAJOR,Make sure that using this pseudorandom number generator is safe here.,sonarqube
BenchmarkTest01132,owasp-benchmark:data/benchmark/src/main/java/org/owasp/benchmark/testcode/BenchmarkTest01132.java,63,java:S2245,MAJOR,Make sure that using this pseudorandom number generator is safe here.,sonarqube
BenchmarkTest01133,owasp-benchmark:data/benchmark/src/main/java/org/owasp/benchmark/testcode/BenchmarkTest01133.java,63,java:S2245,MAJOR,Make sure that using this pseudorandom number generator is safe here.,sonarqube
BenchmarkTest01148,owasp-benchmark:data/benchmark/src/main/java/org/owasp/benchmark/testcode/BenchmarkTest01148.java,67,java:S5547,CRITICAL,Use a strong cipher algorithm.,sonarqube
BenchmarkTest01148,owasp-benchmark:data/benchmark/src/main/java/org/owasp/benchmark/testcode/BenchmarkTest01148.java,67,java:S5542,CRITICAL,Use another cipher mode or disable padding.,sonarqube
BenchmarkTest01149,owasp-benchmark:data/benchmark/src/main/java/org/owasp/benchmark/testcode/BenchmarkTest01149.java,67,java:S5542,CRITICAL,Use another cipher mode or disable padding.,sonarqube
BenchmarkTest01149,owasp-benchmark:data/benchmark/src/main/java/org/owasp/benchmark/testcode/BenchmarkTest01149.java,67,java:S5547,CRITICAL,Use a strong cipher algorithm.,sonarqube
BenchmarkTest01150,owasp-benchmark:data/benchmark/src/main/java/org/owasp/benchmark/testcode/BenchmarkTest01150.java,66,java:S5542,CRITICAL,Use another cipher mode or disable padding.,sonarqube
BenchmarkTest01150,owasp-benchmark:data/benchmark/src/main/java/org/owasp/benchmark/testcode/BenchmarkTest01150.java,66,java:S5547,CRITICAL,Use a strong cipher algorithm.,sonarqube
BenchmarkTest01153,owasp-benchmark:data/benchmark/src/main/java/org/owasp/benchmark/testcode/BenchmarkTest01153.java,70,java:S5542,CRITICAL,Use a secure cipher mode.,sonarqube
BenchmarkTest01162,owasp-benchmark:data/benchmark/src/main/java/org/owasp/benchmark/testcode/BenchmarkTest01162.java,55,java:S2245,MAJOR,Make sure that using this pseudorandom number generator is safe here.,sonarqube
BenchmarkTest01163,owasp-benchmark:data/benchmark/src/main/java/org/owasp/benchmark/testcode/BenchmarkTest01163.java,55,java:S2245,MAJOR,Make sure that using this pseudorandom number generator is safe here.,sonarqube
BenchmarkTest01165,owasp-benchmark:data/benchmark/src/main/java/org/owasp/benchmark/testcode/BenchmarkTest01165.java,56,java:S4790,CRITICAL,Make sure this weak hash algorithm is not used in a sensitive context here.,sonarqube
BenchmarkTest01166,owasp-benchmark:data/benchmark/src/main/java/org/owasp/benchmark/testcode/BenchmarkTest01166.java,56,java:S4790,CRITICAL,Make sure this weak hash algorithm is not used in a sensitive context here.,sonarqube
BenchmarkTest01167,owasp-benchmark:data/benchmark/src/main/java/org/owasp/benchmark/testcode/BenchmarkTest01167.java,56,java:S4790,CRITICAL,Make sure this weak hash algorithm is not used in a sensitive context here.,sonarqube
BenchmarkTest01183,owasp-benchmark:data/benchmark/src/main/java/org/owasp/benchmark/testcode/BenchmarkTest01183.java,55,java:S2245,MAJOR,Make sure that using this pseudorandom number generator is safe here.,sonarqube
BenchmarkTest01184,owasp-benchmark:data/benchmark/src/main/java/org/owasp/benchmark/testcode/BenchmarkTest01184.java,55,java:S2245,MAJOR,Make sure that using this pseudorandom number generator is safe here.,sonarqube
BenchmarkTest01208,owasp-benchmark:data/benchmark/src/main/java/org/owasp/benchmark/testcode/BenchmarkTest01208.java,62,java:S2077,MAJOR,Make sure using a dynamically formatted SQL query is safe here.,sonarqube
BenchmarkTest01209,owasp-benchmark:data/benchmark/src/main/java/org/owasp/benchmark/testcode/BenchmarkTest01209.java,61,java:S2077,MAJOR,Make sure using a dynamically formatted SQL query is safe here.,sonarqube
BenchmarkTest01210,owasp-benchmark:data/benchmark/src/main/java/org/owasp/benchmark/testcode/BenchmarkTest01210.java,62,java:S2077,MAJOR,Make sure using a dynamically formatted SQL query is safe here.,sonarqube
BenchmarkTest01211,owasp-benchmark:data/benchmark/src/main/java/org/owasp/benchmark/testcode/BenchmarkTest01211.java,62,java:S2077,MAJOR,Make sure using a dynamically formatted SQL query is safe here.,sonarqube
BenchmarkTest01212,owasp-benchmark:data/benchmark/src/main/java/org/owasp/benchmark/testcode/BenchmarkTest01212.java,61,java:S2077,MAJOR,Make sure using a dynamically formatted SQL query is safe here.,sonarqube
BenchmarkTest01213,owasp-benchmark:data/benchmark/src/main/java/org/owasp/benchmark/testcode/BenchmarkTest01213.java,61,java:S2077,MAJOR,Make sure using a dynamically formatted SQL query is safe here.,sonarqube
BenchmarkTest01216,owasp-benchmark:data/benchmark/src/main/java/org/owasp/benchmark/testcode/BenchmarkTest01216.java,60,java:S2077,MAJOR,Make sure using a dynamically formatted SQL query is safe here.,sonarqube
BenchmarkTest01217,owasp-benchmark:data/benchmark/src/main/java/org/owasp/benchmark/testcode/BenchmarkTest01217.java,60,java:S2077,MAJOR,Make sure using a dynamically formatted SQL query is safe here.,sonarqube
BenchmarkTest01218,owasp-benchmark:data/benchmark/src/main/java/org/owasp/benchmark/testcode/BenchmarkTest01218.java,60,java:S2077,MAJOR,Make sure using a dynamically formatted SQL query is safe here.,sonarqube
BenchmarkTest01219,owasp-benchmark:data/benchmark/src/main/java/org/owasp/benchmark/testcode/BenchmarkTest01219.java,60,java:S2077,MAJOR,Make sure using a dynamically formatted SQL query is safe here.,sonarqube
BenchmarkTest01220,owasp-benchmark:data/benchmark/src/main/java/org/owasp/benchmark/testcode/BenchmarkTest01220.java,60,java:S2077,MAJOR,Make sure using a dynamically formatted SQL query is safe here.,sonarqube
BenchmarkTest01221,owasp-benchmark:data/benchmark/src/main/java/org/owasp/benchmark/testcode/BenchmarkTest01221.java,60,java:S2077,MAJOR,Make sure using a dynamically formatted SQL query is safe here.,sonarqube
BenchmarkTest01222,owasp-benchmark:data/benchmark/src/main/java/org/owasp/benchmark/testcode/BenchmarkTest01222.java,60,java:S2077,MAJOR,Make sure using a dynamically formatted SQL query is safe here.,sonarqube
BenchmarkTest01228,owasp-benchmark:data/benchmark/src/main/java/org/owasp/benchmark/testcode/BenchmarkTest01228.java,59,java:S5547,CRITICAL,Use a strong cipher algorithm.,sonarqube
BenchmarkTest01228,owasp-benchmark:data/benchmark/src/main/java/org/owasp/benchmark/testcode/BenchmarkTest01228.java,59,java:S5542,CRITICAL,Use another cipher mode or disable padding.,sonarqube
BenchmarkTest01229,owasp-benchmark:data/benchmark/src/main/java/org/owasp/benchmark/testcode/BenchmarkTest01229.java,59,java:S5542,CRITICAL,Use another cipher mode or disable padding.,sonarqube
BenchmarkTest01229,owasp-benchmark:data/benchmark/src/main/java/org/owasp/benchmark/testcode/BenchmarkTest01229.java,59,java:S5547,CRITICAL,Use a strong cipher algorithm.,sonarqube
BenchmarkTest01230,owasp-benchmark:data/benchmark/src/main/java/org/owasp/benchmark/testcode/BenchmarkTest01230.java,53,java:S5542,CRITICAL,Use a secure cipher mode.,sonarqube
BenchmarkTest01230,owasp-benchmark:data/benchmark/src/main/java/org/owasp/benchmark/testcode/BenchmarkTest01230.java,53,java:S5547,CRITICAL,Use a strong cipher algorithm.,sonarqube
BenchmarkTest01244,owasp-benchmark:data/benchmark/src/main/java/org/owasp/benchmark/testcode/BenchmarkTest01244.java,54,java:S4790,CRITICAL,Make sure this weak hash algorithm is not used in a sensitive context here.,sonarqube
BenchmarkTest01244,owasp-benchmark:data/benchmark/src/main/java/org/owasp/benchmark/testcode/BenchmarkTest01244.java,56,java:S4790,CRITICAL,Make sure this weak hash algorithm is not used in a sensitive context here.,sonarqube
BenchmarkTest01246,owasp-benchmark:data/benchmark/src/main/java/org/owasp/benchmark/testcode/BenchmarkTest01246.java,49,java:S4790,CRITICAL,Make sure this weak hash algorithm is not used in a sensitive context here.,sonarqube
BenchmarkTest01247,owasp-benchmark:data/benchmark/src/main/java/org/owasp/benchmark/testcode/BenchmarkTest01247.java,49,java:S4790,CRITICAL,Make sure this weak hash algorithm is not used in a sensitive context here.,sonarqube
BenchmarkTest01271,owasp-benchmark:data/benchmark/src/main/java/org/owasp/benchmark/testcode/BenchmarkTest01271.java,48,java:S2245,MAJOR,Make sure that using this pseudorandom number generator is safe here.,sonarqube
BenchmarkTest01272,owasp-benchmark:data/benchmark/src/main/java/org/owasp/benchmark/testcode/BenchmarkTest01272.java,48,java:S2245,MAJOR,Make sure that using this pseudorandom number generator is safe here.,sonarqube
BenchmarkTest01273,owasp-benchmark:data/benchmark/src/main/java/org/owasp/benchmark/testcode/BenchmarkTest01273.java,48,java:S2245,MAJOR,Make sure that using this pseudorandom number generator is safe here.,sonarqube
BenchmarkTest01274,owasp-benchmark:data/benchmark/src/main/java/org/owasp/benchmark/testcode/BenchmarkTest01274.java,48,java:S2245,MAJOR,Make sure that using this pseudorandom number generator is safe here.,sonarqube
BenchmarkTest01275,owasp-benchmark:data/benchmark/src/main/java/org/owasp/benchmark/testcode/BenchmarkTest01275.java,48,java:S2245,MAJOR,Make sure that using this pseudorandom number generator is safe here.,sonarqube
BenchmarkTest01276,owasp-benchmark:data/benchmark/src/main/java/org/owasp/benchmark/testcode/BenchmarkTest01276.java,48,java:S2245,MAJOR,Make sure that using this pseudorandom number generator is safe here.,sonarqube
BenchmarkTest01277,owasp-benchmark:data/benchmark/src/main/java/org/owasp/benchmark/testcode/BenchmarkTest01277.java,48,java:S2245,MAJOR,Make sure that using this pseudorandom number generator is safe here.,sonarqube
BenchmarkTest01278,owasp-benchmark:data/benchmark/src/main/java/org/owasp/benchmark/testcode/BenchmarkTest01278.java,48,java:S2245,MAJOR,Make sure that using this pseudorandom number generator is safe here.,sonarqube
BenchmarkTest01279,owasp-benchmark:data/benchmark/src/main/java/org/owasp/benchmark/testcode/BenchmarkTest01279.java,48,java:S2245,MAJOR,Make sure that using this pseudorandom number generator is safe here.,sonarqube
BenchmarkTest01301,owasp-benchmark:data/benchmark/src/main/java/org/owasp/benchmark/testcode/BenchmarkTest01301.java,55,java:S2077,MAJOR,Make sure using a dynamically formatted SQL query is safe here.,sonarqube
BenchmarkTest01302,owasp-benchmark:data/benchmark/src/main/java/org/owasp/benchmark/testcode/BenchmarkTest01302.java,55,java:S2077,MAJOR,Make sure using a dynamically formatted SQL query is safe here.,sonarqube
BenchmarkTest01303,owasp-benchmark:data/benchmark/src/main/java/org/owasp/benchmark/testcode/BenchmarkTest01303.java,54,java:S2077,MAJOR,Make sure using a dynamically formatted SQL query is safe here.,sonarqube
BenchmarkTest01304,owasp-benchmark:data/benchmark/src/main/java/org/owasp/benchmark/testcode/BenchmarkTest01304.java,55,java:S2077,MAJOR,Make sure using a dynamically formatted SQL query is safe here.,sonarqube
BenchmarkTest01305,owasp-benchmark:data/benchmark/src/main/java/org/owasp/benchmark/testcode/BenchmarkTest01305.java,54,java:S2077,MAJOR,Make sure using a dynamically formatted SQL query is safe here.,sonarqube
BenchmarkTest01306,owasp-benchmark:data/benchmark/src/main/java/org/owasp/benchmark/testcode/BenchmarkTest01306.java,54,java:S2077,MAJOR,Make sure using a dynamically formatted SQL query is safe here.,sonarqube
BenchmarkTest01307,owasp-benchmark:data/benchmark/src/main/java/org/owasp/benchmark/testcode/BenchmarkTest01307.java,54,java:S2077,MAJOR,Make sure using a dynamically formatted SQL query is safe here.,sonarqube
BenchmarkTest01310,owasp-benchmark:data/benchmark/src/main/java/org/owasp/benchmark/testcode/BenchmarkTest01310.java,53,java:S2077,MAJOR,Make sure using a dynamically formatted SQL query is safe here.,sonarqube
BenchmarkTest01311,owasp-benchmark:data/benchmark/src/main/java/org/owasp/benchmark/testcode/BenchmarkTest01311.java,53,java:S2077,MAJOR,Make sure using a dynamically formatted SQL query is safe here.,sonarqube
BenchmarkTest01312,owasp-benchmark:data/benchmark/src/main/java/org/owasp/benchmark/testcode/BenchmarkTest01312.java,53,java:S2077,MAJOR,Make sure using a dynamically formatted SQL query is safe here.,sonarqube
BenchmarkTest01313,owasp-benchmark:data/benchmark/src/main/java/org/owasp/benchmark/testcode/BenchmarkTest01313.java,53,java:S2077,MAJOR,Make sure using a dynamically formatted SQL query is safe here.,sonarqube
BenchmarkTest01314,owasp-benchmark:data/benchmark/src/main/java/org/owasp/benchmark/testcode/BenchmarkTest01314.java,53,java:S2077,MAJOR,Make sure using a dynamically formatted SQL query is safe here.,sonarqube
BenchmarkTest01315,owasp-benchmark:data/benchmark/src/main/java/org/owasp/benchmark/testcode/BenchmarkTest01315.java,53,java:S2077,MAJOR,Make sure using a dynamically formatted SQL query is safe here.,sonarqube
BenchmarkTest01317,owasp-benchmark:data/benchmark/src/main/java/org/owasp/benchmark/testcode/BenchmarkTest01317.java,65,java:S5547,CRITICAL,Use a strong cipher algorithm.,sonarqube
BenchmarkTest01317,owasp-benchmark:data/benchmark/src/main/java/org/owasp/benchmark/testcode/BenchmarkTest01317.java,65,java:S5542,CRITICAL,Use another cipher mode or disable padding.,sonarqube
BenchmarkTest01318,owasp-benchmark:data/benchmark/src/main/java/org/owasp/benchmark/testcode/BenchmarkTest01318.java,65,java:S5542,CRITICAL,Use another cipher mode or disable padding.,sonarqube
BenchmarkTest01318,owasp-benchmark:data/benchmark/src/main/java/org/owasp/benchmark/testcode/BenchmarkTest01318.java,65,java:S5547,CRITICAL,Use a strong cipher algorithm.,sonarqube
BenchmarkTest01320,owasp-benchmark:data/benchmark/src/main/java/org/owasp/benchmark/testcode/BenchmarkTest01320.java,64,java:S5542,CRITICAL,Use another cipher mode or disable padding.,sonarqube
BenchmarkTest01320,owasp-benchmark:data/benchmark/src/main/java/org/owasp/benchmark/testcode/BenchmarkTest01320.java,64,java:S5547,CRITICAL,Use a strong cipher algorithm.,sonarqube
BenchmarkTest01322,owasp-benchmark:data/benchmark/src/main/java/org/owasp/benchmark/testcode/BenchmarkTest01322.java,63,java:S5542,CRITICAL,Use another cipher mode or disable padding.,sonarqube
BenchmarkTest01322,owasp-benchmark:data/benchmark/src/main/java/org/owasp/benchmark/testcode/BenchmarkTest01322.java,63,java:S5547,CRITICAL,Use a strong cipher algorithm.,sonarqube
BenchmarkTest01323,owasp-benchmark:data/benchmark/src/main/java/org/owasp/benchmark/testcode/BenchmarkTest01323.java,63,java:S5542,CRITICAL,Use another cipher mode or disable padding.,sonarqube
BenchmarkTest01323,owasp-benchmark:data/benchmark/src/main/java/org/owasp/benchmark/testcode/BenchmarkTest01323.java,63,java:S5547,CRITICAL,Use a strong cipher algorithm.,sonarqube
BenchmarkTest01325,owasp-benchmark:data/benchmark/src/main/java/org/owasp/benchmark/testcode/BenchmarkTest01325.java,57,java:S5542,CRITICAL,Use a secure cipher mode.,sonarqube
BenchmarkTest01325,owasp-benchmark:data/benchmark/src/main/java/org/owasp/benchmark/testcode/BenchmarkTest01325.java,57,java:S5547,CRITICAL,Use a strong cipher algorithm.,sonarqube
BenchmarkTest01333,owasp-benchmark:data/benchmark/src/main/java/org/owasp/benchmark/testcode/BenchmarkTest01333.java,53,java:S4790,CRITICAL,Make sure this weak hash algorithm is not used in a sensitive context here.,sonarqube
BenchmarkTest01334,owasp-benchmark:data/benchmark/src/main/java/org/owasp/benchmark/testcode/BenchmarkTest01334.java,53,java:S4790,CRITICAL,Make sure this weak hash algorithm is not used in a sensitive context here.,sonarqube
BenchmarkTest01354,owasp-benchmark:data/benchmark/src/main/java/org/owasp/benchmark/testcode/BenchmarkTest01354.java,52,java:S2245,MAJOR,Make sure that using this pseudorandom number generator is safe here.,sonarqube
BenchmarkTest01355,owasp-benchmark:data/benchmark/src/main/java/org/owasp/benchmark/testcode/BenchmarkTest01355.java,52,java:S2245,MAJOR,Make sure that using this pseudorandom number generator is safe here.,sonarqube
BenchmarkTest01356,owasp-benchmark:data/benchmark/src/main/java/org/owasp/benchmark/testcode/BenchmarkTest01356.java,52,java:S2245,MAJOR,Make sure that using this pseudorandom number generator is safe here.,sonarqube
BenchmarkTest01357,owasp-benchmark:data/benchmark/src/main/java/org/owasp/benchmark/testcode/BenchmarkTest01357.java,52,java:S2245,MAJOR,Make sure that using this pseudorandom number generator is safe here.,sonarqube
BenchmarkTest01358,owasp-benchmark:data/benchmark/src/main/java/org/owasp/benchmark/testcode/BenchmarkTest01358.java,52,java:S2245,MAJOR,Make sure that using this pseudorandom number generator is safe here.,sonarqube
BenchmarkTest01378,owasp-benchmark:data/benchmark/src/main/java/org/owasp/benchmark/testcode/BenchmarkTest01378.java,59,java:S2077,MAJOR,Make sure using a dynamically formatted SQL query is safe here.,sonarqube
BenchmarkTest01379,owasp-benchmark:data/benchmark/src/main/java/org/owasp/benchmark/testcode/BenchmarkTest01379.java,59,java:S2077,MAJOR,Make sure using a dynamically formatted SQL query is safe here.,sonarqube
BenchmarkTest01380,owasp-benchmark:data/benchmark/src/main/java/org/owasp/benchmark/testcode/BenchmarkTest01380.java,59,java:S2077,MAJOR,Make sure using a dynamically formatted SQL query is safe here.,sonarqube
BenchmarkTest01381,owasp-benchmark:data/benchmark/src/main/java/org/owasp/benchmark/testcode/BenchmarkTest01381.java,58,java:S2077,MAJOR,Make sure using a dynamically formatted SQL query is safe here.,sonarqube
BenchmarkTest01382,owasp-benchmark:data/benchmark/src/main/java/org/owasp/benchmark/testcode/BenchmarkTest01382.java,58,java:S2077,MAJOR,Make sure using a dynamically formatted SQL query is safe here.,sonarqube
BenchmarkTest01383,owasp-benchmark:data/benchmark/src/main/java/org/owasp/benchmark/testcode/BenchmarkTest01383.java,59,java:S2077,MAJOR,Make sure using a dynamically formatted SQL query is safe here.,sonarqube
BenchmarkTest01384,owasp-benchmark:data/benchmark/src/main/java/org/owasp/benchmark/testcode/BenchmarkTest01384.java,58,java:S2077,MAJOR,Make sure using a dynamically formatted SQL query is safe here.,sonarqube
BenchmarkTest01385,owasp-benchmark:data/benchmark/src/main/java/org/owasp/benchmark/testcode/BenchmarkTest01385.java,58,java:S2077,MAJOR,Make sure using a dynamically formatted SQL query is safe here.,sonarqube
BenchmarkTest01391,owasp-benchmark:data/benchmark/src/main/java/org/owasp/benchmark/testcode/BenchmarkTest01391.java,57,java:S2077,MAJOR,Make sure using a dynamically formatted SQL query is safe here.,sonarqube
BenchmarkTest01392,owasp-benchmark:data/benchmark/src/main/java/org/owasp/benchmark/testcode/BenchmarkTest01392.java,57,java:S2077,MAJOR,Make sure using a dynamically formatted SQL query is safe here.,sonarqube
BenchmarkTest01393,owasp-benchmark:data/benchmark/src/main/java/org/owasp/benchmark/testcode/BenchmarkTest01393.java,57,java:S2077,MAJOR,Make sure using a dynamically formatted SQL query is safe here.,sonarqube
BenchmarkTest01394,owasp-benchmark:data/benchmark/src/main/java/org/owasp/benchmark/testcode/BenchmarkTest01394.java,57,java:S2077,MAJOR,Make sure using a dynamically formatted SQL query is safe here.,sonarqube
BenchmarkTest01395,owasp-benchmark:data/benchmark/src/main/java/org/owasp/benchmark/testcode/BenchmarkTest01395.java,57,java:S2077,MAJOR,Make sure using a dynamically formatted SQL query is safe here.,sonarqube
BenchmarkTest01396,owasp-benchmark:data/benchmark/src/main/java/org/owasp/benchmark/testcode/BenchmarkTest01396.java,57,java:S2077,MAJOR,Make sure using a dynamically formatted SQL query is safe here.,sonarqube
BenchmarkTest01398,owasp-benchmark:data/benchmark/src/main/java/org/owasp/benchmark/testcode/BenchmarkTest01398.java,74,java:S5542,CRITICAL,Use another cipher mode or disable padding.,sonarqube
BenchmarkTest01398,owasp-benchmark:data/benchmark/src/main/java/org/owasp/benchmark/testcode/BenchmarkTest01398.java,74,java:S5547,CRITICAL,Use a strong cipher algorithm.,sonarqube
BenchmarkTest01401,owasp-benchmark:data/benchmark/src/main/java/org/owasp/benchmark/testcode/BenchmarkTest01401.java,77,java:S5542,CRITICAL,Use a secure cipher mode.,sonarqube
BenchmarkTest01411,owasp-benchmark:data/benchmark/src/main/java/org/owasp/benchmark/testcode/BenchmarkTest01411.java,63,java:S4790,CRITICAL,Make sure this weak hash algorithm is not used in a sensitive context here.,sonarqube
BenchmarkTest01431,owasp-benchmark:data/benchmark/src/main/java/org/owasp/benchmark/testcode/BenchmarkTest01431.java,62,java:S2245,MAJOR,Make sure that using this pseudorandom number generator is safe here.,sonarqube
BenchmarkTest01432,owasp-benchmark:data/benchmark/src/main/java/org/owasp/benchmark/testcode/BenchmarkTest01432.java,62,java:S2245,MAJOR,Make sure that using this pseudorandom number generator is safe here.,sonarqube
BenchmarkTest01433,owasp-benchmark:data/benchmark/src/main/java/org/owasp/benchmark/testcode/BenchmarkTest01433.java,62,java:S2245,MAJOR,Make sure that using this pseudorandom number generator is safe here.,sonarqube
BenchmarkTest01434,owasp-benchmark:data/benchmark/src/main/java/org/owasp/benchmark/testcode/BenchmarkTest01434.java,62,java:S2245,MAJOR,Make sure that using this pseudorandom number generator is safe here.,sonarqube
BenchmarkTest01435,owasp-benchmark:data/benchmark/src/main/java/org/owasp/benchmark/testcode/BenchmarkTest01435.java,62,java:S2245,MAJOR,Make sure that using this pseudorandom number generator is safe here.,sonarqube
BenchmarkTest01459,owasp-benchmark:data/benchmark/src/main/java/org/owasp/benchmark/testcode/BenchmarkTest01459.java,67,java:S2077,MAJOR,Make sure using a dynamically formatted SQL query is safe here.,sonarqube
BenchmarkTest01460,owasp-benchmark:data/benchmark/src/main/java/org/owasp/benchmark/testcode/BenchmarkTest01460.java,69,java:S2077,MAJOR,Make sure using a dynamically formatted SQL query is safe here.,sonarqube
BenchmarkTest01461,owasp-benchmark:data/benchmark/src/main/java/org/owasp/benchmark/testcode/BenchmarkTest01461.java,69,java:S2077,MAJOR,Make sure using a dynamically formatted SQL query is safe here.,sonarqube
BenchmarkTest01462,owasp-benchmark:data/benchmark/src/main/java/org/owasp/benchmark/testcode/BenchmarkTest01462.java,69,java:S2077,MAJOR,Make sure using a dynamically formatted SQL query is safe here.,sonarqube
BenchmarkTest01463,owasp-benchmark:data/benchmark/src/main/java/org/owasp/benchmark/testcode/BenchmarkTest01463.java,69,java:S2077,MAJOR,Make sure using a dynamically formatted SQL query is safe here.,sonarqube
BenchmarkTest01464,owasp-benchmark:data/benchmark/src/main/java/org/owasp/benchmark/testcode/BenchmarkTest01464.java,69,java:S2077,MAJOR,Make sure using a dynamically formatted SQL query is safe here.,sonarqube
BenchmarkTest01472,owasp-benchmark:data/benchmark/src/main/java/org/owasp/benchmark/testcode/BenchmarkTest01472.java,67,java:S2077,MAJOR,Make sure using a dynamically formatted SQL query is safe here.,sonarqube
BenchmarkTest01473,owasp-benchmark:data/benchmark/src/main/java/org/owasp/benchmark/testcode/BenchmarkTest01473.java,67,java:S2077,MAJOR,Make sure using a dynamically formatted SQL query is safe here.,sonarqube
BenchmarkTest01474,owasp-benchmark:data/benchmark/src/main/java/org/owasp/benchmark/testcode/BenchmarkTest01474.java,67,java:S2077,MAJOR,Make sure using a dynamically formatted SQL query is safe here.,sonarqube
BenchmarkTest01475,owasp-benchmark:data/benchmark/src/main/java/org/owasp/benchmark/testcode/BenchmarkTest01475.java,67,java:S2077,MAJOR,Make sure using a dynamically formatted SQL query is safe here.,sonarqube
BenchmarkTest01476,owasp-benchmark:data/benchmark/src/main/java/org/owasp/benchmark/testcode/BenchmarkTest01476.java,67,java:S2077,MAJOR,Make sure using a dynamically formatted SQL query is safe here.,sonarqube
BenchmarkTest01477,owasp-benchmark:data/benchmark/src/main/java/org/owasp/benchmark/testcode/BenchmarkTest01477.java,67,java:S2077,MAJOR,Make sure using a dynamically formatted SQL query is safe here.,sonarqube
BenchmarkTest01480,owasp-benchmark:data/benchmark/src/main/java/org/owasp/benchmark/testcode/BenchmarkTest01480.java,63,java:S5542,CRITICAL,Use another cipher mode or disable padding.,sonarqube
BenchmarkTest01480,owasp-benchmark:data/benchmark/src/main/java/org/owasp/benchmark/testcode/BenchmarkTest01480.java,63,java:S5547,CRITICAL,Use a strong cipher algorithm.,sonarqube
BenchmarkTest01483,owasp-benchmark:data/benchmark/src/main/java/org/owasp/benchmark/testcode/BenchmarkTest01483.java,62,java:S5542,CRITICAL,Use another cipher mode or disable padding.,sonarqube
BenchmarkTest01483,owasp-benchmark:data/benchmark/src/main/java/org/owasp/benchmark/testcode/BenchmarkTest01483.java,62,java:S5547,CRITICAL,Use a strong cipher algorithm.,sonarqube
BenchmarkTest01484,owasp-benchmark:data/benchmark/src/main/java/org/owasp/benchmark/testcode/BenchmarkTest01484.java,62,java:S5542,CRITICAL,Use another cipher mode or disable padding.,sonarqube
BenchmarkTest01484,owasp-benchmark:data/benchmark/src/main/java/org/owasp/benchmark/testcode/BenchmarkTest01484.java,62,java:S5547,CRITICAL,Use a strong cipher algorithm.,sonarqube
BenchmarkTest01486,owasp-benchmark:data/benchmark/src/main/java/org/owasp/benchmark/testcode/BenchmarkTest01486.java,61,java:S5542,CRITICAL,Use another cipher mode or disable padding.,sonarqube
BenchmarkTest01486,owasp-benchmark:data/benchmark/src/main/java/org/owasp/benchmark/testcode/BenchmarkTest01486.java,61,java:S5547,CRITICAL,Use a strong cipher algorithm.,sonarqube
BenchmarkTest01489,owasp-benchmark:data/benchmark/src/main/java/org/owasp/benchmark/testcode/BenchmarkTest01489.java,55,java:S5542,CRITICAL,Use a secure cipher mode.,sonarqube
BenchmarkTest01489,owasp-benchmark:data/benchmark/src/main/java/org/owasp/benchmark/testcode/BenchmarkTest01489.java,55,java:S5547,CRITICAL,Use a strong cipher algorithm.,sonarqube
BenchmarkTest01502,owasp-benchmark:data/benchmark/src/main/java/org/owasp/benchmark/testcode/BenchmarkTest01502.java,50,java:S2245,MAJOR,Make sure that using this pseudorandom number generator is safe here.,sonarqube
BenchmarkTest01503,owasp-benchmark:data/benchmark/src/main/java/org/owasp/benchmark/testcode/BenchmarkTest01503.java,56,java:S4790,CRITICAL,Make sure this weak hash algorithm is not used in a sensitive context here.,sonarqube
BenchmarkTest01503,owasp-benchmark:data/benchmark/src/main/java/org/owasp/benchmark/testcode/BenchmarkTest01503.java,58,java:S4790,CRITICAL,Make sure this weak hash algorithm is not used in a sensitive context here.,sonarqube
BenchmarkTest01504,owasp-benchmark:data/benchmark/src/main/java/org/owasp/benchmark/testcode/BenchmarkTest01504.java,51,java:S4790,CRITICAL,Make sure this weak hash algorithm is not used in a sensitive context here.,sonarqube
BenchmarkTest01518,owasp-benchmark:data/benchmark/src/main/java/org/owasp/benchmark/testcode/BenchmarkTest01518.java,50,java:S2245,MAJOR,Make sure that using this pseudorandom number generator is safe here.,sonarqube
BenchmarkTest01519,owasp-benchmark:data/benchmark/src/main/java/org/owasp/benchmark/testcode/BenchmarkTest01519.java,50,java:S2245,MAJOR,Make sure that using this pseudorandom number generator is safe here.,sonarqube
BenchmarkTest01520,owasp-benchmark:data/benchmark/src/main/java/org/owasp/benchmark/testcode/BenchmarkTest01520.java,50,java:S2245,MAJOR,Make sure that using this pseudorandom number generator is safe here.,sonarqube
BenchmarkTest01552,owasp-benchmark:data/benchmark/src/main/java/org/owasp/benchmark/testcode/BenchmarkTest01552.java,57,java:S2077,MAJOR,Make sure using a dynamically formatted SQL query is safe here.,sonarqube
BenchmarkTest01557,owasp-benchmark:data/benchmark/src/main/java/org/owasp/benchmark/testcode/BenchmarkTest01557.java,55,java:S2077,MAJOR,Make sure using a dynamically formatted SQL query is safe here.,sonarqube
BenchmarkTest01558,owasp-benchmark:data/benchmark/src/main/java/org/owasp/benchmark/testcode/BenchmarkTest01558.java,55,java:S2077,MAJOR,Make sure using a dynamically formatted SQL query is safe here.,sonarqube
BenchmarkTest01559,owasp-benchmark:data/benchmark/src/main/java/org/owasp/benchmark/testcode/BenchmarkTest01559.java,55,java:S2077,MAJOR,Make sure using a dynamically formatted SQL query is safe here.,sonarqube
BenchmarkTest01560,owasp-benchmark:data/benchmark/src/main/java/org/owasp/benchmark/testcode/BenchmarkTest01560.java,55,java:S2077,MAJOR,Make sure using a dynamically formatted SQL query is safe here.,sonarqube
BenchmarkTest01565,owasp-benchmark:data/benchmark/src/main/java/org/owasp/benchmark/testcode/BenchmarkTest01565.java,61,java:S5542,CRITICAL,Use another cipher mode or disable padding.,sonarqube
BenchmarkTest01565,owasp-benchmark:data/benchmark/src/main/java/org/owasp/benchmark/testcode/BenchmarkTest01565.java,61,java:S5547,CRITICAL,Use a strong cipher algorithm.,sonarqube
BenchmarkTest01566,owasp-benchmark:data/benchmark/src/main/java/org/owasp/benchmark/testcode/BenchmarkTest01566.java,55,java:S5547,CRITICAL,Use a strong cipher algorithm.,sonarqube
BenchmarkTest01566,owasp-benchmark:data/benchmark/src/main/java/org/owasp/benchmark/testcode/BenchmarkTest01566.java,55,java:S5542,CRITICAL,Use a secure cipher mode.,sonarqube
BenchmarkTest01567,owasp-benchmark:data/benchmark/src/main/java/org/owasp/benchmark/testcode/BenchmarkTest01567.java,65,java:S5542,CRITICAL,Use a secure cipher mode.,sonarqube
BenchmarkTest01575,owasp-benchmark:data/benchmark/src/main/java/org/owasp/benchmark/testcode/BenchmarkTest01575.java,50,java:S2245,MAJOR,Make sure that using this pseudorandom number generator is safe here.,sonarqube
BenchmarkTest01577,owasp-benchmark:data/benchmark/src/main/java/org/owasp/benchmark/testcode/BenchmarkTest01577.java,51,java:S4790,CRITICAL,Make sure this weak hash algorithm is not used in a sensitive context here.,sonarqube
BenchmarkTest01602,owasp-benchmark:data/benchmark/src/main/java/org/owasp/benchmark/testcode/BenchmarkTest01602.java,50,java:S2245,MAJOR,Make sure that using this pseudorandom number generator is safe here.,sonarqube
BenchmarkTest01603,owasp-benchmark:data/benchmark/src/main/java/org/owasp/benchmark/testcode/BenchmarkTest01603.java,50,java:S2245,MAJOR,Make sure that using this pseudorandom number generator is safe here.,sonarqube
BenchmarkTest01620,owasp-benchmark:data/benchmark/src/main/java/org/owasp/benchmark/testcode/BenchmarkTest01620.java,55,java:S2077,MAJOR,Make sure using a dynamically formatted SQL query is safe here.,sonarqube
BenchmarkTest01621,owasp-benchmark:data/benchmark/src/main/java/org/owasp/benchmark/testcode/BenchmarkTest01621.java,57,java:S2077,MAJOR,Make sure using a dynamically formatted SQL query is safe here.,sonarqube
BenchmarkTest01622,owasp-benchmark:data/benchmark/src/main/java/org/owasp/benchmark/testcode/BenchmarkTest01622.java,57,java:S2077,MAJOR,Make sure using a dynamically formatted SQL query is safe here.,sonarqube
BenchmarkTest01623,owasp-benchmark:data/benchmark/src/main/java/org/owasp/benchmark/testcode/BenchmarkTest01623.java,57,java:S2077,MAJOR,Make sure using a dynamically formatted SQL query is safe here.,sonarqube
BenchmarkTest01626,owasp-benchmark:data/benchmark/src/main/java/org/owasp/benchmark/testcode/BenchmarkTest01626.java,55,java:S2077,MAJOR,Make sure using a dynamically formatted SQL query is safe here.,sonarqube
BenchmarkTest01627,owasp-benchmark:data/benchmark/src/main/java/org/owasp/benchmark/testcode/BenchmarkTest01627.java,55,java:S2077,MAJOR,Make sure using a dynamically formatted SQL query is safe here.,sonarqube
BenchmarkTest01628,owasp-benchmark:data/benchmark/src/main/java/org/owasp/benchmark/testcode/BenchmarkTest01628.java,55,java:S2077,MAJOR,Make sure using a dynamically formatted SQL query is safe here.,sonarqube
BenchmarkTest01629,owasp-benchmark:data/benchmark/src/main/java/org/owasp/benchmark/testcode/BenchmarkTest01629.java,55,java:S2077,MAJOR,Make sure using a dynamically formatted SQL query is safe here.,sonarqube
BenchmarkTest01630,owasp-benchmark:data/benchmark/src/main/java/org/owasp/benchmark/testcode/BenchmarkTest01630.java,55,java:S2077,MAJOR,Make sure using a dynamically formatted SQL query is safe here.,sonarqube
BenchmarkTest01631,owasp-benchmark:data/benchmark/src/main/java/org/owasp/benchmark/testcode/BenchmarkTest01631.java,55,java:S2077,MAJOR,Make sure using a dynamically formatted SQL query is safe here.,sonarqube
BenchmarkTest01634,owasp-benchmark:data/benchmark/src/main/java/org/owasp/benchmark/testcode/BenchmarkTest01634.java,85,java:S5542,CRITICAL,Use another cipher mode or disable padding.,sonarqube
BenchmarkTest01634,owasp-benchmark:data/benchmark/src/main/java/org/owasp/benchmark/testcode/BenchmarkTest01634.java,85,java:S5547,CRITICAL,Use a strong cipher algorithm.,sonarqube
BenchmarkTest01637,owasp-benchmark:data/benchmark/src/main/java/org/owasp/benchmark/testcode/BenchmarkTest01637.java,84,java:S5542,CRITICAL,Use another cipher mode or disable padding.,sonarqube
BenchmarkTest01637,owasp-benchmark:data/benchmark/src/main/java/org/owasp/benchmark/testcode/BenchmarkTest01637.java,84,java:S5547,CRITICAL,Use a strong cipher algorithm.,sonarqube
BenchmarkTest01638,owasp-benchmark:data/benchmark/src/main/java/org/owasp/benchmark/testcode/BenchmarkTest01638.java,83,java:S5547,CRITICAL,Use a strong cipher algorithm.,sonarqube
BenchmarkTest01638,owasp-benchmark:data/benchmark/src/main/java/org/owasp/benchmark/testcode/BenchmarkTest01638.java,83,java:S5542,CRITICAL,Use another cipher mode or disable padding.,sonarqube
BenchmarkTest01639,owasp-benchmark:data/benchmark/src/main/java/org/owasp/benchmark/testcode/BenchmarkTest01639.java,83,java:S5547,CRITICAL,Use a strong cipher algorithm.,sonarqube
BenchmarkTest01639,owasp-benchmark:data/benchmark/src/main/java/org/owasp/benchmark/testcode/BenchmarkTest01639.java,83,java:S5542,CRITICAL,Use another cipher mode or disable padding.,sonarqube
BenchmarkTest01641,owasp-benchmark:data/benchmark/src/main/java/org/owasp/benchmark/testcode/BenchmarkTest01641.java,77,java:S5542,CRITICAL,Use a secure cipher mode.,sonarqube
BenchmarkTest01641,owasp-benchmark:data/benchmark/src/main/java/org/owasp/benchmark/testcode/BenchmarkTest01641.java,77,java:S5547,CRITICAL,Use a strong cipher algorithm.,sonarqube
BenchmarkTest01648,owasp-benchmark:data/benchmark/src/main/java/org/owasp/benchmark/testcode/BenchmarkTest01648.java,72,java:S2245,MAJOR,Make sure that using this pseudorandom number generator is safe here.,sonarqube
BenchmarkTest01649,owasp-benchmark:data/benchmark/src/main/java/org/owasp/benchmark/testcode/BenchmarkTest01649.java,73,java:S4790,CRITICAL,Make sure this weak hash algorithm is not used in a sensitive context here.,sonarqube
BenchmarkTest01650,owasp-benchmark:data/benchmark/src/main/java/org/owasp/benchmark/testcode/BenchmarkTest01650.java,73,java:S4790,CRITICAL,Make sure this weak hash algorithm is not used in a sensitive context here.,sonarqube
BenchmarkTest01651,owasp-benchmark:data/benchmark/src/main/java/org/owasp/benchmark/testcode/BenchmarkTest01651.java,73,java:S4790,CRITICAL,Make sure this weak hash algorithm is not used in a sensitive context here.,sonarqube
BenchmarkTest01653,owasp-benchmark:data/benchmark/src/main/java/org/owasp/benchmark/testcode/BenchmarkTest01653.java,73,java:S4790,CRITICAL,Make sure this weak hash algorithm is not used in a sensitive context here.,sonarqube
BenchmarkTest01675,owasp-benchmark:data/benchmark/src/main/java/org/owasp/benchmark/testcode/BenchmarkTest01675.java,73,java:S2245,MAJOR,Make sure that using this pseudorandom number generator is safe here.,sonarqube
BenchmarkTest01676,owasp-benchmark:data/benchmark/src/main/java/org/owasp/benchmark/testcode/BenchmarkTest01676.java,72,java:S2245,MAJOR,Make sure that using this pseudorandom number generator is safe here.,sonarqube
BenchmarkTest01677,owasp-benchmark:data/benchmark/src/main/java/org/owasp/benchmark/testcode/BenchmarkTest01677.java,72,java:S2245,MAJOR,Make sure that using this pseudorandom number generator is safe here.,sonarqube
BenchmarkTest01678,owasp-benchmark:data/benchmark/src/main/java/org/owasp/benchmark/testcode/BenchmarkTest01678.java,72,java:S2245,MAJOR,Make sure that using this pseudorandom number generator is safe here.,sonarqube
BenchmarkTest01679,owasp-benchmark:data/benchmark/src/main/java/org/owasp/benchmark/testcode/BenchmarkTest01679.java,72,java:S2245,MAJOR,Make sure that using this pseudorandom number generator is safe here.,sonarqube
BenchmarkTest01680,owasp-benchmark:data/benchmark/src/main/java/org/owasp/benchmark/testcode/BenchmarkTest01680.java,72,java:S2245,MAJOR,Make sure that using this pseudorandom number generator is safe here.,sonarqube
BenchmarkTest01681,owasp-benchmark:data/benchmark/src/main/java/org/owasp/benchmark/testcode/BenchmarkTest01681.java,72,java:S2245,MAJOR,Make sure that using this pseudorandom number generator is safe here.,sonarqube
BenchmarkTest01712,owasp-benchmark:data/benchmark/src/main/java/org/owasp/benchmark/testcode/BenchmarkTest01712.java,77,java:S2077,MAJOR,Make sure using a dynamically formatted SQL query is safe here.,sonarqube
BenchmarkTest01713,owasp-benchmark:data/benchmark/src/main/java/org/owasp/benchmark/testcode/BenchmarkTest01713.java,77,java:S2077,MAJOR,Make sure using a dynamically formatted SQL query is safe here.,sonarqube
BenchmarkTest01714,owasp-benchmark:data/benchmark/src/main/java/org/owasp/benchmark/testcode/BenchmarkTest01714.java,79,java:S2077,MAJOR,Make sure using a dynamically formatted SQL query is safe here.,sonarqube
BenchmarkTest01715,owasp-benchmark:data/benchmark/src/main/java/org/owasp/benchmark/testcode/BenchmarkTest01715.java,79,java:S2077,MAJOR,Make sure using a dynamically formatted SQL query is safe here.,sonarqube
BenchmarkTest01716,owasp-benchmark:data/benchmark/src/main/java/org/owasp/benchmark/testcode/BenchmarkTest01716.java,79,java:S2077,MAJOR,Make sure using a dynamically formatted SQL query is safe here.,sonarqube
BenchmarkTest01717,owasp-benchmark:data/benchmark/src/main/java/org/owasp/benchmark/testcode/BenchmarkTest01717.java,79,java:S2077,MAJOR,Make sure using a dynamically formatted SQL query is safe here.,sonarqube
BenchmarkTest01718,owasp-benchmark:data/benchmark/src/main/java/org/owasp/benchmark/testcode/BenchmarkTest01718.java,79,java:S2077,MAJOR,Make sure using a dynamically formatted SQL query is safe here.,sonarqube
BenchmarkTest01719,owasp-benchmark:data/benchmark/src/main/java/org/owasp/benchmark/testcode/BenchmarkTest01719.java,78,java:S2077,MAJOR,Make sure using a dynamically formatted SQL query is safe here.,sonarqube
BenchmarkTest01728,owasp-benchmark:data/benchmark/src/main/java/org/owasp/benchmark/testcode/BenchmarkTest01728.java,77,java:S2077,MAJOR,Make sure using a dynamically formatted SQL query is safe here.,sonarqube
BenchmarkTest01729,owasp-benchmark:data/benchmark/src/main/java/org/owasp/benchmark/testcode/BenchmarkTest01729.java,77,java:S2077,MAJOR,Make sure using a dynamically formatted SQL query is safe here.,sonarqube
BenchmarkTest01730,owasp-benchmark:data/benchmark/src/main/java/org/owasp/benchmark/testcode/BenchmarkTest01730.java,77,java:S2077,MAJOR,Make sure using a dynamically formatted SQL query is safe here.,sonarqube
BenchmarkTest01731,owasp-benchmark:data/benchmark/src/main/java/org/owasp/benchmark/testcode/BenchmarkTest01731.java,77,java:S2077,MAJOR,Make sure using a dynamically formatted SQL query is safe here.,sonarqube
BenchmarkTest01732,owasp-benchmark:data/benchmark/src/main/java/org/owasp/benchmark/testcode/BenchmarkTest01732.java,77,java:S2077,MAJOR,Make sure using a dynamically formatted SQL query is safe here.,sonarqube
BenchmarkTest01733,owasp-benchmark:data/benchmark/src/main/java/org/owasp/benchmark/testcode/BenchmarkTest01733.java,77,java:S2077,MAJOR,Make sure using a dynamically formatted SQL query is safe here.,sonarqube
BenchmarkTest01740,owasp-benchmark:data/benchmark/src/main/java/org/owasp/benchmark/testcode/BenchmarkTest01740.java,54,java:S5547,CRITICAL,Use a strong cipher algorithm.,sonarqube
BenchmarkTest01740,owasp-benchmark:data/benchmark/src/main/java/org/owasp/benchmark/testcode/BenchmarkTest01740.java,54,java:S5542,CRITICAL,Use a secure cipher mode.,sonarqube
BenchmarkTest01741,owasp-benchmark:data/benchmark/src/main/java/org/owasp/benchmark/testcode/BenchmarkTest01741.java,54,java:S5547,CRITICAL,Use a strong cipher algorithm.,sonarqube
BenchmarkTest01741,owasp-benchmark:data/benchmark/src/main/java/org/owasp/benchmark/testcode/BenchmarkTest01741.java,54,java:S5542,CRITICAL,Use a secure cipher mode.,sonarqube
BenchmarkTest01742,owasp-benchmark:data/benchmark/src/main/java/org/owasp/benchmark/testcode/BenchmarkTest01742.java,54,java:S5547,CRITICAL,Use a strong cipher algorithm.,sonarqube
BenchmarkTest01742,owasp-benchmark:data/benchmark/src/main/java/org/owasp/benchmark/testcode/BenchmarkTest01742.java,54,java:S5542,CRITICAL,Use a secure cipher mode.,sonarqube
BenchmarkTest01757,owasp-benchmark:data/benchmark/src/main/java/org/owasp/benchmark/testcode/BenchmarkTest01757.java,55,java:S4790,CRITICAL,Make sure this weak hash algorithm is not used in a sensitive context here.,sonarqube
BenchmarkTest01757,owasp-benchmark:data/benchmark/src/main/java/org/owasp/benchmark/testcode/BenchmarkTest01757.java,57,java:S4790,CRITICAL,Make sure this weak hash algorithm is not used in a sensitive context here.,sonarqube
BenchmarkTest01761,owasp-benchmark:data/benchmark/src/main/java/org/owasp/benchmark/testcode/BenchmarkTest01761.java,50,java:S4790,CRITICAL,Make sure this weak hash algorithm is not used in a sensitive context here.,sonarqube
BenchmarkTest01781,owasp-benchmark:data/benchmark/src/main/java/org/owasp/benchmark/testcode/BenchmarkTest01781.java,49,java:S2245,MAJOR,Make sure that using this pseudorandom number generator is safe here.,sonarqube
BenchmarkTest01782,owasp-benchmark:data/benchmark/src/main/java/org/owasp/benchmark/testcode/BenchmarkTest01782.java,49,java:S2245,MAJOR,Make sure that using this pseudorandom number generator is safe here.,sonarqube
BenchmarkTest01783,owasp-benchmark:data/benchmark/src/main/java/org/owasp/benchmark/testcode/BenchmarkTest01783.java,49,java:S2245,MAJOR,Make sure that using this pseudorandom number generator is safe here.,sonarqube
BenchmarkTest01784,owasp-benchmark:data/benchmark/src/main/java/org/owasp/benchmark/testcode/BenchmarkTest01784.java,49,java:S2245,MAJOR,Make sure that using this pseudorandom number generator is safe here.,sonarqube
BenchmarkTest01785,owasp-benchmark:data/benchmark/src/main/java/org/owasp/benchmark/testcode/BenchmarkTest01785.java,49,java:S2245,MAJOR,Make sure that using this pseudorandom number generator is safe here.,sonarqube
BenchmarkTest01786,owasp-benchmark:data/benchmark/src/main/java/org/owasp/benchmark/testcode/BenchmarkTest01786.java,49,java:S2245,MAJOR,Make sure that using this pseudorandom number generator is safe here.,sonarqube
BenchmarkTest01787,owasp-benchmark:data/benchmark/src/main/java/org/owasp/benchmark/testcode/BenchmarkTest01787.java,49,java:S2245,MAJOR,Make sure that using this pseudorandom number generator is safe here.,sonarqube
BenchmarkTest01788,owasp-benchmark:data/benchmark/src/main/java/org/owasp/benchmark/testcode/BenchmarkTest01788.java,49,java:S2245,MAJOR,Make sure that using this pseudorandom number generator is safe here.,sonarqube
BenchmarkTest01803,owasp-benchmark:data/benchmark/src/main/java/org/owasp/benchmark/testcode/BenchmarkTest01803.java,54,java:S2077,MAJOR,Make sure using a dynamically formatted SQL query is safe here.,sonarqube
BenchmarkTest01804,owasp-benchmark:data/benchmark/src/main/java/org/owasp/benchmark/testcode/BenchmarkTest01804.java,54,java:S2077,MAJOR,Make sure using a dynamically formatted SQL query is safe here.,sonarqube
BenchmarkTest01805,owasp-benchmark:data/benchmark/src/main/java/org/owasp/benchmark/testcode/BenchmarkTest01805.java,56,java:S2077,MAJOR,Make sure using a dynamically formatted SQL query is safe here.,sonarqube
BenchmarkTest01815,owasp-benchmark:data/benchmark/src/main/java/org/owasp/benchmark/testcode/BenchmarkTest01815.java,54,java:S2077,MAJOR,Make sure using a dynamically formatted SQL query is safe here.,sonarqube
BenchmarkTest01816,owasp-benchmark:data/benchmark/src/main/java/org/owasp/benchmark/testcode/BenchmarkTest01816.java,54,java:S2077,MAJOR,Make sure using a dynamically formatted SQL query is safe here.,sonarqube
BenchmarkTest01817,owasp-benchmark:data/benchmark/src/main/java/org/owasp/benchmark/testcode/BenchmarkTest01817.java,54,java:S2077,MAJOR,Make sure using a dynamically formatted SQL query is safe here.,sonarqube
BenchmarkTest01818,owasp-benchmark:data/benchmark/src/main/java/org/owasp/benchmark/testcode/BenchmarkTest01818.java,54,java:S2077,MAJOR,Make sure using a dynamically formatted SQL query is safe here.,sonarqube
BenchmarkTest01819,owasp-benchmark:data/benchmark/src/main/java/org/owasp/benchmark/testcode/BenchmarkTest01819.java,54,java:S2077,MAJOR,Make sure using a dynamically formatted SQL query is safe here.,sonarqube
BenchmarkTest01820,owasp-benchmark:data/benchmark/src/main/java/org/owasp/benchmark/testcode/BenchmarkTest01820.java,54,java:S2077,MAJOR,Make sure using a dynamically formatted SQL query is safe here.,sonarqube
BenchmarkTest01822,owasp-benchmark:data/benchmark/src/main/java/org/owasp/benchmark/testcode/BenchmarkTest01822.java,81,java:S5547,CRITICAL,Use a strong cipher algorithm.,sonarqube
BenchmarkTest01822,owasp-benchmark:data/benchmark/src/main/java/org/owasp/benchmark/testcode/BenchmarkTest01822.java,81,java:S5542,CRITICAL,Use another cipher mode or disable padding.,sonarqube
BenchmarkTest01823,owasp-benchmark:data/benchmark/src/main/java/org/owasp/benchmark/testcode/BenchmarkTest01823.java,81,java:S5542,CRITICAL,Use another cipher mode or disable padding.,sonarqube
BenchmarkTest01823,owasp-benchmark:data/benchmark/src/main/java/org/owasp/benchmark/testcode/BenchmarkTest01823.java,81,java:S5547,CRITICAL,Use a strong cipher algorithm.,sonarqube
BenchmarkTest01829,owasp-benchmark:data/benchmark/src/main/java/org/owasp/benchmark/testcode/BenchmarkTest01829.java,73,java:S5547,CRITICAL,Use a strong cipher algorithm.,sonarqube
BenchmarkTest01829,owasp-benchmark:data/benchmark/src/main/java/org/owasp/benchmark/testcode/BenchmarkTest01829.java,73,java:S5542,CRITICAL,Use a secure cipher mode.,sonarqube
BenchmarkTest01830,owasp-benchmark:data/benchmark/src/main/java/org/owasp/benchmark/testcode/BenchmarkTest01830.java,73,java:S5542,CRITICAL,Use a secure cipher mode.,sonarqube
BenchmarkTest01830,owasp-benchmark:data/benchmark/src/main/java/org/owasp/benchmark/testcode/BenchmarkTest01830.java,73,java:S5547,CRITICAL,Use a strong cipher algorithm.,sonarqube
BenchmarkTest01842,owasp-benchmark:data/benchmark/src/main/java/org/owasp/benchmark/testcode/BenchmarkTest01842.java,68,java:S2245,MAJOR,Make sure that using this pseudorandom number generator is safe here.,sonarqube
BenchmarkTest01843,owasp-benchmark:data/benchmark/src/main/java/org/owasp/benchmark/testcode/BenchmarkTest01843.java,68,java:S2245,MAJOR,Make sure that using this pseudorandom number generator is safe here.,sonarqube
BenchmarkTest01844,owasp-benchmark:data/benchmark/src/main/java/org/owasp/benchmark/testcode/BenchmarkTest01844.java,74,java:S4790,CRITICAL,Make sure this weak hash algorithm is not used in a sensitive context here.,sonarqube
BenchmarkTest01844,owasp-benchmark:data/benchmark/src/main/java/org/owasp/benchmark/testcode/BenchmarkTest01844.java,76,java:S4790,CRITICAL,Make sure this weak hash algorithm is not used in a sensitive context here.,sonarqube
BenchmarkTest01845,owasp-benchmark:data/benchmark/src/main/java/org/owasp/benchmark/testcode/BenchmarkTest01845.java,74,java:S4790,CRITICAL,Make sure this weak hash algorithm is not used in a sensitive context here.,sonarqube
BenchmarkTest01845,owasp-benchmark:data/benchmark/src/main/java/org/owasp/benchmark/testcode/BenchmarkTest01845.java,76,java:S4790,CRITICAL,Make sure this weak hash algorithm is not used in a sensitive context here.,sonarqube
BenchmarkTest01846,owasp-benchmark:data/benchmark/src/main/java/org/owasp/benchmark/testcode/BenchmarkTest01846.java,74,java:S4790,CRITICAL,Make sure this weak hash algorithm is not used in a sensitive context here.,sonarqube
BenchmarkTest01846,owasp-benchmark:data/benchmark/src/main/java/org/owasp/benchmark/testcode/BenchmarkTest01846.java,76,java:S4790,CRITICAL,Make sure this weak hash algorithm is not used in a sensitive context here.,sonarqube
BenchmarkTest01853,owasp-benchmark:data/benchmark/src/main/java/org/owasp/benchmark/testcode/BenchmarkTest01853.java,69,java:S2245,MAJOR,Make sure that using this pseudorandom number generator is safe here.,sonarqube
BenchmarkTest01854,owasp-benchmark:data/benchmark/src/main/java/org/owasp/benchmark/testcode/BenchmarkTest01854.java,68,java:S2245,MAJOR,Make sure that using this pseudorandom number generator is safe here.,sonarqube
BenchmarkTest01855,owasp-benchmark:data/benchmark/src/main/java/org/owasp/benchmark/testcode/BenchmarkTest01855.java,68,java:S2245,MAJOR,Make sure that using this pseudorandom number generator is safe here.,sonarqube
BenchmarkTest01856,owasp-benchmark:data/benchmark/src/main/java/org/owasp/benchmark/testcode/BenchmarkTest01856.java,68,java:S2245,MAJOR,Make sure that using this pseudorandom number generator is safe here.,sonarqube
BenchmarkTest01857,owasp-benchmark:data/benchmark/src/main/java/org/owasp/benchmark/testcode/BenchmarkTest01857.java,68,java:S2245,MAJOR,Make sure that using this pseudorandom number generator is safe here.,sonarqube
BenchmarkTest01858,owasp-benchmark:data/benchmark/src/main/java/org/owasp/benchmark/testcode/BenchmarkTest01858.java,68,java:S2245,MAJOR,Make sure that using this pseudorandom number generator is safe here.,sonarqube
BenchmarkTest01859,owasp-benchmark:data/benchmark/src/main/java/org/owasp/benchmark/testcode/BenchmarkTest01859.java,68,java:S2245,MAJOR,Make sure that using this pseudorandom number generator is safe here.,sonarqube
BenchmarkTest01860,owasp-benchmark:data/benchmark/src/main/java/org/owasp/benchmark/testcode/BenchmarkTest01860.java,68,java:S2245,MAJOR,Make sure that using this pseudorandom number generator is safe here.,sonarqube
BenchmarkTest01877,owasp-benchmark:data/benchmark/src/main/java/org/owasp/benchmark/testcode/BenchmarkTest01877.java,76,java:S2077,MAJOR,Make sure using a dynamically formatted SQL query is safe here.,sonarqube
BenchmarkTest01878,owasp-benchmark:data/benchmark/src/main/java/org/owasp/benchmark/testcode/BenchmarkTest01878.java,74,java:S2077,MAJOR,Make sure using a dynamically formatted SQL query is safe here.,sonarqube
BenchmarkTest01879,owasp-benchmark:data/benchmark/src/main/java/org/owasp/benchmark/testcode/BenchmarkTest01879.java,75,java:S2077,MAJOR,Make sure using a dynamically formatted SQL query is safe here.,sonarqube
BenchmarkTest01880,owasp-benchmark:data/benchmark/src/main/java/org/owasp/benchmark/testcode/BenchmarkTest01880.java,75,java:S2077,MAJOR,Make sure using a dynamically formatted SQL query is safe here.,sonarqube
BenchmarkTest01885,owasp-benchmark:data/benchmark/src/main/java/org/owasp/benchmark/testcode/BenchmarkTest01885.java,73,java:S2077,MAJOR,Make sure using a dynamically formatted SQL query is safe here.,sonarqube
BenchmarkTest01886,owasp-benchmark:data/benchmark/src/main/java/org/owasp/benchmark/testcode/BenchmarkTest01886.java,73,java:S2077,MAJOR,Make sure using a dynamically formatted SQL query is safe here.,sonarqube
BenchmarkTest01887,owasp-benchmark:data/benchmark/src/main/java/org/owasp/benchmark/testcode/BenchmarkTest01887.java,73,java:S2077,MAJOR,Make sure using a dynamically formatted SQL query is safe here.,sonarqube
BenchmarkTest01888,owasp-benchmark:data/benchmark/src/main/java/org/owasp/benchmark/testcode/BenchmarkTest01888.java,73,java:S2077,MAJOR,Make sure using a dynamically formatted SQL query is safe here.,sonarqube
BenchmarkTest01889,owasp-benchmark:data/benchmark/src/main/java/org/owasp/benchmark/testcode/BenchmarkTest01889.java,73,java:S2077,MAJOR,Make sure using a dynamically formatted SQL query is safe here.,sonarqube
BenchmarkTest01890,owasp-benchmark:data/benchmark/src/main/java/org/owasp/benchmark/testcode/BenchmarkTest01890.java,73,java:S2077,MAJOR,Make sure using a dynamically formatted SQL query is safe here.,sonarqube
BenchmarkTest01891,owasp-benchmark:data/benchmark/src/main/java/org/owasp/benchmark/testcode/BenchmarkTest01891.java,73,java:S2077,MAJOR,Make sure using a dynamically formatted SQL query is safe here.,sonarqube
BenchmarkTest01895,owasp-benchmark:data/benchmark/src/main/java/org/owasp/benchmark/testcode/BenchmarkTest01895.java,65,java:S5547,CRITICAL,Use a strong cipher algorithm.,sonarqube
BenchmarkTest01895,owasp-benchmark:data/benchmark/src/main/java/org/owasp/benchmark/testcode/BenchmarkTest01895.java,65,java:S5542,CRITICAL,Use another cipher mode or disable padding.,sonarqube
BenchmarkTest01897,owasp-benchmark:data/benchmark/src/main/java/org/owasp/benchmark/testcode/BenchmarkTest01897.java,64,java:S5547,CRITICAL,Use a strong cipher algorithm.,sonarqube
BenchmarkTest01897,owasp-benchmark:data/benchmark/src/main/java/org/owasp/benchmark/testcode/BenchmarkTest01897.java,64,java:S5542,CRITICAL,Use another cipher mode or disable padding.,sonarqube
BenchmarkTest01898,owasp-benchmark:data/benchmark/src/main/java/org/owasp/benchmark/testcode/BenchmarkTest01898.java,64,java:S5542,CRITICAL,Use another cipher mode or disable padding.,sonarqube
BenchmarkTest01898,owasp-benchmark:data/benchmark/src/main/java/org/owasp/benchmark/testcode/BenchmarkTest01898.java,64,java:S5547,CRITICAL,Use a strong cipher algorithm.,sonarqube
BenchmarkTest01900,owasp-benchmark:data/benchmark/src/main/java/org/owasp/benchmark/testcode/BenchmarkTest01900.java,58,java:S5542,CRITICAL,Use a secure cipher mode.,sonarqube
BenchmarkTest01900,owasp-benchmark:data/benchmark/src/main/java/org/owasp/benchmark/testcode/BenchmarkTest01900.java,58,java:S5547,CRITICAL,Use a strong cipher algorithm.,sonarqube
BenchmarkTest01901,owasp-benchmark:data/benchmark/src/main/java/org/owasp/benchmark/testcode/BenchmarkTest01901.java,68,java:S5542,CRITICAL,Use a secure cipher mode.,sonarqube
BenchmarkTest01910,owasp-benchmark:data/benchmark/src/main/java/org/owasp/benchmark/testcode/BenchmarkTest01910.java,53,java:S2245,MAJOR,Make sure that using this pseudorandom number generator is safe here.,sonarqube
BenchmarkTest01911,owasp-benchmark:data/benchmark/src/main/java/org/owasp/benchmark/testcode/BenchmarkTest01911.java,59,java:S4790,CRITICAL,Make sure this weak hash algorithm is not used in a sensitive context here.,sonarqube
BenchmarkTest01911,owasp-benchmark:data/benchmark/src/main/java/org/owasp/benchmark/testcode/BenchmarkTest01911.java,61,java:S4790,CRITICAL,Make sure this weak hash algorithm is not used in a sensitive context here.,sonarqube
BenchmarkTest01930,owasp-benchmark:data/benchmark/src/main/java/org/owasp/benchmark/testcode/BenchmarkTest01930.java,53,java:S2245,MAJOR,Make sure that using this pseudorandom number generator is safe here.,sonarqube
BenchmarkTest01931,owasp-benchmark:data/benchmark/src/main/java/org/owasp/benchmark/testcode/BenchmarkTest01931.java,53,java:S2245,MAJOR,Make sure that using this pseudorandom number generator is safe here.,sonarqube
BenchmarkTest01932,owasp-benchmark:data/benchmark/src/main/java/org/owasp/benchmark/testcode/BenchmarkTest01932.java,53,java:S2245,MAJOR,Make sure that using this pseudorandom number generator is safe here.,sonarqube
BenchmarkTest01933,owasp-benchmark:data/benchmark/src/main/java/org/owasp/benchmark/testcode/BenchmarkTest01933.java,53,java:S2245,MAJOR,Make sure that using this pseudorandom number generator is safe here.,sonarqube
BenchmarkTest01934,owasp-benchmark:data/benchmark/src/main/java/org/owasp/benchmark/testcode/BenchmarkTest01934.java,53,java:S2245,MAJOR,Make sure that using this pseudorandom number generator is safe here.,sonarqube
BenchmarkTest01961,owasp-benchmark:data/benchmark/src/main/java/org/owasp/benchmark/testcode/BenchmarkTest01961.java,59,java:S2077,MAJOR,Make sure using a dynamically formatted SQL query is safe here.,sonarqube
BenchmarkTest01962,owasp-benchmark:data/benchmark/src/main/java/org/owasp/benchmark/testcode/BenchmarkTest01962.java,59,java:S2077,MAJOR,Make sure using a dynamically formatted SQL query is safe here.,sonarqube
BenchmarkTest01969,owasp-benchmark:data/benchmark/src/main/java/org/owasp/benchmark/testcode/BenchmarkTest01969.java,58,java:S2077,MAJOR,Make sure using a dynamically formatted SQL query is safe here.,sonarqube
BenchmarkTest01970,owasp-benchmark:data/benchmark/src/main/java/org/owasp/benchmark/testcode/BenchmarkTest01970.java,58,java:S2077,MAJOR,Make sure using a dynamically formatted SQL query is safe here.,sonarqube
BenchmarkTest01971,owasp-benchmark:data/benchmark/src/main/java/org/owasp/benchmark/testcode/BenchmarkTest01971.java,58,java:S2077,MAJOR,Make sure using a dynamically formatted SQL query is safe here.,sonarqube
BenchmarkTest01972,owasp-benchmark:data/benchmark/src/main/java/org/owasp/benchmark/testcode/BenchmarkTest01972.java,58,java:S2077,MAJOR,Make sure using a dynamically formatted SQL query is safe here.,sonarqube
BenchmarkTest01973,owasp-benchmark:data/benchmark/src/main/java/org/owasp/benchmark/testcode/BenchmarkTest01973.java,58,java:S2077,MAJOR,Make sure using a dynamically formatted SQL query is safe here.,sonarqube
BenchmarkTest01978,owasp-benchmark:data/benchmark/src/main/java/org/owasp/benchmark/testcode/BenchmarkTest01978.java,74,java:S5542,CRITICAL,Use another cipher mode or disable padding.,sonarqube
BenchmarkTest01978,owasp-benchmark:data/benchmark/src/main/java/org/owasp/benchmark/testcode/BenchmarkTest01978.java,74,java:S5547,CRITICAL,Use a strong cipher algorithm.,sonarqube
BenchmarkTest01980,owasp-benchmark:data/benchmark/src/main/java/org/owasp/benchmark/testcode/BenchmarkTest01980.java,68,java:S5547,CRITICAL,Use a strong cipher algorithm.,sonarqube
BenchmarkTest01980,owasp-benchmark:data/benchmark/src/main/java/org/owasp/benchmark/testcode/BenchmarkTest01980.java,68,java:S5542,CRITICAL,Use a secure cipher mode.,sonarqube
BenchmarkTest01981,owasp-benchmark:data/benchmark/src/main/java/org/owasp/benchmark/testcode/BenchmarkTest01981.java,68,java:S5542,CRITICAL,Use a secure cipher mode.,sonarqube
BenchmarkTest01981,owasp-benchmark:data/benchmark/src/main/java/org/owasp/benchmark/testcode/BenchmarkTest01981.java,68,java:S5547,CRITICAL,Use a strong cipher algorithm.,sonarqube
BenchmarkTest01982,owasp-benchmark:data/benchmark/src/main/java/org/owasp/benchmark/testcode/BenchmarkTest01982.java,78,java:S5542,CRITICAL,Use a secure cipher mode.,sonarqube
BenchmarkTest01992,owasp-benchmark:data/benchmark/src/main/java/org/owasp/benchmark/testcode/BenchmarkTest01992.java,63,java:S2245,MAJOR,Make sure that using this pseudorandom number generator is safe here.,sonarqube
BenchmarkTest01999,owasp-benchmark:data/benchmark/src/main/java/org/owasp/benchmark/testcode/BenchmarkTest01999.java,64,java:S2245,MAJOR,Make sure that using this pseudorandom number generator is safe here.,sonarqube
BenchmarkTest02000,owasp-benchmark:data/benchmark/src/main/java/org/owasp/benchmark/testcode/BenchmarkTest02000.java,64,java:S2245,MAJOR,Make sure that using this pseudorandom number generator is safe here.,sonarqube
BenchmarkTest02001,owasp-benchmark:data/benchmark/src/main/java/org/owasp/benchmark/testcode/BenchmarkTest02001.java,63,java:S2245,MAJOR,Make sure that using this pseudorandom number generator is safe here.,sonarqube
BenchmarkTest02002,owasp-benchmark:data/benchmark/src/main/java/org/owasp/benchmark/testcode/BenchmarkTest02002.java,63,java:S2245,MAJOR,Make sure that using this pseudorandom number generator is safe here.,sonarqube
BenchmarkTest02003,owasp-benchmark:data/benchmark/src/main/java/org/owasp/benchmark/testcode/BenchmarkTest02003.java,63,java:S2245,MAJOR,Make sure that using this pseudorandom number generator is safe here.,sonarqube
BenchmarkTest02004,owasp-benchmark:data/benchmark/src/main/java/org/owasp/benchmark/testcode/BenchmarkTest02004.java,63,java:S2245,MAJOR,Make sure that using this pseudorandom number generator is safe here.,sonarqube
BenchmarkTest02017,owasp-benchmark:data/benchmark/src/main/java/org/owasp/benchmark/testcode/BenchmarkTest02017.java,68,java:S5547,CRITICAL,Use a strong cipher algorithm.,sonarqube
BenchmarkTest02017,owasp-benchmark:data/benchmark/src/main/java/org/owasp/benchmark/testcode/BenchmarkTest02017.java,68,java:S5542,CRITICAL,Use another cipher mode or disable padding.,sonarqube
BenchmarkTest02018,owasp-benchmark:data/benchmark/src/main/java/org/owasp/benchmark/testcode/BenchmarkTest02018.java,68,java:S5547,CRITICAL,Use a strong cipher algorithm.,sonarqube
BenchmarkTest02018,owasp-benchmark:data/benchmark/src/main/java/org/owasp/benchmark/testcode/BenchmarkTest02018.java,68,java:S5542,CRITICAL,Use another cipher mode or disable padding.,sonarqube
BenchmarkTest02019,owasp-benchmark:data/benchmark/src/main/java/org/owasp/benchmark/testcode/BenchmarkTest02019.java,68,java:S5547,CRITICAL,Use a strong cipher algorithm.,sonarqube
BenchmarkTest02019,owasp-benchmark:data/benchmark/src/main/java/org/owasp/benchmark/testcode/BenchmarkTest02019.java,68,java:S5542,CRITICAL,Use another cipher mode or disable padding.,sonarqube
BenchmarkTest02020,owasp-benchmark:data/benchmark/src/main/java/org/owasp/benchmark/testcode/BenchmarkTest02020.java,67,java:S5542,CRITICAL,Use another cipher mode or disable padding.,sonarqube
BenchmarkTest02020,owasp-benchmark:data/benchmark/src/main/java/org/owasp/benchmark/testcode/BenchmarkTest02020.java,67,java:S5547,CRITICAL,Use a strong cipher algorithm.,sonarqube
BenchmarkTest02022,owasp-benchmark:data/benchmark/src/main/java/org/owasp/benchmark/testcode/BenchmarkTest02022.java,60,java:S5542,CRITICAL,Use a secure cipher mode.,sonarqube
BenchmarkTest02022,owasp-benchmark:data/benchmark/src/main/java/org/owasp/benchmark/testcode/BenchmarkTest02022.java,60,java:S5547,CRITICAL,Use a strong cipher algorithm.,sonarqube
BenchmarkTest02023,owasp-benchmark:data/benchmark/src/main/java/org/owasp/benchmark/testcode/BenchmarkTest02023.java,60,java:S5547,CRITICAL,Use a strong cipher algorithm.,sonarqube
BenchmarkTest02023,owasp-benchmark:data/benchmark/src/main/java/org/owasp/benchmark/testcode/BenchmarkTest02023.java,60,java:S5542,CRITICAL,Use a secure cipher mode.,sonarqube
BenchmarkTest02024,owasp-benchmark:data/benchmark/src/main/java/org/owasp/benchmark/testcode/BenchmarkTest02024.java,70,java:S5542,CRITICAL,Use a secure cipher mode.,sonarqube
BenchmarkTest02038,owasp-benchmark:data/benchmark/src/main/java/org/owasp/benchmark/testcode/BenchmarkTest02038.java,55,java:S2245,MAJOR,Make sure that using this pseudorandom number generator is safe here.,sonarqube
BenchmarkTest02039,owasp-benchmark:data/benchmark/src/main/java/org/owasp/benchmark/testcode/BenchmarkTest02039.java,55,java:S2245,MAJOR,Make sure that using this pseudorandom number generator is safe here.,sonarqube
BenchmarkTest02040,owasp-benchmark:data/benchmark/src/main/java/org/owasp/benchmark/testcode/BenchmarkTest02040.java,55,java:S2245,MAJOR,Make sure that using this pseudorandom number generator is safe here.,sonarqube
BenchmarkTest02042,owasp-benchmark:data/benchmark/src/main/java/org/owasp/benchmark/testcode/BenchmarkTest02042.java,56,java:S4790,CRITICAL,Make sure this weak hash algorithm is not used in a sensitive context here.,sonarqube
BenchmarkTest02060,owasp-benchmark:data/benchmark/src/main/java/org/owasp/benchmark/testcode/BenchmarkTest02060.java,55,java:S2245,MAJOR,Make sure that using this pseudorandom number generator is safe here.,sonarqube
BenchmarkTest02061,owasp-benchmark:data/benchmark/src/main/java/org/owasp/benchmark/testcode/BenchmarkTest02061.java,55,java:S2245,MAJOR,Make sure that using this pseudorandom number generator is safe here.,sonarqube
BenchmarkTest02062,owasp-benchmark:data/benchmark/src/main/java/org/owasp/benchmark/testcode/BenchmarkTest02062.java,55,java:S2245,MAJOR,Make sure that using this pseudorandom number generator is safe here.,sonarqube
BenchmarkTest02063,owasp-benchmark:data/benchmark/src/main/java/org/owasp/benchmark/testcode/BenchmarkTest02063.java,55,java:S2245,MAJOR,Make sure that using this pseudorandom number generator is safe here.,sonarqube
BenchmarkTest02087,owasp-benchmark:data/benchmark/src/main/java/org/owasp/benchmark/testcode/BenchmarkTest02087.java,61,java:S2077,MAJOR,Make sure using a dynamically formatted SQL query is safe here.,sonarqube
BenchmarkTest02088,owasp-benchmark:data/benchmark/src/main/java/org/owasp/benchmark/testcode/BenchmarkTest02088.java,62,java:S2077,MAJOR,Make sure using a dynamically formatted SQL query is safe here.,sonarqube
BenchmarkTest02089,owasp-benchmark:data/benchmark/src/main/java/org/owasp/benchmark/testcode/BenchmarkTest02089.java,62,java:S2077,MAJOR,Make sure using a dynamically formatted SQL query is safe here.,sonarqube
BenchmarkTest02092,owasp-benchmark:data/benchmark/src/main/java/org/owasp/benchmark/testcode/BenchmarkTest02092.java,60,java:S2077,MAJOR,Make sure using a dynamically formatted SQL query is safe here.,sonarqube
BenchmarkTest02093,owasp-benchmark:data/benchmark/src/main/java/org/owasp/benchmark/testcode/BenchmarkTest02093.java,60,java:S2077,MAJOR,Make sure using a dynamically formatted SQL query is safe here.,sonarqube
BenchmarkTest02094,owasp-benchmark:data/benchmark/src/main/java/org/owasp/benchmark/testcode/BenchmarkTest02094.java,60,java:S2077,MAJOR,Make sure using a dynamically formatted SQL query is safe here.,sonarqube
BenchmarkTest02095,owasp-benchmark:data/benchmark/src/main/java/org/owasp/benchmark/testcode/BenchmarkTest02095.java,60,java:S2077,MAJOR,Make sure using a dynamically formatted SQL query is safe here.,sonarqube
BenchmarkTest02096,owasp-benchmark:data/benchmark/src/main/java/org/owasp/benchmark/testcode/BenchmarkTest02096.java,60,java:S2077,MAJOR,Make sure using a dynamically formatted SQL query is safe here.,sonarqube
BenchmarkTest02097,owasp-benchmark:data/benchmark/src/main/java/org/owasp/benchmark/testcode/BenchmarkTest02097.java,60,java:S2077,MAJOR,Make sure using a dynamically formatted SQL query is safe here.,sonarqube
BenchmarkTest02098,owasp-benchmark:data/benchmark/src/main/java/org/owasp/benchmark/testcode/BenchmarkTest02098.java,60,java:S2077,MAJOR,Make sure using a dynamically formatted SQL query is safe here.,sonarqube
BenchmarkTest02099,owasp-benchmark:data/benchmark/src/main/java/org/owasp/benchmark/testcode/BenchmarkTest02099.java,60,java:S2077,MAJOR,Make sure using a dynamically formatted SQL query is safe here.,sonarqube
BenchmarkTest02101,owasp-benchmark:data/benchmark/src/main/java/org/owasp/benchmark/testcode/BenchmarkTest02101.java,60,java:S5542,CRITICAL,Use another cipher mode or disable padding.,sonarqube
BenchmarkTest02101,owasp-benchmark:data/benchmark/src/main/java/org/owasp/benchmark/testcode/BenchmarkTest02101.java,60,java:S5547,CRITICAL,Use a strong cipher algorithm.,sonarqube
BenchmarkTest02103,owasp-benchmark:data/benchmark/src/main/java/org/owasp/benchmark/testcode/BenchmarkTest02103.java,63,java:S5542,CRITICAL,Use a secure cipher mode.,sonarqube
BenchmarkTest02117,owasp-benchmark:data/benchmark/src/main/java/org/owasp/benchmark/testcode/BenchmarkTest02117.java,48,java:S2245,MAJOR,Make sure that using this pseudorandom number generator is safe here.,sonarqube
BenchmarkTest02118,owasp-benchmark:data/benchmark/src/main/java/org/owasp/benchmark/testcode/BenchmarkTest02118.java,54,java:S4790,CRITICAL,Make sure this weak hash algorithm is not used in a sensitive context here.,sonarqube
BenchmarkTest02118,owasp-benchmark:data/benchmark/src/main/java/org/owasp/benchmark/testcode/BenchmarkTest02118.java,56,java:S4790,CRITICAL,Make sure this weak hash algorithm is not used in a sensitive context here.,sonarqube
BenchmarkTest02138,owasp-benchmark:data/benchmark/src/main/java/org/owasp/benchmark/testcode/BenchmarkTest02138.java,49,java:S2245,MAJOR,Make sure that using this pseudorandom number generator is safe here.,sonarqube
BenchmarkTest02139,owasp-benchmark:data/benchmark/src/main/java/org/owasp/benchmark/testcode/BenchmarkTest02139.java,48,java:S2245,MAJOR,Make sure that using this pseudorandom number generator is safe here.,sonarqube
BenchmarkTest02140,owasp-benchmark:data/benchmark/src/main/java/org/owasp/benchmark/testcode/BenchmarkTest02140.java,48,java:S2245,MAJOR,Make sure that using this pseudorandom number generator is safe here.,sonarqube
BenchmarkTest02141,owasp-benchmark:data/benchmark/src/main/java/org/owasp/benchmark/testcode/BenchmarkTest02141.java,48,java:S2245,MAJOR,Make sure that using this pseudorandom number generator is safe here.,sonarqube
BenchmarkTest02169,owasp-benchmark:data/benchmark/src/main/java/org/owasp/benchmark/testcode/BenchmarkTest02169.java,55,java:S2077,MAJOR,Make sure using a dynamically formatted SQL query is safe here.,sonarqube
BenchmarkTest02170,owasp-benchmark:data/benchmark/src/main/java/org/owasp/benchmark/testcode/BenchmarkTest02170.java,55,java:S2077,MAJOR,Make sure using a dynamically formatted SQL query is safe here.,sonarqube
BenchmarkTest02171,owasp-benchmark:data/benchmark/src/main/java/org/owasp/benchmark/testcode/BenchmarkTest02171.java,55,java:S2077,MAJOR,Make sure using a dynamically formatted SQL query is safe here.,sonarqube
BenchmarkTest02172,owasp-benchmark:data/benchmark/src/main/java/org/owasp/benchmark/testcode/BenchmarkTest02172.java,55,java:S2077,MAJOR,Make sure using a dynamically formatted SQL query is safe here.,sonarqube
BenchmarkTest02173,owasp-benchmark:data/benchmark/src/main/java/org/owasp/benchmark/testcode/BenchmarkTest02173.java,55,java:S2077,MAJOR,Make sure using a dynamically formatted SQL query is safe here.,sonarqube
BenchmarkTest02185,owasp-benchmark:data/benchmark/src/main/java/org/owasp/benchmark/testcode/BenchmarkTest02185.java,53,java:S2077,MAJOR,Make sure using a dynamically formatted SQL query is safe here.,sonarqube
BenchmarkTest02186,owasp-benchmark:data/benchmark/src/main/java/org/owasp/benchmark/testcode/BenchmarkTest02186.java,53,java:S2077,MAJOR,Make sure using a dynamically formatted SQL query is safe here.,sonarqube
BenchmarkTest02187,owasp-benchmark:data/benchmark/src/main/java/org/owasp/benchmark/testcode/BenchmarkTest02187.java,53,java:S2077,MAJOR,Make sure using a dynamically formatted SQL query is safe here.,sonarqube
BenchmarkTest02188,owasp-benchmark:data/benchmark/src/main/java/org/owasp/benchmark/testcode/BenchmarkTest02188.java,53,java:S2077,MAJOR,Make sure using a dynamically formatted SQL query is safe here.,sonarqube
BenchmarkTest02192,owasp-benchmark:data/benchmark/src/main/java/org/owasp/benchmark/testcode/BenchmarkTest02192.java,64,java:S5542,CRITICAL,Use another cipher mode or disable padding.,sonarqube
BenchmarkTest02192,owasp-benchmark:data/benchmark/src/main/java/org/owasp/benchmark/testcode/BenchmarkTest02192.java,64,java:S5547,CRITICAL,Use a strong cipher algorithm.,sonarqube
BenchmarkTest02193,owasp-benchmark:data/benchmark/src/main/java/org/owasp/benchmark/testcode/BenchmarkTest02193.java,64,java:S5542,CRITICAL,Use another cipher mode or disable padding.,sonarqube
BenchmarkTest02193,owasp-benchmark:data/benchmark/src/main/java/org/owasp/benchmark/testcode/BenchmarkTest02193.java,64,java:S5547,CRITICAL,Use a strong cipher algorithm.,sonarqube
BenchmarkTest02194,owasp-benchmark:data/benchmark/src/main/java/org/owasp/benchmark/testcode/BenchmarkTest02194.java,63,java:S5542,CRITICAL,Use another cipher mode or disable padding.,sonarqube
BenchmarkTest02194,owasp-benchmark:data/benchmark/src/main/java/org/owasp/benchmark/testcode/BenchmarkTest02194.java,63,java:S5547,CRITICAL,Use a strong cipher algorithm.,sonarqube
BenchmarkTest02195,owasp-benchmark:data/benchmark/src/main/java/org/owasp/benchmark/testcode/BenchmarkTest02195.java,63,java:S5547,CRITICAL,Use a strong cipher algorithm.,sonarqube
BenchmarkTest02195,owasp-benchmark:data/benchmark/src/main/java/org/owasp/benchmark/testcode/BenchmarkTest02195.java,63,java:S5542,CRITICAL,Use another cipher mode or disable padding.,sonarqube
BenchmarkTest02209,owasp-benchmark:data/benchmark/src/main/java/org/owasp/benchmark/testcode/BenchmarkTest02209.java,52,java:S2245,MAJOR,Make sure that using this pseudorandom number generator is safe here.,sonarqube
BenchmarkTest02211,owasp-benchmark:data/benchmark/src/main/java/org/owasp/benchmark/testcode/BenchmarkTest02211.java,53,java:S4790,CRITICAL,Make sure this weak hash algorithm is not used in a sensitive context here.,sonarqube
BenchmarkTest02212,owasp-benchmark:data/benchmark/src/main/java/org/owasp/benchmark/testcode/BenchmarkTest02212.java,53,java:S4790,CRITICAL,Make sure this weak hash algorithm is not used in a sensitive context here.,sonarqube
BenchmarkTest02213,owasp-benchmark:data/benchmark/src/main/java/org/owasp/benchmark/testcode/BenchmarkTest02213.java,53,java:S4790,CRITICAL,Make sure this weak hash algorithm is not used in a sensitive context here.,sonarqube
BenchmarkTest02217,owasp-benchmark:data/benchmark/src/main/java/org/owasp/benchmark/testcode/BenchmarkTest02217.java,53,java:S4790,CRITICAL,Make sure this weak hash algorithm is not used in a sensitive context here.,sonarqube
BenchmarkTest02245,owasp-benchmark:data/benchmark/src/main/java/org/owasp/benchmark/testcode/BenchmarkTest02245.java,52,java:S2245,MAJOR,Make sure that using this pseudorandom number generator is safe here.,sonarqube
BenchmarkTest02246,owasp-benchmark:data/benchmark/src/main/java/org/owasp/benchmark/testcode/BenchmarkTest02246.java,52,java:S2245,MAJOR,Make sure that using this pseudorandom number generator is safe here.,sonarqube
BenchmarkTest02264,owasp-benchmark:data/benchmark/src/main/java/org/owasp/benchmark/testcode/BenchmarkTest02264.java,57,java:S2077,MAJOR,Make sure using a dynamically formatted SQL query is safe here.,sonarqube
BenchmarkTest02265,owasp-benchmark:data/benchmark/src/main/java/org/owasp/benchmark/testcode/BenchmarkTest02265.java,59,java:S2077,MAJOR,Make sure using a dynamically formatted SQL query is safe here.,sonarqube
BenchmarkTest02266,owasp-benchmark:data/benchmark/src/main/java/org/owasp/benchmark/testcode/BenchmarkTest02266.java,59,java:S2077,MAJOR,Make sure using a dynamically formatted SQL query is safe here.,sonarqube
BenchmarkTest02267,owasp-benchmark:data/benchmark/src/main/java/org/owasp/benchmark/testcode/BenchmarkTest02267.java,57,java:S2077,MAJOR,Make sure using a dynamically formatted SQL query is safe here.,sonarqube
BenchmarkTest02268,owasp-benchmark:data/benchmark/src/main/java/org/owasp/benchmark/testcode/BenchmarkTest02268.java,59,java:S2077,MAJOR,Make sure using a dynamically formatted SQL query is safe here.,sonarqube
BenchmarkTest02269,owasp-benchmark:data/benchmark/src/main/java/org/owasp/benchmark/testcode/BenchmarkTest02269.java,59,java:S2077,MAJOR,Make sure using a dynamically formatted SQL query is safe here.,sonarqube
BenchmarkTest02270,owasp-benchmark:data/benchmark/src/main/java/org/owasp/benchmark/testcode/BenchmarkTest02270.java,59,java:S2077,MAJOR,Make sure using a dynamically formatted SQL query is safe here.,sonarqube
BenchmarkTest02271,owasp-benchmark:data/benchmark/src/main/java/org/owasp/benchmark/testcode/BenchmarkTest02271.java,58,java:S2077,MAJOR,Make sure using a dynamically formatted SQL query is safe here.,sonarqube
BenchmarkTest02283,owasp-benchmark:data/benchmark/src/main/java/org/owasp/benchmark/testcode/BenchmarkTest02283.java,57,java:S2077,MAJOR,Make sure using a dynamically formatted SQL query is safe here.,sonarqube
BenchmarkTest02284,owasp-benchmark:data/benchmark/src/main/java/org/owasp/benchmark/testcode/BenchmarkTest02284.java,57,java:S2077,MAJOR,Make sure using a dynamically formatted SQL query is safe here.,sonarqube
BenchmarkTest02285,owasp-benchmark:data/benchmark/src/main/java/org/owasp/benchmark/testcode/BenchmarkTest02285.java,57,java:S2077,MAJOR,Make sure using a dynamically formatted SQL query is safe here.,sonarqube
BenchmarkTest02286,owasp-benchmark:data/benchmark/src/main/java/org/owasp/benchmark/testcode/BenchmarkTest02286.java,57,java:S2077,MAJOR,Make sure using a dynamically formatted SQL query is safe here.,sonarqube
BenchmarkTest02287,owasp-benchmark:data/benchmark/src/main/java/org/owasp/benchmark/testcode/BenchmarkTest02287.java,57,java:S2077,MAJOR,Make sure using a dynamically formatted SQL query is safe here.,sonarqube
BenchmarkTest02288,owasp-benchmark:data/benchmark/src/main/java/org/owasp/benchmark/testcode/BenchmarkTest02288.java,57,java:S2077,MAJOR,Make sure using a dynamically formatted SQL query is safe here.,sonarqube
BenchmarkTest02290,owasp-benchmark:data/benchmark/src/main/java/org/owasp/benchmark/testcode/BenchmarkTest02290.java,74,java:S5547,CRITICAL,Use a strong cipher algorithm.,sonarqube
BenchmarkTest02290,owasp-benchmark:data/benchmark/src/main/java/org/owasp/benchmark/testcode/BenchmarkTest02290.java,74,java:S5542,CRITICAL,Use another cipher mode or disable padding.,sonarqube
BenchmarkTest02291,owasp-benchmark:data/benchmark/src/main/java/org/owasp/benchmark/testcode/BenchmarkTest02291.java,74,java:S5542,CRITICAL,Use another cipher mode or disable padding.,sonarqube
BenchmarkTest02291,owasp-benchmark:data/benchmark/src/main/java/org/owasp/benchmark/testcode/BenchmarkTest02291.java,74,java:S5547,CRITICAL,Use a strong cipher algorithm.,sonarqube
BenchmarkTest02292,owasp-benchmark:data/benchmark/src/main/java/org/owasp/benchmark/testcode/BenchmarkTest02292.java,74,java:S5547,CRITICAL,Use a strong cipher algorithm.,sonarqube
BenchmarkTest02292,owasp-benchmark:data/benchmark/src/main/java/org/owasp/benchmark/testcode/BenchmarkTest02292.java,74,java:S5542,CRITICAL,Use another cipher mode or disable padding.,sonarqube
BenchmarkTest02293,owasp-benchmark:data/benchmark/src/main/java/org/owasp/benchmark/testcode/BenchmarkTest02293.java,73,java:S5542,CRITICAL,Use another cipher mode or disable padding.,sonarqube
BenchmarkTest02293,owasp-benchmark:data/benchmark/src/main/java/org/owasp/benchmark/testcode/BenchmarkTest02293.java,73,java:S5547,CRITICAL,Use a strong cipher algorithm.,sonarqube
BenchmarkTest02294,owasp-benchmark:data/benchmark/src/main/java/org/owasp/benchmark/testcode/BenchmarkTest02294.java,73,java:S5547,CRITICAL,Use a strong cipher algorithm.,sonarqube
BenchmarkTest02294,owasp-benchmark:data/benchmark/src/main/java/org/owasp/benchmark/testcode/BenchmarkTest02294.java,73,java:S5542,CRITICAL,Use another cipher mode or disable padding.,sonarqube
BenchmarkTest02295,owasp-benchmark:data/benchmark/src/main/java/org/owasp/benchmark/testcode/BenchmarkTest02295.java,73,java:S5547,CRITICAL,Use a strong cipher algorithm.,sonarqube
BenchmarkTest02295,owasp-benchmark:data/benchmark/src/main/java/org/owasp/benchmark/testcode/BenchmarkTest02295.java,73,java:S5542,CRITICAL,Use another cipher mode or disable padding.,sonarqube
BenchmarkTest02296,owasp-benchmark:data/benchmark/src/main/java/org/owasp/benchmark/testcode/BenchmarkTest02296.java,77,java:S5542,CRITICAL,Use a secure cipher mode.,sonarqube
BenchmarkTest02297,owasp-benchmark:data/benchmark/src/main/java/org/owasp/benchmark/testcode/BenchmarkTest02297.java,77,java:S5542,CRITICAL,Use a secure cipher mode.,sonarqube
BenchmarkTest02298,owasp-benchmark:data/benchmark/src/main/java/org/owasp/benchmark/testcode/BenchmarkTest02298.java,77,java:S5542,CRITICAL,Use a secure cipher mode.,sonarqube
BenchmarkTest02307,owasp-benchmark:data/benchmark/src/main/java/org/owasp/benchmark/testcode/BenchmarkTest02307.java,68,java:S4790,CRITICAL,Make sure this weak hash algorithm is not used in a sensitive context here.,sonarqube
BenchmarkTest02307,owasp-benchmark:data/benchmark/src/main/java/org/owasp/benchmark/testcode/BenchmarkTest02307.java,70,java:S4790,CRITICAL,Make sure this weak hash algorithm is not used in a sensitive context here.,sonarqube
BenchmarkTest02308,owasp-benchmark:data/benchmark/src/main/java/org/owasp/benchmark/testcode/BenchmarkTest02308.java,63,java:S4790,CRITICAL,Make sure this weak hash algorithm is not used in a sensitive context here.,sonarqube
BenchmarkTest02311,owasp-benchmark:data/benchmark/src/main/java/org/owasp/benchmark/testcode/BenchmarkTest02311.java,63,java:S4790,CRITICAL,Make sure this weak hash algorithm is not used in a sensitive context here.,sonarqube
BenchmarkTest02337,owasp-benchmark:data/benchmark/src/main/java/org/owasp/benchmark/testcode/BenchmarkTest02337.java,62,java:S2245,MAJOR,Make sure that using this pseudorandom number generator is safe here.,sonarqube
BenchmarkTest02338,owasp-benchmark:data/benchmark/src/main/java/org/owasp/benchmark/testcode/BenchmarkTest02338.java,62,java:S2245,MAJOR,Make sure that using this pseudorandom number generator is safe here.,sonarqube
BenchmarkTest02353,owasp-benchmark:data/benchmark/src/main/java/org/owasp/benchmark/testcode/BenchmarkTest02353.java,68,java:S2077,MAJOR,Make sure using a dynamically formatted SQL query is safe here.,sonarqube
BenchmarkTest02354,owasp-benchmark:data/benchmark/src/main/java/org/owasp/benchmark/testcode/BenchmarkTest02354.java,68,java:S2077,MAJOR,Make sure using a dynamically formatted SQL query is safe here.,sonarqube
BenchmarkTest02355,owasp-benchmark:data/benchmark/src/main/java/org/owasp/benchmark/testcode/BenchmarkTest02355.java,68,java:S2077,MAJOR,Make sure using a dynamically formatted SQL query is safe here.,sonarqube
BenchmarkTest02364,owasp-benchmark:data/benchmark/src/main/java/org/owasp/benchmark/testcode/BenchmarkTest02364.java,67,java:S2077,MAJOR,Make sure using a dynamically formatted SQL query is safe here.,sonarqube
BenchmarkTest02365,owasp-benchmark:data/benchmark/src/main/java/org/owasp/benchmark/testcode/BenchmarkTest02365.java,67,java:S2077,MAJOR,Make sure using a dynamically formatted SQL query is safe here.,sonarqube
BenchmarkTest02366,owasp-benchmark:data/benchmark/src/main/java/org/owasp/benchmark/testcode/BenchmarkTest02366.java,67,java:S2077,MAJOR,Make sure using a dynamically formatted SQL query is safe here.,sonarqube
BenchmarkTest02367,owasp-benchmark:data/benchmark/src/main/java/org/owasp/benchmark/testcode/BenchmarkTest02367.java,67,java:S2077,MAJOR,Make sure using a dynamically formatted SQL query is safe here.,sonarqube
BenchmarkTest02368,owasp-benchmark:data/benchmark/src/main/java/org/owasp/benchmark/testcode/BenchmarkTest02368.java,67,java:S2077,MAJOR,Make sure using a dynamically formatted SQL query is safe here.,sonarqube
BenchmarkTest02369,owasp-benchmark:data/benchmark/src/main/java/org/owasp/benchmark/testcode/BenchmarkTest02369.java,67,java:S2077,MAJOR,Make sure using a dynamically formatted SQL query is safe here.,sonarqube
BenchmarkTest02373,owasp-benchmark:data/benchmark/src/main/java/org/owasp/benchmark/testcode/BenchmarkTest02373.java,61,java:S5542,CRITICAL,Use another cipher mode or disable padding.,sonarqube
BenchmarkTest02373,owasp-benchmark:data/benchmark/src/main/java/org/owasp/benchmark/testcode/BenchmarkTest02373.java,61,java:S5547,CRITICAL,Use a strong cipher algorithm.,sonarqube
BenchmarkTest02374,owasp-benchmark:data/benchmark/src/main/java/org/owasp/benchmark/testcode/BenchmarkTest02374.java,61,java:S5547,CRITICAL,Use a strong cipher algorithm.,sonarqube
BenchmarkTest02374,owasp-benchmark:data/benchmark/src/main/java/org/owasp/benchmark/testcode/BenchmarkTest02374.java,61,java:S5542,CRITICAL,Use another cipher mode or disable padding.,sonarqube
BenchmarkTest02375,owasp-benchmark:data/benchmark/src/main/java/org/owasp/benchmark/testcode/BenchmarkTest02375.java,55,java:S5542,CRITICAL,Use a secure cipher mode.,sonarqube
BenchmarkTest02375,owasp-benchmark:data/benchmark/src/main/java/org/owasp/benchmark/testcode/BenchmarkTest02375.java,55,java:S5547,CRITICAL,Use a strong cipher algorithm.,sonarqube
BenchmarkTest02385,owasp-benchmark:data/benchmark/src/main/java/org/owasp/benchmark/testcode/BenchmarkTest02385.java,56,java:S4790,CRITICAL,Make sure this weak hash algorithm is not used in a sensitive context here.,sonarqube
BenchmarkTest02385,owasp-benchmark:data/benchmark/src/main/java/org/owasp/benchmark/testcode/BenchmarkTest02385.java,58,java:S4790,CRITICAL,Make sure this weak hash algorithm is not used in a sensitive context here.,sonarqube
BenchmarkTest02386,owasp-benchmark:data/benchmark/src/main/java/org/owasp/benchmark/testcode/BenchmarkTest02386.java,51,java:S4790,CRITICAL,Make sure this weak hash algorithm is not used in a sensitive context here.,sonarqube
BenchmarkTest02387,owasp-benchmark:data/benchmark/src/main/java/org/owasp/benchmark/testcode/BenchmarkTest02387.java,51,java:S4790,CRITICAL,Make sure this weak hash algorithm is not used in a sensitive context here.,sonarqube
BenchmarkTest02388,owasp-benchmark:data/benchmark/src/main/java/org/owasp/benchmark/testcode/BenchmarkTest02388.java,51,java:S4790,CRITICAL,Make sure this weak hash algorithm is not used in a sensitive context here.,sonarqube
BenchmarkTest02415,owasp-benchmark:data/benchmark/src/main/java/org/owasp/benchmark/testcode/BenchmarkTest02415.java,51,java:S2245,MAJOR,Make sure that using this pseudorandom number generator is safe here.,sonarqube
BenchmarkTest02416,owasp-benchmark:data/benchmark/src/main/java/org/owasp/benchmark/testcode/BenchmarkTest02416.java,50,java:S2245,MAJOR,Make sure that using this pseudorandom number generator is safe here.,sonarqube
BenchmarkTest02417,owasp-benchmark:data/benchmark/src/main/java/org/owasp/benchmark/testcode/BenchmarkTest02417.java,50,java:S2245,MAJOR,Make sure that using this pseudorandom number generator is safe here.,sonarqube
BenchmarkTest02418,owasp-benchmark:data/benchmark/src/main/java/org/owasp/benchmark/testcode/BenchmarkTest02418.java,50,java:S2245,MAJOR,Make sure that using this pseudorandom number generator is safe here.,sonarqube
BenchmarkTest02419,owasp-benchmark:data/benchmark/src/main/java/org/owasp/benchmark/testcode/BenchmarkTest02419.java,50,java:S2245,MAJOR,Make sure that using this pseudorandom number generator is safe here.,sonarqube
BenchmarkTest02420,owasp-benchmark:data/benchmark/src/main/java/org/owasp/benchmark/testcode/BenchmarkTest02420.java,50,java:S2245,MAJOR,Make sure that using this pseudorandom number generator is safe here.,sonarqube
BenchmarkTest02421,owasp-benchmark:data/benchmark/src/main/java/org/owasp/benchmark/testcode/BenchmarkTest02421.java,50,java:S2245,MAJOR,Make sure that using this pseudorandom number generator is safe here.,sonarqube
BenchmarkTest02422,owasp-benchmark:data/benchmark/src/main/java/org/owasp/benchmark/testcode/BenchmarkTest02422.java,50,java:S2245,MAJOR,Make sure that using this pseudorandom number generator is safe here.,sonarqube
BenchmarkTest02423,owasp-benchmark:data/benchmark/src/main/java/org/owasp/benchmark/testcode/BenchmarkTest02423.java,50,java:S2245,MAJOR,Make sure that using this pseudorandom number generator is safe here.,sonarqube
BenchmarkTest02424,owasp-benchmark:data/benchmark/src/main/java/org/owasp/benchmark/testcode/BenchmarkTest02424.java,50,java:S2245,MAJOR,Make sure that using this pseudorandom number generator is safe here.,sonarqube
BenchmarkTest02425,owasp-benchmark:data/benchmark/src/main/java/org/owasp/benchmark/testcode/BenchmarkTest02425.java,50,java:S2245,MAJOR,Make sure that using this pseudorandom number generator is safe here.,sonarqube
BenchmarkTest02426,owasp-benchmark:data/benchmark/src/main/java/org/owasp/benchmark/testcode/BenchmarkTest02426.java,50,java:S2245,MAJOR,Make sure that using this pseudorandom number generator is safe here.,sonarqube
BenchmarkTest02449,owasp-benchmark:data/benchmark/src/main/java/org/owasp/benchmark/testcode/BenchmarkTest02449.java,57,java:S2077,MAJOR,Make sure using a dynamically formatted SQL query is safe here.,sonarqube
BenchmarkTest02450,owasp-benchmark:data/benchmark/src/main/java/org/owasp/benchmark/testcode/BenchmarkTest02450.java,56,java:S2077,MAJOR,Make sure using a dynamically formatted SQL query is safe here.,sonarqube
BenchmarkTest02454,owasp-benchmark:data/benchmark/src/main/java/org/owasp/benchmark/testcode/BenchmarkTest02454.java,55,java:S2077,MAJOR,Make sure using a dynamically formatted SQL query is safe here.,sonarqube
BenchmarkTest02455,owasp-benchmark:data/benchmark/src/main/java/org/owasp/benchmark/testcode/BenchmarkTest02455.java,55,java:S2077,MAJOR,Make sure using a dynamically formatted SQL query is safe here.,sonarqube
BenchmarkTest02456,owasp-benchmark:data/benchmark/src/main/java/org/owasp/benchmark/testcode/BenchmarkTest02456.java,55,java:S2077,MAJOR,Make sure using a dynamically formatted SQL query is safe here.,sonarqube
BenchmarkTest02458,owasp-benchmark:data/benchmark/src/main/java/org/owasp/benchmark/testcode/BenchmarkTest02458.java,63,java:S5547,CRITICAL,Use a strong cipher algorithm.,sonarqube
BenchmarkTest02458,owasp-benchmark:data/benchmark/src/main/java/org/owasp/benchmark/testcode/BenchmarkTest02458.java,63,java:S5542,CRITICAL,Use another cipher mode or disable padding.,sonarqube
BenchmarkTest02473,owasp-benchmark:data/benchmark/src/main/java/org/owasp/benchmark/testcode/BenchmarkTest02473.java,50,java:S2245,MAJOR,Make sure that using this pseudorandom number generator is safe here.,sonarqube
BenchmarkTest02474,owasp-benchmark:data/benchmark/src/main/java/org/owasp/benchmark/testcode/BenchmarkTest02474.java,51,java:S4790,CRITICAL,Make sure this weak hash algorithm is not used in a sensitive context here.,sonarqube
BenchmarkTest02475,owasp-benchmark:data/benchmark/src/main/java/org/owasp/benchmark/testcode/BenchmarkTest02475.java,51,java:S4790,CRITICAL,Make sure this weak hash algorithm is not used in a sensitive context here.,sonarqube
BenchmarkTest02476,owasp-benchmark:data/benchmark/src/main/java/org/owasp/benchmark/testcode/BenchmarkTest02476.java,51,java:S4790,CRITICAL,Make sure this weak hash algorithm is not used in a sensitive context here.,sonarqube
BenchmarkTest02497,owasp-benchmark:data/benchmark/src/main/java/org/owasp/benchmark/testcode/BenchmarkTest02497.java,50,java:S2245,MAJOR,Make sure that using this pseudorandom number generator is safe here.,sonarqube
BenchmarkTest02498,owasp-benchmark:data/benchmark/src/main/java/org/owasp/benchmark/testcode/BenchmarkTest02498.java,50,java:S2245,MAJOR,Make sure that using this pseudorandom number generator is safe here.,sonarqube
BenchmarkTest02499,owasp-benchmark:data/benchmark/src/main/java/org/owasp/benchmark/testcode/BenchmarkTest02499.java,50,java:S2245,MAJOR,Make sure that using this pseudorandom number generator is safe here.,sonarqube
BenchmarkTest02500,owasp-benchmark:data/benchmark/src/main/java/org/owasp/benchmark/testcode/BenchmarkTest02500.java,50,java:S2245,MAJOR,Make sure that using this pseudorandom number generator is safe here.,sonarqube
BenchmarkTest02501,owasp-benchmark:data/benchmark/src/main/java/org/owasp/benchmark/testcode/BenchmarkTest02501.java,50,java:S2245,MAJOR,Make sure that using this pseudorandom number generator is safe here.,sonarqube
BenchmarkTest02502,owasp-benchmark:data/benchmark/src/main/java/org/owasp/benchmark/testcode/BenchmarkTest02502.java,50,java:S2245,MAJOR,Make sure that using this pseudorandom number generator is safe here.,sonarqube
BenchmarkTest02503,owasp-benchmark:data/benchmark/src/main/java/org/owasp/benchmark/testcode/BenchmarkTest02503.java,50,java:S2245,MAJOR,Make sure that using this pseudorandom number generator is safe here.,sonarqube
BenchmarkTest02504,owasp-benchmark:data/benchmark/src/main/java/org/owasp/benchmark/testcode/BenchmarkTest02504.java,50,java:S2245,MAJOR,Make sure that using this pseudorandom number generator is safe here.,sonarqube
BenchmarkTest02505,owasp-benchmark:data/benchmark/src/main/java/org/owasp/benchmark/testcode/BenchmarkTest02505.java,50,java:S2245,MAJOR,Make sure that using this pseudorandom number generator is safe here.,sonarqube
BenchmarkTest02506,owasp-benchmark:data/benchmark/src/main/java/org/owasp/benchmark/testcode/BenchmarkTest02506.java,50,java:S2245,MAJOR,Make sure that using this pseudorandom number generator is safe here.,sonarqube
BenchmarkTest02528,owasp-benchmark:data/benchmark/src/main/java/org/owasp/benchmark/testcode/BenchmarkTest02528.java,55,java:S2077,MAJOR,Make sure using a dynamically formatted SQL query is safe here.,sonarqube
BenchmarkTest02529,owasp-benchmark:data/benchmark/src/main/java/org/owasp/benchmark/testcode/BenchmarkTest02529.java,55,java:S2077,MAJOR,Make sure using a dynamically formatted SQL query is safe here.,sonarqube
BenchmarkTest02530,owasp-benchmark:data/benchmark/src/main/java/org/owasp/benchmark/testcode/BenchmarkTest02530.java,57,java:S2077,MAJOR,Make sure using a dynamically formatted SQL query is safe here.,sonarqube
BenchmarkTest02531,owasp-benchmark:data/benchmark/src/main/java/org/owasp/benchmark/testcode/BenchmarkTest02531.java,56,java:S2077,MAJOR,Make sure using a dynamically formatted SQL query is safe here.,sonarqube
BenchmarkTest02532,owasp-benchmark:data/benchmark/src/main/java/org/owasp/benchmark/testcode/BenchmarkTest02532.java,57,java:S2077,MAJOR,Make sure using a dynamically formatted SQL query is safe here.,sonarqube
BenchmarkTest02533,owasp-benchmark:data/benchmark/src/main/java/org/owasp/benchmark/testcode/BenchmarkTest02533.java,57,java:S2077,MAJOR,Make sure using a dynamically formatted SQL query is safe here.,sonarqube
BenchmarkTest02534,owasp-benchmark:data/benchmark/src/main/java/org/owasp/benchmark/testcode/BenchmarkTest02534.java,57,java:S2077,MAJOR,Make sure using a dynamically formatted SQL query is safe here.,sonarqube
BenchmarkTest02535,owasp-benchmark:data/benchmark/src/main/java/org/owasp/benchmark/testcode/BenchmarkTest02535.java,57,java:S2077,MAJOR,Make sure using a dynamically formatted SQL query is safe here.,sonarqube
BenchmarkTest02541,owasp-benchmark:data/benchmark/src/main/java/org/owasp/benchmark/testcode/BenchmarkTest02541.java,55,java:S2077,MAJOR,Make sure using a dynamically formatted SQL query is safe here.,sonarqube
BenchmarkTest02542,owasp-benchmark:data/benchmark/src/main/java/org/owasp/benchmark/testcode/BenchmarkTest02542.java,55,java:S2077,MAJOR,Make sure using a dynamically formatted SQL query is safe here.,sonarqube
BenchmarkTest02543,owasp-benchmark:data/benchmark/src/main/java/org/owasp/benchmark/testcode/BenchmarkTest02543.java,55,java:S2077,MAJOR,Make sure using a dynamically formatted SQL query is safe here.,sonarqube
BenchmarkTest02544,owasp-benchmark:data/benchmark/src/main/java/org/owasp/benchmark/testcode/BenchmarkTest02544.java,55,java:S2077,MAJOR,Make sure using a dynamically formatted SQL query is safe here.,sonarqube
BenchmarkTest02545,owasp-benchmark:data/benchmark/src/main/java/org/owasp/benchmark/testcode/BenchmarkTest02545.java,55,java:S2077,MAJOR,Make sure using a dynamically formatted SQL query is safe here.,sonarqube
BenchmarkTest02546,owasp-benchmark:data/benchmark/src/main/java/org/owasp/benchmark/testcode/BenchmarkTest02546.java,55,java:S2077,MAJOR,Make sure using a dynamically formatted SQL query is safe here.,sonarqube
BenchmarkTest02548,owasp-benchmark:data/benchmark/src/main/java/org/owasp/benchmark/testcode/BenchmarkTest02548.java,84,java:S5542,CRITICAL,Use another cipher mode or disable padding.,sonarqube
BenchmarkTest02548,owasp-benchmark:data/benchmark/src/main/java/org/owasp/benchmark/testcode/BenchmarkTest02548.java,84,java:S5547,CRITICAL,Use a strong cipher algorithm.,sonarqube
BenchmarkTest02549,owasp-benchmark:data/benchmark/src/main/java/org/owasp/benchmark/testcode/BenchmarkTest02549.java,84,java:S5542,CRITICAL,Use another cipher mode or disable padding.,sonarqube
BenchmarkTest02549,owasp-benchmark:data/benchmark/src/main/java/org/owasp/benchmark/testcode/BenchmarkTest02549.java,84,java:S5547,CRITICAL,Use a strong cipher algorithm.,sonarqube
BenchmarkTest02550,owasp-benchmark:data/benchmark/src/main/java/org/owasp/benchmark/testcode/BenchmarkTest02550.java,83,java:S5542,CRITICAL,Use another cipher mode or disable padding.,sonarqube
BenchmarkTest02550,owasp-benchmark:data/benchmark/src/main/java/org/owasp/benchmark/testcode/BenchmarkTest02550.java,83,java:S5547,CRITICAL,Use a strong cipher algorithm.,sonarqube
BenchmarkTest02552,owasp-benchmark:data/benchmark/src/main/java/org/owasp/benchmark/testcode/BenchmarkTest02552.java,87,java:S5542,CRITICAL,Use a secure cipher mode.,sonarqube
BenchmarkTest02573,owasp-benchmark:data/benchmark/src/main/java/org/owasp/benchmark/testcode/BenchmarkTest02573.java,73,java:S4790,CRITICAL,Make sure this weak hash algorithm is not used in a sensitive context here.,sonarqube
BenchmarkTest02574,owasp-benchmark:data/benchmark/src/main/java/org/owasp/benchmark/testcode/BenchmarkTest02574.java,73,java:S4790,CRITICAL,Make sure this weak hash algorithm is not used in a sensitive context here.,sonarqube
BenchmarkTest02575,owasp-benchmark:data/benchmark/src/main/java/org/owasp/benchmark/testcode/BenchmarkTest02575.java,73,java:S4790,CRITICAL,Make sure this weak hash algorithm is not used in a sensitive context here.,sonarqube
BenchmarkTest02602,owasp-benchmark:data/benchmark/src/main/java/org/owasp/benchmark/testcode/BenchmarkTest02602.java,73,java:S2245,MAJOR,Make sure that using this pseudorandom number generator is safe here.,sonarqube
BenchmarkTest02603,owasp-benchmark:data/benchmark/src/main/java/org/owasp/benchmark/testcode/BenchmarkTest02603.java,73,java:S2245,MAJOR,Make sure that using this pseudorandom number generator is safe here.,sonarqube
BenchmarkTest02604,owasp-benchmark:data/benchmark/src/main/java/org/owasp/benchmark/testcode/BenchmarkTest02604.java,72,java:S2245,MAJOR,Make sure that using this pseudorandom number generator is safe here.,sonarqube
BenchmarkTest02605,owasp-benchmark:data/benchmark/src/main/java/org/owasp/benchmark/testcode/BenchmarkTest02605.java,72,java:S2245,MAJOR,Make sure that using this pseudorandom number generator is safe here.,sonarqube
BenchmarkTest02606,owasp-benchmark:data/benchmark/src/main/java/org/owasp/benchmark/testcode/BenchmarkTest02606.java,72,java:S2245,MAJOR,Make sure that using this pseudorandom number generator is safe here.,sonarqube
